date,temp,temp_max,temp_min,humidity,rainfall,wind_speed,rain_target,temp_target,temp_lag1,temp_lag7,rain_lag1,month,dayofyear,year,temp_roll7,rain_roll7,temp_lag3,rain_lag3,rain_lag7,temp_lag14,rain_lag14,temp_lag30,rain_lag30
2010-02-07,8.55,15.43,4.03,30.26,0.0,1.53,0.0,9.13,7.83,6.74,0.0,2,38,2010,6.3742857142857146,0.0,5.19,0.0,0.0,8.02,0.0,9.2,0.0
2010-02-08,9.13,15.62,4.83,40.33,0.0,1.52,2.36,6.93,8.55,6.52,0.0,2,39,2010,6.747142857142856,0.0,5.69,0.0,0.0,7.35,0.0,8.07,0.0
2010-02-09,6.93,11.17,3.05,63.69,2.36,0.92,0.16,7.46,9.13,5.6,0.0,2,40,2010,6.937142857142858,0.33714285714285713,7.83,0.0,0.0,6.89,0.0,8.18,0.0
2010-02-10,7.46,15.25,1.81,46.24,0.16,1.95,0.07,8.61,6.93,5.24,2.36,2,41,2010,7.2542857142857144,0.36,8.55,0.0,0.0,7.56,0.0,7.6,0.0
2010-02-11,8.61,16.56,2.66,27.66,0.07,1.81,2.11,7.99,7.46,5.19,0.16,2,42,2010,7.742857142857143,0.37,9.13,0.0,0.0,7.57,0.0,7.23,0.04
2010-02-12,7.99,15.19,4.21,40.05,2.11,1.44,0.52,8.02,8.61,5.69,0.07,2,43,2010,8.071428571428571,0.6714285714285714,6.93,2.36,0.0,7.81,0.0,7.18,0.12
2010-02-13,8.02,15.67,2.65,46.13,0.52,1.85,0.0,7.57,7.99,7.83,2.11,2,44,2010,8.098571428571429,0.7457142857142857,7.46,0.16,0.0,6.93,0.0,7.01,0.0
2010-02-14,7.57,15.93,1.74,25.1,0.0,1.95,0.08,7.87,8.02,8.55,0.52,2,45,2010,7.958571428571429,0.7457142857142857,8.61,0.07,0.0,6.74,0.0,8.34,0.0
2010-02-15,7.87,16.17,0.94,22.65,0.08,1.65,0.0,8.28,7.57,9.13,0.0,2,46,2010,7.778571428571429,0.7571428571428571,7.99,2.11,0.0,6.52,0.0,8.82,0.0
2010-02-16,8.28,16.22,3.25,31.81,0.0,1.74,0.0,7.39,7.87,6.93,0.08,2,47,2010,7.971428571428571,0.42,8.02,0.52,2.36,5.6,0.0,9.18,0.0
2010-02-17,7.39,15.88,0.43,37.98,0.0,1.92,0.0,7.85,8.28,7.46,0.0,2,48,2010,7.961428571428571,0.39714285714285713,7.57,0.0,0.16,5.24,0.0,8.43,0.0
2010-02-18,7.85,15.78,1.01,41.53,0.0,1.93,0.0,8.87,7.39,8.61,0.0,2,49,2010,7.852857142857142,0.3871428571428571,7.87,0.08,0.07,5.19,0.0,7.5,0.0
2010-02-19,8.87,15.87,3.99,31.57,0.0,1.61,0.0,8.96,7.85,7.99,0.0,2,50,2010,7.978571428571428,0.08571428571428572,8.28,0.0,2.11,5.69,0.0,7.81,0.0
2010-02-20,8.96,15.86,3.87,36.25,0.0,1.78,0.0,10.02,8.87,8.02,0.0,2,51,2010,8.112857142857143,0.011428571428571429,7.39,0.0,0.52,7.83,0.0,7.89,0.0
2010-02-21,10.02,16.95,5.67,30.92,0.0,1.66,0.0,9.83,8.96,7.57,0.0,2,52,2010,8.462857142857143,0.011428571428571429,7.85,0.0,0.0,8.55,0.0,7.81,0.0
2010-02-22,9.83,16.84,5.34,32.75,0.0,1.49,0.07,9.07,10.02,7.87,0.0,2,53,2010,8.742857142857142,0.0,8.87,0.0,0.08,9.13,0.0,7.73,0.0
2010-02-23,9.07,15.77,4.54,39.58,0.07,1.7,0.0,9.23,9.83,8.28,0.0,2,54,2010,8.855714285714287,0.01,8.96,0.0,0.0,6.93,2.36,8.02,0.0
2010-02-24,9.23,16.06,4.65,41.49,0.0,1.82,0.01,10.05,9.07,7.39,0.07,2,55,2010,9.11857142857143,0.01,10.02,0.0,0.0,7.46,0.16,7.35,0.0
2010-02-25,10.05,17.68,5.13,41.65,0.01,1.83,0.93,10.31,9.23,7.85,0.0,2,56,2010,9.432857142857143,0.011428571428571429,9.83,0.0,0.0,8.61,0.07,6.89,0.0
2010-02-26,10.31,17.35,6.6,46.9,0.93,1.67,0.06,10.16,10.05,8.87,0.01,2,57,2010,9.638571428571428,0.1442857142857143,9.07,0.07,0.0,7.99,2.11,7.56,0.0
2010-02-27,10.16,16.68,5.89,52.78,0.06,1.84,0.0,11.46,10.31,8.96,0.93,2,58,2010,9.81,0.15285714285714286,9.23,0.0,0.0,8.02,0.52,7.57,0.0
2010-02-28,11.46,18.62,6.53,47.93,0.0,1.61,0.12,10.86,10.16,10.02,0.06,2,59,2010,10.015714285714285,0.15285714285714286,10.05,0.01,0.0,7.57,0.0,7.81,0.0
2010-03-01,10.86,17.62,6.79,52.63,0.12,1.76,0.0,11.21,11.46,9.83,0.0,3,60,2010,10.162857142857144,0.16999999999999998,10.31,0.93,0.0,7.87,0.08,6.93,0.0
2010-03-02,11.21,18.39,6.25,44.18,0.0,1.94,0.08,12.14,10.86,9.07,0.12,3,61,2010,10.468571428571428,0.15999999999999998,10.16,0.06,0.07,8.28,0.0,6.74,0.0
2010-03-03,12.14,19.62,7.17,36.25,0.08,1.64,0.0,11.97,11.21,9.23,0.0,3,62,2010,10.884285714285713,0.17142857142857143,11.46,0.0,0.0,7.39,0.0,6.52,0.0
2010-03-04,11.97,19.78,6.06,34.22,0.0,2.0,0.0,11.45,12.14,10.05,0.08,3,63,2010,11.15857142857143,0.16999999999999998,10.86,0.12,0.01,7.85,0.0,5.6,0.0
2010-03-05,11.45,19.14,5.93,40.39,0.0,2.68,0.0,12.17,11.97,10.31,0.0,3,64,2010,11.321428571428571,0.037142857142857144,11.21,0.0,0.93,8.87,0.0,5.24,0.0
2010-03-06,12.17,20.65,5.52,40.3,0.0,1.98,0.0,12.17,11.45,10.16,0.0,3,65,2010,11.608571428571429,0.028571428571428574,12.14,0.08,0.06,8.96,0.0,5.19,0.0
2010-03-07,12.17,19.67,7.03,28.66,0.0,2.03,0.0,12.39,12.17,11.46,0.0,3,66,2010,11.709999999999999,0.028571428571428574,11.97,0.0,0.0,10.02,0.0,5.69,0.0
2010-03-08,12.39,20.66,6.29,25.78,0.0,1.98,0.0,12.13,12.17,10.86,0.0,3,67,2010,11.928571428571429,0.011428571428571429,11.45,0.0,0.12,9.83,0.0,7.83,0.0
2010-03-09,12.13,20.09,6.99,23.11,0.0,1.82,0.0,12.25,12.39,11.21,0.0,3,68,2010,12.06,0.011428571428571429,12.17,0.0,0.0,9.07,0.07,8.55,0.0
2010-03-10,12.25,20.44,6.94,20.22,0.0,1.75,0.0,12.46,12.13,12.14,0.0,3,69,2010,12.075714285714286,0.0,12.17,0.0,0.08,9.23,0.0,9.13,0.0
2010-03-11,12.46,20.2,7.43,21.3,0.0,1.79,0.0,12.16,12.25,11.97,0.0,3,70,2010,12.145714285714288,0.0,12.39,0.0,0.0,10.05,0.01,6.93,2.36
2010-03-12,12.16,19.81,6.9,22.68,0.0,2.01,0.06,11.88,12.46,11.45,0.0,3,71,2010,12.247142857142858,0.0,12.13,0.0,0.0,10.31,0.93,7.46,0.16
2010-03-13,11.88,19.51,6.24,26.94,0.06,2.02,0.37,11.8,12.16,12.17,0.0,3,72,2010,12.205714285714285,0.008571428571428572,12.25,0.0,0.0,10.16,0.06,8.61,0.07
2010-03-14,11.8,19.09,6.31,35.62,0.37,1.78,0.01,11.6,11.88,12.17,0.06,3,73,2010,12.152857142857144,0.06142857142857143,12.46,0.0,0.0,11.46,0.0,7.99,2.11
2010-03-15,11.6,18.02,5.58,41.66,0.01,1.79,0.17,12.59,11.8,12.39,0.37,3,74,2010,12.040000000000001,0.06285714285714286,12.16,0.0,0.0,10.86,0.12,8.02,0.52
2010-03-16,12.59,19.21,7.44,40.97,0.17,1.8,0.61,13.14,11.6,12.13,0.01,3,75,2010,12.105714285714287,0.08714285714285715,11.88,0.06,0.0,11.21,0.0,7.57,0.0
2010-03-17,13.14,20.07,7.62,42.69,0.61,1.65,0.01,13.63,12.59,12.25,0.17,3,76,2010,12.232857142857144,0.1742857142857143,11.8,0.37,0.0,12.14,0.08,7.87,0.08
2010-03-18,13.63,19.98,9.44,42.64,0.01,1.6,0.0,15.86,13.14,12.46,0.61,3,77,2010,12.4,0.1757142857142857,11.6,0.01,0.0,11.97,0.0,8.28,0.0
2010-03-19,15.86,24.07,9.37,31.76,0.0,1.91,0.0,17.09,13.63,12.16,0.01,3,78,2010,12.928571428571429,0.1757142857142857,12.59,0.17,0.0,11.45,0.0,7.39,0.0
2010-03-20,17.09,26.15,10.02,28.23,0.0,1.82,0.0,17.01,15.86,11.88,0.0,3,79,2010,13.672857142857143,0.16714285714285712,13.14,0.61,0.06,12.17,0.0,7.85,0.0
2010-03-21,17.01,24.05,11.8,33.99,0.0,1.97,0.0,16.51,17.09,11.8,0.0,3,80,2010,14.417142857142858,0.1142857142857143,13.63,0.01,0.37,12.17,0.0,8.87,0.0
2010-03-22,16.51,23.99,11.2,34.74,0.0,1.97,0.0,16.71,17.01,11.6,0.0,3,81,2010,15.11857142857143,0.11285714285714286,15.86,0.0,0.01,12.39,0.0,8.96,0.0
2010-03-23,16.71,24.67,10.39,29.75,0.0,2.21,0.0,16.82,16.51,12.59,0.0,3,82,2010,15.707142857142857,0.08857142857142856,17.09,0.0,0.17,12.13,0.0,10.02,0.0
2010-03-24,16.82,25.05,10.27,25.88,0.0,2.1,0.0,16.78,16.71,13.14,0.0,3,83,2010,16.232857142857142,0.0014285714285714286,17.01,0.0,0.61,12.25,0.0,9.83,0.0
2010-03-25,16.78,24.51,10.43,24.71,0.0,1.96,0.0,15.82,16.82,13.63,0.0,3,84,2010,16.68285714285714,0.0,16.51,0.0,0.01,12.46,0.0,9.07,0.07
2010-03-26,15.82,23.2,10.14,28.58,0.0,2.07,0.01,15.42,16.78,15.86,0.0,3,85,2010,16.677142857142858,0.0,16.71,0.0,0.0,12.16,0.0,9.23,0.0
2010-03-27,15.42,23.37,9.31,32.09,0.01,2.1,0.0,15.6,15.82,17.09,0.0,3,86,2010,16.43857142857143,0.0014285714285714286,16.82,0.0,0.0,11.88,0.06,10.05,0.01
2010-03-28,15.6,23.07,9.08,31.69,0.0,2.18,0.0,15.6,15.42,17.01,0.01,3,87,2010,16.237142857142857,0.0014285714285714286,16.78,0.0,0.0,11.8,0.37,10.31,0.93
2010-03-29,15.6,23.25,9.54,31.26,0.0,2.19,0.0,14.75,15.6,16.51,0.0,3,88,2010,16.107142857142858,0.0014285714285714286,15.82,0.0,0.0,11.6,0.01,10.16,0.06
2010-03-30,14.75,21.92,8.69,32.07,0.0,2.08,0.01,14.28,15.6,16.71,0.0,3,89,2010,15.827142857142858,0.0014285714285714286,15.42,0.01,0.0,12.59,0.17,11.46,0.0
2010-03-31,14.28,21.8,7.55,35.0,0.01,2.46,0.0,15.1,14.75,16.82,0.0,3,90,2010,15.464285714285714,0.002857142857142857,15.6,0.0,0.0,13.14,0.61,10.86,0.12
2010-04-01,15.1,23.11,7.77,29.9,0.0,2.51,0.0,15.21,14.28,16.78,0.01,4,91,2010,15.224285714285713,0.002857142857142857,15.6,0.0,0.0,13.63,0.01,11.21,0.0
2010-04-02,15.21,23.26,8.1,22.67,0.0,2.09,0.0,15.49,15.1,15.82,0.0,4,92,2010,15.137142857142857,0.002857142857142857,14.75,0.0,0.0,15.86,0.0,12.14,0.08
2010-04-03,15.49,24.22,7.56,19.35,0.0,2.14,0.0,16.01,15.21,15.42,0.0,4,93,2010,15.147142857142857,0.0014285714285714286,14.28,0.01,0.01,17.09,0.0,11.97,0.0
2010-04-04,16.01,24.23,9.0,23.25,0.0,2.2,0.0,15.91,15.49,15.6,0.0,4,94,2010,15.205714285714285,0.0014285714285714286,15.1,0.0,0.0,17.01,0.0,11.45,0.0
2010-04-05,15.91,24.51,8.36,20.58,0.0,2.29,0.0,16.61,16.01,15.6,0.0,4,95,2010,15.25,0.0014285714285714286,15.21,0.0,0.0,16.51,0.0,12.17,0.0
2010-04-06,16.61,24.79,9.34,17.66,0.0,2.19,0.0,17.51,15.91,14.75,0.0,4,96,2010,15.515714285714285,0.0014285714285714286,15.49,0.0,0.0,16.71,0.0,12.17,0.0
2010-04-07,17.51,25.73,10.58,13.88,0.0,1.89,0.0,17.41,16.61,14.28,0.0,4,97,2010,15.977142857142857,0.0,16.01,0.0,0.01,16.82,0.0,12.39,0.0
2010-04-08,17.41,25.25,10.8,14.58,0.0,2.02,0.0,18.45,17.51,15.1,0.0,4,98,2010,16.307142857142857,0.0,15.91,0.0,0.0,16.78,0.0,12.13,0.0
2010-04-09,18.45,26.53,12.66,16.2,0.0,2.06,0.01,17.18,17.41,15.21,0.0,4,99,2010,16.770000000000003,0.0,16.61,0.0,0.0,15.82,0.0,12.25,0.0
2010-04-10,17.18,24.78,11.52,18.24,0.01,1.86,0.0,18.87,18.45,15.49,0.0,4,100,2010,17.01142857142857,0.0014285714285714286,17.51,0.0,0.0,15.42,0.01,12.46,0.0
2010-04-11,18.87,27.1,11.4,20.82,0.0,2.2,0.0,18.53,17.18,16.01,0.01,4,101,2010,17.419999999999998,0.0014285714285714286,17.41,0.0,0.0,15.6,0.0,12.16,0.0
2010-04-12,18.53,26.48,11.66,26.12,0.0,2.12,0.02,17.26,18.87,15.91,0.0,4,102,2010,17.794285714285714,0.0014285714285714286,18.45,0.0,0.0,15.6,0.0,11.88,0.06
2010-04-13,17.26,24.31,11.13,31.75,0.02,1.82,0.04,18.25,18.53,16.61,0.0,4,103,2010,17.88714285714286,0.004285714285714286,17.18,0.01,0.0,14.75,0.0,11.8,0.37
2010-04-14,18.25,25.55,12.18,31.57,0.04,2.07,0.23,17.98,17.26,17.51,0.02,4,104,2010,17.992857142857144,0.01,18.87,0.0,0.0,14.28,0.01,11.6,0.01
2010-04-15,17.98,24.36,13.11,35.97,0.23,1.88,0.0,17.84,18.25,17.41,0.04,4,105,2010,18.074285714285715,0.042857142857142864,18.53,0.0,0.0,15.1,0.0,12.59,0.17
2010-04-16,17.84,24.46,12.2,43.32,0.0,1.94,0.44,17.84,17.98,18.45,0.23,4,106,2010,17.987142857142857,0.042857142857142864,17.26,0.02,0.0,15.21,0.0,13.14,0.61
2010-04-17,17.84,24.73,11.49,45.14,0.44,2.06,1.66,18.75,17.84,17.18,0.0,4,107,2010,18.08142857142857,0.10428571428571429,18.25,0.04,0.01,15.49,0.0,13.63,0.01
2010-04-18,18.75,25.66,12.87,43.96,1.66,2.1,0.01,18.84,17.84,18.87,0.44,4,108,2010,18.064285714285713,0.34142857142857136,17.98,0.23,0.0,16.01,0.0,15.86,0.0
2010-04-19,18.84,26.13,11.71,44.47,0.01,2.35,0.0,19.86,18.75,18.53,1.66,4,109,2010,18.108571428571427,0.34285714285714286,17.84,0.0,0.0,15.91,0.0,17.09,0.0
2010-04-20,19.86,27.7,11.73,39.57,0.0,2.63,0.0,20.11,18.84,17.26,0.01,4,110,2010,18.48,0.33999999999999997,17.84,0.44,0.02,16.61,0.0,17.01,0.0
2010-04-21,20.11,27.9,11.94,34.18,0.0,2.3,0.0,19.72,19.86,18.25,0.0,4,111,2010,18.745714285714286,0.33428571428571424,18.75,1.66,0.04,17.51,0.0,16.51,0.0
2010-04-22,19.72,27.58,12.33,30.25,0.0,2.3,0.0,19.19,20.11,17.98,0.0,4,112,2010,18.994285714285716,0.30142857142857143,18.84,0.01,0.23,17.41,0.0,16.71,0.0
2010-04-23,19.19,26.83,11.64,26.26,0.0,2.2,0.0,18.22,19.72,17.84,0.0,4,113,2010,19.187142857142856,0.30142857142857143,19.86,0.0,0.0,18.45,0.0,16.82,0.0
2010-04-24,18.22,26.26,11.1,22.69,0.0,2.17,0.07,17.82,19.19,17.84,0.0,4,114,2010,19.24142857142857,0.23857142857142857,20.11,0.0,0.44,17.18,0.01,16.78,0.0
2010-04-25,17.82,25.93,9.89,21.29,0.07,2.26,2.15,17.7,18.22,18.75,0.0,4,115,2010,19.108571428571427,0.011428571428571429,19.72,0.0,1.66,18.87,0.0,15.82,0.0
2010-04-26,17.7,25.47,9.67,25.0,2.15,2.12,0.02,16.95,17.82,18.84,0.07,4,116,2010,18.945714285714285,0.3171428571428571,19.19,0.0,0.01,18.53,0.0,15.42,0.01
2010-04-27,16.95,23.75,11.59,39.48,0.02,2.02,0.01,17.77,17.7,19.86,2.15,4,117,2010,18.53,0.31999999999999995,18.22,0.0,0.0,17.26,0.02,15.6,0.0
2010-04-28,17.77,24.12,12.26,52.98,0.01,1.74,0.26,16.37,16.95,20.11,0.02,4,118,2010,18.195714285714285,0.32142857142857134,17.82,0.07,0.0,18.25,0.04,15.6,0.0
2010-04-29,16.37,21.16,11.64,58.88,0.26,1.89,0.37,17.22,17.77,19.72,0.01,4,119,2010,17.717142857142857,0.35857142857142854,17.7,2.15,0.0,17.98,0.23,14.75,0.0
2010-04-30,17.22,22.25,12.74,64.9,0.37,1.76,3.85,17.0,16.37,19.19,0.26,4,120,2010,17.435714285714287,0.4114285714285714,16.95,0.02,0.0,17.84,0.0,14.28,0.01
2010-05-01,17.0,22.19,13.06,73.86,3.85,1.5,0.35,17.27,17.22,18.22,0.37,5,121,2010,17.26142857142857,0.9614285714285715,17.77,0.01,0.0,17.84,0.44,15.1,0.0
2010-05-02,17.27,22.15,13.24,60.8,0.35,1.67,0.2,15.14,17.0,17.82,3.85,5,122,2010,17.18285714285714,1.0014285714285713,16.37,0.26,0.07,18.75,1.66,15.21,0.0
2010-05-03,15.14,19.67,12.26,65.7,0.2,1.1,0.08,17.0,17.27,17.7,0.35,5,123,2010,16.81714285714286,0.722857142857143,17.22,0.37,2.15,18.84,0.01,15.49,0.0
2010-05-04,17.0,22.74,12.93,58.19,0.08,1.69,4.89,16.28,15.14,16.95,0.2,5,124,2010,16.824285714285715,0.7314285714285715,17.0,3.85,0.02,19.86,0.0,16.01,0.0
2010-05-05,16.28,21.03,12.44,67.32,4.89,1.41,2.13,14.93,17.0,17.77,0.08,5,125,2010,16.611428571428572,1.4285714285714286,17.27,0.35,0.01,20.11,0.0,15.91,0.0
2010-05-06,14.93,19.17,12.08,77.62,2.13,1.64,5.51,14.6,16.28,16.37,4.89,5,126,2010,16.405714285714286,1.695714285714286,15.14,0.2,0.26,19.72,0.0,16.61,0.0
2010-05-07,14.6,18.57,11.05,74.61,5.51,1.49,2.91,16.09,14.93,17.22,2.13,5,127,2010,16.03142857142857,2.43,17.0,0.08,0.37,19.19,0.0,17.51,0.0
2010-05-08,16.09,21.16,11.5,68.88,2.91,2.13,0.16,17.9,14.6,17.0,5.51,5,128,2010,15.901428571428571,2.295714285714286,16.28,4.89,3.85,18.22,0.0,17.41,0.0
2010-05-09,17.9,24.01,12.42,55.2,0.16,2.56,0.0,18.96,16.09,17.27,2.91,5,129,2010,15.991428571428571,2.2685714285714282,14.93,2.13,0.35,17.82,0.07,18.45,0.0
2010-05-10,18.96,26.14,11.62,43.09,0.0,2.25,0.02,19.42,17.9,15.14,0.16,5,130,2010,16.537142857142857,2.2399999999999998,14.6,5.51,0.2,17.7,2.15,17.18,0.01
2010-05-11,19.42,27.19,11.32,38.08,0.02,2.29,0.0,19.26,18.96,17.0,0.0,5,131,2010,16.882857142857144,2.2314285714285718,16.09,2.91,0.08,16.95,0.02,18.87,0.0
2010-05-12,19.26,26.75,11.06,31.83,0.0,2.22,0.0,19.28,19.42,16.28,0.02,5,132,2010,17.30857142857143,1.532857142857143,17.9,0.16,4.89,17.77,0.01,18.53,0.0
2010-05-13,19.28,26.94,11.16,27.79,0.0,2.3,0.5,19.37,19.26,14.93,0.0,5,133,2010,17.93,1.2285714285714289,18.96,0.0,2.13,16.37,0.26,17.26,0.02
2010-05-14,19.37,27.16,11.82,30.07,0.5,2.12,0.02,18.98,19.28,14.6,0.0,5,134,2010,18.611428571428572,0.5128571428571429,19.42,0.02,5.51,17.22,0.37,18.25,0.04
2010-05-15,18.98,26.26,12.2,36.23,0.02,2.34,1.04,19.29,19.37,16.09,0.5,5,135,2010,19.024285714285714,0.09999999999999999,19.26,0.0,2.91,17.0,3.85,17.98,0.23
2010-05-16,19.29,26.17,12.55,38.08,1.04,2.24,0.45,19.35,18.98,17.9,0.02,5,136,2010,19.222857142857144,0.22571428571428573,19.28,0.0,0.16,17.27,0.35,17.84,0.0
2010-05-17,19.35,26.12,12.88,42.32,0.45,2.06,0.08,19.36,19.29,18.96,1.04,5,137,2010,19.27857142857143,0.29000000000000004,19.37,0.5,0.0,15.14,0.2,17.84,0.44
2010-05-18,19.36,25.63,13.59,53.49,0.08,1.81,0.54,20.06,19.35,19.42,0.45,5,138,2010,19.270000000000003,0.29857142857142854,18.98,0.02,0.02,17.0,0.08,18.75,1.66
2010-05-19,20.06,25.57,14.84,62.02,0.54,1.73,11.73,18.88,19.36,19.26,0.08,5,139,2010,19.384285714285713,0.3757142857142857,19.29,1.04,0.0,16.28,4.89,18.84,0.01
2010-05-20,18.88,24.55,14.49,65.45,11.73,1.81,0.63,17.93,20.06,19.28,0.54,5,140,2010,19.327142857142857,2.051428571428571,19.35,0.45,0.0,14.93,2.13,19.86,0.0
2010-05-21,17.93,23.06,12.86,66.44,0.63,1.94,1.45,19.21,18.88,19.37,11.73,5,141,2010,19.12142857142857,2.07,19.36,0.08,0.5,14.6,5.51,20.11,0.0
2010-05-22,19.21,25.74,13.19,64.81,1.45,2.09,14.82,17.67,17.93,18.98,0.63,5,142,2010,19.154285714285713,2.2742857142857145,20.06,0.54,0.02,16.09,2.91,19.72,0.0
2010-05-23,17.67,21.69,14.57,82.88,14.82,1.72,14.65,17.51,19.21,19.29,1.45,5,143,2010,18.922857142857143,4.242857142857143,18.88,11.73,1.04,17.9,0.16,19.19,0.0
2010-05-24,17.51,22.02,14.2,80.54,14.65,2.07,0.67,18.49,17.67,19.35,14.82,5,144,2010,18.66,6.271428571428571,17.93,0.63,0.45,18.96,0.0,18.22,0.0
2010-05-25,18.49,23.73,14.33,65.09,0.67,1.99,0.28,19.38,17.51,19.36,14.65,5,145,2010,18.535714285714285,6.355714285714286,19.21,1.45,0.08,19.42,0.02,17.82,0.07
2010-05-26,19.38,25.41,13.54,52.77,0.28,1.99,0.99,18.81,18.49,20.06,0.67,5,146,2010,18.43857142857143,6.318571428571429,17.67,14.82,0.54,19.26,0.0,17.7,2.15
2010-05-27,18.81,24.07,14.04,59.53,0.99,2.04,1.15,18.53,19.38,18.88,0.28,5,147,2010,18.428571428571427,4.784285714285715,17.51,14.65,11.73,19.28,0.0,16.95,0.02
2010-05-28,18.53,23.77,14.09,68.9,1.15,2.07,1.82,18.62,18.81,17.93,0.99,5,148,2010,18.514285714285712,4.8585714285714285,18.49,0.67,0.63,19.37,0.5,17.77,0.01
2010-05-29,18.62,23.83,14.0,69.18,1.82,2.0,4.8,18.33,18.53,19.21,1.15,5,149,2010,18.43,4.911428571428572,19.38,0.28,1.45,18.98,0.02,16.37,0.26
2010-05-30,18.33,24.3,13.78,69.25,4.8,1.82,0.97,18.66,18.62,17.67,1.82,5,150,2010,18.524285714285714,3.48,18.81,0.99,14.82,19.29,1.04,17.22,0.37
2010-05-31,18.66,24.18,12.78,64.54,0.97,2.05,0.32,19.86,18.33,17.51,4.8,5,151,2010,18.68857142857143,1.5257142857142854,18.53,1.15,14.65,19.35,0.45,17.0,3.85
2010-06-01,19.86,25.69,14.7,54.2,0.32,2.17,0.96,19.72,18.66,18.49,0.97,6,152,2010,18.884285714285713,1.4757142857142855,18.62,1.82,0.67,19.36,0.08,17.27,0.35
2010-06-02,19.72,25.97,13.89,45.49,0.96,1.89,0.53,19.48,19.86,19.38,0.32,6,153,2010,18.93285714285714,1.5728571428571425,18.33,4.8,0.28,20.06,0.54,15.14,0.2
2010-06-03,19.48,25.58,14.45,56.49,0.53,1.9,0.17,19.89,19.72,18.81,0.96,6,154,2010,19.02857142857143,1.507142857142857,18.66,0.97,0.99,18.88,11.73,17.0,0.08
2010-06-04,19.89,25.03,15.6,61.97,0.17,2.16,0.73,20.14,19.48,18.53,0.53,6,155,2010,19.222857142857144,1.367142857142857,19.86,0.32,1.15,17.93,0.63,16.28,4.89
2010-06-05,20.14,25.57,15.2,59.41,0.73,2.59,0.01,20.35,19.89,18.62,0.17,6,156,2010,19.439999999999998,1.2114285714285713,19.72,0.96,1.82,19.21,1.45,14.93,2.13
2010-06-06,20.35,26.65,15.09,45.32,0.01,2.38,0.0,20.79,20.14,18.33,0.73,6,157,2010,19.72857142857143,0.5271428571428569,19.48,0.53,4.8,17.67,14.82,14.6,5.51
2010-06-07,20.79,27.52,14.62,34.11,0.0,2.15,0.0,20.55,20.35,18.66,0.01,6,158,2010,20.032857142857143,0.3885714285714283,19.89,0.17,0.97,17.51,14.65,16.09,2.91
2010-06-08,20.55,26.64,14.45,41.14,0.0,1.96,0.0,21.16,20.79,19.86,0.0,6,159,2010,20.131428571428568,0.3428571428571426,20.14,0.73,0.32,18.49,0.67,17.9,0.16
2010-06-09,21.16,27.46,15.99,49.0,0.0,2.24,0.48,20.7,20.55,19.72,0.0,6,160,2010,20.337142857142858,0.20571428571428546,20.35,0.01,0.96,19.38,0.28,18.96,0.0
2010-06-10,20.7,27.01,14.15,51.05,0.48,1.93,1.67,19.76,21.16,19.48,0.0,6,161,2010,20.511428571428574,0.19857142857142834,20.79,0.0,0.53,18.81,0.99,19.42,0.02
2010-06-11,19.76,26.15,13.89,57.79,1.67,1.79,2.29,19.35,20.7,19.89,0.48,6,162,2010,20.49285714285714,0.41285714285714264,20.55,0.0,0.17,18.53,1.15,19.26,0.0
2010-06-12,19.35,26.05,13.42,60.51,2.29,1.95,2.92,19.49,19.76,20.14,1.67,6,163,2010,20.380000000000003,0.6357142857142855,21.16,0.0,0.73,18.62,1.82,19.28,0.0
2010-06-13,19.49,26.11,14.47,62.67,2.92,2.19,1.17,19.68,19.35,20.35,2.29,6,164,2010,20.25714285714286,1.0514285714285712,20.7,0.48,0.01,18.33,4.8,19.37,0.5
2010-06-14,19.68,25.95,13.72,62.44,1.17,2.09,1.07,19.43,19.49,20.79,2.92,6,165,2010,20.09857142857143,1.2185714285714282,19.76,1.67,0.0,18.66,0.97,18.98,0.02
2010-06-15,19.43,24.74,13.64,66.02,1.07,2.05,4.49,20.19,19.68,20.55,1.17,6,166,2010,19.93857142857143,1.3714285714285712,19.35,2.29,0.0,19.86,0.32,19.29,1.04
2010-06-16,20.19,25.36,15.53,71.8,4.49,1.86,11.33,19.98,19.43,21.16,1.07,6,167,2010,19.8,2.012857142857143,19.49,2.92,0.0,19.72,0.96,19.35,0.45
2010-06-17,19.98,25.19,15.31,73.73,11.33,1.92,16.63,19.16,20.19,20.7,4.49,6,168,2010,19.697142857142858,3.5628571428571427,19.68,1.17,0.48,19.48,0.53,19.36,0.08
2010-06-18,19.16,23.21,15.98,82.54,16.63,1.73,2.84,19.57,19.98,19.76,11.33,6,169,2010,19.611428571428572,5.699999999999998,19.43,1.07,1.67,19.89,0.17,20.06,0.54
2010-06-19,19.57,24.33,15.6,82.4,2.84,1.87,0.9,19.44,19.16,19.35,16.63,6,170,2010,19.642857142857142,5.778571428571428,20.19,4.49,2.29,20.14,0.73,18.88,11.73
2010-06-20,19.44,23.69,16.62,82.35,0.9,2.36,0.44,19.55,19.57,19.49,2.84,6,171,2010,19.63571428571429,5.489999999999999,19.98,11.33,2.92,20.35,0.01,17.93,0.63
2010-06-21,19.55,24.63,16.12,80.49,0.44,2.04,2.23,19.22,19.44,19.68,0.9,6,172,2010,19.617142857142856,5.385714285714286,19.16,16.63,1.17,20.79,0.0,19.21,1.45
2010-06-22,19.22,23.76,16.51,82.74,2.23,1.75,4.26,19.69,19.55,19.43,0.44,6,173,2010,19.587142857142858,5.551428571428572,19.57,2.84,1.07,20.55,0.0,17.67,14.82
2010-06-23,19.69,24.35,16.41,83.5,4.26,2.11,2.42,18.65,19.22,20.19,2.23,6,174,2010,19.51571428571429,5.518571428571428,19.44,0.9,4.49,21.16,0.0,17.51,14.65
2010-06-24,18.65,22.38,15.78,82.78,2.42,2.28,0.38,19.61,19.69,19.98,4.26,6,175,2010,19.325714285714287,4.245714285714285,19.55,0.44,11.33,20.7,0.48,18.49,0.67
2010-06-25,19.61,24.87,15.66,78.91,0.38,2.07,1.92,19.57,18.65,19.16,2.42,6,176,2010,19.390000000000004,1.924285714285714,19.22,2.23,16.63,19.76,1.67,19.38,0.28
2010-06-26,19.57,23.31,16.79,82.96,1.92,2.23,3.63,20.29,19.61,19.57,0.38,6,177,2010,19.389999999999997,1.7928571428571425,19.69,4.26,2.84,19.35,2.29,18.81,0.99
2010-06-27,20.29,25.91,15.99,75.86,3.63,1.75,0.4,20.16,19.57,19.44,1.92,6,178,2010,19.511428571428574,2.1828571428571424,18.65,2.42,0.9,19.49,2.92,18.53,1.15
2010-06-28,20.16,24.75,17.03,77.47,0.4,1.85,3.66,20.13,20.29,19.55,3.63,6,179,2010,19.59857142857143,2.1771428571428566,19.61,0.38,0.44,19.68,1.17,18.62,1.82
2010-06-29,20.13,25.39,15.65,74.82,3.66,1.81,2.74,19.93,20.16,19.22,0.4,6,180,2010,19.728571428571428,2.381428571428571,19.57,1.92,2.23,19.43,1.07,18.33,4.8
2010-06-30,19.93,24.78,16.58,78.72,2.74,1.96,5.32,19.34,20.13,19.69,3.66,6,181,2010,19.762857142857143,2.1642857142857137,20.29,3.63,4.26,20.19,4.49,18.66,0.97
2010-07-01,19.34,23.94,15.24,78.23,5.32,1.96,1.44,19.27,19.93,18.65,2.74,7,182,2010,19.861428571428572,2.5785714285714283,20.16,0.4,2.42,19.98,11.33,19.86,0.32
2010-07-02,19.27,24.38,15.09,76.77,1.44,1.86,0.92,19.32,19.34,19.61,5.32,7,183,2010,19.812857142857144,2.73,20.13,3.66,0.38,19.16,16.63,19.72,0.96
2010-07-03,19.32,24.26,15.51,78.95,0.92,2.11,3.13,19.24,19.27,19.57,1.44,7,184,2010,19.777142857142856,2.5871428571428567,19.93,2.74,1.92,19.57,2.84,19.48,0.53
2010-07-04,19.24,23.91,15.98,82.0,3.13,2.05,2.02,19.61,19.32,20.29,0.92,7,185,2010,19.627142857142854,2.515714285714285,19.34,5.32,3.63,19.44,0.9,19.89,0.17
2010-07-05,19.61,24.61,15.79,80.71,2.02,2.11,1.73,19.31,19.24,20.16,3.13,7,186,2010,19.548571428571428,2.747142857142857,19.27,1.44,0.4,19.55,0.44,20.14,0.73
2010-07-06,19.31,22.86,17.03,83.51,1.73,2.22,2.81,19.12,19.61,20.13,2.02,7,187,2010,19.43142857142857,2.471428571428571,19.32,0.92,3.66,19.22,2.23,20.35,0.01
2010-07-07,19.12,22.99,16.61,84.22,2.81,2.05,5.26,19.75,19.31,19.93,1.73,7,188,2010,19.315714285714286,2.481428571428571,19.24,3.13,2.74,19.69,4.26,20.79,0.0
2010-07-08,19.75,24.29,15.83,81.97,5.26,2.17,6.59,19.3,19.12,19.34,2.81,7,189,2010,19.374285714285715,2.472857142857142,19.61,2.02,5.32,18.65,2.42,20.55,0.0
2010-07-09,19.3,22.48,16.75,86.36,6.59,2.16,11.4,19.2,19.75,19.27,5.26,7,190,2010,19.37857142857143,3.208571428571428,19.31,1.73,1.44,19.61,0.38,21.16,0.0
2010-07-10,19.2,21.41,17.32,91.66,11.4,2.05,18.68,18.55,19.3,19.32,6.59,7,191,2010,19.361428571428572,4.7057142857142855,19.12,2.81,0.92,19.57,1.92,20.7,0.48
2010-07-11,18.55,21.32,16.64,91.87,18.68,1.74,7.34,18.12,19.2,19.24,11.4,7,192,2010,19.262857142857143,6.927142857142856,19.75,5.26,3.13,20.29,3.63,19.76,1.67
2010-07-12,18.12,21.28,16.13,89.31,7.34,1.68,3.99,18.97,18.55,19.61,18.68,7,193,2010,19.05,7.687142857142858,19.3,6.59,2.02,20.16,0.4,19.35,2.29
2010-07-13,18.97,23.27,15.37,83.9,3.99,2.28,2.56,19.58,18.12,19.31,7.34,7,194,2010,19.00142857142857,8.01,19.2,11.4,1.73,20.13,3.66,19.49,2.92
2010-07-14,19.58,24.35,15.47,84.53,2.56,1.77,1.21,19.12,18.97,19.12,3.99,7,195,2010,19.06714285714286,7.974285714285713,18.55,18.68,2.81,19.93,2.74,19.68,1.17
2010-07-15,19.12,22.1,17.06,89.89,1.21,1.93,5.97,19.25,19.58,19.75,2.56,7,196,2010,18.97714285714286,7.395714285714285,18.12,7.34,5.26,19.34,5.32,19.43,1.07
2010-07-16,19.25,23.44,15.85,86.16,5.97,2.04,15.19,19.32,19.12,19.3,1.21,7,197,2010,18.97,7.307142857142857,18.97,3.99,6.59,19.27,1.44,20.19,4.49
2010-07-17,19.32,22.91,17.04,90.74,15.19,2.28,9.7,19.25,19.25,19.2,5.97,7,198,2010,18.987142857142857,7.848571428571428,19.58,2.56,11.4,19.32,0.92,19.98,11.33
2010-07-18,19.25,22.75,17.19,90.05,9.7,2.32,14.02,18.44,19.32,18.55,15.19,7,199,2010,19.087142857142855,6.565714285714285,19.12,1.21,18.68,19.24,3.13,19.16,16.63
2010-07-19,18.44,20.8,16.58,88.83,14.02,1.78,8.16,18.07,19.25,18.12,9.7,7,200,2010,19.132857142857144,7.519999999999999,19.25,5.97,7.34,19.61,2.02,19.57,2.84
2010-07-20,18.07,21.02,15.62,89.16,8.16,1.57,2.88,18.68,18.44,18.97,14.02,7,201,2010,19.004285714285714,8.115714285714285,19.32,15.19,3.99,19.31,1.73,19.44,0.9
2010-07-21,18.68,22.36,15.81,88.38,2.88,2.09,6.75,18.71,18.07,19.58,8.16,7,202,2010,18.875714285714285,8.161428571428571,19.25,9.7,2.56,19.12,2.81,19.55,0.44
2010-07-22,18.71,21.42,16.62,91.69,6.75,2.05,6.9,18.7,18.68,19.12,2.88,7,203,2010,18.81714285714286,8.952857142857143,18.44,14.02,1.21,19.75,5.26,19.22,2.23
2010-07-23,18.7,20.87,16.95,94.21,6.9,2.06,2.24,18.61,18.71,19.25,6.75,7,204,2010,18.73857142857143,9.085714285714285,18.07,8.16,5.97,19.3,6.59,19.69,4.26
2010-07-24,18.61,21.87,16.23,89.13,2.24,1.56,3.33,19.45,18.7,19.32,6.9,7,205,2010,18.63714285714286,7.235714285714285,18.68,2.88,15.19,19.2,11.4,18.65,2.42
2010-07-25,19.45,24.5,15.64,85.19,3.33,2.38,11.94,18.32,18.61,19.25,2.24,7,206,2010,18.665714285714284,6.325714285714286,18.71,6.75,9.7,18.55,18.68,19.61,0.38
2010-07-26,18.32,22.29,15.74,87.99,11.94,2.21,3.88,17.39,19.45,18.44,3.33,7,207,2010,18.648571428571426,6.028571428571428,18.7,6.9,14.02,18.12,7.34,19.57,1.92
2010-07-27,17.39,19.77,14.62,86.16,3.88,1.44,1.85,19.42,18.32,18.07,11.94,7,208,2010,18.551428571428573,5.417142857142857,18.61,2.24,8.16,18.97,3.99,20.29,3.63
2010-07-28,19.42,23.54,15.76,82.69,1.85,1.87,8.52,17.84,17.39,18.68,3.88,7,209,2010,18.657142857142855,5.269999999999999,19.45,3.33,2.88,19.58,2.56,20.16,0.4
2010-07-29,17.84,20.77,15.27,90.71,8.52,2.04,5.33,18.42,19.42,18.71,1.85,7,210,2010,18.532857142857143,5.522857142857142,18.32,11.94,6.75,19.12,1.21,20.13,3.66
2010-07-30,18.42,22.73,14.72,83.86,5.33,1.88,1.73,18.18,17.84,18.7,8.52,7,211,2010,18.492857142857144,5.298571428571428,17.39,3.88,6.9,19.25,5.97,19.93,2.74
2010-07-31,18.18,22.13,15.07,86.54,1.73,2.13,3.26,18.2,18.42,18.61,5.33,7,212,2010,18.431428571428572,5.225714285714285,19.42,1.85,2.24,19.32,15.19,19.34,5.32
2010-08-01,18.2,22.88,13.75,87.72,3.26,2.23,4.17,17.99,18.18,19.45,1.73,8,213,2010,18.252857142857145,5.215714285714285,17.84,8.52,3.33,19.25,9.7,19.27,1.44
2010-08-02,17.99,22.07,15.45,89.16,4.17,1.84,0.67,18.67,18.2,18.32,3.26,8,214,2010,18.205714285714286,4.105714285714285,18.42,5.33,11.94,18.44,14.02,19.32,0.92
2010-08-03,18.67,23.52,14.35,82.94,0.67,2.01,2.94,17.89,17.99,17.39,4.17,8,215,2010,18.388571428571428,3.647142857142857,18.18,1.73,3.88,18.07,8.16,19.24,3.13
2010-08-04,17.89,20.72,15.58,91.07,2.94,1.77,3.15,18.53,18.67,19.42,0.67,8,216,2010,18.169999999999998,3.8028571428571425,18.2,3.26,1.85,18.68,2.88,19.61,2.02
2010-08-05,18.53,22.57,14.74,86.75,3.15,1.79,0.24,19.28,17.89,17.84,2.94,8,217,2010,18.26857142857143,3.035714285714285,17.99,4.17,8.52,18.71,6.75,19.31,1.73
2010-08-06,19.28,23.85,15.14,80.57,0.24,2.01,0.01,19.21,18.53,18.42,3.15,8,218,2010,18.391428571428573,2.3085714285714283,18.67,0.67,5.33,18.7,6.9,19.12,2.81
2010-08-07,19.21,23.95,15.19,84.77,0.01,2.11,2.96,19.08,19.28,18.18,0.24,8,219,2010,18.53857142857143,2.0628571428571423,17.89,2.94,1.73,18.61,2.24,19.75,5.26
2010-08-08,19.08,22.72,16.23,85.44,2.96,1.74,27.27,18.93,19.21,18.2,0.01,8,220,2010,18.664285714285715,2.0199999999999996,18.53,3.15,3.26,19.45,3.33,19.3,6.59
2010-08-09,18.93,22.28,16.07,87.51,27.27,1.64,0.86,18.89,19.08,17.99,2.96,8,221,2010,18.798571428571428,5.319999999999999,19.28,0.24,4.17,18.32,11.94,19.2,11.4
2010-08-10,18.89,22.34,16.41,89.05,0.86,1.68,2.49,18.61,18.93,18.67,27.27,8,222,2010,18.830000000000002,5.347142857142857,19.21,0.01,0.67,17.39,3.88,18.55,18.68
2010-08-11,18.61,22.56,15.87,88.66,2.49,1.48,10.81,18.66,18.89,17.89,0.86,8,223,2010,18.93285714285714,5.282857142857142,19.08,2.96,2.94,19.42,1.85,18.12,7.34
2010-08-12,18.66,21.82,16.29,89.44,10.81,1.73,3.29,18.35,18.61,18.53,2.49,8,224,2010,18.951428571428572,6.377142857142857,18.93,27.27,3.15,17.84,8.52,18.97,3.99
2010-08-13,18.35,20.97,16.6,93.15,3.29,2.1,11.99,18.61,18.66,19.28,10.81,8,225,2010,18.818571428571428,6.812857142857142,18.89,0.86,0.24,18.42,5.33,19.58,2.56
2010-08-14,18.61,22.17,15.75,91.79,11.99,1.98,3.64,18.56,18.35,19.21,3.29,8,226,2010,18.732857142857142,8.524285714285714,18.61,2.49,0.01,18.18,1.73,19.12,1.21
2010-08-15,18.56,21.5,16.81,92.41,3.64,1.46,13.07,18.88,18.61,19.08,11.99,8,227,2010,18.65857142857143,8.621428571428572,18.66,10.81,2.96,18.2,3.26,19.25,5.97
2010-08-16,18.88,21.95,16.3,92.25,13.07,1.92,18.25,18.12,18.56,18.93,3.64,8,228,2010,18.65142857142857,6.5928571428571425,18.35,3.29,27.27,17.99,4.17,19.32,15.19
2010-08-17,18.12,20.01,16.75,94.42,18.25,1.3,12.37,18.14,18.88,18.89,13.07,8,229,2010,18.541428571428572,9.077142857142857,18.61,11.99,0.86,18.67,0.67,19.25,9.7
2010-08-18,18.14,20.48,16.04,92.19,12.37,1.53,19.65,17.89,18.12,18.61,18.25,8,230,2010,18.474285714285713,10.48857142857143,18.56,3.64,2.49,17.89,2.94,18.44,14.02
2010-08-19,17.89,20.07,15.89,94.12,19.65,1.86,28.66,18.14,18.14,18.66,12.37,8,231,2010,18.364285714285717,11.751428571428571,18.88,13.07,10.81,18.53,3.15,18.07,8.16
2010-08-20,18.14,20.77,15.68,92.51,28.66,1.84,21.87,17.94,17.89,18.35,19.65,8,232,2010,18.334285714285716,15.375714285714285,18.12,18.25,3.29,19.28,0.24,18.68,2.88
2010-08-21,17.94,20.7,15.95,92.86,21.87,1.35,15.17,17.63,18.14,18.61,28.66,8,233,2010,18.238571428571426,16.787142857142857,18.14,12.37,11.99,19.21,0.01,18.71,6.75
2010-08-22,17.63,20.49,15.55,93.11,15.17,1.65,9.72,17.83,17.94,18.56,21.87,8,234,2010,18.10571428571429,18.434285714285714,17.89,19.65,3.64,19.08,2.96,18.7,6.9
2010-08-23,17.83,21.01,15.24,91.33,9.72,1.4,3.88,17.34,17.63,18.88,15.17,8,235,2010,17.955714285714286,17.955714285714286,18.14,28.66,13.07,18.93,27.27,18.61,2.24
2010-08-24,17.34,19.02,15.55,95.93,3.88,1.91,0.82,17.7,17.83,18.12,9.72,8,236,2010,17.844285714285714,15.902857142857144,17.94,21.87,18.25,18.89,0.86,19.45,3.33
2010-08-25,17.7,21.49,14.84,85.75,0.82,1.39,22.81,18.25,17.34,18.14,3.88,8,237,2010,17.78142857142857,14.252857142857142,17.63,15.17,12.37,18.61,2.49,18.32,11.94
2010-08-26,18.25,21.87,15.76,86.61,22.81,1.59,9.39,18.05,17.7,17.89,0.82,8,238,2010,17.832857142857144,14.704285714285716,17.83,9.72,19.65,18.66,10.81,17.39,3.88
2010-08-27,18.05,21.0,15.36,92.91,9.39,2.14,9.66,18.13,18.25,18.14,22.81,8,239,2010,17.82,11.95142857142857,17.34,3.88,28.66,18.35,3.29,19.42,1.85
2010-08-28,18.13,21.8,15.12,89.44,9.66,1.56,11.04,18.8,18.05,17.94,9.39,8,240,2010,17.84714285714286,10.207142857142857,17.7,0.82,21.87,18.61,11.99,17.84,8.52
2010-08-29,18.8,22.16,15.88,91.69,11.04,1.52,7.97,17.98,18.13,17.63,9.66,8,241,2010,18.014285714285712,9.617142857142856,18.25,22.81,15.17,18.56,3.64,18.42,5.33
2010-08-30,17.98,20.53,15.86,94.08,7.97,1.42,20.68,18.25,18.8,17.83,11.04,8,242,2010,18.035714285714285,9.367142857142856,18.05,9.39,9.72,18.88,13.07,18.18,1.73
2010-08-31,18.25,22.01,15.12,90.36,20.68,1.62,9.03,17.45,17.98,17.34,7.97,8,243,2010,18.165714285714284,11.767142857142856,18.13,9.66,3.88,18.12,18.25,18.2,3.26
2010-09-01,17.45,20.47,14.58,91.18,9.03,1.36,11.88,17.69,18.25,17.7,20.68,9,244,2010,18.13,12.94,18.8,11.04,0.82,18.14,12.37,17.99,4.17
2010-09-02,17.69,20.74,15.12,91.46,11.88,1.1,4.01,18.09,17.45,18.25,9.03,9,245,2010,18.05,11.37857142857143,17.98,7.97,22.81,17.89,19.65,18.67,0.67
2010-09-03,18.09,21.17,15.98,91.61,4.01,1.45,4.25,17.6,17.69,18.05,11.88,9,246,2010,18.055714285714288,10.61,18.25,20.68,9.39,18.14,28.66,17.89,2.94
2010-09-04,17.6,20.96,14.85,91.82,4.25,1.65,12.37,17.67,18.09,18.13,4.01,9,247,2010,17.98,9.837142857142856,17.45,9.03,9.66,17.94,21.87,18.53,3.15
2010-09-05,17.67,20.28,15.47,94.24,12.37,1.74,12.3,17.35,17.6,18.8,4.25,9,248,2010,17.818571428571428,10.027142857142858,17.69,11.88,11.04,17.63,15.17,19.28,0.24
2010-09-06,17.35,20.3,13.89,93.82,12.3,1.59,2.37,17.52,17.67,17.98,12.37,9,249,2010,17.728571428571428,10.645714285714286,18.09,4.01,7.97,17.83,9.72,19.21,0.01
2010-09-07,17.52,21.14,13.86,84.93,2.37,1.19,1.2,17.57,17.35,18.25,12.3,9,250,2010,17.624285714285715,8.03,17.6,4.25,20.68,17.34,3.88,19.08,2.96
2010-09-08,17.57,20.86,14.63,88.22,1.2,1.27,0.66,16.94,17.52,17.45,2.37,9,251,2010,17.641428571428573,6.911428571428572,17.67,12.37,9.03,17.7,0.82,18.93,27.27
2010-09-09,16.94,20.73,13.67,87.97,0.66,1.29,4.4,17.16,17.57,17.69,1.2,9,252,2010,17.534285714285716,5.308571428571428,17.35,12.3,11.88,18.25,22.81,18.89,0.86
2010-09-10,17.16,20.8,14.24,87.41,4.4,1.41,3.98,17.39,16.94,18.09,0.66,9,253,2010,17.40142857142857,5.364285714285715,17.52,2.37,4.01,18.05,9.39,18.61,2.49
2010-09-11,17.39,21.05,15.15,92.06,3.98,1.33,2.94,16.29,17.16,17.6,4.4,9,254,2010,17.371428571428574,5.325714285714286,17.57,1.2,4.25,18.13,9.66,18.66,10.81
2010-09-12,16.29,19.53,14.27,91.26,2.94,0.98,3.46,17.14,17.39,17.67,3.98,9,255,2010,17.174285714285713,3.9785714285714286,16.94,0.66,12.37,18.8,11.04,18.35,3.29
2010-09-13,17.14,20.87,14.5,87.6,3.46,1.53,3.9,16.95,16.29,17.35,2.94,9,256,2010,17.144285714285715,2.7157142857142857,17.16,4.4,12.3,17.98,7.97,18.61,11.99
2010-09-14,16.95,20.69,14.01,90.69,3.9,1.7,5.44,16.32,17.14,17.52,3.46,9,257,2010,17.062857142857144,2.934285714285714,17.39,3.98,2.37,18.25,20.68,18.56,3.64
2010-09-15,16.32,20.07,13.34,89.9,5.44,1.26,7.46,16.07,16.95,17.57,3.9,9,258,2010,16.884285714285713,3.54,16.29,2.94,1.2,17.45,9.03,18.88,13.07
2010-09-16,16.07,19.66,13.87,90.86,7.46,1.47,4.27,16.28,16.32,16.94,5.44,9,259,2010,16.76,4.511428571428572,17.14,3.46,0.66,17.69,11.88,18.12,18.25
2010-09-17,16.28,20.38,13.33,87.3,4.27,1.5,1.85,16.17,16.07,17.16,7.46,9,260,2010,16.634285714285713,4.492857142857143,16.95,3.9,4.4,18.09,4.01,18.14,12.37
2010-09-18,16.17,19.38,13.28,91.83,1.85,1.57,4.4,16.01,16.28,17.39,4.27,9,261,2010,16.46,4.188571428571429,16.32,5.44,3.98,17.6,4.25,17.89,19.65
2010-09-19,16.01,20.0,13.27,90.89,4.4,1.55,19.76,16.45,16.17,16.29,1.85,9,262,2010,16.42,4.397142857142858,16.07,7.46,2.94,17.67,12.37,18.14,28.66
2010-09-20,16.45,19.9,13.39,87.45,19.76,1.47,33.43,16.4,16.01,17.14,4.4,9,263,2010,16.321428571428573,6.725714285714285,16.28,4.27,3.46,17.35,12.3,17.94,21.87
2010-09-21,16.4,19.34,14.3,93.99,33.43,1.57,27.42,15.89,16.45,16.95,19.76,9,264,2010,16.242857142857144,10.944285714285716,16.17,1.85,3.9,17.52,2.37,17.63,15.17
2010-09-22,15.89,17.65,14.69,95.71,27.42,1.23,6.85,15.51,16.4,16.32,33.43,9,265,2010,16.181428571428572,14.084285714285715,16.01,4.4,5.44,17.57,1.2,17.83,9.72
2010-09-23,15.51,17.94,13.17,86.7,6.85,0.92,1.06,16.22,15.89,16.07,27.42,9,266,2010,16.101428571428574,13.997142857142858,16.45,19.76,7.46,16.94,0.66,17.34,3.88
2010-09-24,16.22,20.01,13.75,83.69,1.06,1.44,1.32,16.12,15.51,16.28,6.85,9,267,2010,16.092857142857145,13.53857142857143,16.4,33.43,4.27,17.16,4.4,17.7,0.82
2010-09-25,16.12,20.16,13.2,85.28,1.32,1.32,0.01,16.26,16.22,16.17,1.06,9,268,2010,16.085714285714285,13.462857142857144,15.89,27.42,1.85,17.39,3.98,18.25,22.81
2010-09-26,16.26,20.92,13.27,78.07,0.01,1.29,0.0,15.89,16.12,16.01,1.32,9,269,2010,16.12142857142857,12.835714285714287,15.51,6.85,4.4,16.29,2.94,18.05,9.39
2010-09-27,15.89,20.41,12.61,79.81,0.0,1.4,0.0,16.0,16.26,16.45,0.01,9,270,2010,16.041428571428572,10.012857142857143,16.22,1.06,19.76,17.14,3.46,18.13,9.66
2010-09-28,16.0,20.31,13.02,85.75,0.0,1.37,0.0,15.65,15.89,16.4,0.0,9,271,2010,15.984285714285715,5.237142857142858,16.12,1.32,33.43,16.95,3.9,18.8,11.04
2010-09-29,15.65,19.52,12.71,86.78,0.0,1.24,0.0,15.92,16.0,15.89,0.0,9,272,2010,15.950000000000001,1.320000000000001,16.26,0.01,27.42,16.32,5.44,17.98,7.97
2010-09-30,15.92,20.33,12.42,84.76,0.0,1.28,0.0,16.05,15.65,15.51,0.0,9,273,2010,16.00857142857143,0.34142857142857247,15.89,0.0,6.85,16.07,7.46,18.25,20.68
2010-10-01,16.05,20.36,12.85,85.28,0.0,1.21,0.0,16.12,15.92,16.22,0.0,10,274,2010,15.984285714285715,0.19000000000000103,16.0,0.0,1.06,16.28,4.27,17.45,9.03
2010-10-02,16.12,20.26,13.07,86.47,0.0,1.14,0.0,16.41,16.05,16.12,0.0,10,275,2010,15.984285714285717,0.0014285714285724436,15.65,0.0,1.32,16.17,1.85,17.69,11.88
2010-10-03,16.41,20.95,13.09,82.24,0.0,1.3,1.81,15.71,16.12,16.26,0.0,10,276,2010,16.005714285714287,0.0,15.92,0.0,0.01,16.01,4.4,18.09,4.01
2010-10-04,15.71,20.35,11.94,78.2,1.81,1.34,3.19,14.94,16.41,15.89,0.0,10,277,2010,15.98,0.2585714285714296,16.05,0.0,0.0,16.45,19.76,17.6,4.25
2010-10-05,14.94,19.14,12.08,70.38,3.19,1.2,1.77,14.31,15.71,16.0,1.81,10,278,2010,15.828571428571427,0.7142857142857153,16.12,0.0,0.0,16.4,33.43,17.67,12.37
2010-10-06,14.31,18.89,10.68,70.13,1.77,1.27,2.18,14.54,14.94,15.65,3.19,10,279,2010,15.637142857142857,0.9671428571428581,16.41,0.0,0.0,15.89,27.42,17.35,12.3
2010-10-07,14.54,18.73,11.7,77.79,2.18,1.11,0.22,14.18,14.31,15.92,1.77,10,280,2010,15.44,1.2785714285714296,15.71,1.81,0.0,15.51,6.85,17.52,2.37
2010-10-08,14.18,18.83,11.01,76.88,0.22,1.39,0.14,13.97,14.54,16.05,2.18,10,281,2010,15.172857142857142,1.310000000000001,14.94,3.19,0.0,16.22,1.06,17.57,1.2
2010-10-09,13.97,17.66,10.7,91.87,0.14,1.56,0.75,14.1,14.18,16.12,0.22,10,282,2010,14.865714285714287,1.3300000000000012,14.31,1.77,0.0,16.12,1.32,16.94,0.66
2010-10-10,14.1,18.12,10.99,91.36,0.75,1.19,0.01,13.7,13.97,16.41,0.14,10,283,2010,14.535714285714286,1.4371428571428582,14.54,2.18,0.0,16.26,0.01,17.16,4.4
2010-10-11,13.7,18.37,10.31,82.03,0.01,1.16,0.0,13.23,14.1,15.71,0.75,10,284,2010,14.248571428571429,1.180000000000001,14.18,0.22,1.81,15.89,0.0,17.39,3.98
2010-10-12,13.23,18.06,9.46,66.31,0.0,1.18,0.05,13.94,13.7,14.94,0.01,10,285,2010,14.004285714285714,0.7242857142857153,13.97,0.14,3.19,16.0,0.0,16.29,2.94
2010-10-13,13.94,18.75,10.37,65.68,0.05,1.21,0.27,14.55,13.23,14.31,0.0,10,286,2010,13.95142857142857,0.4785714285714296,14.1,0.75,1.77,15.65,0.0,17.14,3.46
2010-10-14,14.55,18.45,11.45,76.32,0.27,1.2,6.89,15.8,13.94,14.54,0.05,10,287,2010,13.952857142857143,0.2057142857142867,13.7,0.01,2.18,15.92,0.0,16.95,3.9
2010-10-15,15.8,19.56,12.93,86.29,6.89,1.21,6.17,15.05,14.55,14.18,0.27,10,288,2010,14.184285714285716,1.1585714285714295,13.23,0.0,0.22,16.05,0.0,16.32,5.44
2010-10-16,15.05,17.59,12.9,90.76,6.17,1.0,6.65,13.94,15.8,13.97,6.89,10,289,2010,14.338571428571429,2.020000000000001,13.94,0.05,0.14,16.12,0.0,16.07,7.46
2010-10-17,13.94,16.49,12.24,88.87,6.65,0.66,0.13,14.83,15.05,14.1,6.17,10,290,2010,14.315714285714284,2.862857142857144,14.55,0.27,0.75,16.41,0.0,16.28,4.27
2010-10-18,14.83,18.78,12.03,84.27,0.13,1.22,0.13,15.22,13.94,13.7,6.65,10,291,2010,14.477142857142855,2.8800000000000012,15.8,6.89,0.01,15.71,1.81,16.17,1.85
2010-10-19,15.22,19.55,11.63,84.94,0.13,1.18,2.57,15.28,14.83,13.23,0.13,10,292,2010,14.761428571428572,2.8985714285714295,15.05,6.17,0.0,14.94,3.19,16.01,4.4
2010-10-20,15.28,19.38,12.5,79.83,2.57,1.14,2.01,14.11,15.22,13.94,0.13,10,293,2010,14.952857142857143,3.25857142857143,13.94,6.65,0.05,14.31,1.77,16.45,19.76
2010-10-21,14.11,18.46,10.53,81.05,2.01,1.16,0.02,13.24,15.28,14.55,2.57,10,294,2010,14.889999999999999,3.5071428571428576,14.83,0.13,0.27,14.54,2.18,16.4,33.43
2010-10-22,13.24,18.04,10.04,74.38,0.02,1.12,0.0,13.16,14.11,15.8,2.01,10,295,2010,14.524285714285714,2.5257142857142867,15.22,0.13,6.89,14.18,0.22,15.89,27.42
2010-10-23,13.16,18.34,9.12,64.29,0.0,1.26,0.0,12.85,13.24,15.05,0.02,10,296,2010,14.254285714285714,1.6442857142857152,15.28,2.57,6.17,13.97,0.14,15.51,6.85
2010-10-24,12.85,18.35,8.45,65.99,0.0,1.32,0.0,12.77,13.16,13.94,0.0,10,297,2010,14.098571428571429,0.6942857142857152,14.11,2.01,6.65,14.1,0.75,16.22,1.06
2010-10-25,12.77,18.02,9.29,57.83,0.0,1.2,0.0,11.95,12.85,14.83,0.0,10,298,2010,13.804285714285715,0.6757142857142867,13.24,0.02,0.13,13.7,0.01,16.12,1.32
2010-10-26,11.95,17.29,8.74,59.53,0.0,1.33,0.0,11.85,12.77,15.22,0.0,10,299,2010,13.337142857142855,0.6571428571428581,13.16,0.0,0.13,13.23,0.0,16.26,0.01
2010-10-27,11.85,17.51,8.18,56.95,0.0,1.32,0.0,12.06,11.95,15.28,0.0,10,300,2010,12.847142857142858,0.290000000000001,12.85,0.0,2.57,13.94,0.05,15.89,0.0
2010-10-28,12.06,17.21,8.78,54.79,0.0,1.21,0.0,12.48,11.85,14.11,0.0,10,301,2010,12.554285714285715,0.0028571428571438724,12.77,0.0,2.01,14.55,0.27,16.0,0.0
2010-10-29,12.48,17.42,9.72,62.98,0.0,1.13,0.39,13.03,12.06,13.24,0.0,10,302,2010,12.445714285714285,0.0,11.95,0.0,0.02,15.8,6.89,15.65,0.0
2010-10-30,13.03,17.44,10.38,63.42,0.39,1.02,1.07,12.19,12.48,13.16,0.0,10,303,2010,12.427142857142856,0.05571428571428673,11.85,0.0,0.0,15.05,6.17,15.92,0.0
2010-10-31,12.19,16.34,8.98,61.92,1.07,1.04,0.17,11.12,13.03,12.85,0.39,10,304,2010,12.332857142857142,0.20857142857142957,12.06,0.0,0.0,13.94,6.65,16.05,0.0
2010-11-01,11.12,16.42,7.26,62.4,0.17,1.21,0.0,10.62,12.19,12.77,1.07,11,305,2010,12.097142857142856,0.2328571428571439,12.48,0.0,0.0,14.83,0.13,16.12,0.0
2010-11-02,10.62,15.76,6.7,67.92,0.0,1.14,0.0,11.66,11.12,11.95,0.17,11,306,2010,11.907142857142858,0.2328571428571439,13.03,0.39,0.0,15.22,0.13,16.41,0.0
2010-11-03,11.66,16.75,7.92,75.22,0.0,1.23,0.0,12.29,10.62,11.85,0.0,11,307,2010,11.879999999999999,0.2328571428571439,12.19,1.07,0.0,15.28,2.57,15.71,1.81
2010-11-04,12.29,17.13,9.05,75.34,0.0,1.23,0.0,12.99,11.66,12.06,0.0,11,308,2010,11.91285714285714,0.2328571428571439,11.12,0.17,0.0,14.11,2.01,14.94,3.19
2010-11-05,12.99,18.03,9.4,77.75,0.0,1.18,0.0,12.84,12.29,12.48,0.0,11,309,2010,11.985714285714286,0.2328571428571439,10.62,0.0,0.0,13.24,0.02,14.31,1.77
2010-11-06,12.84,17.8,9.84,75.04,0.0,1.03,0.0,12.28,12.99,13.03,0.0,11,310,2010,11.95857142857143,0.17714285714285818,11.66,0.0,0.39,13.16,0.0,14.54,2.18
2010-11-07,12.28,17.14,8.62,76.93,0.0,1.21,0.0,12.61,12.84,12.19,0.0,11,311,2010,11.971428571428572,0.024285714285715302,12.29,0.0,1.07,12.85,0.0,14.18,0.22
2010-11-08,12.61,17.03,9.47,80.68,0.0,1.3,0.0,13.32,12.28,11.12,0.0,11,312,2010,12.184285714285712,0.0,12.99,0.0,0.17,12.77,0.0,13.97,0.14
2010-11-09,13.32,17.12,10.55,82.77,0.0,1.09,0.0,12.65,12.61,10.62,0.0,11,313,2010,12.569999999999999,0.0,12.84,0.0,0.0,11.95,0.0,14.1,0.75
2010-11-10,12.65,16.5,10.23,85.85,0.0,1.2,0.06,12.0,13.32,11.66,0.0,11,314,2010,12.71142857142857,0.0,12.28,0.0,0.0,11.85,0.0,13.7,0.01
2010-11-11,12.0,16.25,9.08,86.16,0.06,1.16,0.3,11.44,12.65,12.29,0.0,11,315,2010,12.67,0.008571428571429587,12.61,0.0,0.0,12.06,0.0,13.23,0.0
2010-11-12,11.44,15.71,9.11,88.67,0.3,1.22,0.31,10.65,12.0,12.99,0.06,11,316,2010,12.448571428571428,0.05142857142857244,13.32,0.0,0.0,12.48,0.0,13.94,0.05
2010-11-13,10.65,14.52,7.86,87.98,0.31,1.09,0.35,11.01,11.44,12.84,0.3,11,317,2010,12.135714285714286,0.09571428571428672,12.65,0.0,0.0,13.03,0.39,14.55,0.27
2010-11-14,11.01,15.54,7.53,82.84,0.35,1.19,0.0,11.5,10.65,12.28,0.31,11,318,2010,11.954285714285716,0.14571428571428674,12.0,0.06,0.0,12.19,1.07,15.8,6.89
2010-11-15,11.5,15.81,8.84,86.04,0.0,1.17,0.0,11.33,11.01,12.61,0.35,11,319,2010,11.795714285714286,0.14571428571428674,11.44,0.3,0.0,11.12,0.17,15.05,6.17
2010-11-16,11.33,15.25,8.93,86.71,0.0,0.85,0.41,11.61,11.5,13.32,0.0,11,320,2010,11.51142857142857,0.14571428571428674,10.65,0.31,0.0,10.62,0.0,13.94,6.65
2010-11-17,11.61,15.32,9.39,83.45,0.41,0.98,0.07,11.4,11.33,12.65,0.0,11,321,2010,11.362857142857143,0.2042857142857153,11.01,0.35,0.0,11.66,0.0,14.83,0.13
2010-11-18,11.4,15.41,8.39,77.35,0.07,1.12,0.09,10.22,11.61,12.0,0.41,11,322,2010,11.277142857142858,0.2057142857142867,11.5,0.0,0.06,12.29,0.0,15.22,0.13
2010-11-19,10.22,15.12,6.99,77.48,0.09,1.27,0.0,8.88,11.4,11.44,0.07,11,323,2010,11.102857142857143,0.17571428571428674,11.33,0.0,0.3,12.99,0.0,15.28,2.57
2010-11-20,8.88,14.39,5.52,73.13,0.0,1.5,0.0,9.03,10.22,10.65,0.09,11,324,2010,10.85,0.13142857142857245,11.61,0.41,0.31,12.84,0.0,14.11,2.01
2010-11-21,9.03,14.05,6.08,63.62,0.0,1.19,0.0,10.12,8.88,11.01,0.0,11,325,2010,10.567142857142857,0.08142857142857245,11.4,0.07,0.35,12.28,0.0,13.24,0.02
2010-11-22,10.12,14.72,7.78,62.12,0.0,0.98,0.0,10.27,9.03,11.5,0.0,11,326,2010,10.370000000000001,0.08142857142857245,10.22,0.09,0.0,12.61,0.0,13.16,0.0
2010-11-23,10.27,15.59,7.53,68.31,0.0,1.24,0.0,11.16,10.12,11.33,0.0,11,327,2010,10.218571428571428,0.08142857142857245,8.88,0.0,0.0,13.32,0.0,12.85,0.0
2010-11-24,11.16,16.36,7.71,65.83,0.0,1.3,0.0,12.0,10.27,11.61,0.0,11,328,2010,10.154285714285715,0.022857142857143874,9.03,0.0,0.41,12.65,0.0,12.77,0.0
2010-11-25,12.0,16.71,9.03,71.9,0.0,1.15,0.0,11.23,11.16,11.4,0.0,11,329,2010,10.24,0.012857142857143872,10.12,0.0,0.07,12.0,0.06,11.95,0.0
2010-11-26,11.23,16.97,7.83,73.35,0.0,1.28,0.0,10.72,12.0,10.22,0.0,11,330,2010,10.384285714285713,0.0,10.27,0.0,0.09,11.44,0.3,11.85,0.0
2010-11-27,10.72,15.96,7.81,69.59,0.0,1.2,0.0,9.75,11.23,8.88,0.0,11,331,2010,10.647142857142857,0.0,11.16,0.0,0.0,10.65,0.31,12.06,0.0
2010-11-28,9.75,15.41,5.26,57.03,0.0,1.31,0.0,8.86,10.72,9.03,0.0,11,332,2010,10.75,0.0,12.0,0.0,0.0,11.01,0.35,12.48,0.0
2010-11-29,8.86,15.08,5.15,49.48,0.0,1.61,0.0,8.41,9.75,10.12,0.0,11,333,2010,10.569999999999999,0.0,11.23,0.0,0.0,11.5,0.0,13.03,0.39
2010-11-30,8.41,13.79,4.28,48.67,0.0,1.24,0.0,7.93,8.86,10.27,0.0,11,334,2010,10.304285714285713,0.0,10.72,0.0,0.0,11.33,0.0,12.19,1.07
2010-12-01,7.93,13.45,4.13,53.41,0.0,1.03,0.0,7.49,8.41,11.16,0.0,12,335,2010,9.842857142857143,0.0,9.75,0.0,0.0,11.61,0.41,11.12,0.17
2010-12-02,7.49,13.2,3.97,42.18,0.0,0.99,0.0,7.44,7.93,12.0,0.0,12,336,2010,9.198571428571428,0.0,8.86,0.0,0.0,11.4,0.07,10.62,0.0
2010-12-03,7.44,13.75,3.29,39.55,0.0,1.07,0.0,7.56,7.49,11.23,0.0,12,337,2010,8.657142857142857,0.0,8.41,0.0,0.0,10.22,0.09,11.66,0.0
2010-12-04,7.56,13.23,3.48,52.5,0.0,1.19,0.0,8.37,7.44,10.72,0.0,12,338,2010,8.205714285714285,0.0,7.93,0.0,0.0,8.88,0.0,12.29,0.0
2010-12-05,8.37,14.23,4.57,40.05,0.0,1.12,0.0,9.37,7.56,9.75,0.0,12,339,2010,8.008571428571429,0.0,7.49,0.0,0.0,9.03,0.0,12.99,0.0
2010-12-06,9.37,15.49,5.88,30.73,0.0,1.03,0.07,9.76,8.37,8.86,0.0,12,340,2010,8.081428571428571,0.0,7.44,0.0,0.0,10.12,0.0,12.84,0.0
2010-12-07,9.76,16.21,6.34,31.81,0.07,1.22,0.02,9.46,9.37,8.41,0.0,12,341,2010,8.274285714285714,0.010000000000001017,7.56,0.0,0.0,10.27,0.0,12.28,0.0
2010-12-08,9.46,14.78,6.21,34.86,0.02,0.96,0.0,9.58,9.76,7.93,0.07,12,342,2010,8.492857142857142,0.012857142857143873,8.37,0.0,0.0,11.16,0.0,12.61,0.0
2010-12-09,9.58,15.54,5.71,43.21,0.0,1.23,0.0,9.1,9.46,7.49,0.02,12,343,2010,8.791428571428572,0.012857142857143873,9.37,0.0,0.0,12.0,0.0,13.32,0.0
2010-12-10,9.1,15.2,4.64,54.88,0.0,1.22,0.0,7.41,9.58,7.44,0.0,12,344,2010,9.028571428571428,0.012857142857143873,9.76,0.07,0.0,11.23,0.0,12.65,0.0
2010-12-11,7.41,13.46,3.94,50.94,0.0,1.41,0.0,6.59,9.1,7.56,0.0,12,345,2010,9.007142857142856,0.012857142857143873,9.46,0.02,0.0,10.72,0.0,12.0,0.06
2010-12-12,6.59,12.36,3.18,52.88,0.0,1.16,0.0,6.93,7.41,8.37,0.0,12,346,2010,8.752857142857142,0.012857142857143873,9.58,0.0,0.0,9.75,0.0,11.44,0.3
2010-12-13,6.93,11.8,3.32,61.04,0.0,1.14,0.0,5.53,6.59,9.37,0.0,12,347,2010,8.404285714285715,0.012857142857143873,9.1,0.0,0.0,8.86,0.0,10.65,0.31
2010-12-14,5.53,11.2,1.68,54.51,0.0,1.18,0.0,6.31,6.93,9.76,0.0,12,348,2010,7.8,0.0028571428571438724,7.41,0.0,0.07,8.41,0.0,11.01,0.35
2010-12-15,6.31,12.88,0.68,57.2,0.0,1.29,0.0,8.05,5.53,9.46,0.0,12,349,2010,7.3500000000000005,0.0,6.59,0.0,0.02,7.93,0.0,11.5,0.0
2010-12-16,8.05,13.89,4.47,46.62,0.0,1.08,0.0,6.89,6.31,9.58,0.0,12,350,2010,7.131428571428572,0.0,6.93,0.0,0.0,7.49,0.0,11.33,0.0
2010-12-17,6.89,13.5,2.78,43.86,0.0,1.42,0.0,5.76,8.05,9.1,0.0,12,351,2010,6.815714285714286,0.0,5.53,0.0,0.0,7.44,0.0,11.61,0.41
2010-12-18,5.76,12.93,1.87,42.51,0.0,1.46,0.0,4.29,6.89,7.41,0.0,12,352,2010,6.579999999999999,0.0,6.31,0.0,0.0,7.56,0.0,11.4,0.07
2010-12-19,4.29,11.01,-0.26,46.35,0.0,1.37,0.0,5.25,5.76,6.59,0.0,12,353,2010,6.251428571428571,0.0,8.05,0.0,0.0,8.37,0.0,10.22,0.09
2010-12-20,5.25,13.18,-1.79,40.67,0.0,1.38,0.0,6.33,4.29,6.93,0.0,12,354,2010,6.011428571428572,0.0,6.89,0.0,0.0,9.37,0.0,8.88,0.0
2010-12-21,6.33,12.05,2.34,41.86,0.0,1.18,0.0,5.51,5.25,5.53,0.0,12,355,2010,6.1257142857142854,0.0,5.76,0.0,0.0,9.76,0.07,9.03,0.0
2010-12-22,5.51,11.63,1.74,48.69,0.0,1.28,0.0,4.5,6.33,6.31,0.0,12,356,2010,6.011428571428572,0.0,4.29,0.0,0.0,9.46,0.02,10.12,0.0
2010-12-23,4.5,11.14,0.7,51.37,0.0,1.35,0.0,4.74,5.51,8.05,0.0,12,357,2010,5.5042857142857144,0.0,5.25,0.0,0.0,9.58,0.0,10.27,0.0
2010-12-24,4.74,11.39,0.68,44.9,0.0,1.38,0.0,5.23,4.5,6.89,0.0,12,358,2010,5.197142857142857,0.0,6.33,0.0,0.0,9.1,0.0,11.16,0.0
2010-12-25,5.23,11.52,1.54,46.73,0.0,1.11,0.0,5.95,4.74,5.76,0.0,12,359,2010,5.121428571428572,0.0,5.51,0.0,0.0,7.41,0.0,12.0,0.0
2010-12-26,5.95,12.06,1.92,48.17,0.0,1.23,0.0,6.51,5.23,4.29,0.0,12,360,2010,5.358571428571429,0.0,4.5,0.0,0.0,6.59,0.0,11.23,0.0
2010-12-27,6.51,12.73,2.72,44.58,0.0,1.33,0.0,6.98,5.95,5.25,0.0,12,361,2010,5.538571428571429,0.0,4.74,0.0,0.0,6.93,0.0,10.72,0.0
2010-12-28,6.98,13.34,3.45,39.11,0.0,1.4,0.0,7.77,6.51,6.33,0.0,12,362,2010,5.631428571428571,0.0,5.23,0.0,0.0,5.53,0.0,9.75,0.0
2010-12-29,7.77,14.79,3.81,39.69,0.0,1.4,0.0,8.41,6.98,5.51,0.0,12,363,2010,5.954285714285715,0.0,5.95,0.0,0.0,6.31,0.0,8.86,0.0
2010-12-30,8.41,15.75,4.73,39.97,0.0,1.49,1.16,7.04,7.77,4.5,0.0,12,364,2010,6.512857142857143,0.0,6.51,0.0,0.0,8.05,0.0,8.41,0.0
2010-12-31,7.04,13.77,2.26,50.51,1.16,1.16,1.2,4.08,8.41,4.74,0.0,12,365,2010,6.8414285714285725,0.16571428571428673,6.98,0.0,0.0,6.89,0.0,7.93,0.0
2011-01-01,4.08,10.37,0.15,72.96,1.2,1.32,0.0,4.29,7.04,5.23,1.16,1,1,2011,6.677142857142857,0.33714285714285813,7.77,0.0,0.0,5.76,0.0,7.49,0.0
2011-01-02,4.29,12.25,-2.1,53.76,0.0,1.31,0.0,5.64,4.08,5.95,1.2,1,2,2011,6.4399999999999995,0.33714285714285813,8.41,0.0,0.0,4.29,0.0,7.44,0.0
2011-01-03,5.64,11.68,1.81,45.35,0.0,1.15,0.0,6.27,4.29,6.51,0.0,1,3,2011,6.315714285714286,0.33714285714285813,7.04,1.16,0.0,5.25,0.0,7.56,0.0
2011-01-04,6.27,12.73,1.68,47.93,0.0,1.28,0.0,6.67,5.64,6.98,0.0,1,4,2011,6.214285714285714,0.33714285714285813,4.08,1.2,0.0,6.33,0.0,8.37,0.0
2011-01-05,6.67,13.23,2.9,46.26,0.0,1.39,0.0,6.42,6.27,7.77,0.0,1,5,2011,6.057142857142857,0.33714285714285813,4.29,0.0,0.0,5.51,0.0,9.37,0.0
2011-01-06,6.42,14.17,1.21,46.07,0.0,1.54,0.0,6.56,6.67,8.41,0.0,1,6,2011,5.772857142857142,0.33714285714285813,5.64,0.0,0.0,4.5,0.0,9.76,0.07
2011-01-07,6.56,13.09,3.19,39.28,0.0,1.22,0.0,5.63,6.42,7.04,0.0,1,7,2011,5.704285714285713,0.17142857142857243,6.27,0.0,1.16,4.74,0.0,9.46,0.02
2011-01-08,5.63,13.14,1.56,38.9,0.0,1.36,0.0,4.39,6.56,4.08,0.0,1,8,2011,5.925714285714285,0.0,6.67,0.0,1.2,5.23,0.0,9.58,0.0
2011-01-09,4.39,11.34,0.41,39.3,0.0,1.46,0.0,3.57,5.63,4.29,0.0,1,9,2011,5.9399999999999995,0.0,6.42,0.0,0.0,5.95,0.0,9.1,0.0
2011-01-10,3.57,10.43,-1.0,39.85,0.0,1.41,0.0,4.32,4.39,5.64,0.0,1,10,2011,5.644285714285714,0.0,6.56,0.0,0.0,6.51,0.0,7.41,0.0
2011-01-11,4.32,12.49,-1.35,41.48,0.0,1.39,0.0,5.47,3.57,6.27,0.0,1,11,2011,5.365714285714286,0.0,5.63,0.0,0.0,6.98,0.0,6.59,0.0
2011-01-12,5.47,12.17,1.76,42.47,0.0,1.22,0.0,4.67,4.32,6.67,0.0,1,12,2011,5.194285714285714,0.0,4.39,0.0,0.0,7.77,0.0,6.93,0.0
2011-01-13,4.67,11.26,1.25,48.17,0.0,1.55,0.0,5.46,5.47,6.42,0.0,1,13,2011,4.944285714285714,0.0,3.57,0.0,0.0,8.41,0.0,5.53,0.0
2011-01-14,5.46,12.66,1.07,44.61,0.0,1.62,0.0,5.03,4.67,6.56,0.0,1,14,2011,4.7871428571428565,0.0,4.32,0.0,0.0,7.04,1.16,6.31,0.0
2011-01-15,5.03,12.6,0.74,46.82,0.0,1.75,0.0,2.27,5.46,5.63,0.0,1,15,2011,4.701428571428572,0.0,5.47,0.0,0.0,4.08,1.2,8.05,0.0
2011-01-16,2.27,6.68,-0.45,74.16,0.0,1.17,0.0,2.63,5.03,4.39,0.0,1,16,2011,4.398571428571429,0.0,4.67,0.0,0.0,4.29,0.0,6.89,0.0
2011-01-17,2.63,10.53,-4.03,53.05,0.0,1.56,0.0,2.7,2.27,3.57,0.0,1,17,2011,4.264285714285714,0.0,5.46,0.0,0.0,5.64,0.0,5.76,0.0
2011-01-18,2.7,8.71,-1.03,62.76,0.0,1.38,0.0,2.54,2.63,4.32,0.0,1,18,2011,4.032857142857143,0.0,5.03,0.0,0.0,6.27,0.0,4.29,0.0
2011-01-19,2.54,8.62,-1.71,63.37,0.0,1.53,0.0,3.9,2.7,5.47,0.0,1,19,2011,3.6142857142857143,0.0,2.27,0.0,0.0,6.67,0.0,5.25,0.0
2011-01-20,3.9,10.28,-0.37,55.7,0.0,1.22,0.0,4.47,2.54,4.67,0.0,1,20,2011,3.5042857142857144,0.0,2.63,0.0,0.0,6.42,0.0,6.33,0.0
2011-01-21,4.47,10.99,0.46,60.25,0.0,1.48,0.0,5.07,3.9,5.46,0.0,1,21,2011,3.3628571428571425,0.0,2.7,0.0,0.0,6.56,0.0,5.51,0.0
2011-01-22,5.07,11.75,0.63,59.24,0.0,1.41,0.0,5.05,4.47,5.03,0.0,1,22,2011,3.3685714285714288,0.0,2.54,0.0,0.0,5.63,0.0,4.5,0.0
2011-01-23,5.05,11.82,0.78,54.04,0.0,1.67,0.0,4.79,5.07,2.27,0.0,1,23,2011,3.7657142857142856,0.0,3.9,0.0,0.0,4.39,0.0,4.74,0.0
2011-01-24,4.79,11.87,0.99,46.39,0.0,1.69,0.0,5.15,5.05,2.63,0.0,1,24,2011,4.074285714285714,0.0,4.47,0.0,0.0,3.57,0.0,5.23,0.0
2011-01-25,5.15,11.94,1.03,41.37,0.0,1.65,0.0,3.76,4.79,2.7,0.0,1,25,2011,4.424285714285714,0.0,5.07,0.0,0.0,4.32,0.0,5.95,0.0
2011-01-26,3.76,9.72,-1.06,60.43,0.0,1.22,0.0,5.21,5.15,2.54,0.0,1,26,2011,4.598571428571428,0.0,5.05,0.0,0.0,5.47,0.0,6.51,0.0
2011-01-27,5.21,12.04,-0.93,54.89,0.0,1.59,0.0,6.19,3.76,3.9,0.0,1,27,2011,4.785714285714286,0.0,4.79,0.0,0.0,4.67,0.0,6.98,0.0
2011-01-28,6.19,12.82,2.25,42.0,0.0,1.45,0.06,5.39,5.21,4.47,0.0,1,28,2011,5.031428571428571,0.0,5.15,0.0,0.0,5.46,0.0,7.77,0.0
2011-01-29,5.39,11.62,0.82,39.62,0.06,1.51,0.0,5.94,6.19,5.07,0.0,1,29,2011,5.077142857142857,0.008571428571429587,3.76,0.0,0.0,5.03,0.0,8.41,0.0
2011-01-30,5.94,12.24,1.88,49.61,0.0,1.46,0.0,6.45,5.39,5.05,0.06,1,30,2011,5.204285714285715,0.008571428571429587,5.21,0.0,0.0,2.27,0.0,7.04,1.16
2011-01-31,6.45,12.74,2.47,60.12,0.0,1.57,0.0,7.07,5.94,4.79,0.0,1,31,2011,5.441428571428572,0.008571428571429587,6.19,0.0,0.0,2.63,0.0,4.08,1.2
2011-02-01,7.07,13.07,2.45,49.89,0.0,1.43,0.0,7.47,6.45,5.15,0.0,2,32,2011,5.715714285714286,0.008571428571429587,5.39,0.06,0.0,2.7,0.0,4.29,0.0
2011-02-02,7.47,13.7,2.78,47.69,0.0,1.43,0.0,8.37,7.07,3.76,0.0,2,33,2011,6.245714285714286,0.008571428571429587,5.94,0.0,0.0,2.54,0.0,5.64,0.0
2011-02-03,8.37,16.01,0.99,43.88,0.0,1.48,0.0,9.83,7.47,5.21,0.0,2,34,2011,6.6971428571428575,0.008571428571429587,6.45,0.0,0.0,3.9,0.0,6.27,0.0
2011-02-04,9.83,16.2,4.82,39.87,0.0,1.5,0.0,10.02,8.37,6.19,0.0,2,35,2011,7.217142857142856,0.008571428571429587,7.07,0.0,0.0,4.47,0.0,6.67,0.0
2011-02-05,10.02,16.43,6.33,47.35,0.0,1.37,0.0,9.9,9.83,5.39,0.0,2,36,2011,7.878571428571428,0.0,7.47,0.0,0.06,5.07,0.0,6.42,0.0
2011-02-06,9.9,16.62,5.74,46.16,0.0,1.62,0.0,10.44,10.02,5.94,0.0,2,37,2011,8.444285714285714,0.0,8.37,0.0,0.0,5.05,0.0,6.56,0.0
2011-02-07,10.44,17.45,6.22,39.18,0.0,1.78,0.0,9.27,9.9,6.45,0.0,2,38,2011,9.014285714285714,0.0,9.83,0.0,0.0,4.79,0.0,5.63,0.0
2011-02-08,9.27,15.76,4.31,44.34,0.0,1.78,0.0,7.95,10.44,7.07,0.0,2,39,2011,9.328571428571427,0.0,10.02,0.0,0.0,5.15,0.0,4.39,0.0
2011-02-09,7.95,14.73,2.22,47.07,0.0,1.73,0.0,8.62,9.27,7.47,0.0,2,40,2011,9.397142857142857,0.0,9.9,0.0,0.0,3.76,0.0,3.57,0.0
2011-02-10,8.62,15.5,3.06,42.72,0.0,1.52,0.0,8.71,7.95,8.37,0.0,2,41,2011,9.432857142857143,0.0,10.44,0.0,0.0,5.21,0.0,4.32,0.0
2011-02-11,8.71,15.1,4.17,39.76,0.0,1.63,0.0,8.9,8.62,9.83,0.0,2,42,2011,9.272857142857143,0.0,9.27,0.0,0.0,6.19,0.0,5.47,0.0
2011-02-12,8.9,15.37,4.31,41.56,0.0,1.5,0.0,8.95,8.71,10.02,0.0,2,43,2011,9.112857142857143,0.0,7.95,0.0,0.0,5.39,0.06,4.67,0.0
2011-02-13,8.95,15.21,4.71,47.48,0.0,1.35,0.0,9.58,8.9,9.9,0.0,2,44,2011,8.977142857142857,0.0,8.62,0.0,0.0,5.94,0.0,5.46,0.0
2011-02-14,9.58,16.1,5.82,48.75,0.0,1.68,0.63,9.14,8.95,10.44,0.0,2,45,2011,8.854285714285714,0.0,8.71,0.0,0.0,6.45,0.0,5.03,0.0
2011-02-15,9.14,15.14,5.56,58.78,0.63,1.48,7.84,7.6,9.58,9.27,0.0,2,46,2011,8.835714285714285,0.09000000000000101,8.9,0.0,0.0,7.07,0.0,2.27,0.0
2011-02-16,7.6,11.67,4.75,79.98,7.84,1.31,0.71,5.75,9.14,7.95,0.63,2,47,2011,8.785714285714286,1.210000000000001,8.95,0.0,0.0,7.47,0.0,2.63,0.0
2011-02-17,5.75,10.61,1.52,72.36,0.71,1.46,0.0,4.99,7.6,8.62,7.84,2,48,2011,8.375714285714285,1.3114285714285725,9.58,0.0,0.0,8.37,0.0,2.7,0.0
2011-02-18,4.99,11.87,-0.46,48.32,0.0,1.84,0.0,5.58,5.75,8.71,0.71,2,49,2011,7.844285714285715,1.3114285714285725,9.14,0.63,0.0,9.83,0.0,2.54,0.0
2011-02-19,5.58,12.7,-0.05,36.57,0.0,1.59,0.0,6.71,4.99,8.9,0.0,2,50,2011,7.369999999999999,1.3114285714285725,7.6,7.84,0.0,10.02,0.0,3.9,0.0
2011-02-20,6.71,13.98,0.77,35.46,0.0,1.56,0.02,6.18,5.58,8.95,0.0,2,51,2011,7.05,1.3114285714285725,5.75,0.71,0.0,9.9,0.0,4.47,0.0
2011-02-21,6.18,12.63,1.34,37.71,0.02,1.41,0.0,7.13,6.71,9.58,0.0,2,52,2011,6.564285714285714,1.3142857142857152,4.99,0.0,0.0,10.44,0.0,5.07,0.0
2011-02-22,7.13,14.45,0.18,42.75,0.0,1.57,0.0,9.29,6.18,9.14,0.02,2,53,2011,6.277142857142858,1.224285714285715,5.58,0.0,0.63,9.27,0.0,5.05,0.0
2011-02-23,9.29,16.3,4.46,36.46,0.0,1.63,0.0,9.14,7.13,7.6,0.0,2,54,2011,6.518571428571429,0.1042857142857153,6.71,0.0,7.84,7.95,0.0,4.79,0.0
2011-02-24,9.14,16.67,3.76,29.88,0.0,1.65,0.0,6.65,9.29,5.75,0.0,2,55,2011,7.002857142857144,0.0028571428571438724,6.18,0.02,0.71,8.62,0.0,5.15,0.0
2011-02-25,6.65,10.91,3.15,44.73,0.0,0.81,0.0,6.86,9.14,4.99,0.0,2,56,2011,7.24,0.0028571428571438724,7.13,0.0,0.0,8.71,0.0,3.76,0.0
2011-02-26,6.86,14.3,1.1,42.05,0.0,1.75,0.0,6.52,6.65,5.58,0.0,2,57,2011,7.422857142857143,0.0028571428571438724,9.29,0.0,0.0,8.9,0.0,5.21,0.0
2011-02-27,6.52,14.55,-0.2,39.32,0.0,1.86,0.0,8.48,6.86,6.71,0.0,2,58,2011,7.395714285714286,0.0028571428571438724,9.14,0.0,0.0,8.95,0.0,6.19,0.0
2011-02-28,8.48,16.74,1.2,31.65,0.0,1.76,0.0,9.9,6.52,6.18,0.0,2,59,2011,7.724285714285714,0.0,6.65,0.0,0.02,9.58,0.0,5.39,0.06
2011-03-01,9.9,17.18,4.5,29.76,0.0,1.73,0.0,10.7,8.48,7.13,0.0,3,60,2011,8.12,0.0,6.86,0.0,0.0,9.14,0.63,5.94,0.0
2011-03-02,10.7,17.13,5.54,39.64,0.0,1.8,0.35,10.55,9.9,9.29,0.0,3,61,2011,8.321428571428571,0.0,6.52,0.0,0.0,7.6,7.84,6.45,0.0
2011-03-03,10.55,17.33,5.69,48.25,0.35,1.77,0.15,9.29,10.7,9.14,0.0,3,62,2011,8.522857142857143,0.05000000000000101,8.48,0.0,0.0,5.75,0.71,7.07,0.0
2011-03-04,9.29,14.11,6.22,58.42,0.15,1.68,0.0,10.67,10.55,6.65,0.35,3,63,2011,8.9,0.07142857142857244,9.9,0.0,0.0,4.99,0.0,7.47,0.0
2011-03-05,10.67,18.16,5.99,43.58,0.0,2.21,0.0,11.16,9.29,6.86,0.15,3,64,2011,9.444285714285714,0.07142857142857244,10.7,0.0,0.0,5.58,0.0,8.37,0.0
2011-03-06,11.16,19.4,5.0,32.47,0.0,2.33,0.0,12.61,10.67,6.52,0.0,3,65,2011,10.107142857142858,0.07142857142857244,10.55,0.35,0.0,6.71,0.0,9.83,0.0
2011-03-07,12.61,20.23,8.09,27.28,0.0,1.81,0.0,12.12,11.16,8.48,0.0,3,66,2011,10.697142857142856,0.07142857142857244,9.29,0.15,0.0,6.18,0.02,10.02,0.0
2011-03-08,12.12,19.34,7.81,31.15,0.0,1.84,0.5,10.75,12.61,9.9,0.0,3,67,2011,11.014285714285714,0.07142857142857244,10.67,0.0,0.0,7.13,0.0,9.9,0.0
2011-03-09,10.75,16.91,5.46,40.89,0.5,1.9,0.01,10.53,12.12,10.7,0.0,3,68,2011,11.021428571428572,0.14285714285714388,11.16,0.0,0.0,9.29,0.0,10.44,0.0
2011-03-10,10.53,18.17,3.99,35.31,0.01,1.84,0.0,9.88,10.75,10.55,0.5,3,69,2011,11.018571428571429,0.0942857142857153,12.61,0.0,0.35,9.14,0.0,9.27,0.0
2011-03-11,9.88,16.01,4.56,36.03,0.0,1.54,0.0,10.12,10.53,9.29,0.01,3,70,2011,11.102857142857143,0.07285714285714387,12.12,0.0,0.15,6.65,0.0,7.95,0.0
2011-03-12,10.12,16.92,4.8,40.89,0.0,1.89,0.0,11.07,9.88,10.67,0.0,3,71,2011,11.024285714285714,0.07285714285714387,10.75,0.5,0.0,6.86,0.0,8.62,0.0
2011-03-13,11.07,17.27,6.3,39.7,0.0,1.69,0.0,12.05,10.12,11.16,0.0,3,72,2011,11.01142857142857,0.07285714285714387,10.53,0.01,0.0,6.52,0.0,8.71,0.0
2011-03-14,12.05,18.95,6.56,34.52,0.0,1.39,0.0,12.23,11.07,12.61,0.0,3,73,2011,10.931428571428572,0.07285714285714387,9.88,0.0,0.0,8.48,0.0,8.9,0.0
2011-03-15,12.23,20.08,5.9,29.9,0.0,1.39,0.0,12.94,12.05,12.12,0.0,3,74,2011,10.947142857142856,0.07285714285714387,10.12,0.0,0.0,9.9,0.0,8.95,0.0
2011-03-16,12.94,21.19,6.36,35.28,0.0,1.98,0.0,12.46,12.23,10.75,0.0,3,75,2011,11.26,0.0014285714285724436,11.07,0.0,0.5,10.7,0.0,9.58,0.0
2011-03-17,12.46,19.01,7.69,44.01,0.0,1.91,0.0,11.76,12.94,10.53,0.0,3,76,2011,11.535714285714286,0.0,12.05,0.0,0.01,10.55,0.35,9.14,0.63
2011-03-18,11.76,18.82,6.17,52.9,0.0,1.9,0.0,12.97,12.46,9.88,0.0,3,77,2011,11.804285714285713,0.0,12.23,0.0,0.0,9.29,0.15,7.6,7.84
2011-03-19,12.97,19.36,7.98,46.67,0.0,2.13,0.0,12.85,11.76,10.12,0.0,3,78,2011,12.211428571428572,0.0,12.94,0.0,0.0,10.67,0.0,5.75,0.71
2011-03-20,12.85,20.26,6.84,40.35,0.0,2.14,0.0,12.67,12.97,11.07,0.0,3,79,2011,12.465714285714286,0.0,12.46,0.0,0.0,11.16,0.0,4.99,0.0
2011-03-21,12.67,20.27,7.35,40.1,0.0,2.24,0.0,13.57,12.85,12.05,0.0,3,80,2011,12.554285714285715,0.0,11.76,0.0,0.0,12.61,0.0,5.58,0.0
2011-03-22,13.57,21.62,7.4,28.2,0.0,1.85,0.05,13.5,12.67,12.23,0.0,3,81,2011,12.745714285714286,0.0,12.97,0.0,0.0,12.12,0.0,6.71,0.0
2011-03-23,13.5,20.62,7.41,25.59,0.05,1.78,0.06,13.22,13.57,12.94,0.0,3,82,2011,12.825714285714286,0.007142857142858158,12.85,0.0,0.0,10.75,0.5,6.18,0.02
2011-03-24,13.22,20.29,7.69,26.81,0.06,1.99,0.0,12.63,13.5,12.46,0.05,3,83,2011,12.934285714285712,0.01571428571428673,12.67,0.0,0.0,10.53,0.01,7.13,0.0
2011-03-25,12.63,19.86,6.71,34.16,0.0,2.22,0.14,13.13,13.22,11.76,0.06,3,84,2011,13.05857142857143,0.01571428571428673,13.57,0.0,0.0,9.88,0.0,9.29,0.0
2011-03-26,13.13,19.94,7.82,40.89,0.14,1.97,0.66,12.56,12.63,12.97,0.0,3,85,2011,13.081428571428571,0.03571428571428673,13.5,0.05,0.0,10.12,0.0,9.14,0.0
2011-03-27,12.56,18.31,8.43,45.97,0.66,1.84,0.27,11.34,13.13,12.85,0.14,3,86,2011,13.040000000000001,0.13000000000000103,13.22,0.06,0.0,11.07,0.0,6.65,0.0
2011-03-28,11.34,16.95,6.82,59.41,0.27,1.61,0.41,11.36,12.56,12.67,0.66,3,87,2011,12.85,0.16857142857142962,12.63,0.0,0.0,12.05,0.0,6.86,0.0
2011-03-29,11.36,16.39,7.75,67.93,0.41,1.56,4.63,11.39,11.34,13.57,0.27,3,88,2011,12.534285714285716,0.22714285714285817,13.13,0.14,0.0,12.23,0.0,6.52,0.0
2011-03-30,11.39,16.67,6.56,74.7,4.63,1.79,0.12,12.05,11.36,13.5,0.41,3,89,2011,12.232857142857144,0.8814285714285724,12.56,0.66,0.05,12.94,0.0,8.48,0.0
2011-03-31,12.05,19.01,6.55,62.27,0.12,1.8,0.0,11.9,11.39,13.22,4.63,3,90,2011,12.065714285714284,0.8900000000000011,11.34,0.27,0.06,12.46,0.0,9.9,0.0
2011-04-01,11.9,18.96,6.16,44.8,0.0,1.96,0.0,12.4,12.05,12.63,0.12,4,91,2011,11.961428571428572,0.8900000000000011,11.36,0.41,0.0,11.76,0.0,10.7,0.0
2011-04-02,12.4,19.73,6.02,41.14,0.0,1.96,1.66,13.36,11.9,13.13,0.0,4,92,2011,11.857142857142858,0.870000000000001,11.39,4.63,0.14,12.97,0.0,10.55,0.35
2011-04-03,13.36,20.83,6.71,46.14,1.66,2.11,1.0,11.45,12.4,12.56,0.0,4,93,2011,11.971428571428572,1.0128571428571438,12.05,0.12,0.66,12.85,0.0,9.29,0.15
2011-04-04,11.45,17.83,7.4,59.99,1.0,1.39,0.52,12.28,13.36,11.34,1.66,4,94,2011,11.987142857142857,1.117142857142858,11.9,0.0,0.27,12.67,0.0,10.67,0.0
2011-04-05,12.28,19.9,5.93,34.06,0.52,2.06,0.0,12.16,11.45,11.36,1.0,4,95,2011,12.118571428571428,1.132857142857144,12.4,0.0,0.41,13.57,0.0,11.16,0.0
2011-04-06,12.16,20.05,4.59,33.96,0.0,2.04,0.0,13.15,12.28,11.39,0.52,4,96,2011,12.228571428571428,0.4714285714285724,13.36,1.66,4.63,13.5,0.05,12.61,0.0
2011-04-07,13.15,20.12,6.68,32.36,0.0,1.93,0.0,13.2,12.16,12.05,0.0,4,97,2011,12.385714285714286,0.45428571428571524,11.45,1.0,0.12,13.22,0.06,12.12,0.0
2011-04-08,13.2,20.6,5.95,36.04,0.0,2.08,0.36,13.55,13.15,11.9,0.0,4,98,2011,12.571428571428571,0.45428571428571524,12.28,0.52,0.0,12.63,0.0,10.75,0.5
2011-04-09,13.55,21.31,6.87,38.36,0.36,1.97,0.38,13.55,13.2,12.4,0.0,4,99,2011,12.735714285714286,0.5057142857142867,12.16,0.0,0.0,13.13,0.14,10.53,0.01
2011-04-10,13.55,20.01,7.44,43.85,0.38,2.0,0.02,14.76,13.55,13.36,0.36,4,100,2011,12.762857142857143,0.32285714285714384,13.15,0.0,1.66,12.56,0.66,9.88,0.0
2011-04-11,14.76,21.15,9.33,43.72,0.02,2.0,0.19,13.96,13.55,11.45,0.38,4,101,2011,13.235714285714286,0.18285714285714388,13.2,0.0,1.0,11.34,0.27,10.12,0.0
2011-04-12,13.96,20.01,8.49,50.06,0.19,1.62,0.19,12.85,14.76,12.28,0.02,4,102,2011,13.475714285714286,0.13571428571428673,13.55,0.36,0.52,11.36,0.41,11.07,0.0
2011-04-13,12.85,20.11,8.45,53.32,0.19,1.41,0.45,14.51,13.96,12.16,0.19,4,103,2011,13.574285714285717,0.16285714285714387,13.55,0.38,0.0,11.39,4.63,12.05,0.0
2011-04-14,14.51,21.55,8.56,48.6,0.45,1.87,0.13,13.9,12.85,13.15,0.19,4,104,2011,13.768571428571429,0.22714285714285815,14.76,0.02,0.0,12.05,0.12,12.23,0.0
2011-04-15,13.9,19.39,8.75,48.99,0.13,1.97,0.49,15.01,14.51,13.2,0.45,4,105,2011,13.868571428571428,0.24571428571428672,13.96,0.19,0.0,11.9,0.0,12.94,0.0
2011-04-16,15.01,21.83,8.77,45.99,0.49,2.04,0.05,16.65,13.9,13.55,0.13,4,106,2011,14.077142857142857,0.2642857142857153,12.85,0.19,0.36,12.4,0.0,12.46,0.0
2011-04-17,16.65,23.71,10.6,43.99,0.05,1.92,2.27,16.51,15.01,13.55,0.49,4,107,2011,14.52,0.21714285714285816,14.51,0.45,0.38,13.36,1.66,11.76,0.0
2011-04-18,16.51,23.8,10.22,51.12,2.27,1.78,2.65,15.46,16.65,14.76,0.05,4,108,2011,14.77,0.5385714285714296,13.9,0.13,0.02,11.45,1.0,12.97,0.0
2011-04-19,15.46,21.99,10.1,59.53,2.65,1.78,0.01,15.77,16.51,13.96,2.27,4,109,2011,14.984285714285715,0.8900000000000011,15.01,0.49,0.19,12.28,0.52,12.85,0.0
2011-04-20,15.77,22.54,10.02,51.77,0.01,2.0,0.0,14.44,15.46,12.85,2.65,4,110,2011,15.401428571428571,0.8642857142857153,16.65,0.05,0.19,12.16,0.0,12.67,0.0
2011-04-21,14.44,22.57,6.52,34.16,0.0,2.22,0.0,13.2,15.77,14.51,0.01,4,111,2011,15.391428571428573,0.800000000000001,16.51,2.27,0.45,13.15,0.0,13.57,0.0
2011-04-22,13.2,19.71,6.73,23.74,0.0,1.71,0.01,14.39,14.44,13.9,0.0,4,112,2011,15.29142857142857,0.7814285714285726,15.46,2.65,0.13,13.2,0.0,13.5,0.05
2011-04-23,14.39,20.54,8.48,32.52,0.01,1.97,1.06,15.2,13.2,15.01,0.0,4,113,2011,15.202857142857143,0.7128571428571439,15.77,0.01,0.49,13.55,0.36,13.22,0.06
2011-04-24,15.2,21.03,9.54,43.33,1.06,1.93,4.81,14.82,14.39,16.65,0.01,4,114,2011,14.995714285714286,0.8571428571428582,14.44,0.0,0.05,13.55,0.38,12.63,0.0
2011-04-25,14.82,21.47,9.84,57.71,4.81,1.63,0.15,13.16,15.2,16.51,1.06,4,115,2011,14.754285714285714,1.2200000000000009,13.2,0.0,2.27,14.76,0.02,13.13,0.14
2011-04-26,13.16,17.01,10.13,72.81,0.15,1.4,0.05,14.77,14.82,15.46,4.81,4,116,2011,14.425714285714287,0.8628571428571439,14.39,0.01,2.65,13.96,0.19,12.56,0.66
2011-04-27,14.77,20.03,9.99,65.3,0.05,1.63,0.67,16.19,13.16,15.77,0.15,4,117,2011,14.282857142857143,0.8685714285714295,15.2,1.06,0.01,12.85,0.19,11.34,0.27
2011-04-28,16.19,22.22,10.21,66.12,0.67,1.84,2.43,14.86,14.77,14.44,0.05,4,118,2011,14.532857142857141,0.9642857142857153,14.82,4.81,0.0,14.51,0.45,11.36,0.41
2011-04-29,14.86,18.99,11.75,74.17,2.43,1.34,1.98,15.61,16.19,13.2,0.67,4,119,2011,14.770000000000001,1.3114285714285725,13.16,0.15,0.0,13.9,0.13,11.39,4.63
2011-04-30,15.61,20.47,11.8,72.02,1.98,1.52,15.64,15.62,14.86,14.39,2.43,4,120,2011,14.944285714285716,1.5928571428571439,14.77,0.05,0.01,15.01,0.49,12.05,0.12
2011-05-01,15.62,20.3,11.25,73.9,15.64,1.81,6.54,16.44,15.61,15.2,1.98,5,121,2011,15.004285714285714,3.6757142857142866,16.19,0.67,1.06,16.65,0.05,11.9,0.0
2011-05-02,16.44,22.68,9.96,56.02,6.54,1.95,3.75,16.83,15.62,14.82,15.64,5,122,2011,15.235714285714286,3.922857142857144,14.86,2.43,4.81,16.51,2.27,12.4,0.0
2011-05-03,16.83,22.52,11.59,52.86,3.75,1.77,3.61,17.6,16.44,13.16,6.54,5,123,2011,15.76,4.437142857142859,15.61,1.98,0.15,15.46,2.65,13.36,1.66
2011-05-04,17.6,23.61,12.65,56.39,3.61,1.8,0.0,16.67,16.83,14.77,3.75,5,124,2011,16.164285714285715,4.9457142857142875,15.62,15.64,0.05,15.77,0.01,11.45,1.0
2011-05-05,16.67,22.46,10.98,64.37,0.0,1.74,0.11,17.25,17.6,16.19,3.61,5,125,2011,16.232857142857146,4.850000000000001,16.44,6.54,0.67,14.44,0.0,12.28,0.52
2011-05-06,17.25,22.81,11.97,65.54,0.11,1.75,0.67,16.96,16.67,14.86,0.0,5,126,2011,16.574285714285715,4.51857142857143,16.83,3.75,2.43,13.2,0.0,12.16,0.0
2011-05-07,16.96,22.79,12.26,65.88,0.67,1.67,2.07,16.11,17.25,15.61,0.11,5,127,2011,16.767142857142858,4.331428571428573,17.6,3.61,1.98,14.39,0.01,13.15,0.0
2011-05-08,16.11,22.71,10.45,55.61,2.07,1.79,0.8,16.39,16.96,15.62,0.67,5,128,2011,16.837142857142858,2.3928571428571437,16.67,0.0,15.64,15.2,1.06,13.2,0.0
2011-05-09,16.39,21.95,11.31,55.57,0.8,1.89,0.06,17.42,16.11,16.44,2.07,5,129,2011,16.830000000000002,1.572857142857144,17.25,0.11,6.54,14.82,4.81,13.55,0.36
2011-05-10,17.42,23.51,12.14,55.65,0.06,1.95,2.61,17.9,16.39,16.83,0.8,5,130,2011,16.914285714285715,1.0457142857142867,16.96,0.67,3.75,13.16,0.15,13.55,0.38
2011-05-11,17.9,23.9,12.92,52.97,2.61,2.11,8.68,16.94,17.42,17.6,0.06,5,131,2011,16.95714285714286,0.9028571428571439,16.11,2.07,3.61,14.77,0.05,14.76,0.02
2011-05-12,16.94,23.4,11.12,59.27,8.68,2.07,0.16,17.74,17.9,16.67,2.61,5,132,2011,16.995714285714286,2.1428571428571437,16.39,0.8,0.0,16.19,0.67,13.96,0.19
2011-05-13,17.74,23.63,12.54,60.78,0.16,1.86,0.05,18.0,16.94,17.25,8.68,5,133,2011,17.065714285714286,2.1500000000000012,17.42,0.06,0.11,14.86,2.43,12.85,0.19
2011-05-14,18.0,24.18,11.9,56.28,0.05,1.99,1.7,18.65,17.74,16.96,0.16,5,134,2011,17.214285714285715,2.0614285714285727,17.9,2.61,0.67,15.61,1.98,14.51,0.45
2011-05-15,18.65,24.44,13.22,53.18,1.7,1.87,1.96,18.68,18.0,16.11,0.05,5,135,2011,17.577142857142857,2.00857142857143,16.94,8.68,2.07,15.62,15.64,13.9,0.13
2011-05-16,18.68,24.01,13.66,59.07,1.96,1.71,6.14,18.34,18.65,16.39,1.7,5,136,2011,17.904285714285717,2.1742857142857153,17.74,0.16,0.8,16.44,6.54,15.01,0.49
2011-05-17,18.34,23.34,13.67,69.62,6.14,1.72,4.94,16.87,18.68,17.42,1.96,5,137,2011,18.035714285714285,3.042857142857144,18.0,0.05,0.06,16.83,3.75,16.65,0.05
2011-05-18,16.87,21.37,13.21,75.87,4.94,1.59,6.96,15.95,18.34,17.9,6.14,5,138,2011,17.888571428571428,3.375714285714287,18.65,1.7,2.61,17.6,3.61,16.51,2.27
2011-05-19,15.95,20.72,12.73,72.17,6.96,1.52,8.11,15.73,16.87,16.94,4.94,5,139,2011,17.747142857142858,3.1300000000000017,18.68,1.96,8.68,16.67,0.0,15.46,2.65
2011-05-20,15.73,20.99,11.76,74.67,8.11,1.9,17.65,17.11,15.95,17.74,6.96,5,140,2011,17.46,4.265714285714287,18.34,6.14,0.16,17.25,0.11,15.77,0.01
2011-05-21,17.11,22.6,12.81,75.97,17.65,1.81,6.76,16.68,15.73,18.0,8.11,5,141,2011,17.332857142857144,6.780000000000001,16.87,4.94,0.05,16.96,0.67,14.44,0.0
2011-05-22,16.68,21.74,12.4,77.44,6.76,1.98,0.71,16.84,17.11,18.65,17.65,5,142,2011,17.05142857142857,7.5028571428571444,15.95,6.96,1.7,16.11,2.07,13.2,0.0
2011-05-23,16.84,21.82,12.4,68.74,0.71,2.08,0.31,18.33,16.68,18.68,6.76,5,143,2011,16.78857142857143,7.324285714285716,15.73,8.11,1.96,16.39,0.8,14.39,0.01
2011-05-24,18.33,23.59,13.8,60.56,0.31,2.11,2.93,18.48,16.84,18.34,0.71,5,144,2011,16.787142857142857,6.491428571428572,17.11,17.65,6.14,17.42,0.06,15.2,1.06
2011-05-25,18.48,24.23,12.9,64.73,2.93,1.89,3.26,18.5,18.33,16.87,0.31,5,145,2011,17.017142857142858,6.204285714285715,16.68,6.76,4.94,17.9,2.61,14.82,4.81
2011-05-26,18.5,23.26,14.17,78.5,3.26,1.48,0.19,18.83,18.48,15.95,2.93,5,146,2011,17.381428571428568,5.675714285714286,16.84,0.71,6.96,16.94,8.68,13.16,0.15
2011-05-27,18.83,23.79,15.14,71.68,0.19,1.47,0.87,18.38,18.5,15.73,3.26,5,147,2011,17.824285714285715,4.544285714285715,18.33,0.31,8.11,17.74,0.16,14.77,0.05
2011-05-28,18.38,24.12,13.87,68.35,0.87,1.77,0.35,18.48,18.83,17.11,0.19,5,148,2011,18.005714285714284,2.147142857142858,18.48,2.93,17.65,18.0,0.05,16.19,0.67
2011-05-29,18.48,23.85,13.88,70.84,0.35,2.06,0.93,17.17,18.38,16.68,0.87,5,149,2011,18.262857142857143,1.2314285714285724,18.5,3.26,6.76,18.65,1.7,14.86,2.43
2011-05-30,17.17,20.57,14.3,83.39,0.93,1.73,0.34,17.7,18.48,16.84,0.35,5,150,2011,18.31,1.2628571428571438,18.83,0.19,0.71,18.68,1.96,15.61,1.98
2011-05-31,17.7,22.93,12.83,66.63,0.34,1.81,2.01,17.99,17.17,18.33,0.93,5,151,2011,18.22,1.267142857142858,18.38,0.87,0.31,18.34,6.14,15.62,15.64
2011-06-01,17.99,23.16,13.28,72.41,2.01,1.7,0.82,18.27,17.7,18.48,0.34,6,152,2011,18.150000000000002,1.1357142857142866,18.48,0.35,2.93,16.87,4.94,16.44,6.54
2011-06-02,18.27,23.4,13.73,70.55,0.82,1.7,1.94,19.04,17.99,18.5,2.01,6,153,2011,18.11714285714286,0.7871428571428581,17.17,0.93,3.26,15.95,6.96,16.83,3.75
2011-06-03,19.04,24.78,13.29,61.95,1.94,1.89,1.09,18.58,18.27,18.83,0.82,6,154,2011,18.147142857142857,1.037142857142858,17.7,0.34,0.19,15.73,8.11,17.6,3.61
2011-06-04,18.58,24.56,12.79,52.8,1.09,2.0,0.29,19.14,19.04,18.38,1.94,6,155,2011,18.175714285714285,1.0685714285714296,17.99,2.01,0.87,17.11,17.65,16.67,0.0
2011-06-05,19.14,25.15,13.27,45.24,0.29,1.96,1.09,19.4,18.58,18.48,1.09,6,156,2011,18.27,1.060000000000001,18.27,0.82,0.35,16.68,6.76,17.25,0.11
2011-06-06,19.4,25.5,14.05,52.94,1.09,1.91,3.77,18.57,19.14,17.17,0.29,6,157,2011,18.58857142857143,1.0828571428571439,19.04,1.94,0.93,16.84,0.71,16.96,0.67
2011-06-07,18.57,24.41,12.77,60.41,3.77,1.67,1.27,17.92,19.4,17.7,1.09,6,158,2011,18.712857142857143,1.5728571428571438,18.58,1.09,0.34,18.33,0.31,16.11,2.07
2011-06-08,17.92,22.89,13.22,68.94,1.27,1.82,0.01,18.3,18.57,17.99,3.77,6,159,2011,18.70285714285714,1.4671428571428582,19.14,0.29,2.01,18.48,2.93,16.39,0.8
2011-06-09,18.3,23.83,13.22,63.3,0.01,1.93,0.07,18.8,17.92,18.27,1.27,6,160,2011,18.707142857142856,1.3514285714285725,19.4,1.09,0.82,18.5,3.26,17.42,0.06
2011-06-10,18.8,24.37,13.13,58.43,0.07,2.19,0.36,19.07,18.3,19.04,0.01,6,161,2011,18.672857142857143,1.0842857142857154,18.57,3.77,1.94,18.83,0.19,17.9,2.61
2011-06-11,19.07,24.23,13.46,60.34,0.36,1.85,0.8,19.07,18.8,18.58,0.07,6,162,2011,18.742857142857144,0.9800000000000011,17.92,1.27,1.09,18.38,0.87,16.94,8.68
2011-06-12,19.07,24.21,14.68,73.52,0.8,2.07,6.17,18.46,19.07,19.14,0.36,6,163,2011,18.732857142857142,1.0528571428571438,18.3,0.01,0.29,18.48,0.35,17.74,0.16
2011-06-13,18.46,22.54,15.0,82.21,6.17,1.81,0.97,19.0,19.07,19.4,0.8,6,164,2011,18.59857142857143,1.7785714285714296,18.8,0.07,1.09,17.17,0.93,18.0,0.05
2011-06-14,19.0,23.44,14.6,74.96,0.97,1.92,2.3,18.94,18.46,18.57,6.17,6,165,2011,18.66,1.3785714285714297,19.07,0.36,3.77,17.7,0.34,18.65,1.7
2011-06-15,18.94,24.06,15.11,78.25,2.3,2.14,5.31,19.35,19.0,17.92,0.97,6,166,2011,18.805714285714288,1.5257142857142867,19.07,0.8,1.27,17.99,2.01,18.68,1.96
2011-06-16,19.35,24.58,15.28,80.84,5.31,2.11,7.01,19.71,18.94,18.3,2.3,6,167,2011,18.955714285714286,2.282857142857144,18.46,6.17,0.01,18.27,0.82,18.34,6.14
2011-06-17,19.71,24.7,16.35,77.99,7.01,1.74,9.04,19.0,19.35,18.8,5.31,6,168,2011,19.085714285714285,3.2742857142857154,19.0,0.97,0.07,19.04,1.94,16.87,4.94
2011-06-18,19.0,24.38,16.01,79.3,9.04,1.43,14.58,17.82,19.71,19.07,7.01,6,169,2011,19.075714285714287,4.514285714285715,18.94,2.3,0.36,18.58,1.09,15.95,6.96
2011-06-19,17.82,21.2,15.69,83.82,14.58,1.32,1.71,19.39,19.0,19.07,9.04,6,170,2011,18.897142857142857,6.482857142857144,19.35,5.31,0.8,19.14,0.29,15.73,8.11
2011-06-20,19.39,24.46,15.4,77.89,1.71,2.29,1.13,19.99,17.82,18.46,14.58,6,171,2011,19.03,5.845714285714286,19.71,7.01,6.17,19.4,1.09,17.11,17.65
2011-06-21,19.99,25.39,14.92,78.85,1.13,2.24,5.52,19.31,19.39,19.0,1.71,6,172,2011,19.171428571428574,5.868571428571429,19.0,9.04,0.97,18.57,3.77,16.68,6.76
2011-06-22,19.31,23.65,16.46,85.59,5.52,1.91,11.93,19.36,19.99,18.94,1.13,6,173,2011,19.224285714285713,6.32857142857143,17.82,14.58,2.3,17.92,1.27,16.84,0.71
2011-06-23,19.36,23.4,16.13,87.06,11.93,1.97,20.28,19.65,19.31,19.35,5.52,6,174,2011,19.225714285714282,7.274285714285715,19.39,1.71,5.31,18.3,0.01,18.33,0.31
2011-06-24,19.65,23.89,16.28,85.34,20.28,2.28,13.37,18.32,19.36,19.71,11.93,6,175,2011,19.217142857142854,9.170000000000002,19.99,1.13,7.01,18.8,0.07,18.48,2.93
2011-06-25,18.32,21.37,16.52,85.62,13.37,1.47,4.05,18.51,19.65,19.0,20.28,6,176,2011,19.119999999999997,9.78857142857143,19.31,5.52,9.04,19.07,0.36,18.5,3.26
2011-06-26,18.51,22.14,15.99,82.75,4.05,1.35,2.81,18.46,18.32,17.82,13.37,6,177,2011,19.21857142857143,8.284285714285716,19.36,11.93,14.58,19.07,0.8,18.83,0.19
2011-06-27,18.46,23.11,14.76,84.64,2.81,2.22,14.25,17.59,18.51,19.39,4.05,6,178,2011,19.085714285714285,8.441428571428572,19.65,20.28,1.71,18.46,6.17,18.38,0.87
2011-06-28,17.59,21.38,14.99,87.55,14.25,1.74,24.95,17.47,18.46,19.99,2.81,6,179,2011,18.74285714285714,10.315714285714288,18.32,13.37,1.13,19.0,0.97,18.48,0.35
2011-06-29,17.47,21.8,14.4,86.93,24.95,1.75,7.06,18.09,17.59,19.31,14.25,6,180,2011,18.48,13.091428571428574,18.51,4.05,5.52,18.94,2.3,17.17,0.93
2011-06-30,18.09,22.22,14.42,84.15,7.06,1.53,6.35,17.53,17.47,19.36,24.95,6,181,2011,18.298571428571428,12.395714285714286,18.46,2.81,11.93,19.35,5.31,17.7,0.34
2011-07-01,17.53,20.07,15.28,90.93,6.35,1.27,7.92,18.26,18.09,19.65,7.06,7,182,2011,17.995714285714286,10.405714285714286,17.59,14.25,20.28,19.71,7.01,17.99,2.01
2011-07-02,18.26,21.44,15.49,89.35,7.92,1.64,4.41,17.66,17.53,18.32,6.35,7,183,2011,17.987142857142857,9.627142857142857,17.47,24.95,13.37,19.0,9.04,18.27,0.82
2011-07-03,17.66,20.27,15.55,91.54,4.41,1.52,0.7,18.41,18.26,18.51,7.92,7,184,2011,17.865714285714287,9.678571428571429,18.09,7.06,4.05,17.82,14.58,19.04,1.94
2011-07-04,18.41,21.65,15.72,86.21,0.7,1.7,11.19,18.54,17.66,18.46,4.41,7,185,2011,17.85857142857143,9.377142857142857,17.53,6.35,2.81,19.39,1.71,18.58,1.09
2011-07-05,18.54,22.39,15.17,87.47,11.19,2.03,29.61,17.67,18.41,17.59,0.7,7,186,2011,17.994285714285716,8.94,18.26,7.92,14.25,19.99,1.13,19.14,0.29
2011-07-06,17.67,20.18,15.73,93.42,29.61,2.08,5.33,17.59,18.54,17.47,11.19,7,187,2011,18.02285714285714,9.605714285714287,17.66,4.41,24.95,19.31,5.52,19.4,1.09
2011-07-07,17.59,21.44,14.69,90.96,5.33,1.66,1.04,18.25,17.67,18.09,29.61,7,188,2011,17.951428571428572,9.358571428571429,18.41,0.7,7.06,19.36,11.93,18.57,3.77
2011-07-08,18.25,22.18,14.97,89.44,1.04,1.85,1.92,18.79,17.59,17.53,5.33,7,189,2011,18.054285714285715,8.600000000000001,18.54,11.19,6.35,19.65,20.28,17.92,1.27
2011-07-09,18.79,22.5,16.09,90.42,1.92,2.01,5.12,18.89,18.25,18.26,1.04,7,190,2011,18.130000000000003,7.742857142857145,17.67,29.61,7.92,18.32,13.37,18.3,0.01
2011-07-10,18.89,22.87,15.46,87.71,5.12,1.59,6.17,18.82,18.79,17.66,1.92,7,191,2011,18.305714285714284,7.844285714285715,17.59,5.33,4.41,18.51,4.05,18.8,0.07
2011-07-11,18.82,22.21,15.76,86.34,6.17,1.7,4.15,18.02,18.89,18.41,5.12,7,192,2011,18.364285714285717,8.625714285714286,18.25,1.04,0.7,18.46,2.81,19.07,0.36
2011-07-12,18.02,20.47,15.72,91.75,4.15,1.64,11.56,18.27,18.82,18.54,6.17,7,193,2011,18.29,7.620000000000002,18.79,1.92,11.19,17.59,14.25,19.07,0.8
2011-07-13,18.27,21.43,15.69,86.98,11.56,1.39,11.71,17.63,18.02,17.67,4.15,7,194,2011,18.375714285714285,5.041428571428573,18.89,5.12,29.61,17.47,24.95,18.46,6.17
2011-07-14,17.63,20.39,15.25,92.31,11.71,1.42,11.68,18.66,18.27,17.59,11.56,7,195,2011,18.381428571428575,5.952857142857144,18.82,6.17,5.33,18.09,7.06,19.0,0.97
2011-07-15,18.66,22.92,14.46,85.51,11.68,2.05,2.27,17.83,17.63,18.25,11.71,7,196,2011,18.44,7.472857142857144,18.02,4.15,1.04,17.53,6.35,18.94,2.3
2011-07-16,17.83,20.06,15.72,90.46,2.27,1.36,1.12,18.33,18.66,18.79,11.68,7,197,2011,18.302857142857142,7.522857142857144,18.27,11.56,1.92,18.26,7.92,19.35,5.31
2011-07-17,18.33,22.36,15.12,90.46,1.12,2.0,11.0,18.02,17.83,18.89,2.27,7,198,2011,18.22285714285714,6.951428571428572,17.63,11.71,5.12,17.66,4.41,19.71,7.01
2011-07-18,18.02,21.0,15.5,91.57,11.0,1.64,20.37,18.87,18.33,18.82,1.12,7,199,2011,18.108571428571427,7.641428571428572,18.66,11.68,6.17,18.41,0.7,19.0,9.04
2011-07-19,18.87,21.76,15.88,89.95,20.37,2.06,5.88,17.88,18.02,18.02,11.0,7,200,2011,18.229999999999997,9.95857142857143,17.83,2.27,4.15,18.54,11.19,17.82,14.58
2011-07-20,17.88,20.32,15.55,91.62,5.88,1.5,2.04,18.73,18.87,18.27,20.37,7,201,2011,18.174285714285713,9.147142857142859,18.33,1.12,11.56,17.67,29.61,19.39,1.71
2011-07-21,18.73,22.75,15.54,84.67,2.04,1.62,7.5,18.73,17.88,17.63,5.88,7,202,2011,18.33142857142857,7.765714285714288,18.02,11.0,11.71,17.59,5.33,19.99,1.13
2011-07-22,18.73,23.48,15.02,87.2,7.5,2.33,7.55,17.32,18.73,18.66,2.04,7,203,2011,18.34142857142857,7.168571428571431,18.87,20.37,11.68,18.25,1.04,19.31,5.52
2011-07-23,17.32,20.85,14.88,90.69,7.55,1.86,1.71,17.71,18.73,17.83,7.5,7,204,2011,18.268571428571427,7.922857142857144,17.88,5.88,2.27,18.79,1.92,19.36,11.93
2011-07-24,17.71,21.34,14.24,89.67,1.71,1.84,0.51,18.56,17.32,18.33,7.55,7,205,2011,18.18,8.007142857142858,18.73,2.04,1.12,18.89,5.12,19.65,20.28
2011-07-25,18.56,22.96,15.3,87.68,0.51,1.69,9.39,17.53,17.71,18.02,1.71,7,206,2011,18.25714285714286,6.50857142857143,18.73,7.5,11.0,18.82,6.17,18.32,13.37
2011-07-26,17.53,19.66,15.6,93.81,9.39,1.72,28.41,18.05,18.56,18.87,0.51,7,207,2011,18.065714285714286,4.94,17.32,7.55,20.37,18.02,4.15,18.51,4.05
2011-07-27,18.05,21.24,15.08,87.58,28.41,1.56,15.13,18.32,17.53,17.88,9.39,7,208,2011,18.09,8.158571428571431,17.71,1.71,5.88,18.27,11.56,18.46,2.81
2011-07-28,18.32,20.83,16.52,95.78,15.13,2.39,2.63,18.46,18.05,18.73,28.41,7,209,2011,18.03142857142857,10.02857142857143,18.56,0.51,2.04,17.63,11.71,17.59,14.25
2011-07-29,18.46,21.62,16.31,93.0,2.63,2.09,5.98,18.15,18.32,18.73,15.13,7,210,2011,17.992857142857144,9.332857142857145,17.53,9.39,7.5,18.66,11.68,17.47,24.95
2011-07-30,18.15,20.92,16.12,94.15,5.98,1.96,11.4,18.17,18.46,17.32,2.63,7,211,2011,18.111428571428572,9.108571428571429,18.05,28.41,7.55,17.83,2.27,18.09,7.06
2011-07-31,18.17,21.82,15.49,89.53,11.4,1.34,4.97,19.11,18.15,17.71,5.98,7,212,2011,18.177142857142858,10.492857142857146,18.32,15.13,1.71,18.33,1.12,17.53,6.35
2011-08-01,19.11,23.02,15.84,86.65,4.97,1.6,6.75,19.51,18.17,18.56,11.4,8,213,2011,18.255714285714284,11.13,18.46,2.63,0.51,18.02,11.0,18.26,7.92
2011-08-02,19.51,22.88,17.1,91.29,6.75,1.69,7.3,18.89,19.11,17.53,4.97,8,214,2011,18.53857142857143,10.752857142857144,18.15,5.98,9.39,18.87,20.37,17.66,4.41
2011-08-03,18.89,22.2,16.67,88.4,7.3,1.55,6.1,19.12,19.51,18.05,6.75,8,215,2011,18.65857142857143,7.737142857142858,18.17,11.4,28.41,17.88,5.88,18.41,0.7
2011-08-04,19.12,22.96,16.28,90.12,6.1,2.19,15.3,18.02,18.89,18.32,7.3,8,216,2011,18.772857142857145,6.447142857142858,19.11,4.97,15.13,18.73,2.04,18.54,11.19
2011-08-05,18.02,20.59,15.86,94.0,15.3,1.52,10.36,17.85,19.12,18.46,6.1,8,217,2011,18.71,8.257142857142858,19.51,6.75,2.63,18.73,7.5,17.67,29.61
2011-08-06,17.85,20.97,15.11,88.0,10.36,1.32,3.83,18.23,18.02,18.15,15.3,8,218,2011,18.667142857142856,8.882857142857144,18.89,7.3,5.98,17.32,7.55,17.59,5.33
2011-08-07,18.23,21.86,15.67,90.27,3.83,1.79,2.02,17.96,17.85,18.17,10.36,8,219,2011,18.67571428571429,7.801428571428573,19.12,6.1,11.4,17.71,1.71,18.25,1.04
2011-08-08,17.96,22.78,14.3,85.57,2.02,2.32,19.01,17.8,18.23,19.11,3.83,8,220,2011,18.51142857142857,7.380000000000002,18.02,15.3,4.97,18.56,0.51,18.79,1.92
2011-08-09,17.8,21.81,14.38,86.82,19.01,1.6,7.61,17.65,17.96,19.51,2.02,8,221,2011,18.267142857142858,9.131428571428573,17.85,10.36,6.75,17.53,9.39,18.89,5.12
2011-08-10,17.65,21.65,14.68,90.05,7.61,1.98,8.08,17.09,17.8,18.89,19.01,8,222,2011,18.09,9.175714285714289,18.23,3.83,7.3,18.05,28.41,18.82,6.17
2011-08-11,17.09,20.39,14.44,87.83,8.08,1.22,3.5,17.68,17.65,19.12,7.61,8,223,2011,17.8,9.45857142857143,17.96,2.02,6.1,18.32,15.13,18.02,4.15
2011-08-12,17.68,21.67,14.92,87.25,3.5,1.8,4.55,17.67,17.09,18.02,8.08,8,224,2011,17.751428571428573,7.772857142857144,17.8,19.01,15.3,18.46,2.63,18.27,11.56
2011-08-13,17.67,21.1,14.51,86.31,4.55,2.15,9.0,17.4,17.68,17.85,3.5,8,225,2011,17.725714285714286,6.942857142857144,17.65,7.61,10.36,18.15,5.98,17.63,11.71
2011-08-14,17.4,21.11,14.96,91.28,9.0,2.13,8.91,16.92,17.67,18.23,4.55,8,226,2011,17.607142857142858,7.681428571428573,17.09,8.08,3.83,18.17,11.4,18.66,11.68
2011-08-15,16.92,19.37,14.57,93.09,8.91,1.3,10.38,17.1,17.4,17.96,9.0,8,227,2011,17.458571428571428,8.665714285714287,17.68,3.5,2.02,19.11,4.97,17.83,2.27
2011-08-16,17.1,18.99,15.5,94.52,10.38,1.67,8.2,16.93,16.92,17.8,8.91,8,228,2011,17.35857142857143,7.432857142857145,17.67,4.55,19.01,19.51,6.75,18.33,1.12
2011-08-17,16.93,19.76,14.88,93.28,8.2,1.75,11.0,16.75,17.1,17.65,10.38,8,229,2011,17.255714285714284,7.517142857142859,17.4,9.0,7.61,18.89,7.3,18.02,11.0
2011-08-18,16.75,19.53,14.33,92.61,11.0,1.6,8.31,16.96,16.93,17.09,8.2,8,230,2011,17.207142857142856,7.934285714285715,16.92,8.91,8.08,19.12,6.1,18.87,20.37
2011-08-19,16.96,20.14,14.16,91.14,8.31,1.49,1.27,18.02,16.75,17.68,11.0,8,231,2011,17.104285714285716,8.621428571428572,17.1,10.38,3.5,18.02,15.3,17.88,5.88
2011-08-20,18.02,22.14,14.0,88.23,1.27,1.55,5.35,18.38,16.96,17.67,8.31,8,232,2011,17.154285714285713,8.152857142857146,16.93,8.2,4.55,17.85,10.36,18.73,2.04
2011-08-21,18.38,22.04,15.76,91.2,5.35,1.66,5.67,18.07,18.02,17.4,1.27,8,233,2011,17.294285714285714,7.631428571428573,16.75,11.0,9.0,18.23,3.83,18.73,7.5
2011-08-22,18.07,20.97,15.8,93.76,5.67,1.78,6.92,17.66,18.38,16.92,5.35,8,234,2011,17.458571428571428,7.16857142857143,16.96,8.31,8.91,17.96,2.02,17.32,7.55
2011-08-23,17.66,20.65,14.88,91.36,6.92,0.99,6.69,17.33,18.07,17.1,5.67,8,235,2011,17.538571428571426,6.674285714285716,18.02,1.27,10.38,17.8,19.01,17.71,1.71
2011-08-24,17.33,19.52,15.72,95.01,6.69,1.44,11.54,17.74,17.66,16.93,6.92,8,236,2011,17.595714285714287,6.45857142857143,18.38,5.35,8.2,17.65,7.61,18.56,0.51
2011-08-25,17.74,21.21,14.81,91.86,11.54,1.77,0.11,18.02,17.33,16.75,6.69,8,237,2011,17.737142857142857,6.5357142857142865,18.07,5.67,11.0,17.09,8.08,17.53,9.39
2011-08-26,18.02,22.22,14.85,90.05,0.11,1.76,0.08,17.75,17.74,16.96,11.54,8,238,2011,17.888571428571428,5.364285714285716,17.66,6.92,8.31,17.68,3.5,18.05,28.41
2011-08-27,17.75,22.09,13.87,87.62,0.08,1.75,1.14,17.67,18.02,18.02,0.11,8,239,2011,17.85,5.194285714285715,17.33,6.69,1.27,17.67,4.55,18.32,15.13
2011-08-28,17.67,21.95,14.03,87.0,1.14,1.73,0.73,17.61,17.75,18.38,0.08,8,240,2011,17.748571428571427,4.592857142857143,17.74,11.54,5.35,17.4,9.0,18.46,2.63
2011-08-29,17.61,21.85,14.21,85.77,0.73,1.53,2.2,18.01,17.67,18.07,1.14,8,241,2011,17.68285714285714,3.8871428571428583,18.02,0.11,5.67,16.92,8.91,18.15,5.98
2011-08-30,18.01,22.14,14.31,84.85,2.2,1.64,0.41,17.89,17.61,17.66,0.73,8,242,2011,17.732857142857142,3.212857142857144,17.75,0.08,6.92,17.1,10.38,18.17,11.4
2011-08-31,17.89,22.2,14.26,88.81,0.41,1.66,1.28,18.08,18.01,17.33,2.2,8,243,2011,17.812857142857144,2.3157142857142867,17.67,1.14,6.69,16.93,8.2,19.11,4.97
2011-09-01,18.08,22.56,13.98,85.68,1.28,1.72,0.37,17.58,17.89,17.74,0.41,9,244,2011,17.861428571428572,0.8500000000000014,17.61,0.73,11.54,16.75,11.0,19.51,6.75
2011-09-02,17.58,21.55,14.22,88.9,0.37,1.94,0.26,17.64,18.08,18.02,1.28,9,245,2011,17.798571428571428,0.8871428571428586,18.01,2.2,0.11,16.96,8.31,18.89,7.3
2011-09-03,17.64,21.92,14.16,89.84,0.26,1.88,0.67,17.8,17.58,17.75,0.37,9,246,2011,17.782857142857143,0.9128571428571444,17.89,0.41,0.08,18.02,1.27,19.12,6.1
2011-09-04,17.8,21.98,13.89,86.35,0.67,1.59,3.43,18.2,17.64,17.67,0.26,9,247,2011,17.80142857142857,0.8457142857142872,18.08,1.28,1.14,18.38,5.35,18.02,15.3
2011-09-05,18.2,22.48,14.47,87.18,3.43,1.56,19.35,17.79,17.8,17.61,0.67,9,248,2011,17.885714285714283,1.231428571428573,17.58,0.37,0.73,18.07,5.67,17.85,10.36
2011-09-06,17.79,21.36,14.61,90.27,19.35,1.44,5.71,17.66,18.2,18.01,3.43,9,249,2011,17.854285714285716,3.6814285714285733,17.64,0.26,2.2,17.66,6.92,18.23,3.83
2011-09-07,17.66,20.99,15.13,91.37,5.71,1.66,1.24,17.47,17.79,17.89,19.35,9,250,2011,17.821428571428573,4.43857142857143,17.8,0.67,0.41,17.33,6.69,17.96,2.02
2011-09-08,17.47,20.77,15.22,92.75,1.24,1.59,1.61,17.34,17.66,18.08,5.71,9,251,2011,17.73428571428571,4.432857142857144,18.2,3.43,1.28,17.74,11.54,17.8,19.01
2011-09-09,17.34,21.26,14.49,90.04,1.61,1.44,7.53,17.23,17.47,17.58,1.24,9,252,2011,17.7,4.610000000000002,17.79,19.35,0.37,18.02,0.11,17.65,7.61
2011-09-10,17.23,20.95,13.91,91.07,7.53,1.68,6.03,17.62,17.34,17.64,1.61,9,253,2011,17.64142857142857,5.648571428571431,17.66,5.71,0.26,17.75,0.08,17.09,8.08
2011-09-11,17.62,21.52,14.21,89.9,6.03,1.26,4.79,17.61,17.23,17.8,7.53,9,254,2011,17.615714285714287,6.414285714285716,17.47,1.24,0.67,17.67,1.14,17.68,3.5
2011-09-12,17.61,21.25,15.4,91.62,4.79,1.23,5.19,17.77,17.62,18.2,6.03,9,255,2011,17.53142857142857,6.608571428571431,17.34,1.61,3.43,17.61,0.73,17.67,4.55
2011-09-13,17.77,20.94,15.59,90.69,5.19,1.4,7.7,17.48,17.61,17.79,4.79,9,256,2011,17.52857142857143,4.585714285714288,17.23,7.53,19.35,18.01,2.2,17.4,9.0
2011-09-14,17.48,20.97,15.08,89.1,7.7,1.42,1.58,17.41,17.77,17.66,5.19,9,257,2011,17.502857142857145,4.870000000000003,17.62,6.03,5.71,17.89,0.41,16.92,8.91
2011-09-15,17.41,21.13,14.05,90.81,1.58,1.35,6.81,17.31,17.48,17.47,7.7,9,258,2011,17.494285714285716,4.918571428571431,17.61,4.79,1.24,18.08,1.28,17.1,10.38
2011-09-16,17.31,20.47,15.12,93.35,6.81,1.46,13.64,16.62,17.41,17.34,1.58,9,259,2011,17.490000000000002,5.661428571428573,17.77,5.19,1.61,17.58,0.37,16.93,8.2
2011-09-17,16.62,18.91,14.86,94.61,13.64,1.01,10.56,16.56,17.31,17.23,6.81,9,260,2011,17.40285714285714,6.534285714285716,17.48,7.7,7.53,17.64,0.26,16.75,11.0
2011-09-18,16.56,19.39,14.78,91.55,10.56,0.95,7.2,16.64,16.62,17.62,13.64,9,261,2011,17.25142857142857,7.181428571428574,17.41,1.58,6.03,17.8,0.67,16.96,8.31
2011-09-19,16.64,19.59,14.48,91.88,7.2,1.04,4.21,17.22,16.56,17.61,10.56,9,262,2011,17.112857142857145,7.5257142857142885,17.31,6.81,4.79,18.2,3.43,18.02,1.27
2011-09-20,17.22,20.89,14.49,88.45,4.21,1.2,2.17,16.92,16.64,17.77,7.2,9,263,2011,17.034285714285712,7.385714285714288,16.62,13.64,5.19,17.79,19.35,18.38,5.35
2011-09-21,16.92,19.87,14.69,90.44,2.17,1.19,1.71,16.57,17.22,17.48,4.21,9,264,2011,16.954285714285714,6.595714285714288,16.56,10.56,7.7,17.66,5.71,18.07,5.67
2011-09-22,16.57,19.47,14.3,91.48,1.71,1.15,3.79,16.24,16.92,17.41,2.17,9,265,2011,16.834285714285716,6.614285714285716,16.64,7.2,1.58,17.47,1.24,17.66,6.92
2011-09-23,16.24,19.13,14.24,90.91,3.79,1.14,11.41,15.83,16.57,17.31,1.71,9,266,2011,16.681428571428572,6.182857142857145,17.22,4.21,6.81,17.34,1.61,17.33,6.69
2011-09-24,15.83,18.52,13.63,90.04,11.41,1.19,14.64,15.52,16.24,16.62,3.79,9,267,2011,16.568571428571428,5.864285714285716,16.92,2.17,13.64,17.23,7.53,17.74,11.54
2011-09-25,15.52,18.06,13.81,93.61,14.64,1.39,12.36,15.42,15.83,16.56,11.41,9,268,2011,16.419999999999998,6.447142857142858,16.57,1.71,10.56,17.62,6.03,18.02,0.11
2011-09-26,15.42,19.13,13.04,87.68,12.36,1.17,0.48,15.71,15.52,16.64,14.64,9,269,2011,16.245714285714286,7.184285714285717,16.24,3.79,7.2,17.61,4.79,17.75,0.08
2011-09-27,15.71,20.7,11.53,75.82,0.48,1.2,0.0,15.62,15.42,17.22,12.36,9,270,2011,16.03,6.651428571428574,15.83,11.41,4.21,17.77,5.19,17.67,1.14
2011-09-28,15.62,19.95,11.93,79.98,0.0,1.25,0.0,15.74,15.71,16.92,0.48,9,271,2011,15.844285714285714,6.341428571428573,15.52,14.64,2.17,17.48,7.7,17.61,0.73
2011-09-29,15.74,20.01,12.61,85.71,0.0,1.29,0.0,16.08,15.62,16.57,0.0,9,272,2011,15.725714285714288,6.097142857142859,15.42,12.36,1.71,17.41,1.58,18.01,2.2
2011-09-30,16.08,20.58,12.79,81.78,0.0,1.3,0.0,15.79,15.74,16.24,0.0,9,273,2011,15.702857142857141,5.555714285714288,15.71,0.48,3.79,17.31,6.81,17.89,0.41
2011-10-01,15.79,19.8,12.92,83.64,0.0,1.36,0.03,14.98,16.08,15.83,0.0,10,274,2011,15.697142857142856,3.925714285714288,15.62,0.0,11.41,16.62,13.64,18.08,1.28
2011-10-02,14.98,19.19,11.98,87.92,0.03,1.25,0.01,15.1,15.79,15.52,0.0,10,275,2011,15.620000000000001,1.8385714285714305,15.74,0.0,14.64,16.56,10.56,17.58,0.37
2011-10-03,15.1,18.72,12.84,90.4,0.01,1.35,0.05,15.4,14.98,15.42,0.03,10,276,2011,15.574285714285713,0.07428571428571631,16.08,0.0,12.36,16.64,7.2,17.64,0.26
2011-10-04,15.4,19.44,12.56,89.17,0.05,1.34,0.0,15.53,15.1,15.71,0.01,10,277,2011,15.530000000000001,0.012857142857144887,15.79,0.0,0.48,17.22,4.21,17.8,0.67
2011-10-05,15.53,19.42,12.95,90.42,0.0,1.34,0.0,15.68,15.4,15.62,0.05,10,278,2011,15.517142857142858,0.012857142857144887,14.98,0.03,0.0,16.92,2.17,18.2,3.43
2011-10-06,15.68,20.03,12.3,87.42,0.0,1.29,0.0,15.54,15.53,15.74,0.0,10,279,2011,15.508571428571427,0.012857142857144887,15.1,0.01,0.0,16.57,1.71,17.79,19.35
2011-10-07,15.54,20.24,12.34,77.74,0.0,1.32,0.2,14.99,15.68,16.08,0.0,10,280,2011,15.43142857142857,0.012857142857144887,15.4,0.05,0.0,16.24,3.79,17.66,5.71
2011-10-08,14.99,19.59,11.37,72.36,0.2,1.3,0.0,14.59,15.54,15.79,0.0,10,281,2011,15.317142857142857,0.041428571428573466,15.53,0.0,0.0,15.83,11.41,17.47,1.24
2011-10-09,14.59,19.6,10.91,70.54,0.0,1.25,0.0,14.78,14.99,14.98,0.2,10,282,2011,15.26142857142857,0.03714285714285918,15.68,0.0,0.03,15.52,14.64,17.34,1.61
2011-10-10,14.78,19.63,11.48,67.92,0.0,1.23,0.0,15.42,14.59,15.1,0.0,10,283,2011,15.215714285714286,0.035714285714287745,15.54,0.0,0.01,15.42,12.36,17.23,7.53
2011-10-11,15.42,20.26,11.63,76.16,0.0,1.37,0.0,16.0,14.78,15.4,0.0,10,284,2011,15.218571428571428,0.028571428571430604,14.99,0.2,0.05,15.71,0.48,17.62,6.03
2011-10-12,16.0,20.52,13.18,83.37,0.0,1.38,0.0,15.97,15.42,15.53,0.0,10,285,2011,15.285714285714286,0.028571428571430604,14.59,0.0,0.0,15.62,0.0,17.61,4.79
2011-10-13,15.97,20.21,13.54,84.07,0.0,1.29,0.0,15.7,16.0,15.68,0.0,10,286,2011,15.327142857142858,0.028571428571430604,14.78,0.0,0.0,15.74,0.0,17.77,5.19
2011-10-14,15.7,19.85,12.55,87.79,0.0,1.25,0.22,14.93,15.97,15.54,0.0,10,287,2011,15.349999999999998,0.028571428571430604,15.42,0.0,0.0,16.08,0.0,17.48,7.7
2011-10-15,14.93,19.51,11.85,84.24,0.22,1.3,1.37,14.52,15.7,14.99,0.0,10,288,2011,15.34142857142857,0.03142857142857346,16.0,0.0,0.2,15.79,0.0,17.41,1.58
2011-10-16,14.52,19.15,11.38,74.47,1.37,1.14,1.55,14.06,14.93,14.59,0.22,10,289,2011,15.331428571428571,0.22714285714285917,15.97,0.0,0.0,14.98,0.03,17.31,6.81
2011-10-17,14.06,18.84,10.6,75.36,1.55,1.19,1.19,13.82,14.52,14.78,1.37,10,290,2011,15.228571428571428,0.4485714285714306,15.7,0.0,0.0,15.1,0.01,16.62,13.64
2011-10-18,13.82,19.01,10.13,72.26,1.19,1.21,0.2,13.8,14.06,15.42,1.55,10,291,2011,15.0,0.6185714285714307,14.93,0.22,0.0,15.4,0.05,16.56,10.56
2011-10-19,13.8,18.95,9.98,68.37,0.2,1.26,0.61,13.62,13.82,16.0,1.19,10,292,2011,14.685714285714287,0.6471428571428592,14.52,1.37,0.0,15.53,0.0,16.64,7.2
2011-10-20,13.62,18.41,10.15,70.16,0.61,1.25,1.78,12.12,13.8,15.97,0.2,10,293,2011,14.349999999999998,0.7342857142857164,14.06,1.55,0.0,15.68,0.0,17.22,4.21
2011-10-21,12.12,16.39,8.82,73.61,1.78,1.07,0.01,11.69,13.62,15.7,0.61,10,294,2011,13.838571428571429,0.9885714285714305,13.82,1.19,0.0,15.54,0.0,16.92,2.17
2011-10-22,11.69,16.49,8.05,71.79,0.01,1.15,0.0,12.57,12.12,14.93,1.78,10,295,2011,13.375714285714285,0.9585714285714306,13.8,0.2,0.22,14.99,0.2,16.57,1.71
2011-10-23,12.57,17.23,9.27,82.01,0.0,1.18,0.0,13.22,11.69,14.52,0.01,10,296,2011,13.097142857142858,0.7628571428571449,13.62,0.61,1.37,14.59,0.0,16.24,3.79
2011-10-24,13.22,17.88,10.3,82.51,0.0,1.23,0.0,12.52,12.57,14.06,0.0,10,297,2011,12.977142857142857,0.5414285714285735,12.12,1.78,1.55,14.78,0.0,15.83,11.41
2011-10-25,12.52,16.44,10.25,84.9,0.0,1.07,0.02,11.87,13.22,13.82,0.0,10,298,2011,12.791428571428572,0.3714285714285735,11.69,0.01,1.19,15.42,0.0,15.52,14.64
2011-10-26,11.87,15.99,8.96,78.62,0.02,1.12,0.41,12.14,12.52,13.8,0.0,10,299,2011,12.515714285714285,0.34571428571428775,12.57,0.0,0.2,16.0,0.0,15.42,12.36
2011-10-27,12.14,16.9,8.78,71.61,0.41,1.21,0.03,11.47,11.87,13.62,0.02,10,300,2011,12.304285714285715,0.3171428571428591,13.22,0.0,0.61,15.97,0.0,15.71,0.48
2011-10-28,11.47,16.24,7.98,67.81,0.03,1.32,0.0,11.13,12.14,12.12,0.41,10,301,2011,12.211428571428572,0.06714285714285917,12.52,0.0,1.78,15.7,0.0,15.62,0.0
2011-10-29,11.13,16.22,7.33,72.44,0.0,1.18,0.0,10.66,11.47,11.69,0.03,10,302,2011,12.131428571428572,0.06571428571428774,11.87,0.02,0.01,14.93,0.22,15.74,0.0
2011-10-30,10.66,15.54,7.59,70.06,0.0,1.2,0.08,9.93,11.13,12.57,0.0,10,303,2011,11.858571428571427,0.06571428571428774,12.14,0.41,0.0,14.52,1.37,16.08,0.0
2011-10-31,9.93,14.81,6.9,80.96,0.08,1.16,1.1,9.28,10.66,13.22,0.0,10,304,2011,11.388571428571428,0.07714285714285916,11.47,0.03,0.0,14.06,1.55,15.79,0.0
2011-11-01,9.28,13.04,6.72,83.33,1.1,1.19,0.05,8.96,9.93,12.52,0.08,11,305,2011,10.925714285714287,0.23428571428571635,11.13,0.0,0.0,13.82,1.19,14.98,0.03
2011-11-02,8.96,12.16,7.27,89.55,0.05,1.11,0.0,9.9,9.28,11.87,1.1,11,306,2011,10.51,0.23857142857143063,10.66,0.0,0.02,13.8,0.2,15.1,0.01
2011-11-03,9.9,13.79,7.51,85.87,0.0,1.1,0.0,10.26,8.96,12.14,0.05,11,307,2011,10.19,0.18000000000000208,9.93,0.08,0.41,13.62,0.61,15.4,0.05
2011-11-04,10.26,14.35,7.9,88.26,0.0,1.04,0.0,9.76,9.9,11.47,0.0,11,308,2011,10.017142857142858,0.17571428571428777,9.28,1.1,0.03,12.12,1.78,15.53,0.0
2011-11-05,9.76,13.89,7.34,83.31,0.0,1.18,0.0,9.38,10.26,11.13,0.0,11,309,2011,9.821428571428571,0.17571428571428777,8.96,0.05,0.0,11.69,0.01,15.68,0.0
2011-11-06,9.38,12.92,7.25,87.88,0.0,1.19,0.0,9.9,9.76,10.66,0.0,11,310,2011,9.638571428571428,0.17571428571428777,9.9,0.0,0.0,12.57,0.0,15.54,0.0
2011-11-07,9.9,15.27,6.3,80.35,0.0,0.99,0.0,10.81,9.38,9.93,0.0,11,311,2011,9.634285714285713,0.16428571428571634,10.26,0.0,0.08,13.22,0.0,14.99,0.2
2011-11-08,10.81,17.13,5.96,64.41,0.0,1.32,0.0,12.37,9.9,9.28,0.0,11,312,2011,9.852857142857143,0.007142857142859173,9.76,0.0,1.1,12.52,0.0,14.59,0.0
2011-11-09,12.37,17.25,9.17,66.56,0.0,1.21,0.0,12.25,10.81,8.96,0.0,11,313,2011,10.340000000000002,0.0,9.38,0.0,0.05,11.87,0.02,14.78,0.0
2011-11-10,12.25,17.08,9.43,72.94,0.0,1.24,0.0,11.45,12.37,9.9,0.0,11,314,2011,10.675714285714287,0.0,9.9,0.0,0.0,12.14,0.41,15.42,0.0
2011-11-11,11.45,16.62,7.58,82.62,0.0,1.21,0.0,10.69,12.25,10.26,0.0,11,315,2011,10.845714285714283,0.0,10.81,0.0,0.0,11.47,0.03,16.0,0.0
2011-11-12,10.69,14.75,7.89,85.1,0.0,1.02,0.0,9.96,11.45,9.76,0.0,11,316,2011,10.978571428571428,0.0,12.37,0.0,0.0,11.13,0.0,15.97,0.0
2011-11-13,9.96,13.57,7.11,85.07,0.0,1.07,0.12,9.22,10.69,9.38,0.0,11,317,2011,11.061428571428573,0.0,12.25,0.0,0.0,10.66,0.0,15.7,0.0
2011-11-14,9.22,13.43,6.5,82.95,0.12,1.13,0.82,8.48,9.96,9.9,0.0,11,318,2011,10.964285714285714,0.017142857142859173,11.45,0.0,0.0,9.93,0.08,14.93,0.22
2011-11-15,8.48,12.44,5.85,84.61,0.82,1.22,0.23,7.97,9.22,10.81,0.12,11,319,2011,10.631428571428572,0.1342857142857163,10.69,0.0,0.0,9.28,1.1,14.52,1.37
2011-11-16,7.97,11.4,6.21,86.95,0.23,1.09,0.0,8.61,8.48,12.37,0.82,11,320,2011,10.002857142857142,0.16714285714285917,9.96,0.0,0.0,8.96,0.05,14.06,1.55
2011-11-17,8.61,12.96,5.62,85.08,0.0,1.14,0.0,9.39,7.97,12.25,0.23,11,321,2011,9.482857142857142,0.16714285714285917,9.22,0.12,0.0,9.9,0.0,13.82,1.19
2011-11-18,9.39,13.83,6.87,81.14,0.0,1.06,0.0,10.34,8.61,11.45,0.0,11,322,2011,9.188571428571427,0.16714285714285917,8.48,0.82,0.0,10.26,0.0,13.8,0.2
2011-11-19,10.34,15.21,7.64,80.17,0.0,1.1,0.0,10.91,9.39,10.69,0.0,11,323,2011,9.138571428571428,0.16714285714285917,7.97,0.23,0.0,9.76,0.0,13.62,0.61
2011-11-20,10.91,15.76,8.0,77.16,0.0,1.1,0.0,10.78,10.34,9.96,0.0,11,324,2011,9.274285714285714,0.16714285714285917,8.61,0.0,0.0,9.38,0.0,12.12,1.78
2011-11-21,10.78,15.34,7.76,79.21,0.0,1.03,0.0,11.26,10.91,9.22,0.0,11,325,2011,9.497142857142858,0.150000000000002,9.39,0.0,0.12,9.9,0.0,11.69,0.01
2011-11-22,11.26,16.53,8.0,72.71,0.0,1.1,0.0,11.88,10.78,8.48,0.0,11,326,2011,9.894285714285713,0.03285714285714489,10.34,0.0,0.82,10.81,0.0,12.57,0.0
2011-11-23,11.88,17.05,8.81,74.93,0.0,1.12,0.0,11.25,11.26,7.97,0.0,11,327,2011,10.452857142857143,0.0,10.91,0.0,0.23,12.37,0.0,13.22,0.0
2011-11-24,11.25,16.01,8.19,78.45,0.0,1.1,0.0,11.15,11.88,8.61,0.0,11,328,2011,10.83,0.0,10.78,0.0,0.0,12.25,0.0,12.52,0.0
2011-11-25,11.15,15.93,8.45,72.7,0.0,1.28,0.0,10.81,11.25,9.39,0.0,11,329,2011,11.081428571428571,0.0,11.26,0.0,0.0,11.45,0.0,11.87,0.02
2011-11-26,10.81,15.59,8.05,69.54,0.0,1.22,0.0,10.68,11.15,10.34,0.0,11,330,2011,11.148571428571428,0.0,11.88,0.0,0.0,10.69,0.0,12.14,0.41
2011-11-27,10.68,15.91,7.82,67.99,0.0,1.19,0.0,10.3,10.81,10.91,0.0,11,331,2011,11.115714285714287,0.0,11.25,0.0,0.0,9.96,0.0,11.47,0.03
2011-11-28,10.3,15.52,7.18,62.84,0.0,1.18,0.0,9.82,10.68,10.78,0.0,11,332,2011,11.047142857142857,0.0,11.15,0.0,0.0,9.22,0.12,11.13,0.0
2011-11-29,9.82,14.93,6.85,63.96,0.0,1.13,0.0,9.81,10.3,11.26,0.0,11,333,2011,10.84142857142857,0.0,10.81,0.0,0.0,8.48,0.82,10.66,0.0
2011-11-30,9.81,15.73,6.25,66.06,0.0,1.06,0.0,10.48,9.82,11.88,0.0,11,334,2011,10.545714285714284,0.0,10.68,0.0,0.0,7.97,0.23,9.93,0.08
2011-12-01,10.48,16.63,6.01,63.47,0.0,1.08,0.0,10.76,9.81,11.25,0.0,12,335,2011,10.435714285714285,0.0,10.3,0.0,0.0,8.61,0.0,9.28,1.1
2011-12-02,10.76,15.22,7.76,72.2,0.0,1.18,0.32,9.44,10.48,11.15,0.0,12,336,2011,10.379999999999999,0.0,9.82,0.0,0.0,9.39,0.0,8.96,0.05
2011-12-03,9.44,14.07,6.95,79.93,0.32,1.2,0.87,9.08,10.76,10.81,0.0,12,337,2011,10.184285714285712,0.04571428571428775,9.81,0.0,0.0,10.34,0.0,9.9,0.0
2011-12-04,9.08,13.94,6.8,80.54,0.87,1.08,0.11,9.67,9.44,10.68,0.32,12,338,2011,9.955714285714285,0.170000000000002,10.48,0.0,0.0,10.91,0.0,10.26,0.0
2011-12-05,9.67,14.3,7.05,69.74,0.11,0.98,0.0,9.29,9.08,10.3,0.87,12,339,2011,9.865714285714287,0.18571428571428775,10.76,0.0,0.0,10.78,0.0,9.76,0.0
2011-12-06,9.29,14.44,5.63,61.93,0.0,1.09,0.0,9.28,9.67,9.82,0.11,12,340,2011,9.790000000000001,0.18571428571428775,9.44,0.32,0.0,11.26,0.0,9.38,0.0
2011-12-07,9.28,15.23,5.38,52.25,0.0,1.19,0.0,9.88,9.29,9.81,0.0,12,341,2011,9.714285714285714,0.18571428571428775,9.08,0.87,0.0,11.88,0.0,9.9,0.0
2011-12-08,9.88,15.95,6.31,53.23,0.0,1.17,0.0,8.85,9.28,10.48,0.0,12,342,2011,9.628571428571428,0.18571428571428775,9.67,0.11,0.0,11.25,0.0,10.81,0.0
2011-12-09,8.85,14.77,5.45,48.04,0.0,1.35,0.0,6.8,9.88,10.76,0.0,12,343,2011,9.355714285714285,0.18571428571428775,9.29,0.0,0.0,11.15,0.0,12.37,0.0
2011-12-10,6.8,12.64,3.42,57.69,0.0,1.38,0.0,6.22,8.85,9.44,0.0,12,344,2011,8.97857142857143,0.14000000000000204,9.28,0.0,0.32,10.81,0.0,12.25,0.0
2011-12-11,6.22,11.17,2.77,66.55,0.0,1.11,0.0,5.83,6.8,9.08,0.0,12,345,2011,8.57,0.01571428571428776,9.88,0.0,0.87,10.68,0.0,11.45,0.0
2011-12-12,5.83,11.16,2.35,65.48,0.0,1.2,0.0,6.17,6.22,9.67,0.0,12,346,2011,8.02142857142857,0.0,8.85,0.0,0.11,10.3,0.0,10.69,0.0
2011-12-13,6.17,11.71,2.7,67.02,0.0,1.27,0.0,5.99,5.83,9.29,0.0,12,347,2011,7.575714285714286,0.0,6.8,0.0,0.0,9.82,0.0,9.96,0.0
2011-12-14,5.99,11.35,3.03,63.59,0.0,1.07,0.0,5.64,6.17,9.28,0.0,12,348,2011,7.105714285714285,0.0,6.22,0.0,0.0,9.81,0.0,9.22,0.12
2011-12-15,5.64,11.51,2.54,56.41,0.0,1.22,0.0,4.56,5.99,9.88,0.0,12,349,2011,6.5,0.0,5.83,0.0,0.0,10.48,0.0,8.48,0.82
2011-12-16,4.56,10.94,0.32,55.11,0.0,1.28,0.0,5.57,5.64,8.85,0.0,12,350,2011,5.887142857142857,0.0,6.17,0.0,0.0,10.76,0.0,7.97,0.23
2011-12-17,5.57,11.76,2.02,52.66,0.0,1.11,0.0,5.88,4.56,6.8,0.0,12,351,2011,5.711428571428571,0.0,5.99,0.0,0.0,9.44,0.32,8.61,0.0
2011-12-18,5.88,11.73,2.67,51.86,0.0,1.1,0.0,6.42,5.57,6.22,0.0,12,352,2011,5.662857142857143,0.0,5.64,0.0,0.0,9.08,0.87,9.39,0.0
2011-12-19,6.42,13.19,2.29,46.5,0.0,1.32,0.0,6.27,5.88,5.83,0.0,12,353,2011,5.747142857142856,0.0,4.56,0.0,0.0,9.67,0.11,10.34,0.0
2011-12-20,6.27,12.79,2.72,39.7,0.0,1.28,0.0,6.13,6.42,6.17,0.0,12,354,2011,5.761428571428572,0.0,5.57,0.0,0.0,9.29,0.0,10.91,0.0
2011-12-21,6.13,14.18,1.09,36.47,0.0,1.58,0.0,6.52,6.27,5.99,0.0,12,355,2011,5.781428571428571,0.0,5.88,0.0,0.0,9.28,0.0,10.78,0.0
2011-12-22,6.52,13.99,2.39,36.82,0.0,1.6,0.0,6.68,6.13,5.64,0.0,12,356,2011,5.9071428571428575,0.0,6.42,0.0,0.0,9.88,0.0,11.26,0.0
2011-12-23,6.68,14.07,2.57,39.25,0.0,1.43,0.0,6.93,6.52,4.56,0.0,12,357,2011,6.21,0.0,6.27,0.0,0.0,8.85,0.0,11.88,0.0
2011-12-24,6.93,13.39,3.35,38.26,0.0,1.3,0.0,6.85,6.68,5.57,0.0,12,358,2011,6.404285714285714,0.0,6.13,0.0,0.0,6.8,0.0,11.25,0.0
2011-12-25,6.85,12.7,3.5,38.39,0.0,1.22,0.0,6.57,6.93,5.88,0.0,12,359,2011,6.542857142857143,0.0,6.52,0.0,0.0,6.22,0.0,11.15,0.0
2011-12-26,6.57,13.07,2.55,38.89,0.0,1.25,0.0,6.65,6.85,6.42,0.0,12,360,2011,6.564285714285715,0.0,6.68,0.0,0.0,5.83,0.0,10.81,0.0
2011-12-27,6.65,13.37,1.81,35.69,0.0,1.17,0.0,6.82,6.57,6.27,0.0,12,361,2011,6.618571428571428,0.0,6.93,0.0,0.0,6.17,0.0,10.68,0.0
2011-12-28,6.82,13.32,2.55,36.84,0.0,1.25,0.0,6.73,6.65,6.13,0.0,12,362,2011,6.717142857142858,0.0,6.85,0.0,0.0,5.99,0.0,10.3,0.0
2011-12-29,6.73,13.12,3.07,35.16,0.0,1.15,0.0,7.16,6.82,6.52,0.0,12,363,2011,6.747142857142857,0.0,6.57,0.0,0.0,5.64,0.0,9.82,0.0
2011-12-30,7.16,14.31,3.02,35.99,0.0,1.44,0.37,8.63,6.73,6.68,0.0,12,364,2011,6.815714285714286,0.0,6.65,0.0,0.0,4.56,0.0,9.81,0.0
2011-12-31,8.63,15.14,4.56,34.71,0.37,1.44,5.36,8.83,7.16,6.93,0.0,12,365,2011,7.058571428571429,0.0528571428571449,6.82,0.0,0.0,5.57,0.0,10.48,0.0
2012-01-01,8.83,14.04,5.95,50.72,5.36,1.2,0.32,5.73,8.63,6.85,0.37,1,1,2012,7.341428571428572,0.8185714285714306,6.73,0.0,0.0,5.88,0.0,10.76,0.0
2012-01-02,5.73,9.77,2.34,80.47,0.32,1.03,0.0,4.46,8.83,6.57,5.36,1,2,2012,7.221428571428571,0.8642857142857164,7.16,0.0,0.0,6.42,0.0,9.44,0.32
2012-01-03,4.46,9.54,1.44,74.05,0.0,1.27,0.0,3.99,5.73,6.65,0.32,1,3,2012,6.908571428571428,0.8642857142857164,8.63,0.37,0.0,6.27,0.0,9.08,0.87
2012-01-04,3.99,9.45,0.58,67.83,0.0,1.39,0.0,4.57,4.46,6.82,0.0,1,4,2012,6.5042857142857144,0.8642857142857164,8.83,5.36,0.0,6.13,0.0,9.67,0.11
2012-01-05,4.57,11.08,0.92,59.76,0.0,1.39,0.0,3.84,3.99,6.73,0.0,1,5,2012,6.195714285714286,0.8642857142857164,5.73,0.32,0.0,6.52,0.0,9.29,0.0
2012-01-06,3.84,10.65,-0.97,52.86,0.0,1.37,0.0,3.74,4.57,7.16,0.0,1,6,2012,5.721428571428572,0.8642857142857164,4.46,0.0,0.0,6.68,0.0,9.28,0.0
2012-01-07,3.74,10.76,-0.53,52.6,0.0,1.37,0.01,3.78,3.84,8.63,0.0,1,7,2012,5.022857142857142,0.8114285714285735,3.99,0.0,0.37,6.93,0.0,9.88,0.0
2012-01-08,3.78,9.78,-1.64,46.56,0.01,1.15,1.75,3.2,3.74,8.83,0.0,1,8,2012,4.301428571428572,0.04714285714285917,4.57,0.0,5.36,6.85,0.0,8.85,0.0
2012-01-09,3.2,8.16,0.66,70.92,1.75,0.92,0.0,3.82,3.78,5.73,0.01,1,9,2012,3.9400000000000004,0.25142857142857344,3.84,0.0,0.32,6.57,0.0,6.8,0.0
2012-01-10,3.82,10.54,-1.43,56.16,0.0,1.24,0.0,2.9,3.2,4.46,1.75,1,10,2012,3.8485714285714283,0.25142857142857344,3.74,0.0,0.0,6.65,0.0,6.22,0.0
2012-01-11,2.9,8.99,-0.88,50.33,0.0,1.19,0.0,1.64,3.82,3.99,0.0,1,11,2012,3.692857142857143,0.25142857142857344,3.78,0.01,0.0,6.82,0.0,5.83,0.0
2012-01-12,1.64,8.55,-2.78,51.23,0.0,1.45,0.0,1.53,2.9,4.57,0.0,1,12,2012,3.2742857142857145,0.25142857142857344,3.2,1.75,0.0,6.73,0.0,6.17,0.0
2012-01-13,1.53,8.35,-3.88,57.75,0.0,1.49,0.01,3.46,1.64,3.84,0.0,1,13,2012,2.9442857142857144,0.25142857142857344,3.82,0.0,0.0,7.16,0.0,5.99,0.0
2012-01-14,3.46,10.0,-0.6,42.83,0.01,1.41,0.0,4.74,1.53,3.74,0.0,1,14,2012,2.904285714285714,0.2528571428571449,2.9,0.0,0.0,8.63,0.37,5.64,0.0
2012-01-15,4.74,10.79,1.22,44.38,0.0,1.27,0.11,4.39,3.46,3.78,0.01,1,15,2012,3.0414285714285714,0.25142857142857344,1.64,0.0,0.01,8.83,5.36,4.56,0.0
2012-01-16,4.39,9.67,1.24,62.22,0.11,1.4,0.06,3.89,4.74,3.2,0.0,1,16,2012,3.211428571428571,0.017142857142859173,1.53,0.0,1.75,5.73,0.32,5.57,0.0
2012-01-17,3.89,8.83,0.74,78.38,0.06,1.33,0.15,2.76,4.39,3.82,0.11,1,17,2012,3.221428571428571,0.025714285714287743,3.46,0.01,0.0,4.46,0.0,5.88,0.0
2012-01-18,2.76,9.22,-1.67,70.33,0.15,1.44,0.0,2.47,3.89,2.9,0.06,1,18,2012,3.2014285714285715,0.047142857142859165,4.74,0.0,0.0,3.99,0.0,6.42,0.0
2012-01-19,2.47,9.58,-2.78,54.69,0.0,1.22,0.0,2.91,2.76,1.64,0.15,1,19,2012,3.32,0.047142857142859165,4.39,0.11,0.0,4.57,0.0,6.27,0.0
2012-01-20,2.91,9.06,-1.4,73.54,0.0,1.27,0.0,3.16,2.47,1.53,0.0,1,20,2012,3.5171428571428573,0.047142857142859165,3.89,0.06,0.0,3.84,0.0,6.13,0.0
2012-01-21,3.16,10.12,-1.25,62.41,0.0,1.72,0.0,5.25,2.91,3.46,0.0,1,21,2012,3.474285714285714,0.04571428571428774,2.76,0.15,0.01,3.74,0.0,6.52,0.0
2012-01-22,5.25,12.07,0.98,45.64,0.0,1.58,0.0,4.88,3.16,4.74,0.0,1,22,2012,3.5471428571428567,0.04571428571428774,2.47,0.0,0.0,3.78,0.01,6.68,0.0
2012-01-23,4.88,11.08,1.43,47.06,0.0,1.71,0.0,4.64,5.25,4.39,0.0,1,23,2012,3.617142857142857,0.03000000000000203,2.91,0.0,0.11,3.2,1.75,6.93,0.0
2012-01-24,4.64,11.97,-0.84,46.33,0.0,1.63,0.0,4.64,4.88,3.89,0.0,1,24,2012,3.724285714285714,0.02142857142857346,3.16,0.0,0.06,3.82,0.0,6.85,0.0
2012-01-25,4.64,12.59,-0.16,39.98,0.0,1.78,0.0,4.74,4.64,2.76,0.0,1,25,2012,3.992857142857143,0.0,5.25,0.0,0.15,2.9,0.0,6.57,0.0
2012-01-26,4.74,12.25,-0.19,42.18,0.0,1.72,0.0,4.21,4.64,2.47,0.0,1,26,2012,4.317142857142857,0.0,4.88,0.0,0.0,1.64,0.0,6.65,0.0
2012-01-27,4.21,11.15,-0.75,44.59,0.0,1.69,0.0,4.69,4.74,2.91,0.0,1,27,2012,4.502857142857143,0.0,4.64,0.0,0.0,1.53,0.0,6.82,0.0
2012-01-28,4.69,12.03,-0.63,42.44,0.0,1.63,0.0,4.45,4.21,3.16,0.0,1,28,2012,4.721428571428571,0.0,4.64,0.0,0.0,3.46,0.01,6.73,0.0
2012-01-29,4.45,11.84,0.28,42.45,0.0,1.55,0.0,4.42,4.69,5.25,0.0,1,29,2012,4.607142857142857,0.0,4.74,0.0,0.0,4.74,0.0,7.16,0.0
2012-01-30,4.42,11.75,-1.02,33.22,0.0,1.45,0.0,4.81,4.45,4.88,0.0,1,30,2012,4.541428571428571,0.0,4.21,0.0,0.0,4.39,0.11,8.63,0.37
2012-01-31,4.81,12.65,-0.28,33.49,0.0,1.6,0.0,4.06,4.42,4.64,0.0,1,31,2012,4.565714285714286,0.0,4.69,0.0,0.0,3.89,0.06,8.83,5.36
2012-02-01,4.06,10.97,-0.14,32.5,0.0,1.36,0.0,5.01,4.81,4.64,0.0,2,32,2012,4.482857142857143,0.0,4.45,0.0,0.0,2.76,0.15,5.73,0.32
2012-02-02,5.01,13.63,-2.14,40.23,0.0,1.49,0.0,6.69,4.06,4.74,0.0,2,33,2012,4.521428571428571,0.0,4.42,0.0,0.0,2.47,0.0,4.46,0.0
2012-02-03,6.69,14.04,0.57,41.94,0.0,1.49,0.0,8.25,5.01,4.21,0.0,2,34,2012,4.875714285714286,0.0,4.81,0.0,0.0,2.91,0.0,3.99,0.0
2012-02-04,8.25,14.86,3.79,41.2,0.0,1.4,0.0,8.46,6.69,4.69,0.0,2,35,2012,5.384285714285714,0.0,4.06,0.0,0.0,3.16,0.0,4.57,0.0
2012-02-05,8.46,15.29,4.33,44.71,0.0,1.84,0.0,8.45,8.25,4.45,0.0,2,36,2012,5.957142857142856,0.0,5.01,0.0,0.0,5.25,0.0,3.84,0.0
2012-02-06,8.45,16.13,2.95,43.16,0.0,1.95,0.12,9.62,8.46,4.42,0.0,2,37,2012,6.532857142857144,0.0,6.69,0.0,0.0,4.88,0.0,3.74,0.0
2012-02-07,9.62,17.39,4.66,35.72,0.12,1.92,2.83,6.96,8.45,4.81,0.0,2,38,2012,7.22,0.017142857142859173,8.25,0.0,0.0,4.64,0.0,3.78,0.01
2012-02-08,6.96,13.21,3.62,70.27,2.83,1.57,0.0,5.65,9.62,4.06,0.12,2,39,2012,7.634285714285715,0.4214285714285735,8.46,0.0,0.0,4.64,0.0,3.2,1.75
2012-02-09,5.65,12.02,1.15,54.73,0.0,1.47,0.0,5.54,6.96,5.01,2.83,2,40,2012,7.725714285714285,0.4214285714285735,8.45,0.0,0.0,4.74,0.0,3.82,0.0
2012-02-10,5.54,13.03,0.88,37.33,0.0,1.55,0.0,4.78,5.65,6.69,0.0,2,41,2012,7.561428571428571,0.4214285714285735,9.62,0.12,0.0,4.21,0.0,2.9,0.0
2012-02-11,4.78,11.55,-0.63,36.35,0.0,1.54,0.0,5.71,5.54,8.25,0.0,2,42,2012,7.065714285714286,0.4214285714285735,6.96,2.83,0.0,4.69,0.0,1.64,0.0
2012-02-12,5.71,12.16,0.74,44.17,0.0,1.6,0.14,6.47,4.78,8.46,0.0,2,43,2012,6.672857142857143,0.4214285714285735,5.65,0.0,0.0,4.45,0.0,1.53,0.0
2012-02-13,6.47,13.27,2.01,59.14,0.14,1.49,0.01,7.32,5.71,8.45,0.0,2,44,2012,6.390000000000001,0.4414285714285735,5.54,0.0,0.0,4.42,0.0,3.46,0.01
2012-02-14,7.32,14.16,2.95,59.18,0.01,1.44,0.0,8.07,6.47,9.62,0.14,2,45,2012,6.061428571428571,0.42571428571428777,4.78,0.0,0.12,4.81,0.0,4.74,0.0
2012-02-15,8.07,14.65,3.3,48.55,0.0,1.4,0.05,7.41,7.32,6.96,0.01,2,46,2012,6.22,0.021428571428573462,5.71,0.0,2.83,4.06,0.0,4.39,0.11
2012-02-16,7.41,14.48,1.15,60.43,0.05,1.54,0.0,7.9,8.07,5.65,0.0,2,47,2012,6.471428571428571,0.028571428571430604,6.47,0.14,0.0,5.01,0.0,3.89,0.06
2012-02-17,7.9,14.28,3.49,51.66,0.0,1.73,0.0,8.55,7.41,5.54,0.05,2,48,2012,6.808571428571429,0.028571428571430604,7.32,0.01,0.0,6.69,0.0,2.76,0.15
2012-02-18,8.55,14.83,3.56,39.74,0.0,1.71,0.0,8.38,7.9,4.78,0.0,2,49,2012,7.347142857142857,0.028571428571430604,8.07,0.0,0.0,8.25,0.0,2.47,0.0
2012-02-19,8.38,15.18,4.01,41.59,0.0,1.69,0.0,8.57,8.55,5.71,0.0,2,50,2012,7.728571428571429,0.028571428571430604,7.41,0.05,0.0,8.46,0.0,2.91,0.0
2012-02-20,8.57,15.2,4.19,45.78,0.0,1.52,0.0,9.62,8.38,6.47,0.0,2,51,2012,8.028571428571428,0.008571428571430601,7.9,0.0,0.14,8.45,0.0,3.16,0.0
2012-02-21,9.62,16.14,5.91,51.53,0.0,1.69,0.0,10.57,8.57,7.32,0.0,2,52,2012,8.357142857142858,0.007142857142859173,8.55,0.0,0.01,9.62,0.12,5.25,0.0
2012-02-22,10.57,17.37,6.54,48.73,0.0,2.01,0.0,10.79,9.62,8.07,0.0,2,53,2012,8.714285714285714,0.007142857142859173,8.38,0.0,0.0,6.96,2.83,4.88,0.0
2012-02-23,10.79,18.62,5.41,41.57,0.0,2.11,0.0,10.56,10.57,7.41,0.0,2,54,2012,9.19714285714286,0.0,8.57,0.0,0.05,5.65,0.0,4.64,0.0
2012-02-24,10.56,18.46,4.77,35.56,0.0,2.21,0.0,11.02,10.79,7.9,0.0,2,55,2012,9.577142857142857,0.0,9.62,0.0,0.0,5.54,0.0,4.64,0.0
2012-02-25,11.02,18.4,5.87,31.32,0.0,2.05,0.0,10.16,10.56,8.55,0.0,2,56,2012,9.930000000000001,0.0,10.57,0.0,0.0,4.78,0.0,4.74,0.0
2012-02-26,10.16,17.11,5.29,34.44,0.0,2.14,0.0,11.05,11.02,8.38,0.0,2,57,2012,10.184285714285712,0.0,10.79,0.0,0.0,5.71,0.0,4.21,0.0
2012-02-27,11.05,19.48,4.92,27.97,0.0,1.74,0.09,8.83,10.16,8.57,0.0,2,58,2012,10.538571428571428,0.0,10.56,0.0,0.0,6.47,0.14,4.69,0.0
2012-02-28,8.83,16.21,4.73,44.7,0.09,1.83,0.01,8.28,11.05,9.62,0.0,2,59,2012,10.425714285714283,0.012857142857144887,11.02,0.0,0.0,7.32,0.01,4.45,0.0
2012-02-29,8.28,14.47,4.39,49.26,0.01,1.68,0.0,7.59,8.83,10.57,0.09,2,60,2012,10.098571428571429,0.014285714285716315,10.16,0.0,0.0,8.07,0.0,4.42,0.0
2012-03-01,7.59,14.52,2.3,43.21,0.0,1.78,0.0,7.13,8.28,10.79,0.01,3,61,2012,9.641428571428573,0.014285714285716315,11.05,0.0,0.0,7.41,0.05,4.81,0.0
2012-03-02,7.13,14.14,1.79,40.88,0.0,1.91,0.0,7.23,7.59,10.56,0.0,3,62,2012,9.151428571428571,0.014285714285716315,8.83,0.09,0.0,7.9,0.0,4.06,0.0
2012-03-03,7.23,13.89,1.6,40.23,0.0,1.86,0.0,9.04,7.13,11.02,0.0,3,63,2012,8.610000000000001,0.014285714285716315,8.28,0.01,0.0,8.55,0.0,5.01,0.0
2012-03-04,9.04,16.88,3.17,41.32,0.0,1.89,0.0,10.45,7.23,10.16,0.0,3,64,2012,8.45,0.014285714285716315,7.59,0.0,0.0,8.38,0.0,6.69,0.0
2012-03-05,10.45,17.25,5.63,48.56,0.0,1.88,0.0,10.46,9.04,11.05,0.0,3,65,2012,8.364285714285714,0.014285714285716315,7.13,0.0,0.0,8.57,0.0,8.25,0.0
2012-03-06,10.46,17.12,5.75,52.32,0.0,2.14,0.0,9.36,10.45,8.83,0.0,3,66,2012,8.597142857142856,0.0014285714285734586,7.23,0.0,0.09,9.62,0.0,8.46,0.0
2012-03-07,9.36,16.45,3.57,47.07,0.0,2.08,0.0,8.32,10.46,8.28,0.0,3,67,2012,8.751428571428571,0.0,9.04,0.0,0.01,10.57,0.0,8.45,0.0
2012-03-08,8.32,16.4,2.14,32.03,0.0,1.93,0.0,7.61,9.36,7.59,0.0,3,68,2012,8.855714285714285,0.0,10.45,0.0,0.0,10.79,0.0,9.62,0.12
2012-03-09,7.61,15.07,0.81,35.67,0.0,1.52,0.0,8.02,8.32,7.13,0.0,3,69,2012,8.924285714285714,0.0,10.46,0.0,0.0,10.56,0.0,6.96,2.83
2012-03-10,8.02,15.51,2.78,31.07,0.0,1.6,0.0,9.09,7.61,7.23,0.0,3,70,2012,9.037142857142857,0.0,9.36,0.0,0.0,11.02,0.0,5.65,0.0
2012-03-11,9.09,17.01,3.14,20.86,0.0,1.68,1.23,10.01,8.02,9.04,0.0,3,71,2012,9.044285714285715,0.0,8.32,0.0,0.0,10.16,0.0,5.54,0.0
2012-03-12,10.01,18.23,2.31,27.23,1.23,2.12,2.75,8.14,9.09,10.45,0.0,3,72,2012,8.981428571428571,0.17571428571428774,7.61,0.0,0.0,11.05,0.0,4.78,0.0
2012-03-13,8.14,14.87,4.17,62.34,2.75,1.79,0.01,8.53,10.01,10.46,1.23,3,73,2012,8.65,0.5685714285714306,8.02,0.0,0.0,8.83,0.09,5.71,0.0
2012-03-14,8.53,15.7,3.47,47.15,0.01,1.91,0.06,8.39,8.14,9.36,2.75,3,74,2012,8.531428571428572,0.570000000000002,9.09,0.0,0.0,8.28,0.01,6.47,0.14
2012-03-15,8.39,14.94,3.16,45.0,0.06,1.86,0.0,10.05,8.53,8.32,0.01,3,75,2012,8.541428571428572,0.5785714285714306,10.01,1.23,0.0,7.59,0.0,7.32,0.01
2012-03-16,10.05,17.81,2.93,32.82,0.0,1.79,0.0,10.43,8.39,7.61,0.06,3,76,2012,8.889999999999999,0.5785714285714306,8.14,2.75,0.0,7.13,0.0,8.07,0.0
2012-03-17,10.43,16.8,5.7,34.18,0.0,1.8,0.0,11.21,10.05,8.02,0.0,3,77,2012,9.234285714285715,0.5785714285714306,8.53,0.01,0.0,7.23,0.0,7.41,0.05
2012-03-18,11.21,18.18,6.18,38.88,0.0,1.84,0.0,13.22,10.43,9.09,0.0,3,78,2012,9.537142857142856,0.5785714285714306,8.39,0.06,0.0,9.04,0.0,7.9,0.0
2012-03-19,13.22,20.42,7.77,45.42,0.0,1.84,0.0,14.4,11.21,10.01,0.0,3,79,2012,9.995714285714286,0.40285714285714486,10.05,0.0,1.23,10.45,0.0,8.55,0.0
2012-03-20,14.4,21.0,9.59,46.12,0.0,1.83,0.0,14.57,13.22,8.14,0.0,3,80,2012,10.89,0.010000000000002032,10.43,0.0,2.75,10.46,0.0,8.38,0.0
2012-03-21,14.57,22.1,9.35,36.09,0.0,2.38,0.0,14.11,14.4,8.53,0.0,3,81,2012,11.752857142857142,0.008571428571430601,11.21,0.0,0.01,9.36,0.0,8.57,0.0
2012-03-22,14.11,22.52,8.18,26.53,0.0,2.1,0.0,14.85,14.57,8.39,0.0,3,82,2012,12.569999999999999,0.0,13.22,0.0,0.06,8.32,0.0,9.62,0.0
2012-03-23,14.85,22.53,9.64,21.83,0.0,1.87,0.0,13.73,14.11,10.05,0.0,3,83,2012,13.255714285714287,0.0,14.4,0.0,0.0,7.61,0.0,10.57,0.0
2012-03-24,13.73,20.83,9.13,23.36,0.0,1.81,0.0,13.43,14.85,10.43,0.0,3,84,2012,13.727142857142857,0.0,14.57,0.0,0.0,8.02,0.0,10.79,0.0
2012-03-25,13.43,20.25,8.92,28.22,0.0,1.85,0.08,13.76,13.73,11.21,0.0,3,85,2012,14.044285714285715,0.0,14.11,0.0,0.0,9.09,0.0,10.56,0.0
2012-03-26,13.76,20.41,8.79,32.86,0.08,1.89,0.0,14.47,13.43,13.22,0.0,3,86,2012,14.12142857142857,0.011428571428573458,14.85,0.0,0.0,10.01,1.23,11.02,0.0
2012-03-27,14.47,21.68,8.79,34.88,0.0,2.0,0.19,14.64,13.76,14.4,0.08,3,87,2012,14.131428571428572,0.011428571428573458,13.73,0.0,0.0,8.14,2.75,10.16,0.0
2012-03-28,14.64,22.31,8.96,32.7,0.19,2.05,0.0,13.8,14.47,14.57,0.0,3,88,2012,14.141428571428573,0.0385714285714306,13.43,0.0,0.0,8.53,0.01,11.05,0.0
2012-03-29,13.8,21.38,7.48,30.74,0.0,1.95,0.0,14.95,14.64,14.11,0.19,3,89,2012,14.097142857142858,0.0385714285714306,13.76,0.08,0.0,8.39,0.06,8.83,0.09
2012-03-30,14.95,21.86,9.68,30.71,0.0,1.62,0.0,13.95,13.8,14.85,0.0,3,90,2012,14.111428571428572,0.0385714285714306,14.47,0.0,0.0,10.05,0.0,8.28,0.01
2012-03-31,13.95,19.12,9.09,37.6,0.0,1.44,0.0,14.95,14.95,13.73,0.0,3,91,2012,14.142857142857142,0.0385714285714306,14.64,0.19,0.0,10.43,0.0,7.59,0.0
2012-04-01,14.95,22.22,8.84,38.72,0.0,2.05,0.0,15.44,13.95,13.43,0.0,4,92,2012,14.36,0.0385714285714306,13.8,0.0,0.0,11.21,0.0,7.13,0.0
2012-04-02,15.44,22.34,9.72,43.74,0.0,1.87,2.56,14.84,14.95,13.76,0.0,4,93,2012,14.599999999999998,0.027142857142859172,14.95,0.0,0.08,13.22,0.0,7.23,0.0
2012-04-03,14.84,20.93,8.92,51.7,2.56,1.64,0.1,15.39,15.44,14.47,0.0,4,94,2012,14.652857142857142,0.3928571428571449,13.95,0.0,0.0,14.4,0.0,9.04,0.0
2012-04-04,15.39,20.92,10.34,52.58,0.1,1.87,0.28,15.38,14.84,14.64,2.56,4,95,2012,14.76,0.38000000000000206,14.95,0.0,0.19,14.57,0.0,10.45,0.0
2012-04-05,15.38,21.46,10.6,50.31,0.28,1.98,2.77,13.54,15.39,13.8,0.1,4,96,2012,14.985714285714284,0.42000000000000204,15.44,0.0,0.0,14.11,0.0,10.46,0.0
2012-04-06,13.54,19.79,8.27,57.49,2.77,1.62,0.32,13.02,15.38,14.95,0.28,4,97,2012,14.784285714285714,0.8157142857142877,14.84,2.56,0.0,14.85,0.0,9.36,0.0
2012-04-07,13.02,19.24,7.04,58.17,0.32,2.24,1.27,13.95,13.54,13.95,2.77,4,98,2012,14.651428571428571,0.8614285714285735,15.39,0.1,0.0,13.73,0.0,8.32,0.0
2012-04-08,13.95,20.5,8.01,50.81,1.27,2.12,0.17,14.37,13.02,14.95,0.32,4,99,2012,14.508571428571429,1.042857142857145,15.38,0.28,0.0,13.43,0.0,7.61,0.0
2012-04-09,14.37,20.45,9.52,54.11,0.17,1.97,0.22,13.42,13.95,15.44,1.27,4,100,2012,14.355714285714287,1.0671428571428592,13.54,2.77,0.0,13.76,0.08,8.02,0.0
2012-04-10,13.42,19.42,8.75,65.47,0.22,1.78,1.8,13.77,14.37,14.84,0.17,4,101,2012,14.152857142857142,0.732857142857145,13.02,0.32,2.56,14.47,0.0,9.09,0.0
2012-04-11,13.77,19.82,8.59,66.21,1.8,1.89,2.02,14.07,13.42,15.39,0.22,4,102,2012,13.921428571428573,0.9757142857142878,13.95,1.27,0.1,14.64,0.19,10.01,1.23
2012-04-12,14.07,21.16,7.24,55.64,2.02,2.3,0.03,14.76,13.77,15.38,1.8,4,103,2012,13.734285714285715,1.2242857142857164,14.37,0.17,0.28,13.8,0.0,8.14,2.75
2012-04-13,14.76,22.66,6.2,42.46,0.03,2.16,0.13,14.48,14.07,13.54,2.02,4,104,2012,13.90857142857143,0.8328571428571448,13.42,0.22,2.77,14.95,0.0,8.53,0.01
2012-04-14,14.48,21.46,7.72,48.76,0.13,2.48,0.12,13.86,14.76,13.02,0.03,4,105,2012,14.117142857142856,0.8057142857142877,13.77,1.8,0.32,13.95,0.0,8.39,0.06
2012-04-15,13.86,21.03,8.51,51.35,0.12,2.33,0.0,14.18,14.48,13.95,0.13,4,106,2012,14.104285714285712,0.6414285714285735,14.07,2.02,1.27,14.95,0.0,10.05,0.0
2012-04-16,14.18,21.62,7.54,44.86,0.0,2.18,0.01,15.16,13.86,14.37,0.12,4,107,2012,14.077142857142857,0.6171428571428592,14.76,0.03,0.17,15.44,0.0,10.43,0.0
2012-04-17,15.16,22.67,7.66,47.47,0.01,2.38,0.0,16.13,14.18,13.42,0.0,4,108,2012,14.325714285714286,0.5871428571428591,14.48,0.13,0.22,14.84,2.56,11.21,0.0
2012-04-18,16.13,23.74,8.29,42.57,0.0,2.21,0.0,16.89,15.16,13.77,0.01,4,109,2012,14.66285714285714,0.330000000000002,13.86,0.12,1.8,15.39,0.1,13.22,0.0
2012-04-19,16.89,24.76,9.64,42.73,0.0,2.46,0.01,16.92,16.13,14.07,0.0,4,110,2012,15.065714285714288,0.04142857142857346,14.18,0.0,2.02,15.38,0.28,14.4,0.0
2012-04-20,16.92,22.34,12.67,42.04,0.01,1.54,0.44,16.98,16.89,14.76,0.0,4,111,2012,15.374285714285715,0.0385714285714306,15.16,0.01,0.03,13.54,2.77,14.57,0.0
2012-04-21,16.98,23.31,12.12,45.42,0.44,2.0,0.0,16.24,16.92,14.48,0.01,4,112,2012,15.731428571428571,0.08285714285714488,16.13,0.0,0.13,13.02,0.32,14.11,0.0
2012-04-22,16.24,24.07,10.28,41.02,0.0,2.63,0.0,15.52,16.98,13.86,0.44,4,113,2012,16.071428571428573,0.06571428571428775,16.89,0.0,0.12,13.95,1.27,14.85,0.0
2012-04-23,15.52,23.21,8.49,36.94,0.0,2.74,0.0,16.56,16.24,14.18,0.0,4,114,2012,16.262857142857143,0.06571428571428775,16.92,0.01,0.0,14.37,0.17,13.73,0.0
2012-04-24,16.56,24.41,8.94,34.58,0.0,2.5,0.0,16.77,15.52,15.16,0.0,4,115,2012,16.462857142857143,0.06428571428571632,16.98,0.44,0.01,13.42,0.22,13.43,0.0
2012-04-25,16.77,24.08,8.73,33.65,0.0,2.42,0.01,16.95,16.56,16.13,0.0,4,116,2012,16.554285714285715,0.06428571428571632,16.24,0.0,0.0,13.77,1.8,13.76,0.08
2012-04-26,16.95,24.8,9.92,35.92,0.01,2.25,0.0,16.96,16.77,16.89,0.0,4,117,2012,16.562857142857144,0.06571428571428775,15.52,0.0,0.0,14.07,2.02,14.47,0.0
2012-04-27,16.96,24.9,9.79,38.01,0.0,2.61,0.0,15.83,16.95,16.92,0.01,4,118,2012,16.568571428571428,0.06428571428571632,16.56,0.0,0.01,14.76,0.03,14.64,0.19
2012-04-28,15.83,23.22,8.87,37.67,0.0,2.58,0.0,15.33,16.96,16.98,0.0,4,119,2012,16.404285714285713,0.0014285714285734586,16.77,0.0,0.44,14.48,0.13,13.8,0.0
2012-04-29,15.33,22.63,8.25,40.05,0.0,2.49,0.0,15.66,15.83,16.24,0.0,4,120,2012,16.274285714285714,0.0014285714285734586,16.95,0.01,0.0,13.86,0.12,14.95,0.0
2012-04-30,15.66,23.62,8.67,34.54,0.0,2.22,0.02,15.93,15.33,15.52,0.0,4,121,2012,16.294285714285714,0.0014285714285734586,16.96,0.0,0.0,14.18,0.0,13.95,0.0
2012-05-01,15.93,23.87,8.58,27.58,0.02,2.3,0.0,15.46,15.66,16.56,0.0,5,122,2012,16.204285714285714,0.0042857142857163156,15.83,0.0,0.0,15.16,0.01,14.95,0.0
2012-05-02,15.46,23.17,7.67,29.21,0.0,2.16,0.01,15.42,15.93,16.77,0.02,5,123,2012,16.017142857142858,0.004285714285716316,15.33,0.0,0.0,16.13,0.0,15.44,0.0
2012-05-03,15.42,22.64,7.76,28.27,0.01,2.25,0.52,15.22,15.46,16.95,0.0,5,124,2012,15.79857142857143,0.004285714285716316,15.66,0.0,0.01,16.89,0.0,14.84,2.56
2012-05-04,15.22,21.69,8.88,37.58,0.52,1.96,0.91,13.88,15.42,16.96,0.01,5,125,2012,15.549999999999999,0.07857142857143061,15.93,0.02,0.0,16.92,0.01,15.39,0.1
2012-05-05,13.88,18.61,8.68,53.52,0.91,1.57,0.03,15.22,15.22,15.83,0.52,5,126,2012,15.271428571428572,0.2085714285714306,15.46,0.0,0.0,16.98,0.44,15.38,0.28
2012-05-06,15.22,21.43,8.85,49.45,0.03,1.95,0.25,17.59,13.88,15.33,0.91,5,127,2012,15.255714285714287,0.21285714285714488,15.42,0.01,0.0,16.24,0.0,13.54,2.77
2012-05-07,17.59,24.07,11.46,42.52,0.25,2.06,1.2,18.52,15.22,15.66,0.03,5,128,2012,15.531428571428572,0.24857142857143064,15.22,0.52,0.0,15.52,0.0,13.02,0.32
2012-05-08,18.52,25.14,12.92,44.23,1.2,1.95,1.41,18.43,17.59,15.93,0.25,5,129,2012,15.901428571428571,0.41714285714285915,13.88,0.91,0.02,16.56,0.0,13.95,1.27
2012-05-09,18.43,25.14,12.21,50.48,1.41,1.82,0.6,18.08,18.52,15.46,1.2,5,130,2012,16.325714285714287,0.6185714285714307,15.22,0.03,0.0,16.77,0.0,14.37,0.17
2012-05-10,18.08,23.59,13.5,57.63,0.6,1.83,0.2,16.85,18.43,15.42,1.41,5,131,2012,16.705714285714286,0.7028571428571448,17.59,0.25,0.01,16.95,0.01,13.42,0.22
2012-05-11,16.85,20.9,13.4,74.95,0.2,1.59,0.03,19.05,18.08,15.22,0.6,5,132,2012,16.93857142857143,0.6571428571428591,18.52,1.2,0.52,16.96,0.0,13.77,1.8
2012-05-12,19.05,25.91,12.01,54.64,0.03,2.25,0.0,19.46,16.85,13.88,0.2,5,133,2012,17.677142857142858,0.5314285714285735,18.43,1.41,0.91,15.83,0.0,14.07,2.02
2012-05-13,19.46,26.71,12.0,40.64,0.0,2.53,0.02,19.48,19.05,15.22,0.03,5,134,2012,18.282857142857143,0.5271428571428591,18.08,0.6,0.03,15.33,0.0,14.76,0.03
2012-05-14,19.48,27.06,11.2,31.75,0.02,2.52,0.04,19.35,19.46,17.59,0.0,5,135,2012,18.552857142857142,0.49428571428571627,16.85,0.2,0.25,15.66,0.0,14.48,0.13
2012-05-15,19.35,26.77,12.8,30.93,0.04,2.16,0.0,18.38,19.48,18.52,0.02,5,136,2012,18.67142857142857,0.32857142857143057,19.05,0.03,1.2,15.93,0.02,13.86,0.12
2012-05-16,18.38,25.31,10.93,32.6,0.0,2.11,0.01,19.8,19.35,18.43,0.04,5,137,2012,18.664285714285715,0.12714285714285917,19.46,0.0,1.41,15.46,0.0,14.18,0.0
2012-05-17,19.8,26.95,12.22,32.93,0.01,2.1,0.25,20.07,18.38,18.08,0.0,5,138,2012,18.91,0.042857142857144884,19.48,0.02,0.6,15.42,0.01,15.16,0.01
2012-05-18,20.07,26.73,13.68,36.61,0.25,2.18,0.11,20.26,19.8,16.85,0.01,5,139,2012,19.37,0.05000000000000203,19.35,0.04,0.2,15.22,0.52,16.13,0.0
2012-05-19,20.26,27.5,13.4,36.8,0.11,2.09,0.0,19.78,20.07,19.05,0.25,5,140,2012,19.542857142857144,0.06142857142857345,18.38,0.0,0.03,13.88,0.91,16.89,0.0
2012-05-20,19.78,26.81,12.89,36.99,0.0,2.09,0.03,19.76,20.26,19.46,0.11,5,141,2012,19.58857142857143,0.06142857142857345,19.8,0.01,0.0,15.22,0.03,16.92,0.01
2012-05-21,19.76,26.47,13.5,35.25,0.03,2.12,0.0,20.06,19.78,19.48,0.0,5,142,2012,19.62857142857143,0.06285714285714489,20.07,0.25,0.02,17.59,0.25,16.98,0.44
2012-05-22,20.06,27.84,11.93,28.26,0.0,2.29,0.0,20.92,19.76,19.35,0.03,5,143,2012,19.73,0.057142857142859174,20.26,0.11,0.04,18.52,1.2,16.24,0.0
2012-05-23,20.92,28.15,13.42,24.25,0.0,2.28,0.0,21.29,20.06,18.38,0.0,5,144,2012,20.092857142857145,0.057142857142859174,19.78,0.0,0.0,18.43,1.41,15.52,0.0
2012-05-24,21.29,28.44,14.32,21.63,0.0,2.03,0.0,20.98,20.92,19.8,0.0,5,145,2012,20.305714285714284,0.05571428571428775,19.76,0.03,0.01,18.08,0.6,16.56,0.0
2012-05-25,20.98,27.62,14.82,27.19,0.0,2.14,0.0,21.15,21.29,20.07,0.0,5,146,2012,20.435714285714287,0.020000000000002034,20.06,0.0,0.25,16.85,0.2,16.77,0.0
2012-05-26,21.15,27.75,15.06,36.38,0.0,1.92,0.58,21.33,20.98,20.26,0.0,5,147,2012,20.562857142857144,0.0042857142857163156,20.92,0.0,0.11,19.05,0.03,16.95,0.01
2012-05-27,21.33,27.39,15.73,46.44,0.58,1.8,3.3,21.08,21.15,19.78,0.0,5,148,2012,20.784285714285716,0.08714285714285917,21.29,0.0,0.0,19.46,0.0,16.96,0.0
2012-05-28,21.08,26.98,15.66,55.32,3.3,1.9,0.06,21.29,21.33,19.76,0.58,5,149,2012,20.972857142857144,0.5542857142857163,20.98,0.0,0.03,19.48,0.02,15.83,0.0
2012-05-29,21.29,27.16,15.55,54.53,0.06,1.84,1.88,21.52,21.08,20.06,3.3,5,150,2012,21.148571428571426,0.5628571428571448,21.15,0.0,0.0,19.35,0.04,15.33,0.0
2012-05-30,21.52,27.67,16.35,55.17,1.88,1.7,36.67,19.64,21.29,20.92,0.06,5,151,2012,21.23428571428571,0.8314285714285735,21.33,0.58,0.0,18.38,0.0,15.66,0.0
2012-05-31,19.64,24.04,15.34,75.67,36.67,1.62,4.22,20.26,21.52,21.29,1.88,5,152,2012,20.998571428571427,6.070000000000002,21.08,3.3,0.0,19.8,0.01,15.93,0.02
2012-06-01,20.26,25.56,15.96,72.42,4.22,1.55,9.01,19.7,19.64,20.98,36.67,6,153,2012,20.895714285714288,6.672857142857145,21.29,0.06,0.0,20.07,0.25,15.46,0.0
2012-06-02,19.7,24.63,15.76,75.95,9.01,1.72,0.02,21.04,20.26,21.15,4.22,6,154,2012,20.68857142857143,7.960000000000002,21.52,1.88,0.0,20.26,0.11,15.42,0.01
2012-06-03,21.04,27.71,15.31,52.6,0.02,2.52,0.6,20.92,19.7,21.33,9.01,6,155,2012,20.647142857142857,7.880000000000003,19.64,36.67,0.58,19.78,0.0,15.22,0.52
2012-06-04,20.92,27.62,14.72,41.54,0.6,2.28,1.23,20.49,21.04,21.08,0.02,6,156,2012,20.624285714285715,7.494285714285716,20.26,4.22,3.3,19.76,0.03,13.88,0.91
2012-06-05,20.49,26.62,14.5,42.3,1.23,2.31,0.04,20.23,20.92,21.29,0.6,6,157,2012,20.509999999999998,7.661428571428574,19.7,9.01,0.06,20.06,0.0,15.22,0.03
2012-06-06,20.23,25.77,15.6,48.74,0.04,2.26,0.69,20.36,20.49,21.52,1.23,6,158,2012,20.325714285714287,7.39857142857143,21.04,0.02,1.88,20.92,0.0,17.59,0.25
2012-06-07,20.36,26.62,14.25,51.37,0.69,2.25,0.06,20.61,20.23,19.64,0.04,6,159,2012,20.428571428571427,2.2585714285714307,20.92,0.6,36.67,21.29,0.0,18.52,1.2
2012-06-08,20.61,25.92,15.32,55.41,0.06,1.99,0.2,21.34,20.36,20.26,0.69,6,160,2012,20.478571428571428,1.6642857142857164,20.49,1.23,4.22,20.98,0.0,18.43,1.41
2012-06-09,21.34,27.29,15.65,47.25,0.2,2.0,0.0,20.52,20.61,19.7,0.06,6,161,2012,20.712857142857143,0.40571428571428797,20.23,0.04,9.01,21.15,0.0,18.08,0.6
2012-06-10,20.52,26.83,13.69,41.65,0.0,1.97,0.02,20.83,21.34,21.04,0.2,6,162,2012,20.638571428571428,0.4028571428571452,20.36,0.69,0.02,21.33,0.58,16.85,0.2
2012-06-11,20.83,26.93,14.34,41.94,0.02,2.08,0.01,20.63,20.52,20.92,0.0,6,163,2012,20.625714285714285,0.3200000000000022,20.61,0.06,0.6,21.08,3.3,19.05,0.03
2012-06-12,20.63,26.76,14.07,45.92,0.01,1.82,0.12,21.45,20.83,20.49,0.02,6,164,2012,20.645714285714284,0.145714285714288,21.34,0.2,1.23,21.29,0.06,19.46,0.0
2012-06-13,21.45,26.35,16.93,55.71,0.12,1.85,0.33,22.62,20.63,20.23,0.01,6,165,2012,20.819999999999997,0.15714285714285942,20.52,0.0,0.04,21.52,1.88,19.48,0.02
2012-06-14,22.62,28.17,17.19,48.04,0.33,2.05,0.45,22.59,21.45,20.36,0.12,6,166,2012,21.142857142857142,0.105714285714288,20.83,0.02,0.69,19.64,36.67,19.35,0.04
2012-06-15,22.59,28.53,17.46,41.16,0.45,2.25,2.75,21.35,22.62,20.61,0.33,6,167,2012,21.425714285714285,0.1614285714285737,20.63,0.01,0.06,20.26,4.22,18.38,0.0
2012-06-16,21.35,26.81,16.68,47.93,2.75,2.06,3.28,19.73,22.59,21.34,0.45,6,168,2012,21.427142857142854,0.5257142857142879,21.45,0.12,0.2,19.7,9.01,19.8,0.01
2012-06-17,19.73,24.63,15.6,65.63,3.28,1.71,1.05,19.43,21.35,20.52,2.75,6,169,2012,21.314285714285717,0.9942857142857164,22.62,0.33,0.0,21.04,0.02,20.07,0.25
2012-06-18,19.43,24.17,15.58,76.78,1.05,2.01,0.33,20.2,19.73,20.83,3.28,6,170,2012,21.114285714285717,1.1414285714285737,22.59,0.45,0.02,20.92,0.6,20.26,0.11
2012-06-19,20.2,24.82,16.58,77.48,0.33,2.34,3.08,21.11,19.43,20.63,1.05,6,171,2012,21.052857142857142,1.1871428571428593,21.35,2.75,0.01,20.49,1.23,19.78,0.0
2012-06-20,21.11,26.21,16.54,73.82,3.08,2.24,22.59,19.04,20.2,21.45,0.33,6,172,2012,21.004285714285714,1.6100000000000023,19.73,3.28,0.12,20.23,0.04,19.76,0.03
2012-06-21,19.04,21.85,17.28,86.97,22.59,1.75,10.08,18.56,21.11,22.62,3.08,6,173,2012,20.49285714285714,4.790000000000002,19.43,1.05,0.33,20.36,0.69,20.06,0.0
2012-06-22,18.56,22.33,15.48,82.51,10.08,1.63,3.21,18.8,19.04,22.59,22.59,6,174,2012,19.91714285714286,6.165714285714287,20.2,0.33,0.45,20.61,0.06,20.92,0.0
2012-06-23,18.8,22.41,15.92,86.04,3.21,1.9,4.6,18.7,18.56,21.35,10.08,6,175,2012,19.552857142857142,6.231428571428573,21.11,3.08,2.75,21.34,0.2,21.29,0.0
2012-06-24,18.7,21.98,16.48,88.5,4.6,1.96,0.64,20.82,18.8,19.73,3.21,6,176,2012,19.405714285714286,6.420000000000003,19.04,22.59,3.28,20.52,0.0,20.98,0.0
2012-06-25,20.82,25.52,16.64,71.86,0.64,2.57,0.05,21.52,18.7,19.43,4.6,6,177,2012,19.604285714285712,6.361428571428574,18.56,10.08,1.05,20.83,0.02,21.15,0.0
2012-06-26,21.52,26.09,17.48,49.83,0.05,2.16,0.24,20.68,20.82,20.2,0.64,6,178,2012,19.79285714285714,6.321428571428574,18.8,3.21,0.33,20.63,0.01,21.33,0.58
2012-06-27,20.68,26.15,16.12,52.01,0.24,2.17,0.0,20.26,21.52,21.11,0.05,6,179,2012,19.731428571428573,5.915714285714288,18.7,4.6,3.08,21.45,0.12,21.08,3.3
2012-06-28,20.26,24.8,16.88,66.89,0.0,1.85,0.01,20.59,20.68,19.04,0.24,6,180,2012,19.905714285714286,2.688571428571431,20.82,0.64,22.59,22.62,0.33,21.29,0.06
2012-06-29,20.59,25.26,16.31,70.55,0.01,1.92,0.08,20.34,20.26,18.56,0.0,6,181,2012,20.195714285714285,1.250000000000002,21.52,0.05,10.08,22.59,0.45,21.52,1.88
2012-06-30,20.34,24.75,16.93,76.02,0.08,1.89,0.94,19.39,20.59,18.8,0.01,6,182,2012,20.415714285714284,0.8028571428571448,20.68,0.24,3.21,21.35,2.75,19.64,36.67
2012-07-01,19.39,22.38,16.63,78.01,0.94,1.61,7.16,20.42,20.34,18.7,0.08,7,183,2012,20.514285714285712,0.280000000000002,20.26,0.0,4.6,19.73,3.28,20.26,4.22
2012-07-02,20.42,25.71,16.66,80.67,7.16,2.08,14.54,19.07,19.39,20.82,0.94,7,184,2012,20.45714285714286,1.2114285714285735,20.59,0.01,0.64,19.43,1.05,19.7,9.01
2012-07-03,19.07,23.08,16.26,85.08,14.54,1.87,6.01,19.27,20.42,21.52,7.16,7,185,2012,20.107142857142858,3.2814285714285734,20.34,0.08,0.05,20.2,0.33,21.04,0.02
2012-07-04,19.27,23.91,15.61,79.46,6.01,1.91,11.19,18.99,19.07,20.68,14.54,7,186,2012,19.905714285714286,4.105714285714288,19.39,0.94,0.24,21.11,3.08,20.92,0.6
2012-07-05,18.99,22.86,15.27,83.16,11.19,1.76,11.62,18.09,19.27,20.26,6.01,7,187,2012,19.724285714285713,5.704285714285716,20.42,7.16,0.0,19.04,22.59,20.49,1.23
2012-07-06,18.09,20.96,15.25,84.3,11.62,1.41,5.69,18.26,18.99,20.59,11.19,7,188,2012,19.367142857142856,7.362857142857145,19.07,14.54,0.01,18.56,10.08,20.23,0.04
2012-07-07,18.26,21.85,15.11,79.29,5.69,1.7,0.49,19.47,18.09,20.34,11.62,7,189,2012,19.07,8.164285714285716,19.27,6.01,0.08,18.8,3.21,20.36,0.69
2012-07-08,19.47,23.61,15.89,77.02,0.49,1.99,0.85,19.49,18.26,19.39,5.69,7,190,2012,19.08142857142857,8.100000000000001,18.99,11.19,0.94,18.7,4.6,20.61,0.06
2012-07-09,19.49,23.72,15.52,82.3,0.85,1.96,2.67,19.5,19.47,20.42,0.49,7,191,2012,18.948571428571427,7.198571428571429,18.09,11.62,7.16,20.82,0.64,21.34,0.2
2012-07-10,19.5,23.52,15.71,81.9,2.67,1.91,8.6,18.98,19.49,19.07,0.85,7,192,2012,19.009999999999998,5.5028571428571444,18.26,5.69,14.54,21.52,0.05,20.52,0.0
2012-07-11,18.98,21.85,16.77,88.87,8.6,1.98,6.55,18.74,19.5,19.27,2.67,7,193,2012,18.96857142857143,5.8728571428571446,19.47,0.49,6.01,20.68,0.24,20.83,0.02
2012-07-12,18.74,21.72,16.7,89.48,6.55,1.33,5.97,19.11,18.98,18.99,8.6,7,194,2012,18.93285714285714,5.210000000000002,19.49,0.85,11.19,20.26,0.0,20.63,0.01
2012-07-13,19.11,23.66,15.98,84.94,5.97,2.32,21.56,18.83,18.74,18.09,6.55,7,195,2012,19.07857142857143,4.402857142857145,19.5,2.67,11.62,20.59,0.01,21.45,0.12
2012-07-14,18.83,23.31,15.07,85.42,21.56,2.26,33.95,18.52,19.11,18.26,5.97,7,196,2012,19.16,6.670000000000002,18.98,8.6,5.69,20.34,0.08,22.62,0.33
2012-07-15,18.52,22.82,15.26,86.94,33.95,1.78,17.79,18.69,18.83,19.47,21.56,7,197,2012,19.024285714285714,11.450000000000001,18.74,6.55,0.49,19.39,0.94,22.59,0.45
2012-07-16,18.69,22.17,15.58,88.34,17.79,1.86,2.8,18.9,18.52,19.49,33.95,7,198,2012,18.91,13.870000000000003,19.11,5.97,0.85,20.42,7.16,21.35,2.75
2012-07-17,18.9,23.03,14.97,88.02,2.8,2.29,7.94,18.51,18.69,19.5,17.79,7,199,2012,18.824285714285715,13.88857142857143,18.83,21.56,2.67,19.07,14.54,19.73,3.28
2012-07-18,18.51,21.27,16.39,91.48,7.94,1.92,15.28,17.99,18.9,18.98,2.8,7,200,2012,18.75714285714286,13.794285714285715,18.52,33.95,8.6,19.27,6.01,19.43,1.05
2012-07-19,17.99,21.18,16.14,91.57,15.28,1.27,1.97,19.07,18.51,18.74,7.94,7,201,2012,18.650000000000002,15.041428571428572,18.69,17.79,6.55,18.99,11.19,20.2,0.33
2012-07-20,19.07,22.62,16.4,79.92,1.97,1.23,1.64,19.6,17.99,19.11,15.28,7,202,2012,18.64428571428571,14.47,18.9,2.8,5.97,18.09,11.62,21.11,3.08
2012-07-21,19.6,23.64,16.25,82.02,1.64,1.76,6.51,18.62,19.07,18.83,1.97,7,203,2012,18.754285714285714,11.624285714285717,18.51,7.94,21.56,18.26,5.69,19.04,22.59
2012-07-22,18.62,22.2,16.43,88.93,6.51,1.55,11.58,19.02,19.6,18.52,1.64,7,204,2012,18.768571428571427,7.704285714285716,17.99,15.28,33.95,19.47,0.49,18.56,10.08
2012-07-23,19.02,22.81,15.77,87.52,11.58,1.84,15.61,17.96,18.62,18.69,6.51,7,205,2012,18.815714285714286,6.817142857142859,19.07,1.97,17.79,19.49,0.85,18.8,3.21
2012-07-24,17.96,20.04,16.08,91.94,15.61,1.62,6.17,18.62,19.02,18.9,11.58,7,206,2012,18.681428571428572,8.647142857142859,19.6,1.64,2.8,19.5,2.67,18.7,4.6
2012-07-25,18.62,22.28,15.73,84.75,6.17,1.3,1.18,19.57,17.96,18.51,15.61,7,207,2012,18.697142857142858,8.394285714285717,18.62,6.51,7.94,18.98,8.6,20.82,0.64
2012-07-26,19.57,23.8,16.09,85.63,1.18,1.72,9.03,18.59,18.62,17.99,6.17,7,208,2012,18.922857142857143,6.380000000000003,19.02,11.58,15.28,18.74,6.55,21.52,0.05
2012-07-27,18.59,21.27,16.54,91.18,9.03,1.48,4.01,19.18,19.57,19.07,1.18,7,209,2012,18.854285714285712,7.388571428571431,17.96,15.61,1.97,19.11,5.97,20.68,0.24
2012-07-28,19.18,22.88,15.66,87.34,4.01,1.91,3.46,18.98,18.59,19.6,9.03,7,210,2012,18.794285714285714,7.727142857142859,18.62,6.17,1.64,18.83,21.56,20.26,0.0
2012-07-29,18.98,23.25,15.64,86.71,3.46,1.68,1.4,19.14,19.18,18.62,4.01,7,211,2012,18.845714285714287,7.291428571428574,19.57,1.18,6.51,18.52,33.95,20.59,0.01
2012-07-30,19.14,24.17,15.1,85.52,1.4,1.51,6.89,18.76,18.98,19.02,3.46,7,212,2012,18.862857142857145,5.837142857142859,18.59,9.03,11.58,18.69,17.79,20.34,0.08
2012-07-31,18.76,21.69,16.35,91.11,6.89,1.67,1.73,18.74,19.14,17.96,1.4,7,213,2012,18.97714285714286,4.591428571428573,19.18,4.01,15.61,18.9,2.8,19.39,0.94
2012-08-01,18.74,22.06,16.37,90.39,1.73,1.98,3.04,18.6,18.76,18.62,6.89,8,214,2012,18.994285714285713,3.9571428571428586,18.98,3.46,6.17,18.51,7.94,20.42,7.16
2012-08-02,18.6,22.46,15.45,88.29,3.04,2.01,5.52,18.14,18.74,19.57,1.73,8,215,2012,18.85571428571429,4.222857142857145,19.14,1.4,1.18,17.99,15.28,19.07,14.54
2012-08-03,18.14,21.16,16.02,89.99,5.52,1.61,3.27,19.04,18.6,18.59,3.04,8,216,2012,18.791428571428572,3.721428571428573,18.76,6.89,9.03,19.07,1.97,19.27,6.01
2012-08-04,19.04,23.36,15.57,82.25,3.27,1.64,1.34,19.19,18.14,19.18,5.52,8,217,2012,18.771428571428572,3.615714285714288,18.74,1.73,4.01,19.6,1.64,18.99,11.19
2012-08-05,19.19,23.08,16.42,82.57,1.34,1.63,1.19,18.95,19.04,18.98,3.27,8,218,2012,18.801428571428573,3.312857142857145,18.6,3.04,3.46,18.62,6.51,18.09,11.62
2012-08-06,18.95,23.32,15.75,87.21,1.19,1.62,0.72,18.74,19.19,19.14,1.34,8,219,2012,18.774285714285718,3.2828571428571443,18.14,5.52,1.4,19.02,11.58,18.26,5.69
2012-08-07,18.74,22.84,15.76,87.41,0.72,1.53,4.93,17.75,18.95,18.76,1.19,8,220,2012,18.771428571428572,2.4014285714285735,19.04,3.27,6.89,17.96,15.61,19.47,0.49
2012-08-08,17.75,20.54,15.11,88.44,4.93,1.31,5.51,18.48,18.74,18.74,0.72,8,221,2012,18.63,2.8585714285714303,19.19,1.34,1.73,18.62,6.17,19.49,0.85
2012-08-09,18.48,22.28,15.17,84.18,5.51,1.45,24.94,19.08,17.75,18.6,4.93,8,222,2012,18.612857142857145,3.211428571428573,18.95,1.19,3.04,19.57,1.18,19.5,2.67
2012-08-10,19.08,23.51,16.03,84.67,24.94,1.52,4.07,18.2,18.48,18.14,5.51,8,223,2012,18.747142857142855,5.985714285714288,18.74,0.72,5.52,18.59,9.03,18.98,8.6
2012-08-11,18.2,22.18,15.07,88.35,4.07,1.65,3.35,17.74,19.08,19.04,24.94,8,224,2012,18.627142857142854,6.100000000000002,17.75,4.93,3.27,19.18,4.01,18.74,6.55
2012-08-12,17.74,22.05,14.24,88.7,3.35,1.94,1.62,17.73,18.2,19.19,4.07,8,225,2012,18.419999999999998,6.38714285714286,18.48,5.51,1.34,18.98,3.46,19.11,5.97
2012-08-13,17.73,21.97,14.44,86.79,1.62,1.63,5.12,18.91,17.74,18.95,3.35,8,226,2012,18.245714285714286,6.448571428571432,19.08,24.94,1.19,19.14,1.4,18.83,21.56
2012-08-14,18.91,23.46,15.08,85.89,5.12,1.71,18.63,18.54,17.73,18.74,1.62,8,227,2012,18.27,7.077142857142859,18.2,4.07,0.72,18.76,6.89,18.52,33.95
2012-08-15,18.54,21.22,15.77,89.73,18.63,1.18,19.73,19.68,18.91,17.75,5.12,8,228,2012,18.382857142857144,9.034285714285716,17.74,3.35,4.93,18.74,1.73,18.69,17.79
2012-08-16,19.68,23.88,16.57,85.81,19.73,1.35,36.68,19.49,18.54,18.48,18.63,8,229,2012,18.554285714285715,11.065714285714288,17.73,1.62,5.51,18.6,3.04,18.9,2.8
2012-08-17,19.49,23.39,16.9,89.23,36.68,1.38,10.97,19.22,19.68,19.08,19.73,8,230,2012,18.61285714285714,12.742857142857146,18.91,5.12,24.94,18.14,5.52,18.51,7.94
2012-08-18,19.22,23.15,16.13,86.25,10.97,1.33,4.31,19.22,19.49,18.2,36.68,8,231,2012,18.75857142857143,13.728571428571431,18.54,18.63,4.07,19.04,3.27,17.99,15.28
2012-08-19,19.22,23.15,16.12,88.64,4.31,1.63,5.79,17.5,19.22,17.74,10.97,8,232,2012,18.97,13.865714285714288,19.68,19.73,3.35,19.19,1.34,19.07,1.97
2012-08-20,17.5,19.76,15.74,94.66,5.79,1.25,12.22,17.72,19.22,17.73,4.31,8,233,2012,18.937142857142856,14.461428571428574,19.49,36.68,1.62,18.95,1.19,19.6,1.64
2012-08-21,17.72,20.92,15.07,90.85,12.22,1.53,8.79,16.96,17.5,18.91,5.79,8,234,2012,18.767142857142858,15.47571428571429,19.22,10.97,5.12,18.74,0.72,18.62,6.51
2012-08-22,16.96,19.59,14.6,90.99,8.79,1.27,2.2,17.46,17.72,18.54,12.22,8,235,2012,18.541428571428572,14.070000000000002,19.22,4.31,18.63,17.75,4.93,19.02,11.58
2012-08-23,17.46,21.16,14.61,84.36,2.2,1.57,4.83,17.47,16.96,19.68,8.79,8,236,2012,18.224285714285713,11.56571428571429,17.5,5.79,19.73,18.48,5.51,17.96,15.61
2012-08-24,17.47,20.5,15.1,92.1,4.83,1.52,4.22,18.4,17.46,19.49,2.2,8,237,2012,17.935714285714287,7.015714285714288,17.72,12.22,36.68,19.08,24.94,18.62,6.17
2012-08-25,18.4,22.98,14.68,86.06,4.22,1.75,9.94,17.93,17.47,19.22,4.83,8,238,2012,17.818571428571428,6.051428571428573,16.96,8.79,10.97,18.2,4.07,19.57,1.18
2012-08-26,17.93,22.36,13.89,80.23,9.94,1.71,12.5,17.67,18.4,19.22,4.22,8,239,2012,17.634285714285713,6.855714285714287,17.46,2.2,4.31,17.74,3.35,18.59,9.03
2012-08-27,17.67,21.48,14.57,87.46,12.5,1.51,1.03,18.24,17.93,17.5,9.94,8,240,2012,17.658571428571427,7.814285714285717,17.47,4.83,5.79,17.73,1.62,19.18,4.01
2012-08-28,18.24,22.25,15.15,87.62,1.03,1.56,4.52,17.97,17.67,17.72,12.5,8,241,2012,17.732857142857142,6.215714285714287,18.4,4.22,12.22,18.91,5.12,18.98,3.46
2012-08-29,17.97,21.12,15.45,89.81,4.52,1.34,3.8,18.25,18.24,16.96,1.03,8,242,2012,17.877142857142854,5.605714285714288,17.93,9.94,8.79,18.54,18.63,19.14,1.4
2012-08-30,18.25,22.21,14.93,86.2,3.8,1.49,12.26,17.97,17.97,17.46,4.52,8,243,2012,17.990000000000002,5.834285714285715,17.67,12.5,2.2,19.68,19.73,18.76,6.89
2012-08-31,17.97,21.68,14.69,87.59,12.26,1.59,8.62,18.34,18.25,17.47,3.8,8,244,2012,18.06142857142857,6.895714285714287,18.24,1.03,4.83,19.49,36.68,18.74,1.73
2012-09-01,18.34,22.27,15.07,88.68,8.62,1.27,11.08,17.78,17.97,18.4,12.26,9,245,2012,18.052857142857142,7.524285714285717,17.97,4.52,4.22,19.22,10.97,18.6,3.04
2012-09-02,17.78,21.43,15.52,90.32,11.08,1.22,10.84,17.89,18.34,17.93,8.62,9,246,2012,18.03142857142857,7.6871428571428595,18.25,3.8,9.94,19.22,4.31,18.14,5.52
2012-09-03,17.89,22.31,14.42,88.04,10.84,1.74,12.14,17.12,17.78,17.67,11.08,9,247,2012,18.062857142857144,7.450000000000003,17.97,12.26,12.5,17.5,5.79,19.04,3.27
2012-09-04,17.12,21.32,13.13,87.39,12.14,1.65,3.18,17.39,17.89,18.24,10.84,9,248,2012,17.90285714285714,9.03714285714286,18.34,8.62,1.03,17.72,12.22,19.19,1.34
2012-09-05,17.39,21.37,14.36,87.3,3.18,1.78,0.32,16.49,17.12,17.97,12.14,9,249,2012,17.82,8.845714285714289,17.78,11.08,4.52,16.96,8.79,18.95,1.19
2012-09-06,16.49,20.13,13.3,87.67,0.32,1.53,0.31,17.4,17.39,18.25,3.18,9,250,2012,17.568571428571428,8.34857142857143,17.89,10.84,3.8,17.46,2.2,18.74,0.72
2012-09-07,17.4,21.71,13.63,81.19,0.31,1.61,8.81,18.49,16.49,17.97,0.32,9,251,2012,17.487142857142857,6.641428571428574,17.12,12.14,12.26,17.47,4.83,17.75,4.93
2012-09-08,18.49,22.84,15.21,79.51,8.81,1.42,1.79,17.9,17.4,18.34,0.31,9,252,2012,17.50857142857143,6.668571428571431,17.39,3.18,8.62,18.4,4.22,18.48,5.51
2012-09-09,17.9,21.52,15.52,84.37,1.79,1.41,9.6,17.41,18.49,17.78,8.81,9,253,2012,17.525714285714287,5.341428571428573,16.49,0.32,11.08,17.93,9.94,19.08,24.94
2012-09-10,17.41,20.8,15.22,91.24,9.6,1.26,17.18,17.72,17.9,17.89,1.79,9,254,2012,17.45714285714286,5.164285714285717,17.4,0.31,10.84,17.67,12.5,18.2,4.07
2012-09-11,17.72,21.37,14.66,88.39,17.18,1.47,19.46,17.64,17.41,17.12,9.6,9,255,2012,17.54285714285714,5.884285714285716,18.49,8.81,12.14,18.24,1.03,17.74,3.35
2012-09-12,17.64,21.56,14.84,88.59,19.46,1.45,11.79,17.09,17.72,17.39,17.18,9,256,2012,17.57857142857143,8.210000000000003,17.9,1.79,3.18,17.97,4.52,17.73,1.62
2012-09-13,17.09,20.35,14.81,91.98,11.79,1.47,10.03,17.17,17.64,16.49,19.46,9,257,2012,17.664285714285715,9.84857142857143,17.41,9.6,0.32,18.25,3.8,18.91,5.12
2012-09-14,17.17,20.91,14.32,89.84,10.03,1.6,22.36,17.04,17.09,17.4,11.79,9,258,2012,17.631428571428568,11.237142857142858,17.72,17.18,0.31,17.97,12.26,18.54,18.63
2012-09-15,17.04,20.2,14.5,91.3,22.36,1.05,19.83,16.98,17.17,18.49,10.03,9,259,2012,17.424285714285713,13.172857142857143,17.64,19.46,8.81,18.34,8.62,19.68,19.73
2012-09-16,16.98,20.33,15.01,91.11,19.83,1.22,7.84,16.21,17.04,17.9,22.36,9,260,2012,17.29285714285714,15.750000000000002,17.09,11.79,1.79,17.78,11.08,19.49,36.68
2012-09-17,16.21,18.77,14.1,90.06,7.84,1.25,1.2,16.37,16.98,17.41,19.83,9,261,2012,17.12142857142857,15.498571428571429,17.17,10.03,9.6,17.89,10.84,19.22,10.97
2012-09-18,16.37,19.04,14.17,85.43,1.2,0.84,0.2,17.26,16.21,17.72,7.84,9,262,2012,16.928571428571427,13.215714285714288,17.04,22.36,17.18,17.12,12.14,19.22,4.31
2012-09-19,17.26,21.34,14.19,83.08,0.2,1.36,0.02,17.11,16.37,17.64,1.2,9,263,2012,16.874285714285715,10.464285714285714,16.98,19.83,19.46,17.39,3.18,17.5,5.79
2012-09-20,17.11,20.84,14.3,85.46,0.02,1.41,0.13,17.09,17.26,17.09,0.2,9,264,2012,16.877142857142857,8.782857142857145,16.21,7.84,11.79,16.49,0.32,17.72,12.22
2012-09-21,17.09,20.83,13.63,85.73,0.13,1.5,0.21,17.15,17.11,17.17,0.02,9,265,2012,16.865714285714287,7.36857142857143,16.37,1.2,10.03,17.4,0.31,16.96,8.79
2012-09-22,17.15,21.55,13.86,85.31,0.21,1.55,0.03,16.75,17.09,17.04,0.13,9,266,2012,16.88142857142857,4.204285714285716,17.26,0.2,22.36,18.49,8.81,17.46,2.2
2012-09-23,16.75,21.47,13.39,82.18,0.03,1.47,0.33,15.88,17.15,16.98,0.21,9,267,2012,16.84857142857143,1.3757142857142877,17.11,0.02,19.83,17.9,1.79,17.47,4.83
2012-09-24,15.88,20.43,12.66,78.77,0.33,1.53,3.29,15.57,16.75,16.21,0.03,9,268,2012,16.80142857142857,0.3028571428571449,17.09,0.13,7.84,17.41,9.6,18.4,4.22
2012-09-25,15.57,20.38,12.13,71.34,3.29,1.3,2.82,16.11,15.88,16.37,0.33,9,269,2012,16.687142857142856,0.6014285714285734,17.15,0.21,1.2,17.72,17.18,17.93,9.94
2012-09-26,16.11,20.98,12.2,73.54,2.82,1.32,0.01,16.97,15.57,17.26,3.29,9,270,2012,16.52285714285714,0.9757142857142878,16.75,0.03,0.2,17.64,19.46,17.67,12.5
2012-09-27,16.97,21.93,13.41,76.46,0.01,1.38,0.0,16.98,16.11,17.11,2.82,9,271,2012,16.502857142857142,0.9742857142857163,15.88,0.33,0.02,17.09,11.79,18.24,1.03
2012-09-28,16.98,21.85,13.17,71.4,0.0,1.43,0.02,17.28,16.97,17.09,0.01,9,272,2012,16.48714285714286,0.9557142857142878,15.57,3.29,0.13,17.17,10.03,17.97,4.52
2012-09-29,17.28,22.06,13.74,77.39,0.02,1.41,2.56,17.0,16.98,17.15,0.0,9,273,2012,16.505714285714287,0.9285714285714306,16.11,2.82,0.21,17.04,22.36,18.25,3.8
2012-09-30,17.0,21.43,13.56,89.11,2.56,1.66,1.26,16.49,17.28,16.75,0.02,9,274,2012,16.541428571428572,1.290000000000002,16.97,0.01,0.03,16.98,19.83,17.97,12.26
2012-10-01,16.49,20.32,13.93,91.22,1.26,1.7,1.84,16.19,17.0,15.88,2.56,10,275,2012,16.62857142857143,1.4228571428571448,16.98,0.0,0.33,16.21,7.84,18.34,8.62
2012-10-02,16.19,20.11,13.58,91.2,1.84,1.38,0.32,16.11,16.49,15.57,1.26,10,276,2012,16.717142857142857,1.2157142857142877,17.28,0.02,3.29,16.37,1.2,17.78,11.08
2012-10-03,16.11,20.09,12.87,89.82,0.32,1.72,0.04,15.34,16.19,16.11,1.84,10,277,2012,16.717142857142857,0.8585714285714305,17.0,2.56,2.82,17.26,0.2,17.89,10.84
2012-10-04,15.34,19.93,12.18,90.82,0.04,1.48,0.62,14.66,16.11,16.97,0.32,10,278,2012,16.484285714285715,0.8628571428571449,16.49,1.26,0.01,17.11,0.02,17.12,12.14
2012-10-05,14.66,20.17,10.51,77.46,0.62,1.39,0.01,14.34,15.34,16.98,0.04,10,279,2012,16.15285714285714,0.9514285714285735,16.19,1.84,0.0,17.09,0.13,17.39,3.18
2012-10-06,14.34,19.61,10.57,58.4,0.01,1.26,0.03,14.88,14.66,17.28,0.62,10,280,2012,15.732857142857142,0.9500000000000021,16.11,0.32,0.02,17.15,0.21,16.49,0.32
2012-10-07,14.88,20.01,11.15,59.51,0.03,1.19,0.91,15.16,14.34,17.0,0.01,10,281,2012,15.429999999999998,0.5885714285714305,15.34,0.04,2.56,16.75,0.03,17.4,0.31
2012-10-08,15.16,20.28,11.61,65.34,0.91,1.24,5.17,14.84,14.88,16.49,0.03,10,282,2012,15.24,0.5385714285714306,14.66,0.62,1.26,15.88,0.33,18.49,8.81
2012-10-09,14.84,20.09,11.35,59.53,5.17,1.13,0.14,14.0,15.16,16.19,0.91,10,283,2012,15.047142857142857,1.0142857142857162,14.34,0.01,1.84,15.57,3.29,17.9,1.79
2012-10-10,14.0,18.76,10.57,67.04,0.14,1.19,0.5,13.91,14.84,16.11,5.17,10,284,2012,14.745714285714286,0.9885714285714304,14.88,0.03,0.32,16.11,2.82,17.41,9.6
2012-10-11,13.91,19.53,9.64,58.61,0.5,1.33,0.0,13.35,14.0,15.34,0.14,10,285,2012,14.541428571428572,1.0542857142857163,15.16,0.91,0.04,16.97,0.01,17.72,17.18
2012-10-12,13.35,18.96,9.68,66.28,0.0,1.33,0.0,12.61,13.91,14.66,0.5,10,286,2012,14.354285714285714,0.9657142857142877,14.84,5.17,0.62,16.98,0.0,17.64,19.46
2012-10-13,12.61,18.0,9.24,70.5,0.0,1.36,0.0,12.16,13.35,14.34,0.0,10,287,2012,14.107142857142858,0.9642857142857162,14.0,0.14,0.01,17.28,0.02,17.09,11.79
2012-10-14,12.16,17.25,8.71,58.51,0.0,1.21,0.0,12.11,12.61,14.88,0.0,10,288,2012,13.718571428571428,0.960000000000002,13.91,0.5,0.03,17.0,2.56,17.17,10.03
2012-10-15,12.11,17.12,8.33,68.97,0.0,1.32,0.0,12.61,12.16,15.16,0.0,10,289,2012,13.282857142857141,0.830000000000002,13.35,0.0,0.91,16.49,1.26,17.04,22.36
2012-10-16,12.61,17.78,9.09,69.3,0.0,1.23,0.0,12.2,12.11,14.84,0.0,10,290,2012,12.964285714285714,0.09142857142857345,12.61,0.0,5.17,16.19,1.84,16.98,19.83
2012-10-17,12.2,16.95,9.07,66.9,0.0,1.31,0.0,12.08,12.61,14.0,0.0,10,291,2012,12.707142857142857,0.07142857142857346,12.16,0.0,0.14,16.11,0.32,16.21,7.84
2012-10-18,12.08,17.54,8.02,60.03,0.0,1.37,0.0,12.07,12.2,13.91,0.0,10,292,2012,12.445714285714285,0.0,12.11,0.0,0.5,15.34,0.04,16.37,1.2
2012-10-19,12.07,17.44,7.99,57.15,0.0,1.32,0.0,12.1,12.08,13.35,0.0,10,293,2012,12.262857142857143,0.0,12.61,0.0,0.0,14.66,0.62,17.26,0.2
2012-10-20,12.1,17.62,8.32,56.39,0.0,1.33,0.0,11.89,12.07,12.61,0.0,10,294,2012,12.19,0.0,12.2,0.0,0.0,14.34,0.01,17.11,0.02
2012-10-21,11.89,17.09,8.11,55.54,0.0,1.08,0.0,12.37,12.1,12.16,0.0,10,295,2012,12.151428571428571,0.0,12.08,0.0,0.0,14.88,0.03,17.09,0.13
2012-10-22,12.37,18.04,8.85,46.59,0.0,1.26,0.0,11.66,11.89,12.11,0.0,10,296,2012,12.18857142857143,0.0,12.07,0.0,0.0,15.16,0.91,17.15,0.21
2012-10-23,11.66,17.23,7.86,43.41,0.0,1.24,0.04,10.85,12.37,12.61,0.0,10,297,2012,12.052857142857144,0.0,12.1,0.0,0.0,14.84,5.17,16.75,0.03
2012-10-24,10.85,16.76,7.44,51.83,0.04,1.36,0.05,10.26,11.66,12.2,0.0,10,298,2012,11.86,0.005714285714287745,11.89,0.0,0.0,14.0,0.14,15.88,0.33
2012-10-25,10.26,15.45,6.18,60.66,0.05,1.31,0.0,9.86,10.85,12.08,0.04,10,299,2012,11.6,0.012857142857144887,12.37,0.0,0.0,13.91,0.5,15.57,3.29
2012-10-26,9.86,15.2,5.9,51.31,0.0,1.18,0.0,10.59,10.26,12.07,0.05,10,300,2012,11.284285714285714,0.012857142857144887,11.66,0.0,0.0,13.35,0.0,16.11,2.82
2012-10-27,10.59,16.34,6.39,44.76,0.0,1.19,0.0,11.16,9.86,12.1,0.0,10,301,2012,11.06857142857143,0.012857142857144887,10.85,0.04,0.0,12.61,0.0,16.97,0.01
2012-10-28,11.16,16.76,6.15,41.87,0.0,1.32,0.0,11.93,10.59,11.89,0.0,10,302,2012,10.964285714285714,0.012857142857144887,10.26,0.05,0.0,12.16,0.0,16.98,0.0
2012-10-29,11.93,17.85,7.81,45.44,0.0,1.25,0.0,12.15,11.16,12.37,0.0,10,303,2012,10.90142857142857,0.012857142857144887,9.86,0.0,0.0,12.11,0.0,17.28,0.02
2012-10-30,12.15,18.1,7.96,43.38,0.0,1.33,0.0,12.13,11.93,11.66,0.0,10,304,2012,10.971428571428572,0.012857142857144887,10.59,0.0,0.0,12.61,0.0,17.0,2.56
2012-10-31,12.13,17.86,8.48,39.51,0.0,1.3,0.0,11.58,12.15,10.85,0.0,10,305,2012,11.154285714285715,0.007142857142859173,11.16,0.0,0.04,12.2,0.0,16.49,1.26
2012-11-01,11.58,17.33,7.66,50.26,0.0,1.32,0.0,11.42,12.13,10.26,0.0,11,306,2012,11.342857142857143,0.0,11.93,0.0,0.05,12.08,0.0,16.19,1.84
2012-11-02,11.42,16.44,7.51,54.06,0.0,1.28,0.02,10.74,11.58,9.86,0.0,11,307,2012,11.565714285714284,0.0,12.15,0.0,0.0,12.07,0.0,16.11,0.32
2012-11-03,10.74,16.14,7.15,56.53,0.02,1.29,1.33,10.62,11.42,10.59,0.0,11,308,2012,11.587142857142856,0.002857142857144887,12.13,0.0,0.0,12.1,0.0,15.34,0.04
2012-11-04,10.62,15.8,7.21,60.58,1.33,1.25,0.13,10.68,10.74,11.16,0.02,11,309,2012,11.51,0.1928571428571449,11.58,0.0,0.0,11.89,0.0,14.66,0.62
2012-11-05,10.68,16.66,7.14,50.47,0.13,1.19,0.0,10.63,10.62,11.93,1.33,11,310,2012,11.331428571428573,0.21142857142857346,11.42,0.0,0.0,12.37,0.0,14.34,0.01
2012-11-06,10.63,16.36,6.74,46.31,0.0,1.21,0.0,9.76,10.68,12.15,0.13,11,311,2012,11.114285714285714,0.21142857142857346,10.74,0.02,0.0,11.66,0.0,14.88,0.03
2012-11-07,9.76,15.41,5.98,45.86,0.0,1.33,0.0,9.1,10.63,12.13,0.0,11,312,2012,10.775714285714287,0.21142857142857346,10.62,1.33,0.0,10.85,0.04,15.16,0.91
2012-11-08,9.1,14.35,5.76,56.52,0.0,1.15,0.0,8.64,9.76,11.58,0.0,11,313,2012,10.421428571428573,0.21142857142857346,10.68,0.13,0.0,10.26,0.05,14.84,5.17
2012-11-09,8.64,14.05,5.04,68.72,0.0,1.4,0.0,9.04,9.1,11.42,0.0,11,314,2012,10.024285714285714,0.21142857142857346,10.63,0.0,0.0,9.86,0.0,14.0,0.14
2012-11-10,9.04,14.42,5.59,61.29,0.0,1.29,0.0,9.35,8.64,10.74,0.0,11,315,2012,9.781428571428572,0.2085714285714306,9.76,0.0,0.02,10.59,0.0,13.91,0.5
2012-11-11,9.35,15.53,5.59,41.3,0.0,1.14,0.0,8.59,9.04,10.62,0.0,11,316,2012,9.6,0.0185714285714306,9.1,0.0,1.33,11.16,0.0,13.35,0.0
2012-11-12,8.59,14.37,4.03,41.37,0.0,1.22,0.0,8.94,9.35,10.68,0.0,11,317,2012,9.301428571428572,0.0,8.64,0.0,0.13,11.93,0.0,12.61,0.0
2012-11-13,8.94,14.91,4.74,51.6,0.0,1.37,0.0,8.84,8.59,10.63,0.0,11,318,2012,9.06,0.0,9.04,0.0,0.0,12.15,0.0,12.16,0.0
2012-11-14,8.84,14.78,4.31,58.64,0.0,1.43,0.0,9.27,8.94,9.76,0.0,11,319,2012,8.928571428571429,0.0,9.35,0.0,0.0,12.13,0.0,12.11,0.0
2012-11-15,9.27,14.95,5.37,57.33,0.0,1.29,0.0,10.08,8.84,9.1,0.0,11,320,2012,8.952857142857143,0.0,8.59,0.0,0.0,11.58,0.0,12.61,0.0
2012-11-16,10.08,16.78,3.83,42.58,0.0,1.31,0.0,11.72,9.27,8.64,0.0,11,321,2012,9.15857142857143,0.0,8.94,0.0,0.0,11.42,0.0,12.2,0.0
2012-11-17,11.72,17.68,7.97,37.13,0.0,1.11,0.0,11.01,10.08,9.04,0.0,11,322,2012,9.54142857142857,0.0,8.84,0.0,0.0,10.74,0.02,12.08,0.0
2012-11-18,11.01,17.32,7.36,34.3,0.0,1.21,0.0,10.27,11.72,9.35,0.0,11,323,2012,9.778571428571428,0.0,9.27,0.0,0.0,10.62,1.33,12.07,0.0
2012-11-19,10.27,16.53,6.68,31.64,0.0,1.1,2.68,10.26,11.01,8.59,0.0,11,324,2012,10.018571428571429,0.0,10.08,0.0,0.0,10.68,0.13,12.1,0.0
2012-11-20,10.26,16.16,6.57,32.4,2.68,1.29,0.64,9.61,10.27,8.94,0.0,11,325,2012,10.207142857142857,0.3828571428571449,11.72,0.0,0.0,10.63,0.0,11.89,0.0
2012-11-21,9.61,15.59,5.98,40.75,0.64,1.37,0.0,9.8,10.26,8.84,2.68,11,326,2012,10.317142857142857,0.47428571428571636,11.01,0.0,0.0,9.76,0.0,12.37,0.0
2012-11-22,9.8,15.99,6.11,45.7,0.0,1.39,0.0,9.68,9.61,9.27,0.64,11,327,2012,10.392857142857142,0.47428571428571636,10.27,0.0,0.0,9.1,0.0,11.66,0.0
2012-11-23,9.68,16.68,5.14,44.6,0.0,1.4,0.0,7.88,9.8,10.08,0.0,11,328,2012,10.335714285714285,0.47428571428571636,10.26,2.68,0.0,8.64,0.0,10.85,0.04
2012-11-24,7.88,14.28,3.49,41.2,0.0,1.34,0.0,6.82,9.68,11.72,0.0,11,329,2012,9.787142857142857,0.47428571428571636,9.61,0.64,0.0,9.04,0.0,10.26,0.05
2012-11-25,6.82,12.99,1.96,49.49,0.0,1.54,0.0,7.45,7.88,11.01,0.0,11,330,2012,9.188571428571427,0.47428571428571636,9.8,0.0,0.0,9.35,0.0,9.86,0.0
2012-11-26,7.45,13.65,4.01,49.59,0.0,1.34,0.0,7.68,6.82,10.27,0.0,11,331,2012,8.785714285714286,0.47428571428571636,9.68,0.0,0.0,8.59,0.0,10.59,0.0
2012-11-27,7.68,13.77,4.09,51.92,0.0,1.34,0.0,8.15,7.45,10.26,0.0,11,332,2012,8.417142857142856,0.09142857142857345,7.88,0.0,2.68,8.94,0.0,11.16,0.0
2012-11-28,8.15,14.03,4.13,52.51,0.0,1.29,0.0,8.44,7.68,9.61,0.0,11,333,2012,8.20857142857143,0.0,6.82,0.0,0.64,8.84,0.0,11.93,0.0
2012-11-29,8.44,14.63,4.81,51.79,0.0,1.37,0.0,8.07,8.15,9.8,0.0,11,334,2012,8.014285714285714,0.0,7.45,0.0,0.0,9.27,0.0,12.15,0.0
2012-11-30,8.07,14.15,3.92,55.02,0.0,1.51,0.0,8.14,8.44,9.68,0.0,11,335,2012,7.784285714285715,0.0,7.68,0.0,0.0,10.08,0.0,12.13,0.0
2012-12-01,8.14,14.86,4.08,49.52,0.0,1.3,0.0,8.62,8.07,7.88,0.0,12,336,2012,7.821428571428571,0.0,8.15,0.0,0.0,11.72,0.0,11.58,0.0
2012-12-02,8.62,15.72,4.65,41.4,0.0,1.34,0.0,9.73,8.14,6.82,0.0,12,337,2012,8.078571428571427,0.0,8.44,0.0,0.0,11.01,0.0,11.42,0.0
2012-12-03,9.73,17.15,5.57,36.5,0.0,1.47,0.0,10.16,8.62,7.45,0.0,12,338,2012,8.404285714285715,0.0,8.07,0.0,0.0,10.27,0.0,10.74,0.02
2012-12-04,10.16,17.1,5.43,37.45,0.0,1.54,0.0,11.74,9.73,7.68,0.0,12,339,2012,8.758571428571429,0.0,8.14,0.0,0.0,10.26,2.68,10.62,1.33
2012-12-05,11.74,17.83,7.59,37.32,0.0,1.19,0.0,11.74,10.16,8.15,0.0,12,340,2012,9.27142857142857,0.0,8.62,0.0,0.0,9.61,0.64,10.68,0.13
2012-12-06,11.74,17.49,7.99,41.36,0.0,1.17,0.0,11.05,11.74,8.44,0.0,12,341,2012,9.742857142857144,0.0,9.73,0.0,0.0,9.8,0.0,10.63,0.0
2012-12-07,11.05,17.67,7.67,42.52,0.0,1.26,0.0,9.53,11.74,8.07,0.0,12,342,2012,10.168571428571429,0.0,10.16,0.0,0.0,9.68,0.0,9.76,0.0
2012-12-08,9.53,15.38,6.22,49.96,0.0,1.31,0.0,8.02,11.05,8.14,0.0,12,343,2012,10.367142857142856,0.0,11.74,0.0,0.0,7.88,0.0,9.1,0.0
2012-12-09,8.02,14.14,4.36,53.72,0.0,1.46,0.0,7.46,9.53,8.62,0.0,12,344,2012,10.281428571428572,0.0,11.74,0.0,0.0,6.82,0.0,8.64,0.0
2012-12-10,7.46,13.52,3.51,49.93,0.0,1.45,0.0,6.93,8.02,9.73,0.0,12,345,2012,9.957142857142857,0.0,11.05,0.0,0.0,7.45,0.0,9.04,0.0
2012-12-11,6.93,13.33,2.77,39.78,0.0,1.4,0.0,5.26,7.46,10.16,0.0,12,346,2012,9.495714285714286,0.0,9.53,0.0,0.0,7.68,0.0,9.35,0.0
2012-12-12,5.26,11.4,1.0,42.71,0.0,1.42,0.0,5.37,6.93,11.74,0.0,12,347,2012,8.569999999999999,0.0,8.02,0.0,0.0,8.15,0.0,8.59,0.0
2012-12-13,5.37,11.26,2.11,50.69,0.0,1.22,0.0,5.79,5.26,11.74,0.0,12,348,2012,7.660000000000001,0.0,7.46,0.0,0.0,8.44,0.0,8.94,0.0
2012-12-14,5.79,12.37,1.01,43.71,0.0,1.49,0.0,6.73,5.37,11.05,0.0,12,349,2012,6.908571428571428,0.0,6.93,0.0,0.0,8.07,0.0,8.84,0.0
2012-12-15,6.73,13.72,1.97,43.31,0.0,1.53,0.0,7.84,5.79,9.53,0.0,12,350,2012,6.508571428571428,0.0,5.26,0.0,0.0,8.14,0.0,9.27,0.0
2012-12-16,7.84,15.66,2.65,41.49,0.0,1.65,0.0,9.14,6.73,8.02,0.0,12,351,2012,6.482857142857143,0.0,5.37,0.0,0.0,8.62,0.0,10.08,0.0
2012-12-17,9.14,16.19,4.21,45.41,0.0,1.48,0.0,9.48,7.84,7.46,0.0,12,352,2012,6.722857142857143,0.0,5.79,0.0,0.0,9.73,0.0,11.72,0.0
2012-12-18,9.48,15.73,5.84,44.04,0.0,1.38,0.0,7.41,9.14,6.93,0.0,12,353,2012,7.087142857142857,0.0,6.73,0.0,0.0,10.16,0.0,11.01,0.0
2012-12-19,7.41,14.54,3.12,47.65,0.0,1.63,0.0,6.14,9.48,5.26,0.0,12,354,2012,7.394285714285715,0.0,7.84,0.0,0.0,11.74,0.0,10.27,0.0
2012-12-20,6.14,13.22,2.04,46.37,0.0,1.64,0.0,6.24,7.41,5.37,0.0,12,355,2012,7.5042857142857144,0.0,9.14,0.0,0.0,11.74,0.0,10.26,2.68
2012-12-21,6.24,13.31,2.03,38.16,0.0,1.49,0.0,5.85,6.14,5.79,0.0,12,356,2012,7.568571428571429,0.0,9.48,0.0,0.0,11.05,0.0,9.61,0.64
2012-12-22,5.85,13.66,0.73,36.32,0.0,1.6,0.0,6.61,6.24,6.73,0.0,12,357,2012,7.442857142857143,0.0,7.41,0.0,0.0,9.53,0.0,9.8,0.0
2012-12-23,6.61,14.97,-0.51,27.71,0.0,1.62,0.0,6.88,5.85,7.84,0.0,12,358,2012,7.267142857142858,0.0,6.14,0.0,0.0,8.02,0.0,9.68,0.0
2012-12-24,6.88,14.37,2.15,26.11,0.0,1.46,0.0,4.61,6.61,9.14,0.0,12,359,2012,6.944285714285714,0.0,6.24,0.0,0.0,7.46,0.0,7.88,0.0
2012-12-25,4.61,12.22,-0.15,28.62,0.0,1.52,0.0,5.23,6.88,9.48,0.0,12,360,2012,6.248571428571428,0.0,5.85,0.0,0.0,6.93,0.0,6.82,0.0
2012-12-26,5.23,12.71,-0.39,39.04,0.0,1.41,0.0,7.24,4.61,7.41,0.0,12,361,2012,5.937142857142858,0.0,6.61,0.0,0.0,5.26,0.0,7.45,0.0
2012-12-27,7.24,14.34,2.74,41.53,0.0,1.28,0.0,7.55,5.23,6.14,0.0,12,362,2012,6.094285714285713,0.0,6.88,0.0,0.0,5.37,0.0,7.68,0.0
2012-12-28,7.55,14.52,3.74,43.59,0.0,1.48,0.0,6.64,7.24,6.24,0.0,12,363,2012,6.281428571428571,0.0,4.61,0.0,0.0,5.79,0.0,8.15,0.0
2012-12-29,6.64,15.2,1.71,32.32,0.0,1.68,0.0,7.04,7.55,5.85,0.0,12,364,2012,6.394285714285715,0.0,5.23,0.0,0.0,6.73,0.0,8.44,0.0
2012-12-30,7.04,14.83,2.43,33.39,0.0,1.76,0.0,7.71,6.64,6.61,0.0,12,365,2012,6.455714285714286,0.0,7.24,0.0,0.0,7.84,0.0,8.07,0.0
2012-12-31,7.71,14.25,4.21,40.87,0.0,1.64,0.0,8.06,7.04,6.88,0.0,12,366,2012,6.574285714285715,0.0,7.55,0.0,0.0,9.14,0.0,8.14,0.0
2013-01-01,8.06,14.29,3.35,38.08,0.0,1.24,0.03,8.19,7.71,4.61,0.0,1,1,2013,7.067142857142857,0.0,6.64,0.0,0.0,9.48,0.0,8.62,0.0
2013-01-02,8.19,15.25,3.88,28.28,0.03,1.14,0.0,6.44,8.06,5.23,0.0,1,2,2013,7.49,0.0042857142857163156,7.04,0.0,0.0,7.41,0.0,9.73,0.0
2013-01-03,6.44,13.3,2.03,37.11,0.0,1.47,0.0,4.99,8.19,7.24,0.03,1,3,2013,7.3757142857142854,0.0042857142857163156,7.71,0.0,0.0,6.14,0.0,10.16,0.0
2013-01-04,4.99,13.14,0.35,31.12,0.0,1.9,0.0,4.42,6.44,7.55,0.0,1,4,2013,7.01,0.0042857142857163156,8.06,0.0,0.0,6.24,0.0,11.74,0.0
2013-01-05,4.42,12.5,-1.03,27.92,0.0,1.7,0.0,2.95,4.99,6.64,0.0,1,5,2013,6.692857142857143,0.0042857142857163156,8.19,0.03,0.0,5.85,0.0,11.74,0.0
2013-01-06,2.95,11.43,-2.44,24.59,0.0,1.64,0.0,1.31,4.42,7.04,0.0,1,6,2013,6.1085714285714285,0.0042857142857163156,6.44,0.0,0.0,6.61,0.0,11.05,0.0
2013-01-07,1.31,9.44,-3.16,28.89,0.0,1.95,0.0,1.07,2.95,7.71,0.0,1,7,2013,5.194285714285714,0.0042857142857163156,4.99,0.0,0.0,6.88,0.0,9.53,0.0
2013-01-08,1.07,8.52,-3.71,39.65,0.0,1.94,0.0,2.66,1.31,8.06,0.0,1,8,2013,4.195714285714286,0.0042857142857163156,4.42,0.0,0.0,4.61,0.0,8.02,0.0
2013-01-09,2.66,9.82,-1.48,37.36,0.0,1.6,0.0,3.0,1.07,8.19,0.0,1,9,2013,3.4057142857142857,0.0,2.95,0.0,0.03,5.23,0.0,7.46,0.0
2013-01-10,3.0,9.98,-1.26,46.37,0.0,1.5,0.0,4.33,2.66,6.44,0.0,1,10,2013,2.9142857142857146,0.0,1.31,0.0,0.0,7.24,0.0,6.93,0.0
2013-01-11,4.33,11.51,0.43,45.45,0.0,1.17,0.0,5.86,3.0,4.99,0.0,1,11,2013,2.82,0.0,1.07,0.0,0.0,7.55,0.0,5.26,0.0
2013-01-12,5.86,13.25,0.46,34.66,0.0,1.45,0.0,6.99,4.33,4.42,0.0,1,12,2013,3.025714285714286,0.0,2.66,0.0,0.0,6.64,0.0,5.37,0.0
2013-01-13,6.99,13.72,2.99,41.71,0.0,1.43,0.0,6.31,5.86,2.95,0.0,1,13,2013,3.6028571428571428,0.0,3.0,0.0,0.0,7.04,0.0,5.79,0.0
2013-01-14,6.31,13.17,1.29,48.11,0.0,1.67,0.0,6.73,6.99,1.31,0.0,1,14,2013,4.317142857142857,0.0,4.33,0.0,0.0,7.71,0.0,6.73,0.0
2013-01-15,6.73,13.92,2.26,39.63,0.0,1.45,0.0,6.38,6.31,1.07,0.0,1,15,2013,5.125714285714286,0.0,5.86,0.0,0.0,8.06,0.0,7.84,0.0
2013-01-16,6.38,13.68,1.28,31.31,0.0,1.83,0.02,8.68,6.73,2.66,0.0,1,16,2013,5.6571428571428575,0.0,6.99,0.0,0.0,8.19,0.03,9.14,0.0
2013-01-17,8.68,15.83,4.54,33.03,0.02,1.61,0.33,8.58,6.38,3.0,0.0,1,17,2013,6.468571428571429,0.002857142857144887,6.31,0.0,0.0,6.44,0.0,9.48,0.0
2013-01-18,8.58,16.5,4.1,39.16,0.33,1.38,5.73,5.35,8.68,4.33,0.02,1,18,2013,7.075714285714286,0.050000000000002036,6.73,0.0,0.0,4.99,0.0,7.41,0.0
2013-01-19,5.35,11.18,1.65,66.79,5.73,1.29,0.0,4.36,8.58,5.86,0.33,1,19,2013,7.002857142857143,0.8685714285714307,6.38,0.0,0.0,4.42,0.0,6.14,0.0
2013-01-20,4.36,11.82,-0.34,32.03,0.0,1.55,0.0,4.37,5.35,6.99,5.73,1,20,2013,6.627142857142857,0.8685714285714307,8.68,0.02,0.0,2.95,0.0,6.24,0.0
2013-01-21,4.37,11.69,-0.36,25.31,0.0,1.6,0.0,4.5,4.36,6.31,0.0,1,21,2013,6.3500000000000005,0.8685714285714307,8.58,0.33,0.0,1.31,0.0,5.85,0.0
2013-01-22,4.5,11.99,0.12,25.58,0.0,1.44,0.0,4.6,4.37,6.73,0.0,1,22,2013,6.031428571428571,0.8685714285714307,5.35,5.73,0.0,1.07,0.0,6.61,0.0
2013-01-23,4.6,12.65,-0.51,24.62,0.0,1.66,0.0,4.19,4.5,6.38,0.0,1,23,2013,5.777142857142857,0.8685714285714307,4.36,0.0,0.0,2.66,0.0,6.88,0.0
2013-01-24,4.19,12.08,-1.29,23.51,0.0,1.48,0.0,3.41,4.6,8.68,0.0,1,24,2013,5.135714285714286,0.8657142857142878,4.37,0.0,0.02,3.0,0.0,4.61,0.0
2013-01-25,3.41,12.77,-4.15,31.79,0.0,1.68,0.0,4.66,4.19,8.58,0.0,1,25,2013,4.397142857142858,0.8185714285714306,4.5,0.0,0.33,4.33,0.0,5.23,0.0
2013-01-26,4.66,12.47,-0.23,36.5,0.0,1.7,0.0,5.47,3.41,5.35,0.0,1,26,2013,4.298571428571429,0.0,4.6,0.0,5.73,5.86,0.0,7.24,0.0
2013-01-27,5.47,12.95,1.06,37.2,0.0,1.61,0.0,7.27,4.66,4.36,0.0,1,27,2013,4.457142857142857,0.0,4.19,0.0,0.0,6.99,0.0,7.55,0.0
2013-01-28,7.27,15.63,0.11,29.73,0.0,1.48,0.12,7.24,5.47,4.37,0.0,1,28,2013,4.871428571428571,0.0,3.41,0.0,0.0,6.31,0.0,6.64,0.0
2013-01-29,7.24,12.74,4.55,29.76,0.12,1.18,0.0,6.53,7.27,4.5,0.0,1,29,2013,5.2628571428571425,0.017142857142859173,4.66,0.0,0.0,6.73,0.0,7.04,0.0
2013-01-30,6.53,13.95,0.82,37.01,0.0,1.61,0.0,8.11,7.24,4.6,0.12,1,30,2013,5.538571428571428,0.017142857142859173,5.47,0.0,0.0,6.38,0.0,7.71,0.0
2013-01-31,8.11,15.3,3.95,38.38,0.0,1.44,0.0,6.57,6.53,4.19,0.0,1,31,2013,6.098571428571428,0.017142857142859173,7.27,0.0,0.0,8.68,0.02,8.06,0.0
2013-02-01,6.57,10.73,3.45,36.79,0.0,0.89,0.01,6.66,8.11,3.41,0.0,2,32,2013,6.55,0.017142857142859173,7.24,0.12,0.0,8.58,0.33,8.19,0.03
2013-02-02,6.66,13.31,1.13,39.13,0.01,1.41,0.01,7.46,6.57,4.66,0.0,2,33,2013,6.8357142857142845,0.0185714285714306,6.53,0.0,0.0,5.35,5.73,6.44,0.0
2013-02-03,7.46,13.47,2.63,44.56,0.01,1.62,0.0,9.18,6.66,5.47,0.01,2,34,2013,7.119999999999999,0.020000000000002027,8.11,0.0,0.0,4.36,0.0,4.99,0.0
2013-02-04,9.18,15.21,4.94,44.48,0.0,1.18,0.09,10.66,7.46,7.27,0.01,2,35,2013,7.392857142857143,0.020000000000002027,6.57,0.0,0.0,4.37,0.0,4.42,0.0
2013-02-05,10.66,16.29,7.69,45.97,0.09,1.28,0.84,10.42,9.18,7.24,0.0,2,36,2013,7.881428571428572,0.015714285714287745,6.66,0.01,0.12,4.5,0.0,2.95,0.0
2013-02-06,10.42,17.48,6.36,40.01,0.84,1.4,0.71,8.4,10.66,6.53,0.09,2,37,2013,8.437142857142858,0.13571428571428773,7.46,0.01,0.0,4.6,0.0,1.31,0.0
2013-02-07,8.4,15.21,3.94,56.35,0.71,1.42,0.0,7.64,10.42,8.11,0.84,2,38,2013,8.47857142857143,0.23714285714285915,9.18,0.0,0.0,4.19,0.0,1.07,0.0
2013-02-08,7.64,15.59,2.79,28.18,0.0,1.56,0.0,6.88,8.4,6.57,0.71,2,39,2013,8.631428571428572,0.23714285714285915,10.66,0.09,0.0,3.41,0.0,2.66,0.0
2013-02-09,6.88,15.25,-0.66,28.93,0.0,1.57,0.0,8.39,7.64,6.66,0.0,2,40,2013,8.662857142857144,0.23571428571428774,10.42,0.84,0.01,4.66,0.0,3.0,0.0
2013-02-10,8.39,15.99,2.79,26.51,0.0,1.73,0.0,9.76,6.88,7.46,0.0,2,41,2013,8.795714285714286,0.2342857142857163,8.4,0.71,0.01,5.47,0.0,4.33,0.0
2013-02-11,9.76,18.12,4.4,25.18,0.0,1.78,0.0,10.51,8.39,9.18,0.0,2,42,2013,8.878571428571428,0.2342857142857163,7.64,0.0,0.0,7.27,0.0,5.86,0.0
2013-02-12,10.51,18.88,5.1,25.56,0.0,1.87,0.0,10.32,9.76,10.66,0.0,2,43,2013,8.857142857142858,0.22142857142857345,6.88,0.0,0.09,7.24,0.12,6.99,0.0
2013-02-13,10.32,17.74,4.97,25.37,0.0,1.81,0.0,9.05,10.51,10.42,0.0,2,44,2013,8.842857142857143,0.10142857142857345,8.39,0.0,0.84,6.53,0.0,6.31,0.0
2013-02-14,9.05,16.71,4.11,27.45,0.0,1.98,0.28,8.37,10.32,8.4,0.0,2,45,2013,8.935714285714285,0.0,9.76,0.0,0.71,8.11,0.0,6.73,0.0
2013-02-15,8.37,13.81,5.12,32.89,0.28,1.2,7.46,6.04,9.05,7.64,0.0,2,46,2013,9.040000000000001,0.040000000000002034,10.51,0.0,0.0,6.57,0.0,6.38,0.0
2013-02-16,6.04,10.31,3.45,73.19,7.46,1.3,21.96,4.49,8.37,6.88,0.28,2,47,2013,8.92,1.1057142857142879,10.32,0.0,0.0,6.66,0.01,8.68,0.02
2013-02-17,4.49,9.73,0.77,79.78,21.96,1.17,1.55,3.76,6.04,8.39,7.46,2,48,2013,8.362857142857143,4.2428571428571455,9.05,0.0,0.0,7.46,0.01,8.58,0.33
2013-02-18,3.76,11.13,-2.62,69.37,1.55,1.67,0.18,5.05,4.49,9.76,21.96,2,49,2013,7.505714285714285,4.464285714285717,8.37,0.28,0.0,9.18,0.0,5.35,5.73
2013-02-19,5.05,12.3,-1.49,63.18,0.18,1.6,0.58,6.85,3.76,10.51,1.55,2,50,2013,6.725714285714285,4.490000000000003,6.04,7.46,0.0,10.66,0.09,4.36,0.0
2013-02-20,6.85,13.55,1.89,53.27,0.58,1.6,0.1,7.8,5.05,10.32,0.18,2,51,2013,6.2299999999999995,4.572857142857146,4.49,21.96,0.0,10.42,0.84,4.37,0.0
2013-02-21,7.8,15.88,0.58,51.12,0.1,1.69,0.06,9.84,6.85,9.05,0.58,2,52,2013,6.051428571428572,4.587142857142859,3.76,1.55,0.0,8.4,0.71,4.5,0.0
2013-02-22,9.84,17.32,4.38,37.09,0.06,1.6,0.06,10.76,7.8,8.37,0.1,2,53,2013,6.261428571428572,4.555714285714288,5.05,0.18,0.28,7.64,0.0,4.6,0.0
2013-02-23,10.76,18.01,5.47,30.67,0.06,1.67,0.12,9.72,9.84,6.04,0.06,2,54,2013,6.935714285714285,3.498571428571431,6.85,0.58,7.46,6.88,0.0,4.19,0.0
2013-02-24,9.72,14.97,4.75,38.48,0.12,1.28,0.41,9.45,10.76,4.49,0.06,2,55,2013,7.682857142857143,0.3785714285714306,7.8,0.1,21.96,8.39,0.0,3.41,0.0
2013-02-25,9.45,17.86,2.31,41.22,0.41,1.83,0.0,10.91,9.72,3.76,0.12,2,56,2013,8.495714285714286,0.21571428571428775,9.84,0.06,1.55,9.76,0.0,4.66,0.0
2013-02-26,10.91,19.05,5.25,42.58,0.0,1.89,0.0,11.91,9.45,5.05,0.41,2,57,2013,9.332857142857142,0.19000000000000203,10.76,0.06,0.18,10.51,0.0,5.47,0.0
2013-02-27,11.91,20.3,6.47,28.61,0.0,1.95,0.0,11.14,10.91,6.85,0.0,2,58,2013,10.055714285714286,0.10714285714285918,9.72,0.12,0.58,10.32,0.0,7.27,0.0
2013-02-28,11.14,19.93,4.75,31.59,0.0,2.5,0.0,11.61,11.91,7.8,0.0,2,59,2013,10.532857142857143,0.09285714285714489,9.45,0.41,0.1,9.05,0.0,7.24,0.12
2013-03-01,11.61,20.23,5.7,30.43,0.0,2.04,0.0,12.35,11.14,9.84,0.0,3,60,2013,10.785714285714286,0.08428571428571631,10.91,0.0,0.06,8.37,0.28,6.53,0.0
2013-03-02,12.35,20.14,7.19,31.65,0.0,1.76,0.0,11.76,11.61,10.76,0.0,3,61,2013,11.012857142857142,0.07571428571428775,11.91,0.0,0.06,6.04,7.46,8.11,0.0
2013-03-03,11.76,20.3,5.52,33.07,0.0,1.88,0.0,12.22,12.35,9.72,0.0,3,62,2013,11.304285714285713,0.058571428571430606,11.14,0.0,0.12,4.49,21.96,6.57,0.0
2013-03-04,12.22,19.73,6.49,40.27,0.0,1.68,0.0,12.83,11.76,9.45,0.0,3,63,2013,11.700000000000001,0.0,11.61,0.0,0.41,3.76,1.55,6.66,0.01
2013-03-05,12.83,20.03,8.07,44.8,0.0,1.75,0.0,11.66,12.22,10.91,0.0,3,64,2013,11.974285714285713,0.0,12.35,0.0,0.0,5.05,0.18,7.46,0.01
2013-03-06,11.66,19.43,5.74,43.7,0.0,1.82,8.85,10.79,12.83,11.91,0.0,3,65,2013,11.938571428571427,0.0,11.76,0.0,0.0,6.85,0.58,9.18,0.0
2013-03-07,10.79,17.62,5.94,52.41,8.85,1.68,0.14,11.49,11.66,11.14,0.0,3,66,2013,11.888571428571428,1.2642857142857162,12.22,0.0,0.0,7.8,0.1,10.66,0.09
2013-03-08,11.49,18.37,6.68,51.57,0.14,1.97,0.0,11.66,10.79,11.61,8.85,3,67,2013,11.87142857142857,1.2842857142857163,12.83,0.0,0.0,9.84,0.06,10.42,0.84
2013-03-09,11.66,18.55,6.71,53.3,0.0,1.9,0.61,11.3,11.49,12.35,0.14,3,68,2013,11.772857142857145,1.2842857142857163,11.66,0.0,0.0,10.76,0.06,8.4,0.71
2013-03-10,11.3,17.92,6.81,55.61,0.61,1.66,0.86,10.89,11.66,11.76,0.0,3,69,2013,11.707142857142857,1.3714285714285734,10.79,8.85,0.0,9.72,0.12,7.64,0.0
2013-03-11,10.89,17.47,5.94,49.93,0.86,1.99,0.01,12.42,11.3,12.22,0.61,3,70,2013,11.517142857142858,1.4942857142857162,11.49,0.14,0.0,9.45,0.41,6.88,0.0
2013-03-12,12.42,19.87,6.09,42.11,0.01,1.89,0.0,12.76,10.89,12.83,0.86,3,71,2013,11.45857142857143,1.4957142857142876,11.66,0.0,0.0,10.91,0.0,8.39,0.0
2013-03-13,12.76,19.53,8.18,46.78,0.0,1.85,0.09,13.26,12.42,11.66,0.01,3,72,2013,11.615714285714287,1.4957142857142876,11.3,0.61,0.0,11.91,0.0,9.76,0.0
2013-03-14,13.26,20.24,8.54,41.35,0.09,1.82,0.0,13.2,12.76,10.79,0.0,3,73,2013,11.968571428571428,0.2442857142857163,10.89,0.86,8.85,11.14,0.0,10.51,0.0
2013-03-15,13.2,20.25,7.93,37.4,0.0,2.04,0.0,12.39,13.26,11.49,0.09,3,74,2013,12.212857142857144,0.22428571428571628,12.42,0.01,0.14,11.61,0.0,10.32,0.0
2013-03-16,12.39,19.42,7.4,35.41,0.0,1.83,0.03,11.12,13.2,11.66,0.0,3,75,2013,12.317142857142857,0.22428571428571628,12.76,0.0,0.0,12.35,0.0,9.05,0.0
2013-03-17,11.12,17.7,5.91,39.14,0.03,1.99,0.0,10.93,12.39,11.3,0.0,3,76,2013,12.29142857142857,0.14142857142857346,13.26,0.09,0.61,11.76,0.0,8.37,0.28
2013-03-18,10.93,17.76,5.65,45.4,0.0,2.34,0.0,12.05,11.12,10.89,0.03,3,77,2013,12.297142857142857,0.0185714285714306,13.2,0.0,0.86,12.22,0.0,6.04,7.46
2013-03-19,12.05,18.71,6.57,43.93,0.0,1.85,0.0,12.52,10.93,12.42,0.0,3,78,2013,12.244285714285713,0.017142857142859173,12.39,0.0,0.01,12.83,0.0,4.49,21.96
2013-03-20,12.52,18.87,8.11,51.03,0.0,1.81,1.41,11.53,12.05,12.76,0.0,3,79,2013,12.209999999999999,0.017142857142859173,11.12,0.03,0.0,11.66,0.0,3.76,1.55
2013-03-21,11.53,17.42,7.49,58.98,1.41,2.0,0.62,12.33,12.52,13.26,0.0,3,80,2013,11.962857142857143,0.20571428571428774,10.93,0.0,0.09,10.79,8.85,5.05,0.18
2013-03-22,12.33,19.11,6.73,48.78,0.62,1.94,0.0,13.04,11.53,13.2,1.41,3,81,2013,11.838571428571427,0.2942857142857163,12.05,0.0,0.0,11.49,0.14,6.85,0.58
2013-03-23,13.04,19.92,8.25,45.26,0.0,1.67,0.0,13.53,12.33,12.39,0.62,3,82,2013,11.93142857142857,0.2942857142857163,12.52,0.0,0.0,11.66,0.0,7.8,0.1
2013-03-24,13.53,21.19,8.05,38.38,0.0,2.26,0.06,13.23,13.04,11.12,0.0,3,83,2013,12.275714285714287,0.2900000000000021,11.53,1.41,0.03,11.3,0.61,9.84,0.06
2013-03-25,13.23,20.91,6.9,42.32,0.06,2.84,0.0,13.13,13.53,10.93,0.0,3,84,2013,12.604285714285712,0.29857142857143065,12.33,0.62,0.0,10.89,0.86,10.76,0.06
2013-03-26,13.13,20.4,7.46,42.39,0.0,2.25,0.01,14.6,13.23,12.05,0.06,3,85,2013,12.758571428571429,0.29857142857143065,13.04,0.0,0.0,12.42,0.01,9.72,0.12
2013-03-27,14.6,21.98,8.88,38.02,0.01,2.28,0.05,14.37,13.13,12.52,0.0,3,86,2013,13.055714285714286,0.30000000000000204,13.53,0.0,0.0,12.76,0.0,9.45,0.41
2013-03-28,14.37,21.2,9.46,42.98,0.05,1.88,0.0,14.79,14.6,11.53,0.01,3,87,2013,13.461428571428572,0.10571428571428775,13.23,0.06,1.41,13.26,0.09,10.91,0.0
2013-03-29,14.79,22.24,9.18,44.94,0.0,2.71,0.01,13.27,14.37,12.33,0.05,3,88,2013,13.812857142857142,0.017142857142859173,13.13,0.0,0.62,13.2,0.0,11.91,0.0
2013-03-30,13.27,20.82,5.76,45.6,0.01,2.2,0.0,13.6,14.79,13.04,0.0,3,89,2013,13.845714285714285,0.0185714285714306,14.6,0.01,0.0,12.39,0.0,11.14,0.0
2013-03-31,13.6,20.77,7.03,47.91,0.0,1.9,0.0,13.44,13.27,13.53,0.01,3,90,2013,13.855714285714285,0.0185714285714306,14.37,0.05,0.0,11.12,0.03,11.61,0.0
2013-04-01,13.44,20.49,7.0,49.82,0.0,1.99,0.0,14.08,13.6,13.23,0.0,4,91,2013,13.885714285714284,0.010000000000002032,14.79,0.0,0.06,10.93,0.0,12.35,0.0
2013-04-02,14.08,21.72,8.03,44.17,0.0,2.13,1.13,14.62,13.44,13.13,0.0,4,92,2013,14.02142857142857,0.010000000000002032,13.27,0.01,0.0,12.05,0.0,11.76,0.0
2013-04-03,14.62,22.11,8.46,44.3,1.13,2.52,0.03,13.33,14.08,14.6,0.0,4,93,2013,14.024285714285714,0.170000000000002,13.6,0.0,0.01,12.52,0.0,12.22,0.0
2013-04-04,13.33,20.8,6.21,46.29,0.03,2.9,0.0,14.05,14.62,14.37,1.13,4,94,2013,13.875714285714285,0.16714285714285917,13.44,0.0,0.05,11.53,1.41,12.83,0.0
2013-04-05,14.05,21.93,8.48,37.95,0.0,2.42,0.0,13.89,13.33,14.79,0.03,4,95,2013,13.77,0.16714285714285917,14.08,0.0,0.0,12.33,0.62,11.66,0.0
2013-04-06,13.89,21.14,7.79,31.68,0.0,2.4,0.0,14.69,14.05,13.27,0.0,4,96,2013,13.858571428571427,0.16571428571428773,14.62,1.13,0.01,13.04,0.0,10.79,8.85
2013-04-07,14.69,22.43,8.1,31.76,0.0,2.26,0.0,15.53,13.89,13.6,0.0,4,97,2013,14.014285714285714,0.16571428571428773,13.33,0.03,0.0,13.53,0.0,11.49,0.14
2013-04-08,15.53,22.84,8.54,39.26,0.0,2.11,0.0,16.1,14.69,13.44,0.0,4,98,2013,14.312857142857142,0.16571428571428773,14.05,0.0,0.0,13.23,0.06,11.66,0.0
2013-04-09,16.1,23.3,10.75,40.49,0.0,1.97,0.28,16.71,15.53,14.08,0.0,4,99,2013,14.601428571428572,0.16571428571428773,13.89,0.0,0.0,13.13,0.0,11.3,0.61
2013-04-10,16.71,24.46,9.88,36.95,0.28,2.36,0.03,16.2,16.1,14.62,0.0,4,100,2013,14.9,0.04428571428571632,14.69,0.0,1.13,14.6,0.01,10.89,0.86
2013-04-11,16.2,24.84,11.27,39.47,0.03,2.34,0.0,16.62,16.71,13.33,0.28,4,101,2013,15.31,0.04428571428571632,15.53,0.0,0.03,14.37,0.05,12.42,0.01
2013-04-12,16.62,24.17,9.54,40.2,0.0,2.32,0.0,16.72,16.2,14.05,0.03,4,102,2013,15.677142857142858,0.04428571428571632,16.1,0.0,0.0,14.79,0.0,12.76,0.0
2013-04-13,16.72,24.75,9.35,31.67,0.0,2.2,0.01,15.91,16.62,13.89,0.0,4,103,2013,16.08142857142857,0.04428571428571632,16.71,0.28,0.0,13.27,0.01,13.26,0.09
2013-04-14,15.91,23.84,8.05,31.14,0.01,2.13,1.33,15.08,16.72,14.69,0.0,4,104,2013,16.255714285714287,0.04571428571428775,16.2,0.03,0.0,13.6,0.0,13.2,0.0
2013-04-15,15.08,21.12,9.03,42.17,1.33,2.05,4.71,13.96,15.91,15.53,0.01,4,105,2013,16.19142857142857,0.23571428571428776,16.62,0.0,0.0,13.44,0.0,12.39,0.0
2013-04-16,13.96,19.52,9.35,53.16,4.71,1.84,0.08,14.04,15.08,16.1,1.33,4,106,2013,15.885714285714286,0.9085714285714307,16.72,0.0,0.0,14.08,0.0,11.12,0.03
2013-04-17,14.04,19.83,9.5,58.53,0.08,1.74,1.32,14.2,13.96,16.71,4.71,4,107,2013,15.504285714285714,0.880000000000002,15.91,0.01,0.28,14.62,1.13,10.93,0.0
2013-04-18,14.2,20.76,7.06,53.54,1.32,2.14,2.11,13.94,14.04,16.2,0.08,4,108,2013,15.218571428571428,1.0642857142857165,15.08,1.33,0.03,13.33,0.03,12.05,0.0
2013-04-19,13.94,20.28,8.2,55.31,2.11,1.79,8.71,11.52,14.2,16.62,1.32,4,109,2013,14.835714285714285,1.3657142857142879,13.96,4.71,0.0,14.05,0.0,12.52,0.0
2013-04-20,11.52,15.39,8.85,75.69,8.71,1.11,4.88,10.3,13.94,16.72,2.11,4,110,2013,14.092857142857142,2.6100000000000025,14.04,0.08,0.0,13.89,0.0,11.53,1.41
2013-04-21,10.3,14.33,7.19,82.16,4.88,1.72,2.26,10.8,11.52,15.91,8.71,4,111,2013,13.29142857142857,3.305714285714288,14.2,1.32,0.01,14.69,0.0,12.33,0.62
2013-04-22,10.8,14.67,7.74,77.62,2.26,1.32,4.24,12.46,10.3,15.08,4.88,4,112,2013,12.680000000000001,3.438571428571431,13.94,2.11,1.33,15.53,0.0,13.04,0.0
2013-04-23,12.46,17.85,8.49,71.9,4.24,1.63,0.48,13.71,10.8,13.96,2.26,4,113,2013,12.465714285714284,3.3714285714285737,11.52,8.71,4.71,16.1,0.0,13.53,0.0
2013-04-24,13.71,19.18,8.78,62.43,0.48,1.79,0.01,15.17,12.46,14.04,4.24,4,114,2013,12.418571428571429,3.428571428571431,10.3,4.88,0.08,16.71,0.28,13.23,0.06
2013-04-25,15.17,21.16,9.83,57.18,0.01,1.91,0.06,16.45,13.71,14.2,0.48,4,115,2013,12.557142857142859,3.2414285714285738,10.8,2.26,1.32,16.2,0.03,13.13,0.0
2013-04-26,16.45,23.05,11.04,51.94,0.06,1.91,3.21,16.92,15.17,13.94,0.01,4,116,2013,12.915714285714285,2.9485714285714306,12.46,4.24,2.11,16.62,0.0,14.6,0.01
2013-04-27,16.92,23.08,11.67,50.23,3.21,2.29,0.02,17.71,16.45,11.52,0.06,4,117,2013,13.687142857142858,2.162857142857145,13.71,0.48,8.71,16.72,0.0,14.37,0.05
2013-04-28,17.71,24.55,11.67,45.69,0.02,2.19,0.0,17.7,16.92,10.3,3.21,4,118,2013,14.745714285714286,1.4685714285714309,15.17,0.01,4.88,15.91,0.01,14.79,0.0
2013-04-29,17.7,24.57,12.08,48.18,0.0,2.34,0.0,18.55,17.71,10.8,0.02,4,119,2013,15.731428571428571,1.1457142857142877,16.45,0.06,2.26,15.08,1.33,13.27,0.01
2013-04-30,18.55,26.16,12.26,43.05,0.0,2.46,0.1,18.71,17.7,12.46,0.0,4,120,2013,16.601428571428574,0.540000000000002,16.92,3.21,4.24,13.96,4.71,13.6,0.0
2013-05-01,18.71,26.35,12.2,41.79,0.1,2.68,3.62,18.04,18.55,13.71,0.0,5,121,2013,17.315714285714286,0.4857142857142877,17.71,0.02,0.48,14.04,0.08,13.44,0.0
2013-05-02,18.04,24.89,11.87,36.15,3.62,2.3,0.0,17.26,18.71,15.17,0.1,5,122,2013,17.725714285714286,1.0014285714285733,17.7,0.0,0.01,14.2,1.32,14.08,0.0
2013-05-03,17.26,24.85,10.5,24.94,0.0,1.95,0.0,16.4,18.04,16.45,3.62,5,123,2013,17.841428571428573,0.9928571428571448,18.55,0.0,0.06,13.94,2.11,14.62,1.13
2013-05-04,16.4,23.99,9.45,30.14,0.0,2.0,0.84,15.52,17.26,16.92,0.0,5,124,2013,17.767142857142854,0.5342857142857164,18.71,0.1,3.21,11.52,8.71,13.33,0.03
2013-05-05,15.52,21.85,9.32,47.08,0.84,1.91,0.53,16.41,16.4,17.71,0.0,5,125,2013,17.454285714285714,0.6514285714285736,18.04,3.62,0.02,10.3,4.88,14.05,0.0
2013-05-06,16.41,22.61,10.72,50.13,0.53,2.07,1.16,16.67,15.52,17.7,0.84,5,126,2013,17.27,0.7271428571428592,17.26,0.0,0.0,10.8,2.26,13.89,0.0
2013-05-07,16.67,22.59,11.07,51.56,1.16,2.25,1.04,17.18,16.41,18.55,0.53,5,127,2013,17.001428571428573,0.8928571428571449,16.4,0.0,0.0,12.46,4.24,14.69,0.0
2013-05-08,17.18,23.81,10.76,46.52,1.04,2.45,0.35,18.22,16.67,18.71,1.16,5,128,2013,16.782857142857143,1.0271428571428591,15.52,0.84,0.1,13.71,0.48,15.53,0.0
2013-05-09,18.22,25.0,12.26,40.43,0.35,2.11,2.92,18.09,17.18,18.04,1.04,5,129,2013,16.80857142857143,0.560000000000002,16.41,0.53,3.62,15.17,0.01,16.1,0.0
2013-05-10,18.09,24.93,12.13,43.91,2.92,2.2,0.2,18.95,18.22,17.26,0.35,5,130,2013,16.927142857142858,0.9771428571428592,16.67,1.16,0.0,16.45,0.06,16.71,0.28
2013-05-11,18.95,25.77,13.16,38.9,0.2,2.33,2.36,17.79,18.09,16.4,2.92,5,131,2013,17.291428571428572,1.0057142857142878,17.18,1.04,0.0,16.92,3.21,16.2,0.03
2013-05-12,17.79,25.06,11.75,39.01,2.36,2.21,0.08,16.16,18.95,15.52,0.2,5,132,2013,17.615714285714287,1.2228571428571449,18.22,0.35,0.84,17.71,0.02,16.62,0.0
2013-05-13,16.16,23.18,9.47,44.21,0.08,2.11,0.02,16.69,17.79,16.41,2.36,5,133,2013,17.580000000000002,1.1585714285714308,18.09,2.92,0.53,17.7,0.0,16.72,0.0
2013-05-14,16.69,23.24,10.65,45.9,0.02,1.97,0.06,17.24,16.16,16.67,0.08,5,134,2013,17.582857142857144,0.9957142857142879,18.95,0.2,1.16,18.55,0.0,15.91,0.01
2013-05-15,17.24,23.75,11.7,51.51,0.06,1.87,4.36,17.35,16.69,17.18,0.02,5,135,2013,17.591428571428573,0.8557142857142876,17.79,2.36,1.04,18.71,0.1,15.08,1.33
2013-05-16,17.35,23.54,12.22,52.02,4.36,2.1,2.88,16.8,17.24,18.22,0.06,5,136,2013,17.467142857142857,1.4285714285714306,16.16,0.08,0.35,18.04,3.62,13.96,4.71
2013-05-17,16.8,23.04,11.67,47.28,2.88,2.06,0.65,17.27,17.35,18.09,4.36,5,137,2013,17.282857142857143,1.422857142857145,16.69,0.02,2.92,17.26,0.0,14.04,0.08
2013-05-18,17.27,23.49,11.99,44.51,0.65,2.02,8.69,18.08,16.8,18.95,2.88,5,138,2013,17.04285714285714,1.487142857142859,17.24,0.06,0.2,16.4,0.0,14.2,1.32
2013-05-19,18.08,24.84,12.23,45.34,8.69,2.01,11.94,17.92,17.27,17.79,0.65,5,139,2013,17.084285714285716,2.3914285714285732,17.35,4.36,2.36,15.52,0.84,13.94,2.11
2013-05-20,17.92,24.16,12.69,50.98,11.94,1.66,1.02,18.61,18.08,16.16,8.69,5,140,2013,17.335714285714285,4.085714285714288,16.8,2.88,0.08,16.41,0.53,11.52,8.71
2013-05-21,18.61,24.69,13.22,53.29,1.02,1.87,1.94,18.96,17.92,16.69,11.94,5,141,2013,17.61,4.22857142857143,17.27,0.65,0.02,16.67,1.16,10.3,4.88
2013-05-22,18.96,24.55,14.34,63.3,1.94,1.86,3.53,18.43,18.61,17.24,1.02,5,142,2013,17.85571428571429,4.497142857142859,18.08,8.69,0.06,17.18,1.04,10.8,2.26
2013-05-23,18.43,24.8,13.45,66.01,3.53,1.88,0.02,19.3,18.96,17.35,1.94,5,143,2013,18.01,4.378571428571431,17.92,11.94,4.36,18.22,0.35,12.46,4.24
2013-05-24,19.3,26.53,12.83,50.8,0.02,1.97,0.24,20.42,18.43,16.8,3.53,5,144,2013,18.367142857142856,3.970000000000002,18.61,1.02,2.88,18.09,2.92,13.71,0.48
2013-05-25,20.42,27.53,14.0,42.54,0.24,1.87,1.81,20.51,19.3,17.27,0.02,5,145,2013,18.81714285714286,3.911428571428573,18.96,1.94,0.65,18.95,0.2,15.17,0.01
2013-05-26,20.51,26.76,15.1,45.82,1.81,1.95,0.34,20.12,20.42,18.08,0.24,5,146,2013,19.164285714285715,2.9285714285714306,18.43,3.53,8.69,17.79,2.36,16.45,0.06
2013-05-27,20.12,26.11,14.85,52.48,0.34,1.9,1.14,19.63,20.51,17.92,1.81,5,147,2013,19.478571428571428,1.2714285714285736,19.3,0.02,11.94,16.16,0.08,16.92,3.21
2013-05-28,19.63,25.75,14.58,53.25,1.14,2.0,0.95,19.19,20.12,18.61,0.34,5,148,2013,19.624285714285715,1.2885714285714305,20.42,0.24,1.02,16.69,0.02,17.71,0.02
2013-05-29,19.19,26.41,12.81,47.68,0.95,1.92,19.28,17.99,19.63,18.96,1.14,5,149,2013,19.657142857142855,1.147142857142859,20.51,1.81,1.94,17.24,0.06,17.7,0.0
2013-05-30,17.99,22.08,14.93,62.57,19.28,1.15,23.33,16.81,19.19,18.43,0.95,5,150,2013,19.594285714285714,3.3971428571428595,20.12,0.34,3.53,17.35,4.36,18.55,0.0
2013-05-31,16.81,20.04,14.07,83.75,23.33,1.26,1.76,16.56,17.99,19.3,19.28,5,151,2013,19.23857142857143,6.7271428571428595,19.63,1.14,0.02,16.8,2.88,18.71,0.1
2013-06-01,16.56,20.04,13.96,78.29,1.76,1.94,0.33,17.95,16.81,20.42,23.33,6,152,2013,18.687142857142856,6.944285714285717,19.19,0.95,0.24,17.27,0.65,18.04,3.62
2013-06-02,17.95,23.41,13.19,62.68,0.33,1.62,0.94,18.87,16.56,20.51,1.76,6,153,2013,18.321428571428573,6.732857142857144,17.99,19.28,1.81,18.08,8.69,17.26,0.0
2013-06-03,18.87,24.73,13.57,52.87,0.94,1.64,2.15,18.83,17.95,20.12,0.33,6,154,2013,18.142857142857142,6.81857142857143,16.81,23.33,0.34,17.92,11.94,16.4,0.0
2013-06-04,18.83,23.81,14.17,63.08,2.15,1.88,6.5,18.67,18.87,19.63,0.94,6,155,2013,18.02857142857143,6.962857142857144,16.56,1.76,1.14,18.61,1.02,15.52,0.84
2013-06-05,18.67,24.12,14.13,70.5,6.5,1.69,12.48,18.02,18.83,19.19,2.15,6,156,2013,17.954285714285714,7.755714285714286,17.95,0.33,0.95,18.96,1.94,16.41,0.53
2013-06-06,18.02,23.59,14.31,78.93,12.48,1.64,18.21,18.1,18.67,17.99,6.5,6,157,2013,17.958571428571428,6.784285714285716,18.87,0.94,19.28,18.43,3.53,16.67,1.16
2013-06-07,18.1,22.96,14.29,83.99,18.21,1.75,4.84,18.28,18.02,16.81,12.48,6,158,2013,18.142857142857142,6.052857142857145,18.83,2.15,23.33,19.3,0.02,17.18,1.04
2013-06-08,18.28,22.53,14.49,83.49,4.84,1.92,0.38,19.39,18.1,16.56,18.21,6,159,2013,18.388571428571428,6.4928571428571455,18.67,6.5,1.76,20.42,0.24,18.22,0.35
2013-06-09,19.39,24.62,15.05,79.12,0.38,1.95,1.38,20.21,18.28,17.95,4.84,6,160,2013,18.594285714285714,6.500000000000002,18.02,12.48,0.33,20.51,1.81,18.09,2.92
2013-06-10,20.21,26.33,14.66,71.88,1.38,1.78,0.91,20.08,19.39,18.87,0.38,6,161,2013,18.785714285714285,6.562857142857145,18.1,18.21,0.94,20.12,0.34,18.95,0.2
2013-06-11,20.08,25.21,15.48,73.5,0.91,2.06,4.57,20.0,20.21,18.83,1.38,6,162,2013,18.964285714285715,6.385714285714288,18.28,4.84,2.15,19.63,1.14,17.79,2.36
2013-06-12,20.0,25.94,14.66,73.93,4.57,2.13,0.41,19.87,20.08,18.67,0.91,6,163,2013,19.154285714285713,6.110000000000002,19.39,0.38,6.5,19.19,0.95,16.16,0.08
2013-06-13,19.87,25.08,15.46,75.97,0.41,1.72,0.98,19.4,20.0,18.02,4.57,6,164,2013,19.41857142857143,4.385714285714288,20.21,1.38,12.48,17.99,19.28,16.69,0.02
2013-06-14,19.4,24.22,15.8,77.17,0.98,2.28,2.51,17.53,19.87,18.1,0.41,6,165,2013,19.604285714285716,1.9242857142857164,20.08,0.91,18.21,16.81,23.33,17.24,0.06
2013-06-15,17.53,20.24,14.85,82.12,2.51,1.52,10.33,17.82,19.4,18.28,0.98,6,166,2013,19.497142857142858,1.5914285714285736,20.0,4.57,4.84,16.56,1.76,17.35,4.36
2013-06-16,17.82,21.32,14.74,80.68,10.33,1.62,7.43,19.07,17.53,19.39,2.51,6,167,2013,19.27285714285714,3.0128571428571442,19.87,0.41,0.38,17.95,0.33,16.8,2.88
2013-06-17,19.07,24.3,14.6,72.14,7.43,1.52,2.33,19.61,17.82,20.21,10.33,6,168,2013,19.109999999999996,3.8771428571428594,19.4,0.98,1.38,18.87,0.94,17.27,0.65
2013-06-18,19.61,25.05,14.89,68.85,2.33,1.64,1.16,19.17,19.07,20.08,7.43,6,169,2013,19.042857142857144,4.080000000000002,17.53,2.51,0.91,18.83,2.15,18.08,8.69
2013-06-19,19.17,24.06,15.46,72.93,1.16,1.95,3.54,18.99,19.61,20.0,2.33,6,170,2013,18.924285714285713,3.5928571428571447,17.82,10.33,4.57,18.67,6.5,17.92,11.94
2013-06-20,18.99,24.09,14.89,78.93,3.54,2.13,19.1,18.5,19.17,19.87,1.16,6,171,2013,18.798571428571428,4.040000000000002,19.07,7.43,0.41,18.02,12.48,18.61,1.02
2013-06-21,18.5,23.21,15.17,86.6,19.1,1.67,14.02,19.45,18.99,19.4,3.54,6,172,2013,18.669999999999998,6.628571428571431,19.61,2.33,0.98,18.1,18.21,18.96,1.94
2013-06-22,19.45,23.4,16.3,84.18,14.02,1.55,21.04,19.4,18.5,17.53,19.1,6,173,2013,18.944285714285716,8.272857142857145,19.17,1.16,2.51,18.28,4.84,18.43,3.53
2013-06-23,19.4,23.74,15.89,83.52,21.04,1.66,2.85,19.35,19.45,17.82,14.02,6,174,2013,19.169999999999998,9.802857142857146,18.99,3.54,10.33,19.39,0.38,19.3,0.02
2013-06-24,19.35,23.73,16.22,83.16,2.85,1.72,11.43,19.03,19.4,19.07,21.04,6,175,2013,19.21,9.14857142857143,18.5,19.1,7.43,20.21,1.38,20.42,0.24
2013-06-25,19.03,23.03,16.13,83.88,11.43,1.54,24.39,19.02,19.35,19.61,2.85,6,176,2013,19.127142857142854,10.44857142857143,19.45,14.02,2.33,20.08,0.91,20.51,1.81
2013-06-26,19.02,22.93,16.18,85.39,24.39,1.52,6.27,18.79,19.03,19.17,11.43,6,177,2013,19.10571428571429,13.767142857142858,19.4,21.04,1.16,20.0,4.57,20.12,0.34
2013-06-27,18.79,22.36,15.38,85.76,6.27,1.65,2.95,19.05,19.02,18.99,24.39,6,178,2013,19.077142857142857,14.157142857142858,19.35,2.85,3.54,19.87,0.41,19.63,1.14
2013-06-28,19.05,23.55,15.63,87.0,2.95,1.94,3.19,18.29,18.79,18.5,6.27,6,179,2013,19.155714285714286,11.850000000000003,19.03,11.43,19.1,19.4,0.98,19.19,0.95
2013-06-29,18.29,22.38,15.56,88.74,3.19,1.56,1.29,18.96,19.05,19.45,2.95,6,180,2013,18.990000000000002,10.302857142857144,19.02,24.39,14.02,17.53,2.51,17.99,19.28
2013-06-30,18.96,23.4,15.19,84.41,1.29,1.82,1.77,19.3,18.29,19.4,3.19,6,181,2013,18.927142857142858,7.481428571428573,18.79,6.27,21.04,17.82,10.33,16.81,23.33
2013-07-01,19.3,23.54,15.98,86.82,1.77,1.84,1.0,19.08,18.96,19.35,1.29,7,182,2013,18.919999999999998,7.327142857142858,19.05,2.95,2.85,19.07,7.43,16.56,1.76
2013-07-02,19.08,23.72,16.15,87.36,1.0,1.63,3.85,19.02,19.3,19.03,1.77,7,183,2013,18.927142857142858,5.837142857142858,18.29,3.19,11.43,19.61,2.33,17.95,0.33
2013-07-03,19.02,23.15,16.39,87.76,3.85,1.77,9.7,19.38,19.08,19.02,1.0,7,184,2013,18.927142857142858,2.902857142857144,18.96,1.29,24.39,19.17,1.16,18.87,0.94
2013-07-04,19.38,23.9,16.26,86.92,9.7,1.74,7.09,18.81,19.02,18.79,3.85,7,185,2013,19.01142857142857,3.3928571428571437,19.3,1.77,6.27,18.99,3.54,18.83,2.15
2013-07-05,18.81,22.61,16.43,88.5,7.09,1.86,9.28,18.6,19.38,19.05,9.7,7,186,2013,18.97714285714286,3.9842857142857153,19.08,1.0,2.95,18.5,19.1,18.67,6.5
2013-07-06,18.6,22.75,15.55,87.43,9.28,1.79,12.29,18.43,18.81,18.29,7.09,7,187,2013,19.021428571428572,4.854285714285715,19.02,3.85,3.19,19.45,14.02,18.02,12.48
2013-07-07,18.43,22.24,15.67,88.07,12.29,1.77,17.67,18.47,18.6,18.96,9.28,7,188,2013,18.945714285714285,6.425714285714286,19.38,9.7,1.29,19.4,21.04,18.1,18.21
2013-07-08,18.47,22.57,15.19,87.36,17.67,1.94,12.03,18.19,18.43,19.3,12.29,7,189,2013,18.827142857142857,8.697142857142858,18.81,7.09,1.77,19.35,2.85,18.28,4.84
2013-07-09,18.19,21.79,14.74,87.0,12.03,1.89,4.12,18.39,18.47,19.08,17.67,7,190,2013,18.7,10.272857142857143,18.6,9.28,1.0,19.03,11.43,19.39,0.38
2013-07-10,18.39,22.05,15.0,88.99,4.12,2.03,0.84,18.62,18.19,19.02,12.03,7,191,2013,18.609999999999996,10.311428571428573,18.43,12.29,3.85,19.02,24.39,20.21,1.38
2013-07-11,18.62,22.15,15.27,87.22,0.84,1.73,0.48,19.07,18.39,19.38,4.12,7,192,2013,18.50142857142857,9.045714285714286,18.47,17.67,9.7,18.79,6.27,20.08,0.91
2013-07-12,19.07,23.6,15.42,86.5,0.48,1.84,1.02,18.57,18.62,18.81,0.84,7,193,2013,18.538571428571426,8.101428571428572,18.19,12.03,7.09,19.05,2.95,20.0,4.57
2013-07-13,18.57,22.62,15.45,86.98,1.02,1.63,0.24,19.01,19.07,18.6,0.48,7,194,2013,18.534285714285716,6.921428571428573,18.39,4.12,9.28,18.29,3.19,19.87,0.41
2013-07-14,19.01,23.28,15.92,85.74,0.24,1.45,0.28,19.21,18.57,18.43,1.02,7,195,2013,18.617142857142856,5.200000000000001,18.62,0.84,12.29,18.96,1.29,19.4,0.98
2013-07-15,19.21,23.38,16.28,85.76,0.28,1.73,1.54,18.95,19.01,18.47,0.24,7,196,2013,18.722857142857144,2.7157142857142866,19.07,0.48,17.67,19.3,1.77,17.53,2.51
2013-07-16,18.95,23.38,15.47,84.66,1.54,1.87,8.34,19.22,19.21,18.19,0.28,7,197,2013,18.83142857142857,1.2171428571428582,18.57,1.02,12.03,19.08,1.0,17.82,10.33
2013-07-17,19.22,23.59,15.46,85.14,8.34,1.98,18.95,18.97,18.95,18.39,1.54,7,198,2013,18.95,1.8200000000000007,19.01,0.24,4.12,19.02,3.85,19.07,7.43
2013-07-18,18.97,22.61,16.43,90.3,18.95,2.1,4.81,18.65,19.22,18.62,8.34,7,199,2013,19.0,4.4071428571428575,19.21,0.28,0.84,19.38,9.7,19.61,2.33
2013-07-19,18.65,21.6,16.79,90.39,4.81,1.8,1.14,19.1,18.97,19.07,18.95,7,200,2013,18.939999999999998,5.025714285714287,18.95,1.54,0.48,18.81,7.09,19.17,1.16
2013-07-20,19.1,23.39,15.97,85.67,1.14,1.28,0.66,18.73,18.65,18.57,4.81,7,201,2013,19.01571428571429,5.0428571428571445,19.22,8.34,1.02,18.6,9.28,18.99,3.54
2013-07-21,18.73,22.13,15.92,89.95,0.66,1.86,2.4,18.94,19.1,19.01,1.14,7,202,2013,18.975714285714286,5.102857142857144,18.97,18.95,0.24,18.43,12.29,18.5,19.1
2013-07-22,18.94,23.68,16.11,83.25,2.4,1.44,4.18,19.27,18.73,19.21,0.66,7,203,2013,18.937142857142856,5.405714285714287,18.65,4.81,0.28,18.47,17.67,19.45,14.02
2013-07-23,19.27,23.53,15.08,81.26,4.18,1.8,0.63,19.14,18.94,18.95,2.4,7,204,2013,18.982857142857142,5.782857142857144,19.1,1.14,1.54,18.19,12.03,19.4,21.04
2013-07-24,19.14,23.33,15.96,81.66,0.63,1.81,2.05,18.92,19.27,19.22,4.18,7,205,2013,18.97142857142857,4.6814285714285715,18.73,0.66,8.34,18.39,4.12,19.35,2.85
2013-07-25,18.92,22.72,15.59,85.96,2.05,1.74,8.0,18.88,19.14,18.97,0.63,7,206,2013,18.964285714285715,2.2671428571428582,18.94,2.4,18.95,18.62,0.84,19.03,11.43
2013-07-26,18.88,22.82,16.18,85.72,8.0,1.72,4.9,18.63,18.92,18.65,2.05,7,207,2013,18.997142857142858,2.7228571428571438,19.27,4.18,4.81,19.07,0.48,19.02,24.39
2013-07-27,18.63,22.48,15.01,84.07,4.9,2.02,4.24,19.1,18.88,19.1,8.0,7,208,2013,18.930000000000003,3.260000000000001,19.14,0.63,1.14,18.57,1.02,18.79,6.27
2013-07-28,19.1,24.1,14.6,86.29,4.24,1.94,4.89,19.68,18.63,18.73,4.9,7,209,2013,18.982857142857142,3.7714285714285722,18.92,2.05,0.66,19.01,0.24,19.05,2.95
2013-07-29,19.68,23.85,15.72,82.34,4.89,1.75,11.53,19.97,19.1,18.94,4.24,7,210,2013,19.08857142857143,4.127142857142858,18.88,8.0,2.4,19.21,0.28,18.29,3.19
2013-07-30,19.97,24.03,16.69,81.65,11.53,1.8,10.24,18.99,19.68,19.27,4.89,7,211,2013,19.18857142857143,5.177142857142859,18.63,4.9,4.18,18.95,1.54,18.96,1.29
2013-07-31,18.99,23.21,15.97,86.01,10.24,1.79,6.44,18.28,19.97,19.14,11.53,7,212,2013,19.167142857142856,6.55,19.1,4.24,0.63,19.22,8.34,19.3,1.77
2013-08-01,18.28,22.73,14.99,85.86,6.44,1.94,4.75,18.06,18.99,18.92,10.24,8,213,2013,19.075714285714287,7.177142857142859,19.68,4.89,2.05,18.97,18.95,19.08,1.0
2013-08-02,18.06,22.33,14.93,83.7,4.75,1.77,6.92,18.48,18.28,18.88,6.44,8,214,2013,18.958571428571428,6.712857142857144,19.97,11.53,8.0,18.65,4.81,19.02,3.85
2013-08-03,18.48,22.35,15.13,80.46,6.92,1.62,8.47,18.95,18.06,18.63,4.75,8,215,2013,18.937142857142856,7.001428571428572,18.99,10.24,4.9,19.1,1.14,19.38,9.7
2013-08-04,18.95,22.43,15.59,83.03,8.47,1.56,25.98,18.48,18.48,19.1,6.92,8,216,2013,18.915714285714284,7.605714285714287,18.28,6.44,4.24,18.73,0.66,18.81,7.09
2013-08-05,18.48,21.93,15.68,88.23,25.98,1.74,16.44,17.91,18.95,19.68,8.47,8,217,2013,18.744285714285716,10.61857142857143,18.06,4.75,4.89,18.94,2.4,18.6,9.28
2013-08-06,17.91,21.38,15.44,90.15,16.44,1.54,5.37,17.55,18.48,19.97,25.98,8,218,2013,18.45,11.320000000000002,18.48,6.92,11.53,19.27,4.18,18.43,12.29
2013-08-07,17.55,20.5,15.08,90.83,5.37,1.48,5.16,18.12,17.91,18.99,16.44,8,219,2013,18.244285714285713,10.624285714285715,18.95,8.47,10.24,19.14,0.63,18.47,17.67
2013-08-08,18.12,21.95,15.37,89.99,5.16,1.75,5.63,17.46,17.55,18.28,5.37,8,220,2013,18.22142857142857,10.441428571428574,18.48,25.98,6.44,18.92,2.05,18.19,12.03
2013-08-09,17.46,20.91,14.79,90.39,5.63,1.68,4.54,17.55,18.12,18.06,5.16,8,221,2013,18.135714285714286,10.567142857142859,17.91,16.44,4.75,18.88,8.0,18.39,4.12
2013-08-10,17.55,21.29,14.65,89.92,4.54,1.57,23.41,17.12,17.46,18.48,5.63,8,222,2013,18.002857142857145,10.22714285714286,17.55,5.37,6.92,18.63,4.9,18.62,0.84
2013-08-11,17.12,20.5,14.5,92.15,23.41,1.68,24.97,18.04,17.55,18.95,4.54,8,223,2013,17.74142857142857,12.361428571428574,18.12,5.16,8.47,19.1,4.24,19.07,0.48
2013-08-12,18.04,22.26,14.66,88.59,24.97,1.56,17.21,17.91,17.12,18.48,23.41,8,224,2013,17.67857142857143,12.217142857142859,17.46,5.63,25.98,19.68,4.89,18.57,1.02
2013-08-13,17.91,21.43,15.05,89.75,17.21,1.61,7.06,17.95,18.04,17.91,24.97,8,225,2013,17.678571428571427,12.327142857142858,17.55,4.54,16.44,19.97,11.53,19.01,0.24
2013-08-14,17.95,21.92,14.89,86.47,7.06,1.43,7.35,18.13,17.91,17.55,17.21,8,226,2013,17.735714285714288,12.56857142857143,17.12,23.41,5.37,18.99,10.24,19.21,0.28
2013-08-15,18.13,22.48,14.76,85.75,7.35,1.56,17.31,17.62,17.95,18.12,7.06,8,227,2013,17.737142857142857,12.881428571428572,18.04,24.97,5.16,18.28,6.44,18.95,1.54
2013-08-16,17.62,21.04,15.15,90.82,17.31,1.79,4.44,17.92,18.13,17.46,7.35,8,228,2013,17.76,14.549999999999999,17.91,17.21,5.63,18.06,4.75,19.22,8.34
2013-08-17,17.92,21.93,14.97,91.04,4.44,1.7,5.61,18.52,17.62,17.55,17.31,8,229,2013,17.812857142857144,14.535714285714286,17.95,7.06,4.54,18.48,6.92,18.97,18.95
2013-08-18,18.52,22.75,14.73,86.16,5.61,1.73,5.19,18.81,17.92,17.12,4.44,8,230,2013,18.012857142857143,11.992857142857146,18.13,7.35,23.41,18.95,8.47,18.65,4.81
2013-08-19,18.81,22.74,15.47,85.82,5.19,1.66,1.26,17.59,18.52,18.04,5.61,8,231,2013,18.122857142857143,9.16714285714286,17.62,17.31,24.97,18.48,25.98,19.1,1.14
2013-08-20,17.59,20.0,14.92,90.67,1.26,1.13,6.39,17.34,18.81,17.91,5.19,8,232,2013,18.077142857142857,6.88857142857143,17.92,4.44,17.21,17.91,16.44,18.73,0.66
2013-08-21,17.34,19.74,15.24,89.2,6.39,1.4,2.17,17.96,17.59,17.95,1.26,8,233,2013,17.99,6.7928571428571445,18.52,5.61,7.06,17.55,5.37,18.94,2.4
2013-08-22,17.96,22.33,14.05,86.31,2.17,1.5,4.5,18.39,17.34,18.13,6.39,8,234,2013,17.965714285714288,6.052857142857143,18.81,5.19,7.35,18.12,5.16,19.27,4.18
2013-08-23,18.39,22.32,15.21,87.25,4.5,1.51,6.74,18.93,17.96,17.62,2.17,8,235,2013,18.075714285714287,4.222857142857144,17.59,1.26,17.31,17.46,5.63,19.14,0.63
2013-08-24,18.93,23.06,15.16,85.78,6.74,1.4,9.83,18.73,18.39,17.92,4.5,8,236,2013,18.22,4.5514285714285725,17.34,6.39,4.44,17.55,4.54,18.92,2.05
2013-08-25,18.73,22.73,15.57,86.95,9.83,1.56,13.26,18.0,18.93,18.52,6.74,8,237,2013,18.25,5.154285714285715,17.96,2.17,5.61,17.12,23.41,18.88,8.0
2013-08-26,18.0,22.19,15.38,83.41,13.26,1.21,4.54,17.97,18.73,18.81,9.83,8,238,2013,18.134285714285713,6.307142857142858,18.39,4.5,5.19,18.04,24.97,18.63,4.9
2013-08-27,17.97,21.26,15.59,84.46,4.54,1.43,2.73,17.86,18.0,17.59,13.26,8,239,2013,18.18857142857143,6.775714285714287,18.93,6.74,1.26,17.91,17.21,19.1,4.24
2013-08-28,17.86,20.77,15.12,87.62,2.73,1.43,1.44,17.7,17.97,17.34,4.54,8,240,2013,18.262857142857143,6.2528571428571444,18.73,9.83,6.39,17.95,7.06,19.68,4.89
2013-08-29,17.7,21.15,15.24,88.87,1.44,1.42,3.06,17.6,17.86,17.96,2.73,8,241,2013,18.225714285714286,6.1485714285714295,18.0,13.26,2.17,18.13,7.35,19.97,11.53
2013-08-30,17.6,21.28,14.76,87.69,3.06,1.56,6.32,18.02,17.7,18.39,1.44,8,242,2013,18.11285714285714,5.942857142857144,17.97,4.54,4.5,17.62,17.31,18.99,10.24
2013-08-31,18.02,22.05,14.55,87.43,6.32,1.66,23.39,18.02,17.6,18.93,3.06,8,243,2013,17.982857142857142,5.8828571428571435,17.86,2.73,6.74,17.92,4.44,18.28,6.44
2013-09-01,18.02,21.7,14.61,87.45,23.39,1.9,33.51,18.04,18.02,18.73,6.32,9,244,2013,17.88142857142857,7.820000000000001,17.7,1.44,9.83,18.52,5.61,18.06,4.75
2013-09-02,18.04,21.96,15.96,89.47,33.51,1.7,16.28,17.47,18.02,18.0,23.39,9,245,2013,17.887142857142855,10.712857142857144,17.6,3.06,13.26,18.81,5.19,18.48,6.92
2013-09-03,17.47,19.96,15.18,92.28,16.28,1.82,12.41,17.33,18.04,17.97,33.51,9,246,2013,17.815714285714286,12.389999999999999,18.02,6.32,4.54,17.59,1.26,18.95,8.47
2013-09-04,17.33,20.97,13.92,91.08,12.41,1.83,2.96,17.65,17.47,17.86,16.28,9,247,2013,17.74,13.772857142857145,18.02,23.39,2.73,17.34,6.39,18.48,25.98
2013-09-05,17.65,21.89,13.81,90.56,2.96,1.75,3.18,16.74,17.33,17.7,12.41,9,248,2013,17.732857142857142,13.99,18.04,33.51,1.44,17.96,2.17,17.91,16.44
2013-09-06,16.74,21.55,12.89,80.66,3.18,1.33,1.81,16.25,17.65,17.6,2.96,9,249,2013,17.61,14.007142857142858,17.47,16.28,3.06,18.39,4.5,17.55,5.37
2013-09-07,16.25,21.08,12.24,80.22,1.81,1.3,1.53,16.5,16.74,18.02,3.18,9,250,2013,17.357142857142858,13.362857142857143,17.33,12.41,6.32,18.93,6.74,18.12,5.16
2013-09-08,16.5,21.07,12.52,83.73,1.53,1.3,2.99,16.51,16.25,18.02,1.81,9,251,2013,17.139999999999997,10.239999999999998,17.65,2.96,23.39,18.73,9.83,17.46,5.63
2013-09-09,16.51,20.65,12.89,81.41,2.99,1.44,1.09,16.47,16.5,18.04,1.53,9,252,2013,16.92142857142857,5.880000000000002,16.74,3.18,33.51,18.0,13.26,17.55,4.54
2013-09-10,16.47,20.28,14.19,91.5,1.09,1.38,0.43,16.7,16.51,17.47,2.99,9,253,2013,16.77857142857143,3.7100000000000013,16.25,1.81,16.28,17.97,4.54,17.12,23.41
2013-09-11,16.7,20.21,13.84,90.49,0.43,1.38,0.54,17.12,16.47,17.33,1.09,9,254,2013,16.68857142857143,1.9985714285714296,16.5,1.53,12.41,17.86,2.73,18.04,24.97
2013-09-12,17.12,20.66,14.33,89.12,0.54,1.38,2.86,17.58,16.7,17.65,0.43,9,255,2013,16.61285714285714,1.6528571428571441,16.51,2.99,2.96,17.7,1.44,17.91,17.21
2013-09-13,17.58,22.66,13.0,80.98,2.86,1.3,20.61,17.24,17.12,16.74,0.54,9,256,2013,16.732857142857142,1.607142857142858,16.47,1.09,3.18,17.6,3.06,17.95,7.06
2013-09-14,17.24,22.03,13.58,76.55,20.61,1.36,2.71,16.65,17.58,16.25,2.86,9,257,2013,16.874285714285715,4.292857142857144,16.7,0.43,1.81,18.02,6.32,18.13,7.35
2013-09-15,16.65,21.49,12.41,72.58,2.71,1.38,3.34,16.89,17.24,16.5,20.61,9,258,2013,16.895714285714284,4.461428571428573,17.12,0.54,1.53,18.02,23.39,17.62,17.31
2013-09-16,16.89,21.31,13.14,71.54,3.34,1.35,0.84,17.46,16.65,16.51,2.71,9,259,2013,16.95,4.5114285714285725,17.58,2.86,2.99,18.04,33.51,17.92,4.44
2013-09-17,17.46,21.99,13.81,67.15,0.84,1.3,0.15,17.78,16.89,16.47,3.34,9,260,2013,17.09142857142857,4.475714285714287,17.24,20.61,1.09,17.47,16.28,18.52,5.61
2013-09-18,17.78,22.2,14.46,69.66,0.15,1.34,0.42,17.93,17.46,16.7,0.84,9,261,2013,17.245714285714286,4.435714285714286,16.65,2.71,0.43,17.33,12.41,18.81,5.19
2013-09-19,17.93,22.02,14.96,81.25,0.42,1.25,0.16,17.71,17.78,17.12,0.15,9,262,2013,17.361428571428572,4.41857142857143,16.89,3.34,0.54,17.65,2.96,17.59,1.26
2013-09-20,17.71,21.41,14.27,85.81,0.16,1.24,1.31,17.53,17.93,17.58,0.42,9,263,2013,17.38,4.032857142857144,17.46,0.84,2.86,16.74,3.18,17.34,6.39
2013-09-21,17.53,20.99,14.29,86.03,1.31,1.0,9.4,17.52,17.71,17.24,0.16,9,264,2013,17.42142857142857,1.2757142857142867,17.78,0.15,20.61,16.25,1.81,17.96,2.17
2013-09-22,17.52,21.61,14.42,85.76,9.4,1.24,0.11,17.67,17.53,16.65,1.31,9,265,2013,17.545714285714286,2.2314285714285726,17.93,0.42,2.71,16.5,1.53,18.39,4.5
2013-09-23,17.67,21.46,14.77,90.22,0.11,1.29,0.0,17.66,17.52,16.89,9.4,9,266,2013,17.65714285714286,1.770000000000001,17.71,0.16,3.34,16.51,2.99,18.93,6.74
2013-09-24,17.66,22.41,13.33,80.17,0.0,1.26,0.23,17.28,17.67,17.46,0.11,9,267,2013,17.685714285714287,1.6500000000000008,17.53,1.31,0.84,16.47,1.09,18.73,9.83
2013-09-25,17.28,21.49,14.74,78.51,0.23,1.18,0.71,16.23,17.66,17.78,0.0,9,268,2013,17.614285714285717,1.6614285714285724,17.52,9.4,0.15,16.7,0.43,18.0,13.26
2013-09-26,16.23,18.9,14.02,91.72,0.71,1.44,2.89,17.13,17.28,17.93,0.23,9,269,2013,17.371428571428574,1.702857142857144,17.67,0.11,0.42,17.12,0.54,17.97,4.54
2013-09-27,17.13,21.19,13.74,89.05,2.89,1.24,5.66,16.93,16.23,17.71,0.71,9,270,2013,17.28857142857143,2.092857142857144,17.66,0.0,0.16,17.58,2.86,17.86,2.73
2013-09-28,16.93,20.65,14.57,88.38,5.66,1.2,0.98,16.24,17.13,17.53,2.89,9,271,2013,17.202857142857145,2.7142857142857153,17.28,0.23,1.31,17.24,20.61,17.7,1.44
2013-09-29,16.24,20.0,13.67,82.94,0.98,1.07,7.98,15.71,16.93,17.52,5.66,9,272,2013,17.02,1.5114285714285722,16.23,0.71,9.4,16.65,2.71,17.6,3.06
2013-09-30,15.71,19.36,12.94,83.91,7.98,1.3,20.67,15.63,16.24,17.67,0.98,9,273,2013,16.74,2.6357142857142866,17.13,2.89,0.11,16.89,3.34,18.02,6.32
2013-10-01,15.63,19.77,12.2,89.65,20.67,1.32,2.48,15.56,15.71,17.66,7.98,10,274,2013,16.45,5.588571428571429,16.93,5.66,0.0,17.46,0.84,18.02,23.39
2013-10-02,15.56,18.95,13.35,88.79,2.48,1.32,5.8,16.03,15.63,17.28,20.67,10,275,2013,16.204285714285714,5.910000000000001,16.24,0.98,0.23,17.78,0.15,18.04,33.51
2013-10-03,16.03,19.71,13.52,87.55,5.8,1.45,3.47,14.89,15.56,16.23,2.48,10,276,2013,16.175714285714285,6.637142857142858,15.71,7.98,0.71,17.93,0.42,17.47,16.28
2013-10-04,14.89,17.06,13.52,93.98,3.47,0.99,10.17,15.28,16.03,17.13,5.8,10,277,2013,15.855714285714287,6.720000000000001,15.63,20.67,2.89,17.71,0.16,17.33,12.41
2013-10-05,15.28,17.73,13.3,93.22,10.17,1.21,5.34,15.73,14.89,16.93,3.47,10,278,2013,15.62,7.364285714285715,15.56,2.48,5.66,17.53,1.31,17.65,2.96
2013-10-06,15.73,19.04,13.52,91.03,5.34,1.15,0.43,15.6,15.28,16.24,10.17,10,279,2013,15.547142857142857,7.987142857142858,16.03,5.8,0.98,17.52,9.4,16.74,3.18
2013-10-07,15.6,20.22,11.86,84.63,0.43,1.13,0.29,15.4,15.73,15.71,5.34,10,280,2013,15.531428571428572,6.908571428571429,14.89,3.47,7.98,17.67,0.11,16.25,1.81
2013-10-08,15.4,20.96,10.41,81.92,0.29,1.19,3.34,15.34,15.6,15.63,0.43,10,281,2013,15.498571428571427,3.9971428571428578,15.28,10.17,20.67,17.66,0.0,16.5,1.53
2013-10-09,15.34,20.2,11.15,83.54,3.34,1.26,0.19,15.79,15.4,15.56,0.29,10,282,2013,15.467142857142859,4.12,15.73,5.34,2.48,17.28,0.23,16.51,2.99
2013-10-10,15.79,20.48,12.47,83.76,0.19,1.33,0.05,15.9,15.34,16.03,3.34,10,283,2013,15.432857142857143,3.318571428571429,15.6,0.43,5.8,16.23,0.71,16.47,1.09
2013-10-11,15.9,19.75,12.98,79.06,0.05,1.0,1.64,16.06,15.79,14.89,0.19,10,284,2013,15.577142857142857,2.8300000000000005,15.4,0.29,3.47,17.13,2.89,16.7,0.43
2013-10-12,16.06,20.38,13.19,73.66,1.64,1.18,15.82,14.48,15.9,15.28,0.05,10,285,2013,15.68857142857143,1.6114285714285719,15.34,3.34,10.17,16.93,5.66,17.12,0.54
2013-10-13,14.48,16.93,12.47,87.23,15.82,1.11,43.66,13.33,16.06,15.73,1.64,10,286,2013,15.51,3.1085714285714294,15.79,0.19,5.34,16.24,0.98,17.58,2.86
2013-10-14,13.33,16.6,11.02,88.99,43.66,1.8,12.17,14.41,14.48,15.6,15.82,10,287,2013,15.185714285714287,9.284285714285716,15.9,0.05,0.43,15.71,7.98,17.24,20.61
2013-10-15,14.41,18.36,11.81,86.28,12.17,1.63,2.21,14.86,13.33,15.4,43.66,10,288,2013,15.044285714285715,10.98142857142857,16.06,1.64,0.29,15.63,20.67,16.65,2.71
2013-10-16,14.86,19.1,11.92,84.61,2.21,1.2,8.68,14.88,14.41,15.34,12.17,10,289,2013,14.975714285714286,10.820000000000002,14.48,15.82,3.34,15.56,2.48,16.89,3.34
2013-10-17,14.88,19.03,12.0,89.99,8.68,1.08,14.29,14.5,14.86,15.79,2.21,10,290,2013,14.845714285714285,12.032857142857143,13.33,43.66,0.19,16.03,5.8,17.46,0.84
2013-10-18,14.5,17.57,12.53,96.45,14.29,1.37,1.56,13.63,14.88,15.9,8.68,10,291,2013,14.645714285714286,14.067142857142857,14.41,12.17,0.05,14.89,3.47,17.78,0.15
2013-10-19,13.63,17.71,11.2,81.73,1.56,1.13,0.2,12.7,14.5,16.06,14.29,10,292,2013,14.29857142857143,14.055714285714286,14.86,2.21,1.64,15.28,10.17,17.93,0.42
2013-10-20,12.7,17.28,9.28,74.32,0.2,1.25,0.25,12.37,13.63,14.48,1.56,10,293,2013,14.044285714285715,11.824285714285713,14.88,8.68,15.82,15.73,5.34,17.71,0.16
2013-10-21,12.37,17.2,9.42,76.25,0.25,1.27,0.0,12.12,12.7,13.33,0.2,10,294,2013,13.907142857142857,5.622857142857144,14.5,14.29,43.66,15.6,0.43,17.53,1.31
2013-10-22,12.12,16.95,8.15,77.51,0.0,1.19,0.0,12.89,12.37,14.41,0.25,10,295,2013,13.58,3.884285714285715,13.63,1.56,12.17,15.4,0.29,17.52,9.4
2013-10-23,12.89,17.74,8.99,84.3,0.0,1.07,0.02,13.13,12.12,14.86,0.0,10,296,2013,13.29857142857143,3.56857142857143,12.7,0.2,2.21,15.34,3.34,17.67,0.11
2013-10-24,13.13,18.05,9.52,83.46,0.02,1.27,0.0,12.69,12.89,14.88,0.0,10,297,2013,13.04857142857143,2.3314285714285723,12.37,0.25,8.68,15.79,0.19,17.66,0.0
2013-10-25,12.69,17.32,9.42,79.34,0.0,1.17,0.04,12.15,13.13,14.5,0.02,10,298,2013,12.790000000000001,0.29000000000000103,12.12,0.0,14.29,15.9,0.05,17.28,0.23
2013-10-26,12.15,16.74,8.71,84.12,0.04,1.08,0.37,12.08,12.69,13.63,0.0,10,299,2013,12.578571428571427,0.07285714285714387,12.89,0.0,1.56,16.06,1.64,16.23,0.71
2013-10-27,12.08,16.1,9.36,89.62,0.37,1.32,0.92,11.11,12.15,12.7,0.04,10,300,2013,12.49,0.09714285714285815,13.13,0.02,0.2,14.48,15.82,17.13,2.89
2013-10-28,11.11,15.48,8.05,89.48,0.92,1.31,0.16,11.14,12.08,12.37,0.37,10,301,2013,12.31,0.1928571428571439,12.69,0.0,0.25,13.33,43.66,16.93,5.66
2013-10-29,11.14,15.82,7.64,78.06,0.16,1.31,0.0,11.11,11.11,12.12,0.92,10,302,2013,12.17,0.21571428571428672,12.15,0.04,0.0,14.41,12.17,16.24,0.98
2013-10-30,11.11,15.7,7.94,81.68,0.0,1.09,0.01,10.51,11.14,12.89,0.16,10,303,2013,11.915714285714285,0.21571428571428672,12.08,0.37,0.0,14.86,2.21,15.71,7.98
2013-10-31,10.51,14.91,7.67,83.06,0.01,1.14,0.02,10.26,11.11,13.13,0.0,10,304,2013,11.54142857142857,0.2142857142857153,11.11,0.92,0.02,14.88,8.68,15.63,20.67
2013-11-01,10.26,15.13,7.05,79.87,0.02,1.33,0.03,10.09,10.51,12.69,0.01,11,305,2013,11.194285714285714,0.21714285714285816,11.14,0.16,0.0,14.5,14.29,15.56,2.48
2013-11-02,10.09,15.07,7.17,77.65,0.03,1.35,0.09,10.07,10.26,12.15,0.02,11,306,2013,10.9,0.21571428571428672,11.11,0.0,0.04,13.63,1.56,16.03,5.8
2013-11-03,10.07,14.77,7.05,78.34,0.09,1.24,0.0,10.1,10.09,12.08,0.03,11,307,2013,10.612857142857141,0.17571428571428677,10.51,0.01,0.37,12.7,0.2,14.89,3.47
2013-11-04,10.1,14.89,6.46,69.38,0.0,1.1,0.0,11.35,10.07,11.11,0.09,11,308,2013,10.468571428571428,0.0442857142857153,10.26,0.02,0.92,12.37,0.25,15.28,10.17
2013-11-05,11.35,16.25,8.2,69.38,0.0,1.09,0.0,11.8,10.1,11.14,0.0,11,309,2013,10.498571428571427,0.021428571428572442,10.09,0.03,0.16,12.12,0.0,15.73,5.34
2013-11-06,11.8,16.96,8.43,62.52,0.0,1.11,0.0,11.31,11.35,11.11,0.0,11,310,2013,10.597142857142856,0.021428571428572442,10.07,0.09,0.0,12.89,0.0,15.6,0.43
2013-11-07,11.31,16.28,8.39,55.25,0.0,1.12,0.0,10.77,11.8,10.51,0.0,11,311,2013,10.711428571428572,0.020000000000001013,10.1,0.0,0.01,13.13,0.02,15.4,0.29
2013-11-08,10.77,15.72,7.76,54.54,0.0,1.14,0.0,10.04,11.31,10.26,0.0,11,312,2013,10.784285714285714,0.017142857142858157,11.35,0.0,0.02,12.69,0.0,15.34,3.34
2013-11-09,10.04,15.62,6.66,51.43,0.0,1.16,0.0,9.73,10.77,10.09,0.0,11,313,2013,10.777142857142858,0.012857142857143872,11.8,0.0,0.03,12.15,0.04,15.79,0.19
2013-11-10,9.73,15.35,5.97,46.56,0.0,1.24,0.0,9.2,10.04,10.07,0.0,11,314,2013,10.728571428571428,0.0,11.31,0.0,0.09,12.08,0.37,15.9,0.05
2013-11-11,9.2,15.09,3.04,46.58,0.0,1.14,0.0,10.26,9.73,10.1,0.0,11,315,2013,10.6,0.0,10.77,0.0,0.0,11.11,0.92,16.06,1.64
2013-11-12,10.26,15.79,6.74,44.81,0.0,1.0,0.0,10.1,9.2,11.35,0.0,11,316,2013,10.444285714285714,0.0,10.04,0.0,0.0,11.14,0.16,14.48,15.82
2013-11-13,10.1,15.61,6.39,47.33,0.0,1.12,0.0,9.74,10.26,11.8,0.0,11,317,2013,10.20142857142857,0.0,9.73,0.0,0.0,11.11,0.0,13.33,43.66
2013-11-14,9.74,14.96,6.23,49.03,0.0,1.09,0.0,10.03,10.1,11.31,0.0,11,318,2013,9.977142857142855,0.0,9.2,0.0,0.0,10.51,0.01,14.41,12.17
2013-11-15,10.03,15.47,6.37,46.29,0.0,1.17,0.0,10.24,9.74,10.77,0.0,11,319,2013,9.87142857142857,0.0,10.26,0.0,0.0,10.26,0.02,14.86,2.21
2013-11-16,10.24,15.77,6.07,46.43,0.0,1.18,0.0,10.51,10.03,10.04,0.0,11,320,2013,9.9,0.0,10.1,0.0,0.0,10.09,0.03,14.88,8.68
2013-11-17,10.51,16.64,5.84,46.33,0.0,1.29,0.0,10.49,10.24,9.73,0.0,11,321,2013,10.01142857142857,0.0,9.74,0.0,0.0,10.07,0.09,14.5,14.29
2013-11-18,10.49,15.9,6.96,54.48,0.0,1.24,0.0,10.3,10.51,9.2,0.0,11,322,2013,10.195714285714287,0.0,10.03,0.0,0.0,10.1,0.0,13.63,1.56
2013-11-19,10.3,15.41,6.86,67.66,0.0,1.16,0.0,9.99,10.49,10.26,0.0,11,323,2013,10.20142857142857,0.0,10.24,0.0,0.0,11.35,0.0,12.7,0.2
2013-11-20,9.99,14.61,7.29,71.54,0.0,1.18,0.0,9.74,10.3,10.1,0.0,11,324,2013,10.185714285714285,0.0,10.51,0.0,0.0,11.8,0.0,12.37,0.25
2013-11-21,9.74,14.78,6.45,76.06,0.0,1.11,0.0,9.55,9.99,9.74,0.0,11,325,2013,10.185714285714285,0.0,10.49,0.0,0.0,11.31,0.0,12.12,0.0
2013-11-22,9.55,14.71,6.38,72.63,0.0,1.22,0.0,10.31,9.74,10.03,0.0,11,326,2013,10.117142857142856,0.0,10.3,0.0,0.0,10.77,0.0,12.89,0.0
2013-11-23,10.31,15.45,7.01,72.04,0.0,1.29,0.0,10.87,9.55,10.24,0.0,11,327,2013,10.127142857142857,0.0,9.99,0.0,0.0,10.04,0.0,13.13,0.02
2013-11-24,10.87,15.57,7.9,69.71,0.0,1.16,0.0,11.07,10.31,10.51,0.0,11,328,2013,10.178571428571429,0.0,9.74,0.0,0.0,9.73,0.0,12.69,0.0
2013-11-25,11.07,16.04,8.29,71.85,0.0,1.13,0.0,10.95,10.87,10.49,0.0,11,329,2013,10.26142857142857,0.0,9.55,0.0,0.0,9.2,0.0,12.15,0.04
2013-11-26,10.95,16.25,7.72,69.14,0.0,1.1,0.0,11.17,11.07,10.3,0.0,11,330,2013,10.354285714285714,0.0,10.31,0.0,0.0,10.26,0.0,12.08,0.37
2013-11-27,11.17,16.23,8.32,74.13,0.0,1.06,0.0,11.45,10.95,9.99,0.0,11,331,2013,10.522857142857143,0.0,10.87,0.0,0.0,10.1,0.0,11.11,0.92
2013-11-28,11.45,15.94,8.65,73.4,0.0,1.07,0.0,11.13,11.17,9.74,0.0,11,332,2013,10.767142857142858,0.0,11.07,0.0,0.0,9.74,0.0,11.14,0.16
2013-11-29,11.13,15.96,8.13,70.08,0.0,1.36,0.0,10.44,11.45,9.55,0.0,11,333,2013,10.992857142857144,0.0,10.95,0.0,0.0,10.03,0.0,11.11,0.0
2013-11-30,10.44,15.67,7.51,61.92,0.0,1.26,0.0,9.42,11.13,10.31,0.0,11,334,2013,11.01142857142857,0.0,11.17,0.0,0.0,10.24,0.0,10.51,0.01
2013-12-01,9.42,14.27,5.95,61.03,0.0,1.19,0.0,9.78,10.44,10.87,0.0,12,335,2013,10.804285714285713,0.0,11.45,0.0,0.0,10.51,0.0,10.26,0.02
2013-12-02,9.78,14.77,6.62,70.68,0.0,1.14,0.0,9.59,9.42,11.07,0.0,12,336,2013,10.620000000000001,0.0,11.13,0.0,0.0,10.49,0.0,10.09,0.03
2013-12-03,9.59,14.74,6.76,55.44,0.0,1.14,0.0,9.29,9.78,10.95,0.0,12,337,2013,10.425714285714287,0.0,10.44,0.0,0.0,10.3,0.0,10.07,0.09
2013-12-04,9.29,14.78,5.58,41.94,0.0,1.12,0.0,8.9,9.59,11.17,0.0,12,338,2013,10.157142857142857,0.0,9.42,0.0,0.0,9.99,0.0,10.1,0.0
2013-12-05,8.9,14.23,5.65,49.74,0.0,1.15,0.0,8.8,9.29,11.45,0.0,12,339,2013,9.792857142857143,0.0,9.78,0.0,0.0,9.74,0.0,11.35,0.0
2013-12-06,8.8,14.24,5.05,61.99,0.0,1.16,0.0,9.2,8.9,11.13,0.0,12,340,2013,9.459999999999999,0.0,9.59,0.0,0.0,9.55,0.0,11.8,0.0
2013-12-07,9.2,14.04,5.47,61.44,0.0,1.08,0.0,9.24,8.8,10.44,0.0,12,341,2013,9.282857142857143,0.0,9.29,0.0,0.0,10.31,0.0,11.31,0.0
2013-12-08,9.24,14.42,5.92,66.59,0.0,1.09,0.0,8.54,9.2,9.42,0.0,12,342,2013,9.257142857142856,0.0,8.9,0.0,0.0,10.87,0.0,10.77,0.0
2013-12-09,8.54,13.99,5.64,70.41,0.0,1.26,0.0,7.97,9.24,9.78,0.0,12,343,2013,9.08,0.0,8.8,0.0,0.0,11.07,0.0,10.04,0.0
2013-12-10,7.97,13.14,4.87,66.93,0.0,1.33,0.0,7.49,8.54,9.59,0.0,12,344,2013,8.848571428571429,0.0,9.2,0.0,0.0,10.95,0.0,9.73,0.0
2013-12-11,7.49,13.17,4.41,76.18,0.0,1.41,0.0,6.57,7.97,9.29,0.0,12,345,2013,8.59142857142857,0.0,9.24,0.0,0.0,11.17,0.0,9.2,0.0
2013-12-12,6.57,11.78,3.58,76.23,0.0,1.31,0.0,6.17,7.49,8.9,0.0,12,346,2013,8.258571428571427,0.0,8.54,0.0,0.0,11.45,0.0,10.26,0.0
2013-12-13,6.17,10.88,3.54,74.72,0.0,1.08,0.0,5.44,6.57,8.8,0.0,12,347,2013,7.882857142857143,0.0,7.97,0.0,0.0,11.13,0.0,10.1,0.0
2013-12-14,5.44,11.3,1.65,64.07,0.0,0.97,0.0,6.62,6.17,9.2,0.0,12,348,2013,7.345714285714286,0.0,7.49,0.0,0.0,10.44,0.0,9.74,0.0
2013-12-15,6.62,12.87,2.43,46.24,0.0,1.09,0.0,7.07,5.44,9.24,0.0,12,349,2013,6.971428571428572,0.0,6.57,0.0,0.0,9.42,0.0,10.03,0.0
2013-12-16,7.07,13.38,3.68,49.91,0.0,1.13,0.0,5.96,6.62,8.54,0.0,12,350,2013,6.7614285714285725,0.0,6.17,0.0,0.0,9.78,0.0,10.24,0.0
2013-12-17,5.96,10.93,3.21,77.02,0.0,1.14,0.0,5.2,7.07,7.97,0.0,12,351,2013,6.474285714285714,0.0,5.44,0.0,0.0,9.59,0.0,10.51,0.0
2013-12-18,5.2,8.96,2.74,91.44,0.0,0.96,0.0,4.29,5.96,7.49,0.0,12,352,2013,6.147142857142858,0.0,6.62,0.0,0.0,9.29,0.0,10.49,0.0
2013-12-19,4.29,8.92,1.05,85.63,0.0,1.15,0.02,3.98,5.2,6.57,0.0,12,353,2013,5.821428571428571,0.0,7.07,0.0,0.0,8.9,0.0,10.3,0.0
2013-12-20,3.98,9.04,-0.7,83.85,0.02,1.42,0.07,5.0,4.29,6.17,0.0,12,354,2013,5.508571428571429,0.0028571428571438724,5.96,0.0,0.0,8.8,0.0,9.99,0.0
2013-12-21,5.0,10.08,1.01,84.13,0.07,1.07,0.0,4.32,3.98,5.44,0.02,12,355,2013,5.445714285714287,0.012857142857143873,5.2,0.0,0.0,9.2,0.0,9.74,0.0
2013-12-22,4.32,11.09,0.09,58.55,0.0,1.47,0.0,5.83,5.0,6.62,0.07,12,356,2013,5.117142857142857,0.012857142857143873,4.29,0.0,0.0,9.24,0.0,9.55,0.0
2013-12-23,5.83,12.66,1.61,57.12,0.0,1.52,0.0,7.47,4.32,7.07,0.0,12,357,2013,4.9399999999999995,0.012857142857143873,3.98,0.02,0.0,8.54,0.0,10.31,0.0
2013-12-24,7.47,14.13,2.91,52.21,0.0,1.49,0.0,7.56,5.83,5.96,0.0,12,358,2013,5.155714285714285,0.012857142857143873,5.0,0.07,0.0,7.97,0.0,10.87,0.0
2013-12-25,7.56,14.77,3.91,53.53,0.0,1.64,0.0,7.14,7.47,5.2,0.0,12,359,2013,5.492857142857143,0.012857142857143873,4.32,0.0,0.0,7.49,0.0,11.07,0.0
2013-12-26,7.14,14.31,3.42,49.1,0.0,1.65,0.0,6.95,7.56,4.29,0.0,12,360,2013,5.8999999999999995,0.012857142857143873,5.83,0.0,0.0,6.57,0.0,10.95,0.0
2013-12-27,6.95,13.7,2.66,45.68,0.0,1.58,0.0,5.57,7.14,3.98,0.0,12,361,2013,6.324285714285715,0.010000000000001017,7.47,0.0,0.02,6.17,0.0,11.17,0.0
2013-12-28,5.57,12.21,1.43,60.51,0.0,1.72,0.0,5.28,6.95,5.0,0.0,12,362,2013,6.405714285714285,0.0,7.56,0.0,0.07,5.44,0.0,11.45,0.0
2013-12-29,5.28,11.27,0.99,62.26,0.0,1.51,0.0,6.03,5.57,4.32,0.0,12,363,2013,6.542857142857143,0.0,7.14,0.0,0.0,6.62,0.0,11.13,0.0
2013-12-30,6.03,11.37,2.53,46.73,0.0,1.22,0.0,6.66,5.28,5.83,0.0,12,364,2013,6.571428571428571,0.0,6.95,0.0,0.0,7.07,0.0,10.44,0.0
2013-12-31,6.66,12.69,3.22,42.77,0.0,1.21,0.0,6.79,6.03,7.47,0.0,12,365,2013,6.4557142857142855,0.0,5.57,0.0,0.0,5.96,0.0,9.42,0.0
2014-01-01,6.79,13.0,3.02,60.58,0.0,1.58,0.0,6.97,6.66,7.56,0.0,1,1,2014,6.345714285714285,0.0,5.28,0.0,0.0,5.2,0.0,9.78,0.0
2014-01-02,6.97,13.38,2.85,57.82,0.0,1.6,0.0,7.69,6.79,7.14,0.0,1,2,2014,6.321428571428571,0.0,6.03,0.0,0.0,4.29,0.0,9.59,0.0
2014-01-03,7.69,14.15,4.24,51.32,0.0,1.29,0.0,6.71,6.97,6.95,0.0,1,3,2014,6.427142857142857,0.0,6.66,0.0,0.0,3.98,0.02,9.29,0.0
2014-01-04,6.71,12.71,3.45,46.68,0.0,1.27,0.0,5.1,7.69,5.57,0.0,1,4,2014,6.590000000000001,0.0,6.79,0.0,0.0,5.0,0.07,8.9,0.0
2014-01-05,5.1,10.51,0.28,51.91,0.0,1.42,0.0,3.42,6.71,5.28,0.0,1,5,2014,6.564285714285715,0.0,6.97,0.0,0.0,4.32,0.0,8.8,0.0
2014-01-06,3.42,10.2,-0.75,61.25,0.0,1.57,0.0,3.87,5.1,6.03,0.0,1,6,2014,6.191428571428571,0.0,7.69,0.0,0.0,5.83,0.0,9.2,0.0
2014-01-07,3.87,10.39,-0.77,63.06,0.0,1.5,0.0,5.32,3.42,6.66,0.0,1,7,2014,5.792857142857144,0.0,6.71,0.0,0.0,7.47,0.0,9.24,0.0
2014-01-08,5.32,11.51,1.08,52.37,0.0,1.55,0.04,6.28,3.87,6.79,0.0,1,8,2014,5.582857142857144,0.0,5.1,0.0,0.0,7.56,0.0,8.54,0.0
2014-01-09,6.28,13.06,1.44,51.87,0.04,1.52,0.0,5.1,5.32,6.97,0.0,1,9,2014,5.484285714285714,0.005714285714286729,3.42,0.0,0.0,7.14,0.0,7.97,0.0
2014-01-10,5.1,12.12,0.54,58.2,0.0,1.61,0.04,3.17,6.28,7.69,0.04,1,10,2014,5.114285714285714,0.005714285714286729,3.87,0.0,0.0,6.95,0.0,7.49,0.0
2014-01-11,3.17,11.12,-1.37,53.87,0.04,1.29,0.0,4.45,5.1,6.71,0.0,1,11,2014,4.6085714285714285,0.011428571428572443,5.32,0.0,0.0,5.57,0.0,6.57,0.0
2014-01-12,4.45,11.84,-2.27,66.39,0.0,1.39,0.0,7.28,3.17,5.1,0.04,1,12,2014,4.515714285714286,0.011428571428572443,6.28,0.04,0.0,5.28,0.0,6.17,0.0
2014-01-13,7.28,12.87,4.14,58.76,0.0,1.22,0.0,7.1,4.45,3.42,0.0,1,13,2014,5.067142857142857,0.011428571428572443,5.1,0.0,0.0,6.03,0.0,5.44,0.0
2014-01-14,7.1,13.26,3.43,59.1,0.0,1.48,0.0,6.38,7.28,3.87,0.0,1,14,2014,5.528571428571429,0.011428571428572443,3.17,0.04,0.0,6.66,0.0,6.62,0.0
2014-01-15,6.38,12.52,2.53,48.84,0.0,1.49,0.0,6.22,7.1,5.32,0.0,1,15,2014,5.68,0.011428571428572443,4.45,0.0,0.0,6.79,0.0,7.07,0.0
2014-01-16,6.22,12.15,1.73,55.5,0.0,1.42,0.0,6.68,6.38,6.28,0.0,1,16,2014,5.671428571428572,0.005714285714286729,7.28,0.0,0.04,6.97,0.0,5.96,0.0
2014-01-17,6.68,12.53,2.64,43.2,0.0,1.13,2.61,6.34,6.22,5.1,0.0,1,17,2014,5.897142857142858,0.005714285714286729,7.1,0.0,0.0,7.69,0.0,5.2,0.0
2014-01-18,6.34,12.29,2.99,61.26,2.61,1.51,0.42,5.16,6.68,3.17,0.0,1,18,2014,6.35,0.37285714285714383,6.38,0.0,0.04,6.71,0.0,4.29,0.0
2014-01-19,5.16,11.59,-0.64,66.98,0.42,1.49,0.0,6.46,6.34,4.45,2.61,1,19,2014,6.451428571428571,0.43285714285714383,6.22,0.0,0.0,5.1,0.0,3.98,0.02
2014-01-20,6.46,14.14,-0.5,55.74,0.0,1.49,0.0,8.68,5.16,7.28,0.42,1,20,2014,6.334285714285714,0.43285714285714383,6.68,0.0,0.0,3.42,0.0,5.0,0.07
2014-01-21,8.68,14.66,4.88,43.06,0.0,1.17,0.0,8.64,6.46,7.1,0.0,1,21,2014,6.5600000000000005,0.43285714285714383,6.34,2.61,0.0,3.87,0.0,4.32,0.0
2014-01-22,8.64,13.26,5.94,55.34,0.0,0.86,0.0,8.35,8.68,6.38,0.0,1,22,2014,6.8828571428571435,0.43285714285714383,5.16,0.42,0.0,5.32,0.0,5.83,0.0
2014-01-23,8.35,14.1,4.25,61.5,0.0,1.36,0.0,8.42,8.64,6.22,0.0,1,23,2014,7.187142857142858,0.43285714285714383,6.46,0.0,0.0,6.28,0.04,7.47,0.0
2014-01-24,8.42,13.46,5.9,49.22,0.0,1.16,0.0,8.05,8.35,6.68,0.0,1,24,2014,7.435714285714285,0.43285714285714383,8.68,0.0,0.0,5.1,0.0,7.56,0.0
2014-01-25,8.05,14.24,4.45,43.6,0.0,1.56,0.0,8.45,8.42,6.34,0.0,1,25,2014,7.680000000000001,0.06000000000000101,8.64,0.0,2.61,3.17,0.04,7.14,0.0
2014-01-26,8.45,15.38,4.46,44.06,0.0,1.52,0.0,7.45,8.05,5.16,0.0,1,26,2014,8.15,0.0,8.35,0.0,0.42,4.45,0.0,6.95,0.0
2014-01-27,7.45,14.92,2.54,41.7,0.0,1.53,0.0,6.42,8.45,6.46,0.0,1,27,2014,8.291428571428572,0.0,8.42,0.0,0.0,7.28,0.0,5.57,0.0
2014-01-28,6.42,15.13,-0.97,47.25,0.0,1.45,0.0,8.01,7.45,8.68,0.0,1,28,2014,7.968571428571428,0.0,8.05,0.0,0.0,7.1,0.0,5.28,0.0
2014-01-29,8.01,14.47,4.79,44.5,0.0,1.19,0.0,7.11,6.42,8.64,0.0,1,29,2014,7.878571428571429,0.0,8.45,0.0,0.0,6.38,0.0,6.03,0.0
2014-01-30,7.11,13.52,3.12,42.56,0.0,1.37,0.0,6.8,8.01,8.35,0.0,1,30,2014,7.701428571428572,0.0,7.45,0.0,0.0,6.22,0.0,6.66,0.0
2014-01-31,6.8,13.83,2.3,38.29,0.0,1.45,0.0,7.47,7.11,8.42,0.0,1,31,2014,7.47,0.0,6.42,0.0,0.0,6.68,0.0,6.79,0.0
2014-02-01,7.47,14.39,2.59,39.56,0.0,1.48,0.0,8.53,6.8,8.05,0.0,2,32,2014,7.387142857142856,0.0,8.01,0.0,0.0,6.34,2.61,6.97,0.0
2014-02-02,8.53,15.93,2.41,39.09,0.0,1.58,0.0,9.59,7.47,8.45,0.0,2,33,2014,7.398571428571429,0.0,7.11,0.0,0.0,5.16,0.42,7.69,0.0
2014-02-03,9.59,17.18,5.53,43.08,0.0,1.74,0.0,8.95,8.53,7.45,0.0,2,34,2014,7.704285714285713,0.0,6.8,0.0,0.0,6.46,0.0,6.71,0.0
2014-02-04,8.95,15.53,5.18,44.85,0.0,1.79,0.0,7.87,9.59,6.42,0.0,2,35,2014,8.065714285714286,0.0,7.47,0.0,0.0,8.68,0.0,5.1,0.0
2014-02-05,7.87,14.04,3.96,57.47,0.0,1.69,0.0,7.64,8.95,8.01,0.0,2,36,2014,8.045714285714286,0.0,8.53,0.0,0.0,8.64,0.0,3.42,0.0
2014-02-06,7.64,14.75,2.88,58.01,0.0,1.87,0.0,8.16,7.87,7.11,0.0,2,37,2014,8.12142857142857,0.0,9.59,0.0,0.0,8.35,0.0,3.87,0.0
2014-02-07,8.16,14.06,4.01,60.75,0.0,1.76,0.0,6.72,7.64,6.8,0.0,2,38,2014,8.315714285714286,0.0,8.95,0.0,0.0,8.42,0.0,5.32,0.0
2014-02-08,6.72,13.61,1.48,60.39,0.0,2.18,0.0,6.21,8.16,7.47,0.0,2,39,2014,8.208571428571428,0.0,7.87,0.0,0.0,8.05,0.0,6.28,0.04
2014-02-09,6.21,13.48,1.01,55.96,0.0,2.09,0.0,6.11,6.72,8.53,0.0,2,40,2014,7.877142857142857,0.0,7.64,0.0,0.0,8.45,0.0,5.1,0.0
2014-02-10,6.11,13.75,0.63,38.85,0.0,1.72,0.0,4.41,6.21,9.59,0.0,2,41,2014,7.38,0.0,8.16,0.0,0.0,7.45,0.0,3.17,0.04
2014-02-11,4.41,9.67,-0.33,48.96,0.0,1.44,0.0,4.91,6.11,8.95,0.0,2,42,2014,6.731428571428571,0.0,6.72,0.0,0.0,6.42,0.0,4.45,0.0
2014-02-12,4.91,12.33,-0.5,46.58,0.0,1.88,0.0,6.05,4.41,7.87,0.0,2,43,2014,6.308571428571429,0.0,6.21,0.0,0.0,8.01,0.0,7.28,0.0
2014-02-13,6.05,13.51,1.47,41.31,0.0,1.58,3.81,5.37,4.91,7.64,0.0,2,44,2014,6.081428571428572,0.0,6.11,0.0,0.0,7.11,0.0,7.1,0.0
2014-02-14,5.37,10.47,0.4,71.9,3.81,1.15,1.18,5.79,6.05,8.16,0.0,2,45,2014,5.682857142857143,0.5442857142857153,4.41,0.0,0.0,6.8,0.0,6.38,0.0
2014-02-15,5.79,12.16,1.97,79.23,1.18,1.54,7.67,3.9,5.37,6.72,3.81,2,46,2014,5.55,0.7128571428571439,4.91,0.0,0.0,7.47,0.0,6.22,0.0
2014-02-16,3.9,10.3,-0.39,67.89,7.67,1.74,0.53,3.31,5.79,6.21,1.18,2,47,2014,5.22,1.8085714285714296,6.05,0.0,0.0,8.53,0.0,6.68,0.0
2014-02-17,3.31,10.15,-1.67,59.16,0.53,2.12,0.02,5.3,3.9,6.11,7.67,2,48,2014,4.82,1.8842857142857152,5.37,3.81,0.0,9.59,0.0,6.34,2.61
2014-02-18,5.3,13.77,-2.57,42.78,0.02,1.75,0.0,7.95,3.31,4.41,0.53,2,49,2014,4.947142857142857,1.8871428571428583,5.79,1.18,0.0,8.95,0.0,5.16,0.42
2014-02-19,7.95,14.14,3.8,44.24,0.0,1.45,0.0,8.54,5.3,4.91,0.02,2,50,2014,5.381428571428572,1.8871428571428583,3.9,7.67,0.0,7.87,0.0,6.46,0.0
2014-02-20,8.54,15.38,4.17,45.94,0.0,1.63,0.0,8.72,7.95,6.05,0.0,2,51,2014,5.737142857142857,1.8871428571428583,3.31,0.53,0.0,7.64,0.0,8.68,0.0
2014-02-21,8.72,15.47,4.02,40.28,0.0,1.7,0.14,8.64,8.54,5.37,0.0,2,52,2014,6.215714285714285,1.3428571428571439,5.3,0.02,3.81,8.16,0.0,8.64,0.0
2014-02-22,8.64,14.48,5.15,60.56,0.14,1.17,0.01,8.63,8.72,5.79,0.0,2,53,2014,6.622857142857143,1.1942857142857153,7.95,0.0,1.18,6.72,0.0,8.35,0.0
2014-02-23,8.63,15.1,4.62,62.07,0.01,1.65,0.0,8.45,8.64,3.9,0.14,2,54,2014,7.298571428571429,0.10000000000000102,8.54,0.0,7.67,6.21,0.0,8.42,0.0
2014-02-24,8.45,15.44,2.38,54.59,0.0,1.77,0.0,9.56,8.63,3.31,0.01,2,55,2014,8.032857142857143,0.024285714285715302,8.72,0.0,0.53,6.11,0.0,8.05,0.0
2014-02-25,9.56,15.5,6.23,55.14,0.0,1.56,0.06,8.59,8.45,5.3,0.0,2,56,2014,8.641428571428571,0.021428571428572445,8.64,0.14,0.02,4.41,0.0,8.45,0.0
2014-02-26,8.59,13.14,5.61,47.93,0.06,1.42,0.13,7.74,9.56,7.95,0.0,2,57,2014,8.732857142857142,0.03000000000000102,8.63,0.01,0.0,4.91,0.0,7.45,0.0
2014-02-27,7.74,11.01,4.69,58.56,0.13,0.84,0.11,7.76,8.59,8.54,0.06,2,58,2014,8.61857142857143,0.04857142857142959,8.45,0.0,0.0,6.05,0.0,6.42,0.0
2014-02-28,7.76,13.18,4.14,63.8,0.11,0.94,0.53,7.32,7.74,8.72,0.13,2,59,2014,8.481428571428571,0.0642857142857153,9.56,0.0,0.0,5.37,3.81,8.01,0.0
2014-03-01,7.32,11.5,4.23,71.7,0.53,1.03,0.56,8.09,7.76,8.64,0.11,3,60,2014,8.292857142857143,0.12000000000000102,8.59,0.06,0.14,5.79,1.18,7.11,0.0
2014-03-02,8.09,14.54,3.89,52.18,0.56,1.5,0.01,8.14,7.32,8.63,0.53,3,61,2014,8.215714285714286,0.1985714285714296,7.74,0.13,0.01,3.9,7.67,6.8,0.0
2014-03-03,8.14,14.53,3.38,53.19,0.01,1.81,0.0,8.87,8.09,8.45,0.56,3,62,2014,8.171428571428573,0.20000000000000104,7.76,0.11,0.0,3.31,0.53,7.47,0.0
2014-03-04,8.87,15.76,3.56,47.46,0.0,1.49,0.0,8.49,8.14,9.56,0.01,3,63,2014,8.072857142857142,0.20000000000000104,7.32,0.53,0.0,5.3,0.02,8.53,0.0
2014-03-05,8.49,14.49,4.44,49.75,0.0,1.69,0.0,7.9,8.87,8.59,0.0,3,64,2014,8.05857142857143,0.19142857142857245,8.09,0.56,0.06,7.95,0.0,9.59,0.0
2014-03-06,7.9,14.28,3.01,50.25,0.0,1.86,0.02,7.9,8.49,7.74,0.0,3,65,2014,8.081428571428571,0.1728571428571439,8.14,0.01,0.13,8.54,0.0,8.95,0.0
2014-03-07,7.9,14.68,2.81,46.74,0.02,1.83,0.0,8.65,7.9,7.76,0.0,3,66,2014,8.101428571428572,0.16000000000000103,8.87,0.0,0.11,8.72,0.0,7.87,0.0
2014-03-08,8.65,15.27,4.3,40.23,0.0,1.89,0.0,9.38,7.9,7.32,0.02,3,67,2014,8.291428571428572,0.08428571428571531,8.49,0.0,0.53,8.64,0.14,7.64,0.0
2014-03-09,9.38,15.86,4.8,48.01,0.0,1.8,0.0,9.01,8.65,8.09,0.0,3,68,2014,8.475714285714286,0.004285714285715301,7.9,0.0,0.56,8.63,0.01,8.16,0.0
2014-03-10,9.01,15.33,3.39,45.19,0.0,1.59,0.0,9.5,9.38,8.14,0.0,3,69,2014,8.6,0.002857142857143872,7.9,0.02,0.01,8.45,0.0,6.72,0.0
2014-03-11,9.5,16.15,4.36,44.19,0.0,1.77,0.0,10.46,9.01,8.87,0.0,3,70,2014,8.69,0.002857142857143872,8.65,0.0,0.0,9.56,0.0,6.21,0.0
2014-03-12,10.46,17.19,5.64,44.31,0.0,1.96,0.0,11.36,9.5,8.49,0.0,3,71,2014,8.971428571428572,0.002857142857143872,9.38,0.0,0.0,8.59,0.06,6.11,0.0
2014-03-13,11.36,18.74,5.32,47.07,0.0,1.87,0.0,11.81,10.46,7.9,0.0,3,72,2014,9.465714285714286,0.002857142857143872,9.01,0.0,0.0,7.74,0.13,4.41,0.0
2014-03-14,11.81,17.86,7.04,48.29,0.0,1.68,0.0,12.67,11.36,7.9,0.0,3,73,2014,10.024285714285714,0.0,9.5,0.0,0.02,7.76,0.11,4.91,0.0
2014-03-15,12.67,19.59,7.6,42.41,0.0,1.67,0.0,13.13,11.81,8.65,0.0,3,74,2014,10.598571428571429,0.0,10.46,0.0,0.0,7.32,0.53,6.05,0.0
2014-03-16,13.13,19.59,8.85,45.7,0.0,1.8,0.0,13.16,12.67,9.38,0.0,3,75,2014,11.134285714285713,0.0,11.36,0.0,0.0,8.09,0.56,5.37,3.81
2014-03-17,13.16,19.35,8.59,53.91,0.0,1.8,0.02,13.04,13.13,9.01,0.0,3,76,2014,11.727142857142857,0.0,11.81,0.0,0.0,8.14,0.01,5.79,1.18
2014-03-18,13.04,19.38,7.97,58.62,0.02,1.94,0.0,11.84,13.16,9.5,0.0,3,77,2014,12.232857142857142,0.0028571428571438724,12.67,0.0,0.0,8.87,0.0,3.9,7.67
2014-03-19,11.84,17.84,7.54,54.46,0.0,2.02,0.07,10.35,13.04,10.46,0.02,3,78,2014,12.430000000000001,0.0028571428571438724,13.13,0.0,0.0,8.49,0.0,3.31,0.53
2014-03-20,10.35,16.84,4.97,45.16,0.07,1.92,1.2,10.67,11.84,11.36,0.0,3,79,2014,12.285714285714286,0.012857142857143873,13.16,0.0,0.0,7.9,0.0,5.3,0.02
2014-03-21,10.67,16.63,6.54,49.18,1.2,1.83,7.3,10.13,10.35,11.81,0.07,3,80,2014,12.122857142857143,0.1842857142857153,13.04,0.02,0.0,7.9,0.02,7.95,0.0
2014-03-22,10.13,15.72,5.1,57.57,7.3,1.68,0.51,10.11,10.67,12.67,1.2,3,81,2014,11.76,1.2271428571428582,11.84,0.0,0.0,8.65,0.0,8.54,0.0
2014-03-23,10.11,15.28,5.1,57.54,0.51,1.61,0.12,11.25,10.13,13.13,7.3,3,82,2014,11.328571428571431,1.300000000000001,10.35,0.07,0.0,9.38,0.0,8.72,0.0
2014-03-24,11.25,16.97,7.09,55.74,0.12,1.86,0.13,11.9,10.11,13.16,0.51,3,83,2014,11.055714285714284,1.3171428571428583,10.67,1.2,0.0,9.01,0.0,8.64,0.14
2014-03-25,11.9,18.42,6.57,54.07,0.13,2.1,1.05,13.07,11.25,13.04,0.12,3,84,2014,10.892857142857142,1.3328571428571439,10.13,7.3,0.02,9.5,0.0,8.63,0.01
2014-03-26,13.07,20.32,6.96,47.3,1.05,2.12,0.01,14.03,11.9,11.84,0.13,3,85,2014,11.06857142857143,1.482857142857144,10.11,0.51,0.0,10.46,0.0,8.45,0.0
2014-03-27,14.03,21.25,8.55,48.83,0.01,2.39,0.0,14.88,13.07,10.35,1.05,3,86,2014,11.594285714285714,1.4742857142857153,11.25,0.12,0.07,11.36,0.0,9.56,0.0
2014-03-28,14.88,22.6,9.42,49.17,0.0,2.07,0.0,15.9,14.03,10.67,0.01,3,87,2014,12.195714285714287,1.302857142857144,11.9,0.13,1.2,11.81,0.0,8.59,0.06
2014-03-29,15.9,23.22,9.73,43.7,0.0,2.73,0.0,15.76,14.88,10.13,0.0,3,88,2014,13.020000000000001,0.260000000000001,13.07,1.05,7.3,12.67,0.0,7.74,0.13
2014-03-30,15.76,23.04,9.54,36.96,0.0,2.22,0.0,14.11,15.9,10.11,0.0,3,89,2014,13.827142857142857,0.18714285714285817,14.03,0.01,0.51,13.13,0.0,7.76,0.11
2014-03-31,14.11,21.32,8.55,30.11,0.0,1.94,0.0,13.27,15.76,11.25,0.0,3,90,2014,14.235714285714284,0.170000000000001,14.88,0.0,0.12,13.16,0.0,7.32,0.53
2014-04-01,13.27,20.78,6.72,32.68,0.0,2.03,0.0,12.61,14.11,11.9,0.0,4,91,2014,14.43142857142857,0.15142857142857244,15.9,0.0,0.13,13.04,0.02,8.09,0.56
2014-04-02,12.61,20.07,5.76,32.38,0.0,1.92,0.46,13.17,13.27,13.07,0.0,4,92,2014,14.365714285714285,0.0014285714285724436,15.76,0.0,1.05,11.84,0.0,8.14,0.01
2014-04-03,13.17,20.49,6.72,38.97,0.46,1.98,0.0,14.11,12.61,14.03,0.0,4,93,2014,14.242857142857144,0.06571428571428674,14.11,0.0,0.01,10.35,0.07,8.87,0.0
2014-04-04,14.11,20.56,9.11,46.11,0.0,2.07,0.0,13.8,13.17,14.88,0.46,4,94,2014,14.132857142857143,0.06571428571428674,13.27,0.0,0.0,10.67,1.2,8.49,0.0
2014-04-05,13.8,18.8,9.32,52.07,0.0,1.98,0.01,14.33,14.11,15.9,0.0,4,95,2014,13.832857142857145,0.06571428571428674,12.61,0.0,0.0,10.13,7.3,7.9,0.0
2014-04-06,14.33,19.84,9.68,56.87,0.01,1.72,0.14,15.18,13.8,15.76,0.0,4,96,2014,13.62857142857143,0.06714285714285816,13.17,0.46,0.0,10.11,0.51,7.9,0.02
2014-04-07,15.18,21.41,9.81,56.17,0.14,1.96,0.82,15.82,14.33,14.11,0.01,4,97,2014,13.781428571428572,0.08714285714285817,14.11,0.0,0.0,11.25,0.12,8.65,0.0
2014-04-08,15.82,23.54,8.59,44.45,0.82,2.39,0.05,15.47,15.18,13.27,0.14,4,98,2014,14.145714285714288,0.2042857142857153,13.8,0.0,0.0,11.9,0.13,9.38,0.0
2014-04-09,15.47,23.45,8.12,35.64,0.05,1.84,0.0,14.84,15.82,12.61,0.82,4,99,2014,14.554285714285715,0.21142857142857244,14.33,0.01,0.0,13.07,1.05,9.01,0.0
2014-04-10,14.84,21.96,8.87,27.84,0.0,1.95,0.0,14.01,15.47,13.17,0.05,4,100,2014,14.792857142857144,0.14571428571428674,15.18,0.14,0.46,14.03,0.01,9.5,0.0
2014-04-11,14.01,21.03,7.92,28.19,0.0,1.86,0.0,13.84,14.84,14.11,0.0,4,101,2014,14.778571428571428,0.14571428571428674,15.82,0.82,0.0,14.88,0.0,10.46,0.0
2014-04-12,13.84,20.63,7.97,30.39,0.0,1.83,0.15,13.22,14.01,13.8,0.0,4,102,2014,14.784285714285716,0.14571428571428674,15.47,0.05,0.0,15.9,0.0,11.36,0.0
2014-04-13,13.22,20.14,6.66,41.1,0.15,1.84,0.17,13.73,13.84,14.33,0.0,4,103,2014,14.625714285714285,0.16571428571428673,14.84,0.0,0.01,15.76,0.0,11.81,0.0
2014-04-14,13.73,20.17,8.82,48.41,0.17,1.74,0.0,14.86,13.22,15.18,0.15,4,104,2014,14.418571428571429,0.170000000000001,14.01,0.0,0.14,14.11,0.0,12.67,0.0
2014-04-15,14.86,21.97,8.21,44.35,0.0,2.24,0.0,15.51,13.73,15.82,0.17,4,105,2014,14.281428571428572,0.05285714285714387,13.84,0.0,0.82,13.27,0.0,13.13,0.0
2014-04-16,15.51,22.47,8.99,44.66,0.0,1.98,0.4,15.89,14.86,15.47,0.0,4,106,2014,14.287142857142856,0.04571428571428674,13.22,0.15,0.05,12.61,0.0,13.16,0.0
2014-04-17,15.89,23.17,9.44,43.99,0.4,2.21,0.02,16.12,15.51,14.84,0.0,4,107,2014,14.437142857142856,0.10285714285714388,13.73,0.17,0.0,13.17,0.46,13.04,0.02
2014-04-18,16.12,23.72,9.04,40.2,0.02,2.14,0.0,16.33,15.89,14.01,0.4,4,108,2014,14.73857142857143,0.10571428571428675,14.86,0.0,0.0,14.11,0.0,11.84,0.0
2014-04-19,16.33,23.57,10.61,45.71,0.0,1.99,0.0,15.86,16.12,13.84,0.02,4,109,2014,15.094285714285714,0.10571428571428675,15.51,0.0,0.0,13.8,0.0,10.35,0.07
2014-04-20,15.86,23.63,8.02,42.02,0.0,2.08,0.0,16.48,16.33,13.22,0.0,4,110,2014,15.471428571428572,0.08428571428571531,15.89,0.4,0.15,14.33,0.01,10.67,1.2
2014-04-21,16.48,24.45,9.26,31.58,0.0,2.02,0.0,16.8,15.86,13.73,0.0,4,111,2014,15.864285714285714,0.06000000000000102,16.12,0.02,0.17,15.18,0.14,10.13,7.3
2014-04-22,16.8,24.59,9.23,29.84,0.0,2.19,0.0,17.06,16.48,14.86,0.0,4,112,2014,16.14142857142857,0.06000000000000102,16.33,0.0,0.0,15.82,0.82,10.11,0.51
2014-04-23,17.06,24.97,10.25,29.63,0.0,2.36,0.0,17.02,16.8,15.51,0.0,4,113,2014,16.362857142857145,0.06000000000000102,15.86,0.0,0.0,15.47,0.05,11.25,0.12
2014-04-24,17.02,24.13,10.36,41.35,0.0,2.13,0.04,18.05,17.06,15.89,0.0,4,114,2014,16.524285714285714,0.0028571428571438724,16.48,0.0,0.4,14.84,0.0,11.9,0.13
2014-04-25,18.05,24.82,11.39,39.11,0.04,2.1,0.0,17.84,17.02,16.12,0.0,4,115,2014,16.8,0.005714285714286729,16.8,0.0,0.02,14.01,0.0,13.07,1.05
2014-04-26,17.84,24.56,10.83,36.8,0.0,1.86,2.03,17.27,18.05,16.33,0.04,4,116,2014,17.015714285714285,0.005714285714286729,17.06,0.0,0.0,13.84,0.0,14.03,0.01
2014-04-27,17.27,24.45,10.27,42.9,2.03,1.86,0.35,17.41,17.84,15.86,0.0,4,117,2014,17.217142857142857,0.2957142857142867,17.02,0.0,0.0,13.22,0.15,14.88,0.0
2014-04-28,17.41,24.8,10.14,35.96,0.35,2.35,0.05,18.04,17.27,16.48,2.03,4,118,2014,17.349999999999998,0.3457142857142867,18.05,0.04,0.0,13.73,0.17,15.9,0.0
2014-04-29,18.04,24.79,11.57,30.76,0.05,1.94,0.11,18.29,17.41,16.8,0.35,4,119,2014,17.527142857142856,0.3528571428571438,17.84,0.0,0.0,14.86,0.0,15.76,0.0
2014-04-30,18.29,24.99,12.16,36.36,0.11,1.94,7.24,17.92,18.04,17.06,0.05,4,120,2014,17.70285714285714,0.36857142857142955,17.27,2.03,0.0,15.51,0.0,14.11,0.0
2014-05-01,17.92,24.3,12.64,48.26,7.24,1.92,9.81,16.7,18.29,17.02,0.11,5,121,2014,17.83142857142857,1.402857142857144,17.41,0.35,0.0,15.89,0.4,13.27,0.0
2014-05-02,16.7,21.87,12.21,58.78,9.81,1.71,4.87,14.9,17.92,18.05,7.24,5,122,2014,17.638571428571428,2.7985714285714303,18.04,0.05,0.04,16.12,0.02,12.61,0.0
2014-05-03,14.9,19.02,10.96,65.51,4.87,1.65,8.72,14.55,16.7,17.84,9.81,5,123,2014,17.21857142857143,3.4942857142857155,18.29,0.11,0.0,16.33,0.0,13.17,0.46
2014-05-04,14.55,19.16,10.34,73.58,8.72,1.3,4.62,15.21,14.9,17.27,4.87,5,124,2014,16.830000000000002,4.450000000000001,17.92,7.24,2.03,15.86,0.0,14.11,0.0
2014-05-05,15.21,21.94,9.73,61.73,4.62,1.96,2.55,15.41,14.55,17.41,8.72,5,125,2014,16.51571428571429,5.060000000000001,16.7,9.81,0.35,16.48,0.0,13.8,0.0
2014-05-06,15.41,20.2,10.35,66.71,2.55,2.03,0.93,16.64,15.21,18.04,4.62,5,126,2014,16.14,5.417142857142858,14.9,4.87,0.05,16.8,0.0,14.33,0.01
2014-05-07,16.64,21.53,12.31,60.87,0.93,2.08,0.08,17.13,15.41,18.29,2.55,5,127,2014,15.904285714285715,5.534285714285716,14.55,8.72,0.11,17.06,0.0,15.18,0.14
2014-05-08,17.13,21.25,13.1,59.27,0.08,1.85,0.24,18.62,16.64,17.92,0.93,5,128,2014,15.79142857142857,4.5114285714285725,15.21,4.62,7.24,17.02,0.0,15.82,0.82
2014-05-09,18.62,26.02,11.55,46.23,0.24,2.45,0.01,19.41,17.13,16.7,0.08,5,129,2014,16.065714285714286,3.144285714285716,15.41,2.55,9.81,18.05,0.04,15.47,0.05
2014-05-10,19.41,26.62,12.67,31.92,0.01,2.38,0.02,18.76,18.62,14.9,0.24,5,130,2014,16.71,2.4500000000000015,16.64,0.93,4.87,17.84,0.0,14.84,0.0
2014-05-11,18.76,26.06,11.06,38.47,0.02,2.35,0.22,18.82,19.41,14.55,0.01,5,131,2014,17.31142857142857,1.207142857142858,17.13,0.08,8.72,17.27,2.03,14.01,0.0
2014-05-12,18.82,25.55,13.51,41.46,0.22,2.06,0.25,18.34,18.76,15.21,0.02,5,132,2014,17.827142857142857,0.5785714285714295,18.62,0.24,4.62,17.41,0.35,13.84,0.0
2014-05-13,18.34,25.93,10.77,42.73,0.25,2.2,0.0,18.14,18.82,15.41,0.22,5,133,2014,18.245714285714286,0.250000000000001,19.41,0.01,2.55,18.04,0.05,13.22,0.15
2014-05-14,18.14,25.39,11.67,40.72,0.0,2.46,0.0,18.28,18.34,16.64,0.25,5,134,2014,18.46,0.11714285714285817,18.76,0.02,0.93,18.29,0.11,13.73,0.17
2014-05-15,18.28,24.7,12.47,45.73,0.0,2.3,0.0,18.48,18.14,17.13,0.0,5,135,2014,18.624285714285715,0.10571428571428673,18.82,0.22,0.08,17.92,7.24,14.86,0.0
2014-05-16,18.48,25.31,11.78,38.44,0.0,2.03,0.0,18.89,18.28,18.62,0.0,5,136,2014,18.604285714285716,0.07142857142857244,18.34,0.25,0.24,16.7,9.81,15.51,0.0
2014-05-17,18.89,25.4,12.06,40.67,0.0,2.3,0.0,19.98,18.48,19.41,0.0,5,137,2014,18.53,0.07000000000000102,18.14,0.0,0.01,14.9,4.87,15.89,0.4
2014-05-18,19.98,26.0,14.08,43.63,0.0,2.11,0.02,20.82,18.89,18.76,0.0,5,138,2014,18.704285714285714,0.06714285714285816,18.28,0.0,0.02,14.55,8.72,16.12,0.02
2014-05-19,20.82,26.69,14.89,42.46,0.02,1.81,0.17,19.93,19.98,18.82,0.0,5,139,2014,18.990000000000002,0.03857142857142959,18.48,0.0,0.22,15.21,4.62,16.33,0.0
2014-05-20,19.93,26.3,13.74,42.57,0.17,1.96,0.33,19.66,20.82,18.34,0.02,5,140,2014,19.217142857142857,0.02714285714285816,18.89,0.0,0.25,15.41,2.55,15.86,0.0
2014-05-21,19.66,27.2,12.14,34.5,0.33,2.1,0.07,19.35,19.93,18.14,0.17,5,141,2014,19.434285714285718,0.0742857142857153,19.98,0.0,0.0,16.64,0.93,16.48,0.0
2014-05-22,19.35,26.31,11.32,32.95,0.07,2.0,0.15,19.58,19.66,18.28,0.33,5,142,2014,19.587142857142858,0.08428571428571531,20.82,0.02,0.0,17.13,0.08,16.8,0.0
2014-05-23,19.58,26.41,12.82,39.83,0.15,2.07,1.72,18.83,19.35,18.48,0.07,5,143,2014,19.744285714285716,0.10571428571428673,19.93,0.17,0.0,18.62,0.24,17.06,0.0
2014-05-24,18.83,24.53,13.15,53.61,1.72,1.88,7.11,18.53,19.58,18.89,0.15,5,144,2014,19.735714285714288,0.3514285714285724,19.66,0.33,0.0,19.41,0.01,17.02,0.0
2014-05-25,18.53,23.31,14.17,68.35,7.11,1.76,25.68,17.34,18.83,19.98,1.72,5,145,2014,19.52857142857143,1.367142857142858,19.35,0.07,0.0,18.76,0.02,18.05,0.04
2014-05-26,17.34,22.0,14.52,74.88,25.68,1.22,25.55,16.26,18.53,20.82,7.11,5,146,2014,19.03142857142857,5.032857142857144,19.58,0.15,0.02,18.82,0.22,17.84,0.0
2014-05-27,16.26,19.82,13.34,78.7,25.55,1.0,10.24,17.16,17.34,19.93,25.68,5,147,2014,18.50714285714286,8.65857142857143,18.83,1.72,0.17,18.34,0.25,17.27,2.03
2014-05-28,17.16,22.45,12.98,77.43,10.24,1.43,2.82,16.84,16.26,19.66,25.55,5,148,2014,18.15,10.074285714285717,18.53,7.11,0.33,18.14,0.0,17.41,0.35
2014-05-29,16.84,22.42,11.23,71.59,2.82,1.72,2.06,18.33,17.16,19.35,10.24,5,149,2014,17.791428571428572,10.467142857142857,17.34,25.68,0.07,18.28,0.0,18.04,0.05
2014-05-30,18.33,23.79,13.28,66.98,2.06,1.91,3.75,18.47,16.84,19.58,2.82,5,150,2014,17.612857142857145,10.74,16.26,25.55,0.15,18.48,0.0,18.29,0.11
2014-05-31,18.47,24.0,13.86,74.94,3.75,1.9,2.69,18.88,18.33,18.83,2.06,5,151,2014,17.56142857142857,11.030000000000001,17.16,10.24,1.72,18.89,0.0,17.92,7.24
2014-06-01,18.88,24.59,14.23,72.43,2.69,1.76,0.78,18.95,18.47,18.53,3.75,6,152,2014,17.611428571428572,10.39857142857143,16.84,2.82,7.11,19.98,0.0,16.7,9.81
2014-06-02,18.95,23.95,14.02,72.6,0.78,1.91,0.33,19.9,18.88,17.34,2.69,6,153,2014,17.841428571428573,6.8414285714285725,18.33,2.06,25.68,20.82,0.02,14.9,4.87
2014-06-03,19.9,25.49,15.11,61.83,0.33,1.97,0.01,20.3,18.95,16.26,0.78,6,154,2014,18.361428571428572,3.2385714285714298,18.47,3.75,25.55,19.93,0.17,14.55,8.72
2014-06-04,20.3,26.18,14.79,51.11,0.01,1.95,0.64,20.78,19.9,17.16,0.33,6,155,2014,18.81,1.777142857142858,18.88,2.69,10.24,19.66,0.33,15.21,4.62
2014-06-05,20.78,26.65,14.7,49.85,0.64,1.85,5.31,20.91,20.3,16.84,0.01,6,156,2014,19.37285714285714,1.4657142857142866,18.95,0.78,2.82,19.35,0.07,15.41,2.55
2014-06-06,20.91,25.75,17.24,59.02,5.31,1.75,7.05,20.1,20.78,18.33,0.64,6,157,2014,19.74142857142857,1.9300000000000008,19.9,0.33,2.06,19.58,0.15,16.64,0.93
2014-06-07,20.1,24.42,16.48,75.41,7.05,1.64,3.57,20.39,20.91,18.47,5.31,6,158,2014,19.974285714285713,2.401428571428572,20.3,0.01,3.75,18.83,1.72,17.13,0.08
2014-06-08,20.39,25.34,16.04,69.63,3.57,1.72,10.0,19.85,20.1,18.88,7.05,6,159,2014,20.19,2.527142857142858,20.78,0.64,2.69,18.53,7.11,18.62,0.24
2014-06-09,19.85,25.02,15.74,61.74,10.0,1.85,9.6,19.55,20.39,18.95,3.57,6,160,2014,20.31857142857143,3.8442857142857148,20.91,5.31,0.78,17.34,25.68,19.41,0.01
2014-06-10,19.55,24.8,14.39,65.25,9.6,1.87,2.29,19.74,19.85,19.9,10.0,6,161,2014,20.268571428571427,5.16857142857143,20.1,7.05,0.33,16.26,25.55,18.76,0.02
2014-06-11,19.74,24.94,14.77,63.5,2.29,1.89,0.61,19.36,19.55,20.3,9.6,6,162,2014,20.18857142857143,5.4942857142857155,20.39,3.57,0.01,17.16,10.24,18.82,0.22
2014-06-12,19.36,24.95,14.08,53.66,0.61,1.91,1.19,19.71,19.74,20.78,2.29,6,163,2014,19.985714285714288,5.490000000000001,19.85,10.0,0.64,16.84,2.82,18.34,0.25
2014-06-13,19.71,24.81,14.21,51.05,1.19,2.01,5.05,19.45,19.36,20.91,0.61,6,164,2014,19.814285714285713,4.901428571428572,19.55,9.6,5.31,18.33,2.06,18.14,0.0
2014-06-14,19.45,23.78,15.54,59.97,5.05,1.83,8.5,19.19,19.71,20.1,1.19,6,165,2014,19.72142857142857,4.615714285714287,19.74,2.29,7.05,18.47,3.75,18.28,0.0
2014-06-15,19.19,23.91,15.03,70.13,8.5,1.78,7.9,19.82,19.45,20.39,5.05,6,166,2014,19.55,5.320000000000001,19.36,0.61,3.57,18.88,2.69,18.48,0.0
2014-06-16,19.82,25.57,14.72,73.55,7.9,1.85,6.1,19.69,19.19,19.85,8.5,6,167,2014,19.545714285714286,5.020000000000001,19.71,1.19,10.0,18.95,0.78,18.89,0.0
2014-06-17,19.69,24.11,16.41,79.25,6.1,1.88,8.01,19.76,19.82,19.55,7.9,6,168,2014,19.565714285714286,4.520000000000001,19.45,5.05,9.6,19.9,0.33,19.98,0.0
2014-06-18,19.76,24.26,16.33,79.14,8.01,1.84,2.33,19.7,19.69,19.74,6.1,6,169,2014,19.568571428571428,5.337142857142858,19.19,8.5,2.29,20.3,0.01,20.82,0.02
2014-06-19,19.7,24.1,15.45,79.47,2.33,2.18,9.7,20.09,19.76,19.36,8.01,6,170,2014,19.61714285714286,5.5828571428571445,19.82,7.9,0.61,20.78,0.64,19.93,0.17
2014-06-20,20.09,24.51,16.68,83.85,9.7,2.21,22.55,19.33,19.7,19.71,2.33,6,171,2014,19.67142857142857,6.79857142857143,19.69,6.1,1.19,20.91,5.31,19.66,0.33
2014-06-21,19.33,23.58,16.53,87.88,22.55,1.8,4.41,19.61,20.09,19.45,9.7,6,172,2014,19.654285714285713,9.29857142857143,19.76,8.01,5.05,20.1,7.05,19.35,0.07
2014-06-22,19.61,23.83,16.11,83.08,4.41,2.25,1.9,19.96,19.33,19.19,22.55,6,173,2014,19.714285714285715,8.714285714285715,19.7,2.33,8.5,20.39,3.57,19.58,0.15
2014-06-23,19.96,24.77,16.08,74.3,1.9,2.02,1.4,19.55,19.61,19.82,4.41,6,174,2014,19.734285714285715,7.8571428571428585,20.09,9.7,7.9,19.85,10.0,18.83,1.72
2014-06-24,19.55,23.99,15.77,74.69,1.4,1.63,1.69,19.48,19.96,19.69,1.9,6,175,2014,19.714285714285715,7.185714285714286,19.33,22.55,6.1,19.55,9.6,18.53,7.11
2014-06-25,19.48,23.78,15.12,75.72,1.69,1.68,0.45,19.87,19.55,19.76,1.4,6,176,2014,19.674285714285713,6.282857142857145,19.61,4.41,8.01,19.74,2.29,17.34,25.68
2014-06-26,19.87,23.92,16.38,73.69,0.45,1.57,5.63,19.99,19.48,19.7,1.69,6,177,2014,19.69857142857143,6.014285714285714,19.96,1.9,2.33,19.36,0.61,16.26,25.55
2014-06-27,19.99,24.79,16.54,78.32,5.63,1.97,24.24,19.33,19.87,20.09,0.45,6,178,2014,19.684285714285714,5.432857142857144,19.55,1.4,9.7,19.71,1.19,17.16,10.24
2014-06-28,19.33,23.36,15.55,87.25,24.24,1.99,11.76,19.71,19.99,19.33,5.63,6,179,2014,19.684285714285714,5.674285714285715,19.48,1.69,22.55,19.45,5.05,16.84,2.82
2014-06-29,19.71,23.96,16.24,84.23,11.76,1.94,6.6,19.25,19.33,19.61,24.24,6,180,2014,19.698571428571427,6.724285714285714,19.87,0.45,4.41,19.19,8.5,18.33,2.06
2014-06-30,19.25,22.97,16.12,84.64,6.6,2.08,24.87,17.77,19.71,19.96,11.76,6,181,2014,19.59714285714286,7.395714285714286,19.99,5.63,1.9,19.82,7.9,18.47,3.75
2014-07-01,17.77,19.5,16.05,91.78,24.87,1.3,3.29,18.99,19.25,19.55,6.6,7,182,2014,19.342857142857145,10.748571428571429,19.33,24.24,1.4,19.69,6.1,18.88,2.69
2014-07-02,18.99,22.25,15.92,82.86,3.29,1.51,2.97,19.16,17.77,19.48,24.87,7,183,2014,19.27285714285714,10.977142857142857,19.71,11.76,1.69,19.76,8.01,18.95,0.78
2014-07-03,19.16,23.39,15.82,83.65,2.97,1.81,10.99,18.6,18.99,19.87,3.29,7,184,2014,19.17142857142857,11.337142857142856,19.25,6.6,0.45,19.7,2.33,19.9,0.33
2014-07-04,18.6,21.32,16.56,92.55,10.99,1.58,2.81,18.25,19.16,19.99,2.97,7,185,2014,18.972857142857144,12.102857142857145,17.77,24.87,5.63,20.09,9.7,20.3,0.01
2014-07-05,18.25,21.04,16.43,90.5,2.81,1.57,4.64,18.58,18.6,19.33,10.99,7,186,2014,18.81857142857143,9.041428571428572,18.99,3.29,24.24,19.33,22.55,20.78,0.64
2014-07-06,18.58,22.07,16.37,88.2,4.64,1.61,2.44,19.26,18.25,19.71,2.81,7,187,2014,18.657142857142855,8.024285714285716,19.16,2.97,11.76,19.61,4.41,20.91,5.31
2014-07-07,19.26,22.79,16.26,85.97,2.44,1.52,2.78,19.18,18.58,19.25,4.64,7,188,2014,18.65857142857143,7.430000000000001,18.6,10.99,6.6,19.96,1.9,20.1,7.05
2014-07-08,19.18,22.4,16.72,87.38,2.78,1.24,5.91,19.3,19.26,17.77,2.44,7,189,2014,18.860000000000003,4.274285714285715,18.25,2.81,24.87,19.55,1.4,20.39,3.57
2014-07-09,19.3,22.88,16.34,88.29,5.91,1.14,5.7,19.22,19.18,18.99,2.78,7,190,2014,18.904285714285713,4.6485714285714295,18.58,4.64,3.29,19.48,1.69,19.85,10.0
2014-07-10,19.22,22.83,16.34,86.22,5.7,1.58,7.75,18.88,19.3,19.16,5.91,7,191,2014,18.912857142857142,5.038571428571429,19.26,2.44,2.97,19.87,0.45,19.55,9.6
2014-07-11,18.88,21.28,17.24,90.99,7.75,1.29,0.26,19.73,19.22,18.6,5.7,7,192,2014,18.952857142857145,4.5757142857142865,19.18,2.78,10.99,19.99,5.63,19.74,2.29
2014-07-12,19.73,23.33,16.55,84.02,0.26,1.67,0.49,19.87,18.88,18.25,7.75,7,193,2014,19.164285714285715,4.211428571428573,19.3,5.91,2.81,19.33,24.24,19.36,0.61
2014-07-13,19.87,23.03,17.1,87.49,0.49,1.86,3.62,19.84,19.73,18.58,0.26,7,194,2014,19.34857142857143,3.618571428571429,19.22,5.7,4.64,19.71,11.76,19.71,1.19
2014-07-14,19.84,23.93,16.54,87.47,3.62,2.37,12.83,18.63,19.87,19.26,0.49,7,195,2014,19.431428571428572,3.787142857142858,18.88,7.75,2.44,19.25,6.6,19.45,5.05
2014-07-15,18.63,20.71,16.79,91.96,12.83,1.81,2.82,19.2,19.84,19.18,3.62,7,196,2014,19.352857142857143,5.222857142857144,19.73,0.26,2.78,17.77,24.87,19.19,8.5
2014-07-16,19.2,23.07,15.95,86.79,2.82,1.76,3.43,19.22,18.63,19.3,12.83,7,197,2014,19.33857142857143,4.781428571428572,19.87,0.49,5.91,18.99,3.29,19.82,7.9
2014-07-17,19.22,23.51,16.3,88.64,3.43,1.66,1.1,19.15,19.2,19.22,2.82,7,198,2014,19.33857142857143,4.457142857142858,19.84,3.62,5.7,19.16,2.97,19.69,6.1
2014-07-18,19.15,23.6,15.44,84.98,1.1,2.16,4.51,19.08,19.22,18.88,3.43,7,199,2014,19.377142857142854,3.507142857142859,18.63,12.83,7.75,18.6,10.99,19.76,8.01
2014-07-19,19.08,23.07,15.74,86.18,4.51,1.86,6.18,19.63,19.15,19.73,1.1,7,200,2014,19.284285714285712,4.114285714285716,19.2,2.82,0.26,18.25,2.81,19.7,2.33
2014-07-20,19.63,24.13,15.85,86.28,6.18,2.0,8.95,19.77,19.08,19.87,4.51,7,201,2014,19.25,4.927142857142859,19.22,3.43,0.49,18.58,4.64,20.09,9.7
2014-07-21,19.77,24.52,16.65,84.98,8.95,2.24,3.78,19.39,19.63,19.84,6.18,7,202,2014,19.240000000000002,5.6885714285714295,19.15,1.1,3.62,19.26,2.44,19.33,22.55
2014-07-22,19.39,23.63,15.79,86.78,3.78,2.33,14.54,17.9,19.77,18.63,8.95,7,203,2014,19.34857142857143,4.395714285714287,19.08,4.51,12.83,19.18,2.78,19.61,4.41
2014-07-23,17.9,20.2,15.68,91.34,14.54,1.66,20.28,18.0,19.39,19.2,3.78,7,204,2014,19.162857142857142,6.07,19.63,6.18,2.82,19.3,5.91,19.96,1.9
2014-07-24,18.0,20.86,15.94,91.6,20.28,1.93,7.01,18.67,17.9,19.22,14.54,7,205,2014,18.988571428571426,8.477142857142857,19.77,8.95,3.43,19.22,5.7,19.55,1.4
2014-07-25,18.67,22.79,15.47,86.06,7.01,1.75,5.58,18.98,18.0,19.15,20.28,7,206,2014,18.919999999999998,9.321428571428571,19.39,3.78,1.1,18.88,7.75,19.48,1.69
2014-07-26,18.98,23.05,15.76,86.31,5.58,1.75,3.77,19.08,18.67,19.08,7.01,7,207,2014,18.905714285714286,9.474285714285715,17.9,14.54,4.51,19.73,0.26,19.87,0.45
2014-07-27,19.08,22.86,15.99,86.59,3.77,1.75,2.65,18.78,18.98,19.63,5.58,7,208,2014,18.827142857142857,9.13,18.0,20.28,6.18,19.87,0.49,19.99,5.63
2014-07-28,18.78,22.22,16.1,87.9,2.65,1.85,4.14,18.99,19.08,19.77,3.77,7,209,2014,18.685714285714287,8.23,18.67,7.01,8.95,19.84,3.62,19.33,24.24
2014-07-29,18.99,22.82,15.69,87.43,4.14,2.0,4.78,19.28,18.78,19.39,2.65,7,210,2014,18.62857142857143,8.281428571428572,18.98,5.58,3.78,18.63,12.83,19.71,11.76
2014-07-30,19.28,23.01,16.58,88.71,4.78,1.75,1.95,19.37,18.99,17.9,4.14,7,211,2014,18.825714285714287,6.887142857142858,19.08,3.77,14.54,19.2,2.82,19.25,6.6
2014-07-31,19.37,23.22,16.8,90.37,1.95,1.96,1.79,19.51,19.28,18.0,4.78,7,212,2014,19.021428571428572,4.26857142857143,18.78,2.65,20.28,19.22,3.43,17.77,24.87
2014-08-01,19.51,23.68,16.98,90.06,1.79,1.78,5.06,19.06,19.37,18.67,1.95,8,213,2014,19.141428571428573,3.5228571428571436,18.99,4.14,7.01,19.15,1.1,18.99,3.29
2014-08-02,19.06,22.15,16.91,93.08,5.06,1.98,9.06,19.28,19.51,18.98,1.79,8,214,2014,19.15285714285714,3.4485714285714297,19.28,4.78,5.58,19.08,4.51,19.16,2.97
2014-08-03,19.28,22.45,16.29,90.08,9.06,2.18,9.62,19.61,19.06,19.08,5.06,8,215,2014,19.18142857142857,4.2042857142857155,19.37,1.95,3.77,19.63,6.18,18.6,10.99
2014-08-04,19.61,23.38,16.91,88.88,9.62,1.83,0.3,19.11,19.28,18.78,9.06,8,216,2014,19.3,5.200000000000001,19.51,1.79,2.65,19.77,8.95,18.25,2.81
2014-08-05,19.11,23.01,16.19,87.3,0.3,2.21,0.32,19.19,19.61,18.99,9.62,8,217,2014,19.31714285714286,4.651428571428573,19.06,5.06,4.14,19.39,3.78,18.58,4.64
2014-08-06,19.19,23.42,15.43,87.9,0.32,1.96,3.61,18.49,19.11,19.28,0.3,8,218,2014,19.304285714285715,4.014285714285715,19.28,9.06,4.78,17.9,14.54,19.26,2.44
2014-08-07,18.49,21.42,16.48,93.41,3.61,1.89,17.26,18.87,19.19,19.37,0.32,8,219,2014,19.178571428571427,4.251428571428572,19.61,9.62,1.95,18.0,20.28,19.18,2.78
2014-08-08,18.87,21.93,16.15,90.81,17.26,1.45,5.25,19.52,18.49,19.51,3.61,8,220,2014,19.087142857142858,6.461428571428572,19.11,0.3,1.79,18.67,7.01,19.3,5.91
2014-08-09,19.52,23.04,16.71,90.45,5.25,1.83,7.24,19.48,18.87,19.06,17.26,8,221,2014,19.15285714285714,6.488571428571428,19.19,0.32,5.06,18.98,5.58,19.22,5.7
2014-08-10,19.48,23.09,16.36,90.76,7.24,1.83,2.45,19.08,19.52,19.28,5.25,8,222,2014,19.181428571428572,6.228571428571429,18.49,3.61,9.06,19.08,3.77,18.88,7.75
2014-08-11,19.08,22.28,16.91,91.72,2.45,1.89,1.72,19.65,19.48,19.61,7.24,8,223,2014,19.10571428571429,5.2042857142857155,18.87,17.26,9.62,18.78,2.65,19.73,0.26
2014-08-12,19.65,23.41,17.08,90.39,1.72,2.01,21.34,19.02,19.08,19.11,2.45,8,224,2014,19.18285714285714,5.407142857142858,19.52,5.25,0.3,18.99,4.14,19.87,0.49
2014-08-13,19.02,21.02,17.36,95.43,21.34,2.97,50.02,17.46,19.65,19.19,1.72,8,225,2014,19.15857142857143,8.41,19.48,7.24,0.32,19.28,4.78,19.84,3.62
2014-08-14,17.46,19.67,15.07,96.03,50.02,1.98,19.7,16.02,19.02,18.49,21.34,8,226,2014,19.01142857142857,15.040000000000003,19.08,2.45,3.61,19.37,1.95,18.63,12.83
2014-08-15,16.02,17.93,13.5,88.31,19.7,1.02,3.52,17.39,17.46,18.87,50.02,8,227,2014,18.604285714285712,15.38857142857143,19.65,1.72,17.26,19.51,1.79,19.2,2.82
2014-08-16,17.39,20.67,14.25,87.94,3.52,1.68,10.09,17.7,16.02,19.52,19.7,8,228,2014,18.3,15.141428571428573,19.02,21.34,5.25,19.06,5.06,19.22,3.43
2014-08-17,17.7,20.42,15.25,93.17,10.09,1.83,0.47,18.08,17.39,19.48,3.52,8,229,2014,18.045714285714286,15.548571428571432,17.46,50.02,7.24,19.28,9.06,19.15,1.1
2014-08-18,18.08,20.7,16.05,92.82,0.47,1.64,2.61,17.86,17.7,19.08,10.09,8,230,2014,17.90285714285714,15.265714285714287,16.02,19.7,2.45,19.61,9.62,19.08,4.51
2014-08-19,17.86,20.93,15.22,90.6,2.61,1.35,3.91,17.89,18.08,19.65,0.47,8,231,2014,17.647142857142857,15.392857142857144,17.39,3.52,1.72,19.11,0.3,19.63,6.18
2014-08-20,17.89,20.54,15.56,89.28,3.91,1.9,3.04,16.87,17.86,19.02,2.61,8,232,2014,17.485714285714288,12.902857142857144,17.7,10.09,21.34,19.19,0.32,19.77,8.95
2014-08-21,16.87,19.5,15.18,91.75,3.04,1.17,2.35,17.94,17.89,17.46,3.91,8,233,2014,17.40142857142857,6.191428571428573,18.08,0.47,50.02,18.49,3.61,19.39,3.78
2014-08-22,17.94,21.48,15.29,87.0,2.35,1.59,8.52,18.05,16.87,16.02,3.04,8,234,2014,17.675714285714285,3.712857142857145,17.86,2.61,19.7,18.87,17.26,17.9,14.54
2014-08-23,18.05,22.22,13.83,89.06,8.52,1.75,11.77,18.1,17.94,17.39,2.35,8,235,2014,17.77,4.42714285714286,17.89,3.91,3.52,19.52,5.25,18.0,20.28
2014-08-24,18.1,21.77,14.79,90.72,11.77,2.03,4.3,17.87,18.05,17.7,8.52,8,236,2014,17.827142857142857,4.667142857142859,16.87,3.04,10.09,19.48,7.24,18.67,7.01
2014-08-25,17.87,21.66,14.93,88.2,4.3,1.68,8.93,18.01,18.1,18.08,11.77,8,237,2014,17.79714285714286,5.214285714285716,17.94,2.35,0.47,19.08,2.45,18.98,5.58
2014-08-26,18.01,21.66,14.96,91.1,8.93,1.89,2.64,17.43,17.87,17.86,4.3,8,238,2014,17.818571428571428,6.117142857142859,18.05,8.52,2.61,19.65,1.72,19.08,3.77
2014-08-27,17.43,20.38,15.2,91.41,2.64,1.71,10.94,17.28,18.01,17.89,8.93,8,239,2014,17.752857142857142,5.935714285714288,18.1,11.77,3.91,19.02,21.34,18.78,2.65
2014-08-28,17.28,20.74,14.73,89.29,10.94,1.48,5.74,17.24,17.43,16.87,2.64,8,240,2014,17.81142857142857,7.064285714285716,17.87,4.3,3.04,17.46,50.02,18.99,4.14
2014-08-29,17.24,21.52,14.85,88.54,5.74,1.28,2.39,18.49,17.28,17.94,10.94,8,241,2014,17.711428571428574,7.54857142857143,18.01,8.93,2.35,16.02,19.7,19.28,4.78
2014-08-30,18.49,22.41,15.68,83.44,2.39,1.29,9.26,17.68,17.24,18.05,5.74,8,242,2014,17.774285714285714,6.672857142857145,17.43,2.64,8.52,17.39,3.52,19.37,1.95
2014-08-31,17.68,20.71,15.43,92.32,9.26,1.17,0.89,16.95,18.49,18.1,2.39,8,243,2014,17.714285714285715,6.314285714285716,17.28,10.94,11.77,17.7,10.09,19.51,1.79
2014-09-01,16.95,19.82,14.68,92.82,0.89,1.65,0.01,17.62,17.68,17.87,9.26,9,244,2014,17.582857142857144,5.827142857142859,17.24,5.74,4.3,18.08,0.47,19.06,5.06
2014-09-02,17.62,21.96,13.52,89.4,0.01,2.05,0.4,18.04,16.95,18.01,0.89,9,245,2014,17.527142857142856,4.552857142857145,18.49,2.39,8.93,17.86,2.61,19.28,9.06
2014-09-03,18.04,21.95,14.44,90.45,0.4,1.49,4.3,17.75,17.62,17.43,0.01,9,246,2014,17.614285714285714,4.232857142857145,17.68,9.26,2.64,17.89,3.91,19.61,9.62
2014-09-04,17.75,20.41,15.35,93.67,4.3,1.52,3.52,18.05,18.04,17.28,0.4,9,247,2014,17.681428571428572,3.284285714285716,16.95,0.89,10.94,16.87,3.04,19.11,0.3
2014-09-05,18.05,21.38,15.48,90.72,3.52,1.48,8.88,18.36,17.75,17.24,4.3,9,248,2014,17.79714285714286,2.9671428571428593,17.62,0.01,5.74,17.94,2.35,19.19,0.32
2014-09-06,18.36,22.48,14.78,87.39,8.88,1.44,3.89,18.09,18.05,18.49,3.52,9,249,2014,17.77857142857143,3.894285714285716,18.04,0.4,2.39,18.05,8.52,18.49,3.61
2014-09-07,18.09,21.42,15.58,91.94,3.89,1.43,10.99,17.46,18.36,17.68,8.88,9,250,2014,17.837142857142858,3.1271428571428594,17.75,4.3,9.26,18.1,11.77,18.87,17.26
2014-09-08,17.46,20.72,14.7,92.66,10.99,1.68,22.75,16.63,18.09,16.95,3.89,9,251,2014,17.91,4.570000000000002,18.05,3.52,0.89,17.87,4.3,19.52,5.25
2014-09-09,16.63,19.06,14.21,87.86,22.75,0.87,21.72,17.09,17.46,17.62,10.99,9,252,2014,17.768571428571427,7.818571428571431,18.36,8.88,0.01,18.01,8.93,19.48,7.24
2014-09-10,17.09,20.28,15.11,91.06,21.72,1.36,11.91,16.59,16.63,18.04,22.75,9,253,2014,17.632857142857144,10.864285714285716,18.09,3.89,0.4,17.43,2.64,19.08,2.45
2014-09-11,16.59,18.87,14.96,93.54,11.91,1.4,5.08,16.82,17.09,17.75,21.72,9,254,2014,17.467142857142857,11.951428571428576,17.46,10.99,4.3,17.28,10.94,19.65,1.72
2014-09-12,16.82,20.23,13.84,89.72,5.08,1.32,10.39,16.65,16.59,18.05,11.91,9,255,2014,17.291428571428572,12.174285714285716,16.63,22.75,3.52,17.24,5.74,19.02,21.34
2014-09-13,16.65,19.03,14.91,95.1,10.39,1.46,4.11,16.07,16.82,18.36,5.08,9,256,2014,17.04714285714286,12.390000000000002,17.09,21.72,8.88,18.49,2.39,17.46,50.02
2014-09-14,16.07,18.78,13.82,88.68,4.11,1.31,0.32,16.24,16.65,18.09,10.39,9,257,2014,16.75857142857143,12.421428571428574,16.59,11.91,3.89,17.68,9.26,16.02,19.7
2014-09-15,16.24,19.92,13.73,83.79,0.32,1.22,2.21,16.67,16.07,17.46,4.11,9,258,2014,16.584285714285713,10.897142857142859,16.82,5.08,10.99,16.95,0.89,17.39,3.52
2014-09-16,16.67,20.65,13.47,83.51,2.21,1.36,0.97,17.8,16.24,16.63,0.32,9,259,2014,16.59,7.962857142857145,16.65,10.39,22.75,17.62,0.01,17.7,10.09
2014-09-17,17.8,21.99,14.38,86.12,0.97,1.45,3.24,18.1,16.67,17.09,2.21,9,260,2014,16.69142857142857,4.99857142857143,16.07,4.11,21.72,18.04,0.4,18.08,0.47
2014-09-18,18.1,21.65,15.69,90.51,3.24,1.62,26.22,18.27,17.8,16.59,0.97,9,261,2014,16.907142857142855,3.760000000000002,16.24,0.32,11.91,17.75,4.3,17.86,2.61
2014-09-19,18.27,21.02,15.62,81.93,26.22,1.74,29.44,16.3,18.1,16.82,3.24,9,262,2014,17.114285714285714,6.780000000000002,16.67,2.21,5.08,18.05,3.52,17.89,3.91
2014-09-20,16.3,18.19,14.62,95.88,29.44,1.33,4.61,16.36,18.27,16.65,26.22,9,263,2014,17.064285714285717,9.501428571428574,17.8,0.97,10.39,18.36,8.88,16.87,3.04
2014-09-21,16.36,19.42,14.29,87.07,4.61,1.07,6.12,16.77,16.3,16.07,29.44,9,264,2014,17.10571428571429,9.572857142857146,18.1,3.24,4.11,18.09,3.89,17.94,2.35
2014-09-22,16.77,21.37,13.37,84.76,6.12,1.38,8.2,16.48,16.36,16.24,4.61,9,265,2014,17.181428571428572,10.401428571428571,18.27,26.22,0.32,17.46,10.99,18.05,8.52
2014-09-23,16.48,20.9,12.91,84.55,8.2,1.57,7.27,16.09,16.77,16.67,6.12,9,266,2014,17.154285714285717,11.257142857142858,16.3,29.44,2.21,16.63,22.75,18.1,11.77
2014-09-24,16.09,19.85,13.34,91.28,7.27,1.47,7.23,16.02,16.48,17.8,8.2,9,267,2014,16.91,12.15714285714286,16.36,4.61,0.97,17.09,21.72,17.87,4.3
2014-09-25,16.02,19.58,13.45,90.95,7.23,1.21,2.06,15.61,16.09,18.1,7.27,9,268,2014,16.61285714285714,12.727142857142857,16.77,6.12,3.24,16.59,11.91,18.01,8.93
2014-09-26,15.61,20.06,11.56,84.85,2.06,1.32,0.43,15.4,16.02,18.27,7.23,9,269,2014,16.232857142857142,9.275714285714288,16.48,8.2,26.22,16.82,5.08,17.43,2.64
2014-09-27,15.4,19.43,12.43,85.05,0.43,1.44,0.32,15.64,15.61,16.3,2.06,9,270,2014,16.104285714285712,5.1314285714285734,16.09,7.27,29.44,16.65,10.39,17.28,10.94
2014-09-28,15.64,19.24,13.33,89.74,0.32,1.35,0.86,14.64,15.4,16.36,0.43,9,271,2014,16.001428571428573,4.5185714285714305,16.02,7.23,4.61,16.07,4.11,17.24,5.74
2014-09-29,14.64,18.16,11.87,84.31,0.86,1.2,0.05,14.71,15.64,16.77,0.32,9,272,2014,15.697142857142856,3.767142857142859,15.61,2.06,6.12,16.24,0.32,18.49,2.39
2014-09-30,14.71,18.65,11.79,79.87,0.05,1.28,0.0,14.7,14.64,16.48,0.86,9,273,2014,15.444285714285716,2.6028571428571445,15.4,0.43,8.2,16.67,2.21,17.68,9.26
2014-10-01,14.7,18.68,11.54,87.42,0.0,1.38,0.0,14.95,14.71,16.09,0.05,10,274,2014,15.245714285714286,1.5642857142857165,15.64,0.32,7.27,17.8,0.97,16.95,0.89
2014-10-02,14.95,19.48,11.47,80.34,0.0,1.35,0.0,15.34,14.7,16.02,0.0,10,275,2014,15.092857142857142,0.5314285714285735,14.64,0.86,7.23,18.1,3.24,17.62,0.01
2014-10-03,15.34,19.33,12.39,88.8,0.0,1.39,0.01,16.06,14.95,15.61,0.0,10,276,2014,15.054285714285713,0.23714285714285915,14.71,0.05,2.06,18.27,26.22,18.04,0.4
2014-10-04,16.06,19.86,13.43,89.75,0.01,1.22,0.06,16.41,15.34,15.4,0.0,10,277,2014,15.148571428571428,0.17714285714285918,14.7,0.0,0.43,16.3,29.44,17.75,4.3
2014-10-05,16.41,19.7,14.06,88.8,0.06,1.11,1.47,16.58,16.06,15.64,0.01,10,278,2014,15.258571428571429,0.14000000000000204,14.95,0.0,0.32,16.36,4.61,18.05,3.52
2014-10-06,16.58,20.5,13.95,79.19,1.47,1.2,0.4,15.85,16.41,14.64,0.06,10,279,2014,15.535714285714286,0.22714285714285914,15.34,0.0,0.86,16.77,6.12,18.36,8.88
2014-10-07,15.85,20.14,12.56,78.99,0.4,1.28,0.0,15.21,16.58,14.71,1.47,10,280,2014,15.698571428571427,0.2771428571428592,16.06,0.01,0.05,16.48,8.2,18.09,3.89
2014-10-08,15.21,19.58,12.11,79.59,0.0,1.22,0.02,15.15,15.85,14.7,0.4,10,281,2014,15.771428571428572,0.2771428571428592,16.41,0.06,0.0,16.09,7.27,17.46,10.99
2014-10-09,15.15,19.81,11.65,71.69,0.02,1.37,0.11,14.76,15.21,14.95,0.0,10,282,2014,15.799999999999999,0.280000000000002,16.58,1.47,0.0,16.02,7.23,16.63,22.75
2014-10-10,14.76,19.45,11.4,72.72,0.11,1.43,0.01,14.53,15.15,15.34,0.02,10,283,2014,15.717142857142857,0.29571428571428776,15.85,0.4,0.0,15.61,2.06,17.09,21.72
2014-10-11,14.53,19.84,10.54,60.39,0.01,1.14,1.74,14.58,14.76,16.06,0.11,10,284,2014,15.498571428571429,0.29571428571428776,15.21,0.0,0.01,15.4,0.43,16.59,11.91
2014-10-12,14.58,19.7,10.62,60.01,1.74,1.19,0.84,14.45,14.53,16.41,0.01,10,285,2014,15.237142857142857,0.5357142857142877,15.15,0.02,0.06,15.64,0.32,16.82,5.08
2014-10-13,14.45,18.22,12.09,66.03,0.84,0.95,18.04,12.99,14.58,16.58,1.74,10,286,2014,14.932857142857143,0.4457142857142878,14.76,0.11,1.47,14.64,0.86,16.65,10.39
2014-10-14,12.99,16.09,10.74,90.12,18.04,1.53,0.14,14.33,14.45,15.85,0.84,10,287,2014,14.524285714285714,2.9657142857142875,14.53,0.01,0.4,14.71,0.05,16.07,4.11
2014-10-15,14.33,19.59,10.89,77.76,0.14,1.22,0.0,13.68,12.99,15.21,18.04,10,288,2014,14.398571428571428,2.9857142857142875,14.58,1.74,0.0,14.7,0.0,16.24,0.32
2014-10-16,13.68,19.04,10.09,55.25,0.0,1.14,0.06,13.18,14.33,15.15,0.14,10,289,2014,14.18857142857143,2.982857142857145,14.45,0.84,0.02,14.95,0.0,16.67,2.21
2014-10-17,13.18,18.32,10.08,63.52,0.06,1.23,0.26,12.61,13.68,14.76,0.0,10,290,2014,13.962857142857143,2.9757142857142873,12.99,18.04,0.11,15.34,0.0,17.8,0.97
2014-10-18,12.61,17.34,9.64,61.35,0.26,1.27,0.03,12.5,13.18,14.53,0.06,10,291,2014,13.688571428571427,3.0114285714285733,14.33,0.14,0.01,16.06,0.01,18.1,3.24
2014-10-19,12.5,17.55,8.35,66.15,0.03,1.33,0.02,13.09,12.61,14.58,0.26,10,292,2014,13.391428571428571,2.7671428571428587,13.68,0.0,1.74,16.41,0.06,18.27,26.22
2014-10-20,13.09,17.93,9.77,73.4,0.02,1.23,0.58,12.65,12.5,14.45,0.03,10,293,2014,13.197142857142856,2.650000000000002,13.18,0.06,0.84,16.58,1.47,16.3,29.44
2014-10-21,12.65,17.38,9.34,72.28,0.58,1.16,0.01,12.89,13.09,12.99,0.02,10,294,2014,13.148571428571428,0.15571428571428772,12.61,0.26,18.04,15.85,0.4,16.36,4.61
2014-10-22,12.89,16.97,10.11,81.55,0.01,1.2,0.0,13.25,12.65,14.33,0.58,10,295,2014,12.942857142857141,0.13714285714285918,12.5,0.03,0.14,15.21,0.0,16.77,6.12
2014-10-23,13.25,17.71,10.17,83.79,0.0,1.32,0.0,13.06,12.89,13.68,0.01,10,296,2014,12.88142857142857,0.13714285714285918,13.09,0.02,0.0,15.15,0.02,16.48,8.2
2014-10-24,13.06,16.73,10.66,89.65,0.0,1.16,0.22,12.2,13.25,13.18,0.0,10,297,2014,12.864285714285714,0.12857142857143058,12.65,0.58,0.06,14.76,0.11,16.09,7.27
2014-10-25,12.2,15.82,9.85,87.78,0.22,1.04,0.55,11.81,13.06,12.61,0.0,10,298,2014,12.805714285714286,0.12285714285714487,12.89,0.01,0.26,14.53,0.01,16.02,7.23
2014-10-26,11.81,16.14,8.75,82.74,0.55,1.13,0.06,11.28,12.2,12.5,0.22,10,299,2014,12.707142857142857,0.19714285714285915,13.25,0.0,0.03,14.58,1.74,15.61,2.06
2014-10-27,11.28,15.38,8.67,82.47,0.06,1.25,0.45,10.86,11.81,13.09,0.55,10,300,2014,12.448571428571428,0.20285714285714487,13.06,0.0,0.02,14.45,0.84,15.4,0.43
2014-10-28,10.86,14.6,7.88,86.69,0.45,1.27,0.08,10.83,11.28,12.65,0.06,10,301,2014,12.192857142857145,0.18428571428571633,12.2,0.22,0.58,12.99,18.04,15.64,0.32
2014-10-29,10.83,15.27,7.79,83.26,0.08,1.24,0.03,11.14,10.86,12.89,0.45,10,302,2014,11.89857142857143,0.19428571428571634,11.81,0.55,0.01,14.33,0.14,14.64,0.86
2014-10-30,11.14,15.41,8.59,79.26,0.03,1.13,0.0,11.87,10.83,13.25,0.08,10,303,2014,11.597142857142856,0.19857142857143062,11.28,0.06,0.0,13.68,0.0,14.71,0.05
2014-10-31,11.87,17.34,8.22,56.7,0.0,1.03,0.0,12.39,11.14,13.06,0.03,10,304,2014,11.427142857142858,0.19857142857143062,10.86,0.45,0.0,13.18,0.06,14.7,0.0
2014-11-01,12.39,17.43,8.89,57.07,0.0,1.26,0.0,12.63,11.87,12.2,0.0,11,305,2014,11.454285714285716,0.1671428571428592,10.83,0.08,0.22,12.61,0.26,14.95,0.0
2014-11-02,12.63,17.38,9.58,65.09,0.0,1.29,0.0,12.3,12.39,11.81,0.0,11,306,2014,11.571428571428571,0.0885714285714306,11.14,0.03,0.55,12.5,0.03,15.34,0.0
2014-11-03,12.3,17.48,8.87,64.94,0.0,1.21,0.0,12.25,12.63,11.28,0.0,11,307,2014,11.717142857142857,0.08000000000000204,11.87,0.0,0.06,13.09,0.02,16.06,0.01
2014-11-04,12.25,17.34,9.02,71.66,0.0,1.28,0.0,11.25,12.3,10.86,0.0,11,308,2014,11.915714285714285,0.015714285714287745,12.39,0.0,0.45,12.65,0.58,16.41,0.06
2014-11-05,11.25,16.14,8.01,72.33,0.0,1.22,0.0,11.96,12.25,10.83,0.0,11,309,2014,11.975714285714286,0.0042857142857163156,12.63,0.0,0.08,12.89,0.01,16.58,1.47
2014-11-06,11.96,16.86,8.92,71.85,0.0,1.22,0.0,12.94,11.25,11.14,0.0,11,310,2014,12.092857142857143,0.0,12.3,0.0,0.03,13.25,0.0,15.85,0.4
2014-11-07,12.94,17.92,9.63,71.75,0.0,1.2,0.0,13.27,11.96,11.87,0.0,11,311,2014,12.245714285714286,0.0,12.25,0.0,0.0,13.06,0.0,15.21,0.0
2014-11-08,13.27,18.21,9.94,75.41,0.0,1.23,0.0,12.98,12.94,12.39,0.0,11,312,2014,12.37142857142857,0.0,11.25,0.0,0.0,12.2,0.22,15.15,0.02
2014-11-09,12.98,17.88,9.98,70.83,0.0,1.37,0.0,13.05,13.27,12.63,0.0,11,313,2014,12.421428571428573,0.0,11.96,0.0,0.0,11.81,0.55,14.76,0.11
2014-11-10,13.05,17.73,10.39,60.74,0.0,1.31,0.0,12.64,12.98,12.3,0.0,11,314,2014,12.528571428571428,0.0,12.94,0.0,0.0,11.28,0.06,14.53,0.01
2014-11-11,12.64,17.6,9.46,57.84,0.0,1.43,0.0,11.61,13.05,12.25,0.0,11,315,2014,12.584285714285715,0.0,13.27,0.0,0.0,10.86,0.45,14.58,1.74
2014-11-12,11.61,17.76,8.2,50.95,0.0,1.45,0.0,11.17,12.64,11.25,0.0,11,316,2014,12.635714285714286,0.0,12.98,0.0,0.0,10.83,0.08,14.45,0.84
2014-11-13,11.17,16.59,7.76,46.31,0.0,1.16,0.0,11.02,11.61,11.96,0.0,11,317,2014,12.522857142857143,0.0,13.05,0.0,0.0,11.14,0.03,12.99,18.04
2014-11-14,11.02,16.13,7.07,57.76,0.0,1.2,0.0,11.52,11.17,12.94,0.0,11,318,2014,12.248571428571427,0.0,12.64,0.0,0.0,11.87,0.0,14.33,0.14
2014-11-15,11.52,16.83,7.95,65.96,0.0,1.16,0.0,10.49,11.02,13.27,0.0,11,319,2014,11.998571428571429,0.0,11.61,0.0,0.0,12.39,0.0,13.68,0.0
2014-11-16,10.49,15.09,7.73,60.97,0.0,1.09,0.0,10.08,11.52,12.98,0.0,11,320,2014,11.642857142857142,0.0,11.17,0.0,0.0,12.63,0.0,13.18,0.06
2014-11-17,10.08,15.24,6.89,64.78,0.0,1.25,0.0,10.45,10.49,13.05,0.0,11,321,2014,11.218571428571428,0.0,11.02,0.0,0.0,12.3,0.0,12.61,0.26
2014-11-18,10.45,15.29,7.34,64.36,0.0,1.13,0.0,10.36,10.08,12.64,0.0,11,322,2014,10.905714285714286,0.0,11.52,0.0,0.0,12.25,0.0,12.5,0.03
2014-11-19,10.36,14.91,7.39,66.78,0.0,1.29,0.0,10.38,10.45,11.61,0.0,11,323,2014,10.727142857142857,0.0,10.49,0.0,0.0,11.25,0.0,13.09,0.02
2014-11-20,10.38,14.88,7.27,64.77,0.0,1.28,0.0,9.88,10.36,11.17,0.0,11,324,2014,10.614285714285714,0.0,10.08,0.0,0.0,11.96,0.0,12.65,0.58
2014-11-21,9.88,14.83,6.77,66.26,0.0,1.32,0.0,9.17,10.38,11.02,0.0,11,325,2014,10.45142857142857,0.0,10.45,0.0,0.0,12.94,0.0,12.89,0.01
2014-11-22,9.17,14.73,5.06,60.13,0.0,1.28,0.0,8.78,9.88,11.52,0.0,11,326,2014,10.115714285714287,0.0,10.36,0.0,0.0,13.27,0.0,13.25,0.0
2014-11-23,8.78,14.66,4.97,51.25,0.0,1.32,0.0,8.85,9.17,10.49,0.0,11,327,2014,9.87142857142857,0.0,10.38,0.0,0.0,12.98,0.0,13.06,0.0
2014-11-24,8.85,14.14,4.82,49.27,0.0,1.12,0.0,9.22,8.78,10.08,0.0,11,328,2014,9.695714285714287,0.0,9.88,0.0,0.0,13.05,0.0,12.2,0.22
2014-11-25,9.22,13.92,6.23,57.82,0.0,1.18,0.0,8.88,8.85,10.45,0.0,11,329,2014,9.52,0.0,9.17,0.0,0.0,12.64,0.0,11.81,0.55
2014-11-26,8.88,13.95,5.87,57.93,0.0,1.2,0.0,8.51,9.22,10.36,0.0,11,330,2014,9.308571428571428,0.0,8.78,0.0,0.0,11.61,0.0,11.28,0.06
2014-11-27,8.51,13.24,5.65,61.9,0.0,1.07,0.0,8.43,8.88,10.38,0.0,11,331,2014,9.041428571428572,0.0,8.85,0.0,0.0,11.17,0.0,10.86,0.45
2014-11-28,8.43,13.4,5.51,67.06,0.0,1.18,0.0,8.72,8.51,9.88,0.0,11,332,2014,8.834285714285715,0.0,9.22,0.0,0.0,11.02,0.0,10.83,0.08
2014-11-29,8.72,14.07,4.45,65.83,0.0,1.19,0.0,9.74,8.43,9.17,0.0,11,333,2014,8.77,0.0,8.88,0.0,0.0,11.52,0.0,11.14,0.03
2014-11-30,9.74,15.3,5.97,62.13,0.0,1.05,0.0,10.94,8.72,8.78,0.0,11,334,2014,8.907142857142857,0.0,8.51,0.0,0.0,10.49,0.0,11.87,0.0
2014-12-01,10.94,15.93,7.55,54.52,0.0,1.0,0.0,11.95,9.74,8.85,0.0,12,335,2014,9.205714285714285,0.0,8.43,0.0,0.0,10.08,0.0,12.39,0.0
2014-12-02,11.95,16.43,9.24,53.9,0.0,0.94,0.0,11.56,10.94,9.22,0.0,12,336,2014,9.595714285714285,0.0,8.72,0.0,0.0,10.45,0.0,12.63,0.0
2014-12-03,11.56,16.58,8.83,58.46,0.0,1.05,0.0,10.98,11.95,8.88,0.0,12,337,2014,9.978571428571428,0.0,9.74,0.0,0.0,10.36,0.0,12.3,0.0
2014-12-04,10.98,16.46,7.88,57.08,0.0,1.13,0.0,10.83,11.56,8.51,0.0,12,338,2014,10.331428571428571,0.0,10.94,0.0,0.0,10.38,0.0,12.25,0.0
2014-12-05,10.83,16.07,7.84,43.47,0.0,1.18,0.0,10.51,10.98,8.43,0.0,12,339,2014,10.674285714285714,0.0,11.95,0.0,0.0,9.88,0.0,11.25,0.0
2014-12-06,10.51,15.91,7.66,45.68,0.0,1.26,0.0,10.13,10.83,8.72,0.0,12,340,2014,10.930000000000001,0.0,11.56,0.0,0.0,9.17,0.0,11.96,0.0
2014-12-07,10.13,15.16,7.65,47.93,0.0,1.15,0.0,10.01,10.51,9.74,0.0,12,341,2014,10.985714285714284,0.0,10.98,0.0,0.0,8.78,0.0,12.94,0.0
2014-12-08,10.01,15.58,6.89,47.63,0.0,1.24,0.0,9.63,10.13,10.94,0.0,12,342,2014,10.852857142857143,0.0,10.83,0.0,0.0,8.85,0.0,13.27,0.0
2014-12-09,9.63,15.87,6.42,44.56,0.0,1.32,0.0,7.62,10.01,11.95,0.0,12,343,2014,10.52142857142857,0.0,10.51,0.0,0.0,9.22,0.0,12.98,0.0
2014-12-10,7.62,14.69,2.86,39.76,0.0,1.44,0.0,6.49,9.63,11.56,0.0,12,344,2014,9.95857142857143,0.0,10.13,0.0,0.0,8.88,0.0,13.05,0.0
2014-12-11,6.49,12.0,2.12,38.54,0.0,1.22,0.0,7.46,7.62,10.98,0.0,12,345,2014,9.317142857142857,0.0,10.01,0.0,0.0,8.51,0.0,12.64,0.0
2014-12-12,7.46,14.38,3.06,34.12,0.0,1.32,0.0,8.48,6.49,10.83,0.0,12,346,2014,8.835714285714285,0.0,9.63,0.0,0.0,8.43,0.0,11.61,0.0
2014-12-13,8.48,15.64,4.97,43.06,0.0,1.37,4.67,7.39,7.46,10.51,0.0,12,347,2014,8.545714285714286,0.0,7.62,0.0,0.0,8.72,0.0,11.17,0.0
2014-12-14,7.39,11.82,4.49,81.12,4.67,0.75,0.29,6.66,8.48,10.13,0.0,12,348,2014,8.154285714285715,0.6671428571428591,6.49,0.0,0.0,9.74,0.0,11.02,0.0
2014-12-15,6.66,12.42,3.92,82.03,0.29,0.77,5.25,4.94,7.39,10.01,4.67,12,349,2014,7.675714285714286,0.7085714285714306,7.46,0.0,0.0,10.94,0.0,11.52,0.0
2014-12-16,4.94,9.89,1.24,72.29,5.25,1.03,0.0,3.84,6.66,9.63,0.29,12,350,2014,7.005714285714285,1.4585714285714306,8.48,0.0,0.0,11.95,0.0,10.49,0.0
2014-12-17,3.84,11.0,-1.15,61.98,0.0,1.37,0.0,5.95,4.94,7.62,5.25,12,351,2014,6.465714285714286,1.4585714285714306,7.39,4.67,0.0,11.56,0.0,10.08,0.0
2014-12-18,5.95,13.91,-0.1,44.35,0.0,1.46,0.0,7.74,3.84,6.49,0.0,12,352,2014,6.388571428571429,1.4585714285714306,6.66,0.29,0.0,10.98,0.0,10.45,0.0
2014-12-19,7.74,14.11,3.38,45.22,0.0,1.02,0.0,8.28,5.95,7.46,0.0,12,353,2014,6.428571428571429,1.4585714285714306,4.94,5.25,0.0,10.83,0.0,10.36,0.0
2014-12-20,8.28,14.35,4.41,52.59,0.0,1.24,0.0,7.98,7.74,8.48,0.0,12,354,2014,6.3999999999999995,1.4585714285714306,3.84,0.0,0.0,10.51,0.0,10.38,0.0
2014-12-21,7.98,14.31,4.35,51.47,0.0,1.18,0.0,7.18,8.28,7.39,0.0,12,355,2014,6.484285714285714,0.7914285714285735,5.95,0.0,4.67,10.13,0.0,9.88,0.0
2014-12-22,7.18,13.24,3.07,46.55,0.0,1.26,0.0,7.78,7.98,6.66,0.0,12,356,2014,6.558571428571428,0.750000000000002,7.74,0.0,0.29,10.01,0.0,9.17,0.0
2014-12-23,7.78,13.92,4.41,49.4,0.0,1.28,0.0,7.77,7.18,4.94,0.0,12,357,2014,6.964285714285714,0.0,8.28,0.0,5.25,9.63,0.0,8.78,0.0
2014-12-24,7.77,13.85,3.89,44.26,0.0,1.2,0.0,8.35,7.78,3.84,0.0,12,358,2014,7.525714285714285,0.0,7.98,0.0,0.0,7.62,0.0,8.85,0.0
2014-12-25,8.35,14.73,4.47,43.54,0.0,1.29,0.0,6.92,7.77,5.95,0.0,12,359,2014,7.868571428571428,0.0,7.18,0.0,0.0,6.49,0.0,9.22,0.0
2014-12-26,6.92,13.85,2.61,43.81,0.0,1.51,0.0,6.18,8.35,7.74,0.0,12,360,2014,7.751428571428571,0.0,7.78,0.0,0.0,7.46,0.0,8.88,0.0
2014-12-27,6.18,12.67,2.3,40.99,0.0,1.24,0.0,6.93,6.92,8.28,0.0,12,361,2014,7.451428571428572,0.0,7.77,0.0,0.0,8.48,0.0,8.51,0.0
2014-12-28,6.93,13.4,2.82,40.36,0.0,1.11,0.0,8.01,6.18,7.98,0.0,12,362,2014,7.301428571428572,0.0,8.35,0.0,0.0,7.39,4.67,8.43,0.0
2014-12-29,8.01,14.67,3.87,39.81,0.0,1.32,0.0,8.47,6.93,7.18,0.0,12,363,2014,7.42,0.0,6.92,0.0,0.0,6.66,0.29,8.72,0.0
2014-12-30,8.47,14.37,4.91,32.55,0.0,1.1,0.0,9.35,8.01,7.78,0.0,12,364,2014,7.518571428571428,0.0,6.18,0.0,0.0,4.94,5.25,9.74,0.0
2014-12-31,9.35,15.48,5.31,31.55,0.0,0.92,0.16,9.15,8.47,7.77,0.0,12,365,2014,7.744285714285715,0.0,6.93,0.0,0.0,3.84,0.0,10.94,0.0
2015-01-01,9.15,14.56,4.61,53.96,0.16,1.08,0.17,9.18,9.35,8.35,0.0,1,1,2015,7.8585714285714285,0.022857142857144887,8.01,0.0,0.0,5.95,0.0,11.95,0.0
2015-01-02,9.18,13.95,6.31,74.24,0.17,0.88,0.32,9.21,9.15,6.92,0.16,1,2,2015,8.18142857142857,0.04714285714285917,8.47,0.0,0.0,7.74,0.0,11.56,0.0
2015-01-03,9.21,15.29,5.84,78.45,0.32,1.15,1.6,7.32,9.18,6.18,0.17,1,3,2015,8.614285714285714,0.09285714285714489,9.35,0.0,0.0,8.28,0.0,10.98,0.0
2015-01-04,7.32,12.61,2.82,67.61,1.6,1.33,0.03,6.21,9.21,6.93,0.32,1,4,2015,8.67,0.32142857142857345,9.15,0.16,0.0,7.98,0.0,10.83,0.0
2015-01-05,6.21,13.03,1.11,68.3,0.03,1.39,0.0,6.64,7.32,8.01,1.6,1,5,2015,8.412857142857144,0.32571428571428773,9.18,0.17,0.0,7.18,0.0,10.51,0.0
2015-01-06,6.64,12.79,3.36,62.18,0.0,1.17,0.3,5.35,6.21,8.47,0.03,1,6,2015,8.151428571428571,0.32571428571428773,9.21,0.32,0.0,7.78,0.0,10.13,0.0
2015-01-07,5.35,10.95,2.45,60.28,0.3,1.19,1.18,4.04,6.64,9.35,0.0,1,7,2015,7.58,0.3685714285714306,7.32,1.6,0.0,7.77,0.0,10.01,0.0
2015-01-08,4.04,8.53,1.15,70.43,1.18,1.03,0.0,4.36,5.35,9.15,0.3,1,8,2015,6.8500000000000005,0.5142857142857162,6.21,0.03,0.16,8.35,0.0,9.63,0.0
2015-01-09,4.36,12.0,-0.83,51.94,0.0,1.53,0.0,5.92,4.04,9.18,1.18,1,9,2015,6.161428571428572,0.490000000000002,6.64,0.0,0.17,6.92,0.0,7.62,0.0
2015-01-10,5.92,14.15,-0.64,40.92,0.0,1.35,0.0,7.2,4.36,9.21,0.0,1,10,2015,5.691428571428572,0.4442857142857163,5.35,0.3,0.32,6.18,0.0,6.49,0.0
2015-01-11,7.2,14.47,1.85,39.51,0.0,1.3,0.0,8.14,5.92,7.32,0.0,1,11,2015,5.674285714285714,0.21571428571428772,4.04,1.18,1.6,6.93,0.0,7.46,0.0
2015-01-12,8.14,14.07,4.1,41.72,0.0,1.13,0.0,7.95,7.2,6.21,0.0,1,12,2015,5.950000000000001,0.21142857142857344,4.36,0.0,0.03,8.01,0.0,8.48,0.0
2015-01-13,7.95,13.27,4.84,49.44,0.0,1.08,0.0,7.39,8.14,6.64,0.0,1,13,2015,6.137142857142857,0.21142857142857344,5.92,0.0,0.0,8.47,0.0,7.39,4.67
2015-01-14,7.39,13.59,3.61,47.97,0.0,1.23,0.0,6.2,7.95,5.35,0.0,1,14,2015,6.428571428571429,0.16857142857143056,7.2,0.0,0.3,9.35,0.0,6.66,0.29
2015-01-15,6.2,12.16,1.92,48.95,0.0,1.22,0.0,5.61,7.39,4.04,0.0,1,15,2015,6.7371428571428575,0.0,8.14,0.0,1.18,9.15,0.16,4.94,5.25
2015-01-16,5.61,11.77,1.43,53.35,0.0,1.37,0.0,4.78,6.2,4.36,0.0,1,16,2015,6.915714285714286,0.0,7.95,0.0,0.0,9.18,0.17,3.84,0.0
2015-01-17,4.78,11.1,-0.24,54.89,0.0,1.45,0.0,5.33,5.61,5.92,0.0,1,17,2015,6.752857142857144,0.0,7.39,0.0,0.0,9.21,0.32,5.95,0.0
2015-01-18,5.33,12.27,-0.2,49.27,0.0,1.39,0.0,5.81,4.78,7.2,0.0,1,18,2015,6.485714285714287,0.0,6.2,0.0,0.0,7.32,1.6,7.74,0.0
2015-01-19,5.81,12.43,1.48,47.06,0.0,1.43,0.0,6.54,5.33,8.14,0.0,1,19,2015,6.152857142857144,0.0,5.61,0.0,0.0,6.21,0.03,8.28,0.0
2015-01-20,6.54,12.93,1.62,44.84,0.0,1.45,0.0,7.98,5.81,7.95,0.0,1,20,2015,5.951428571428572,0.0,4.78,0.0,0.0,6.64,0.0,7.98,0.0
2015-01-21,7.98,14.7,3.52,38.33,0.0,1.33,0.0,8.05,6.54,7.39,0.0,1,21,2015,6.035714285714286,0.0,5.33,0.0,0.0,5.35,0.3,7.18,0.0
2015-01-22,8.05,14.44,4.42,38.94,0.0,1.35,0.07,7.06,7.98,6.2,0.0,1,22,2015,6.299999999999999,0.0,5.81,0.0,0.0,4.04,1.18,7.78,0.0
2015-01-23,7.06,13.47,2.83,56.04,0.07,1.37,0.0,6.5,8.05,5.61,0.0,1,23,2015,6.507142857142857,0.010000000000002032,6.54,0.0,0.0,4.36,0.0,7.77,0.0
2015-01-24,6.5,13.68,1.01,48.13,0.0,1.66,0.0,7.56,7.06,4.78,0.07,1,24,2015,6.752857142857143,0.010000000000002032,7.98,0.0,0.0,5.92,0.0,8.35,0.0
2015-01-25,7.56,14.32,3.31,42.87,0.0,1.49,0.0,7.76,6.5,5.33,0.0,1,25,2015,7.071428571428571,0.010000000000002032,8.05,0.0,0.0,7.2,0.0,6.92,0.0
2015-01-26,7.76,14.63,3.91,46.06,0.0,1.31,0.02,6.65,7.56,5.81,0.0,1,26,2015,7.35,0.010000000000002032,7.06,0.07,0.0,8.14,0.0,6.18,0.0
2015-01-27,6.65,11.92,2.01,72.5,0.02,1.11,0.0,5.99,7.76,6.54,0.0,1,27,2015,7.365714285714285,0.012857142857144888,6.5,0.0,0.0,7.95,0.0,6.93,0.0
2015-01-28,5.99,12.42,1.48,51.85,0.0,1.59,0.0,5.82,6.65,7.98,0.02,1,28,2015,7.081428571428572,0.012857142857144888,7.56,0.0,0.0,7.39,0.0,8.01,0.0
2015-01-29,5.82,12.58,1.33,50.35,0.0,1.35,0.0,3.71,5.99,8.05,0.0,1,29,2015,6.7628571428571425,0.012857142857144888,7.76,0.0,0.0,6.2,0.0,8.47,0.0
2015-01-30,3.71,9.84,-0.29,58.23,0.0,1.73,0.0,4.2,5.82,7.06,0.0,1,30,2015,6.284285714285715,0.002857142857144887,6.65,0.02,0.07,5.61,0.0,9.35,0.0
2015-01-31,4.2,11.82,-1.63,44.74,0.0,1.57,0.0,5.14,3.71,6.5,0.0,1,31,2015,5.9557142857142855,0.002857142857144887,5.99,0.0,0.0,4.78,0.0,9.15,0.16
2015-02-01,5.14,11.91,-0.28,45.26,0.0,1.51,0.0,6.76,4.2,7.56,0.0,2,32,2015,5.609999999999999,0.002857142857144887,5.82,0.0,0.0,5.33,0.0,9.18,0.17
2015-02-02,6.76,13.86,1.02,47.16,0.0,1.53,0.0,8.01,5.14,7.76,0.0,2,33,2015,5.467142857142858,0.002857142857144887,3.71,0.0,0.0,5.81,0.0,9.21,0.32
2015-02-03,8.01,15.42,2.84,47.54,0.0,1.59,0.1,7.88,6.76,6.65,0.0,2,34,2015,5.661428571428572,0.0,4.2,0.0,0.02,6.54,0.0,7.32,1.6
2015-02-04,7.88,14.03,3.84,57.78,0.1,1.78,0.0,7.89,8.01,5.99,0.0,2,35,2015,5.9314285714285715,0.014285714285716317,5.14,0.0,0.0,7.98,0.0,6.21,0.03
2015-02-05,7.89,14.22,3.88,52.45,0.0,1.46,0.0,7.39,7.88,5.82,0.1,2,36,2015,6.227142857142858,0.014285714285716317,6.76,0.0,0.0,8.05,0.0,6.64,0.0
2015-02-06,7.39,13.78,2.85,53.93,0.0,1.62,0.0,7.74,7.89,3.71,0.0,2,37,2015,6.752857142857143,0.014285714285716317,8.01,0.0,0.0,7.06,0.07,5.35,0.3
2015-02-07,7.74,14.36,3.59,43.87,0.0,1.73,0.0,7.85,7.39,4.2,0.0,2,38,2015,7.258571428571428,0.014285714285716317,7.88,0.1,0.0,6.5,0.0,4.04,1.18
2015-02-08,7.85,14.63,3.28,41.39,0.0,1.72,0.0,7.55,7.74,5.14,0.0,2,39,2015,7.645714285714286,0.014285714285716317,7.89,0.0,0.0,7.56,0.0,4.36,0.0
2015-02-09,7.55,13.99,2.74,42.76,0.0,1.64,0.0,7.35,7.85,6.76,0.0,2,40,2015,7.758571428571428,0.014285714285716317,7.39,0.0,0.0,7.76,0.0,5.92,0.0
2015-02-10,7.35,13.44,2.82,44.08,0.0,1.61,0.0,7.44,7.55,8.01,0.0,2,41,2015,7.664285714285714,0.014285714285716317,7.74,0.0,0.0,6.65,0.02,7.2,0.0
2015-02-11,7.44,13.87,2.42,47.07,0.0,1.62,0.0,7.08,7.35,7.88,0.0,2,42,2015,7.6014285714285705,0.0,7.85,0.0,0.1,5.99,0.0,8.14,0.0
2015-02-12,7.08,13.02,3.57,46.57,0.0,1.49,0.0,7.14,7.44,7.89,0.0,2,43,2015,7.485714285714286,0.0,7.55,0.0,0.0,5.82,0.0,7.95,0.0
2015-02-13,7.14,12.8,3.57,53.43,0.0,1.82,0.0,6.94,7.08,7.39,0.0,2,44,2015,7.450000000000001,0.0,7.35,0.0,0.0,3.71,0.0,7.39,0.0
2015-02-14,6.94,12.6,2.63,48.98,0.0,1.43,0.0,7.18,7.14,7.74,0.0,2,45,2015,7.335714285714286,0.0,7.44,0.0,0.0,4.2,0.0,6.2,0.0
2015-02-15,7.18,11.54,4.07,56.47,0.0,1.37,0.0,8.54,6.94,7.85,0.0,2,46,2015,7.24,0.0,7.08,0.0,0.0,5.14,0.0,5.61,0.0
2015-02-16,8.54,15.29,3.74,55.62,0.0,1.42,0.0,8.42,7.18,7.55,0.0,2,47,2015,7.381428571428572,0.0,7.14,0.0,0.0,6.76,0.0,4.78,0.0
2015-02-17,8.42,12.46,5.58,63.2,0.0,1.38,0.73,7.88,8.54,7.35,0.0,2,48,2015,7.534285714285715,0.0,6.94,0.0,0.0,8.01,0.0,5.33,0.0
2015-02-18,7.88,12.72,4.18,67.24,0.73,1.36,2.2,7.92,8.42,7.44,0.0,2,49,2015,7.597142857142857,0.10428571428571631,7.18,0.0,0.0,7.88,0.1,5.81,0.0
2015-02-19,7.92,12.91,4.45,62.87,2.2,1.53,0.0,8.73,7.88,7.08,0.73,2,50,2015,7.717142857142856,0.41857142857143065,8.54,0.0,0.0,7.89,0.0,6.54,0.0
2015-02-20,8.73,14.98,4.02,58.78,0.0,1.62,0.0,9.21,7.92,7.14,2.2,2,51,2015,7.944285714285714,0.41857142857143065,8.42,0.0,0.0,7.39,0.0,7.98,0.0
2015-02-21,9.21,14.73,5.03,62.03,0.0,1.72,0.1,11.08,8.73,6.94,0.0,2,52,2015,8.268571428571429,0.41857142857143065,7.88,0.73,0.0,7.74,0.0,8.05,0.0
2015-02-22,11.08,18.43,5.31,47.39,0.1,1.66,0.0,11.98,9.21,7.18,0.0,2,53,2015,8.825714285714286,0.43285714285714494,7.92,2.2,0.0,7.85,0.0,7.06,0.07
2015-02-23,11.98,17.79,8.08,49.07,0.0,1.51,0.0,12.49,11.08,8.54,0.1,2,54,2015,9.317142857142857,0.43285714285714494,8.73,0.0,0.0,7.55,0.0,6.5,0.0
2015-02-24,12.49,18.9,8.41,53.56,0.0,1.52,0.0,12.51,11.98,8.42,0.0,2,55,2015,9.898571428571428,0.43285714285714494,9.21,0.0,0.0,7.35,0.0,7.56,0.0
2015-02-25,12.51,18.45,8.74,54.85,0.0,1.64,0.61,10.9,12.49,7.88,0.0,2,56,2015,10.56,0.3285714285714306,11.08,0.1,0.73,7.44,0.0,7.76,0.0
2015-02-26,10.9,16.05,6.68,55.26,0.61,1.37,0.66,10.65,12.51,7.92,0.0,2,57,2015,10.985714285714286,0.10142857142857345,11.98,0.0,2.2,7.08,0.0,6.65,0.02
2015-02-27,10.65,17.38,6.0,61.87,0.66,1.78,0.0,11.24,10.9,8.73,0.61,2,58,2015,11.26,0.19571428571428776,12.49,0.0,0.0,7.14,0.0,5.99,0.0
2015-02-28,11.24,18.31,4.83,41.65,0.0,1.62,6.06,10.18,10.65,9.21,0.66,2,59,2015,11.55,0.19571428571428776,12.51,0.0,0.0,6.94,0.0,5.82,0.0
2015-03-01,10.18,14.55,6.98,58.35,6.06,1.12,16.49,7.46,11.24,11.08,0.0,3,60,2015,11.421428571428573,1.0471428571428592,10.9,0.61,0.1,7.18,0.0,3.71,0.0
2015-03-02,7.46,11.07,4.55,79.14,16.49,0.74,0.53,7.36,10.18,11.98,6.06,3,61,2015,10.775714285714287,3.402857142857145,10.65,0.66,0.0,8.54,0.0,4.2,0.0
2015-03-03,7.36,13.45,3.1,68.13,0.53,1.54,0.18,6.82,7.46,12.49,16.49,3,62,2015,10.042857142857143,3.4785714285714304,11.24,0.0,0.0,8.42,0.0,5.14,0.0
2015-03-04,6.82,12.43,2.8,67.82,0.18,1.39,0.0,7.1,7.36,12.51,0.53,3,63,2015,9.23,3.504285714285716,10.18,6.06,0.0,7.88,0.73,6.76,0.0
2015-03-05,7.1,14.41,1.15,57.52,0.0,1.69,0.0,7.99,6.82,10.9,0.18,3,64,2015,8.687142857142856,3.417142857142859,7.46,16.49,0.61,7.92,2.2,8.01,0.0
2015-03-06,7.99,14.91,2.74,51.39,0.0,1.83,0.0,8.71,7.1,10.65,0.0,3,65,2015,8.307142857142857,3.3228571428571447,7.36,0.53,0.66,8.73,0.0,7.88,0.1
2015-03-07,8.71,15.5,3.27,50.39,0.0,1.72,0.0,10.3,7.99,11.24,0.0,3,66,2015,7.945714285714286,3.3228571428571447,6.82,0.18,0.0,9.21,0.0,7.89,0.0
2015-03-08,10.3,17.63,5.28,39.81,0.0,1.61,0.0,10.79,8.71,10.18,0.0,3,67,2015,7.962857142857142,2.457142857142859,7.1,0.0,6.06,11.08,0.1,7.39,0.0
2015-03-09,10.79,18.77,4.73,31.75,0.0,1.91,0.0,10.66,10.3,7.46,0.0,3,68,2015,8.43857142857143,0.10142857142857345,7.99,0.0,16.49,11.98,0.0,7.74,0.0
2015-03-10,10.66,18.35,4.12,35.53,0.0,2.17,0.0,11.82,10.79,7.36,0.0,3,69,2015,8.91,0.025714285714287743,8.71,0.0,0.53,12.49,0.0,7.85,0.0
2015-03-11,11.82,19.67,6.2,37.93,0.0,1.89,0.0,12.53,10.66,6.82,0.0,3,70,2015,9.624285714285715,0.0,10.3,0.0,0.18,12.51,0.0,7.55,0.0
2015-03-12,12.53,19.95,7.61,39.05,0.0,1.97,0.0,12.93,11.82,7.1,0.0,3,71,2015,10.4,0.0,10.79,0.0,0.0,10.9,0.61,7.35,0.0
2015-03-13,12.93,20.27,8.21,38.65,0.0,1.94,0.04,12.12,12.53,7.99,0.0,3,72,2015,11.105714285714287,0.0,10.66,0.0,0.0,10.65,0.66,7.44,0.0
2015-03-14,12.12,19.47,7.1,47.59,0.04,2.31,0.04,12.79,12.93,8.71,0.0,3,73,2015,11.592857142857143,0.005714285714287745,11.82,0.0,0.0,11.24,0.0,7.08,0.0
2015-03-15,12.79,19.53,7.83,43.89,0.04,2.02,0.26,11.42,12.12,10.3,0.04,3,74,2015,11.948571428571428,0.011428571428573458,12.53,0.0,0.0,10.18,6.06,7.14,0.0
2015-03-16,11.42,18.69,6.21,61.45,0.26,1.87,0.0,11.54,12.79,10.79,0.04,3,75,2015,12.038571428571428,0.048571428571430604,12.93,0.0,0.0,7.46,16.49,6.94,0.0
2015-03-17,11.54,18.51,6.0,44.51,0.0,2.16,0.01,11.14,11.42,10.66,0.26,3,76,2015,12.164285714285713,0.048571428571430604,12.12,0.04,0.0,7.36,0.53,7.18,0.0
2015-03-18,11.14,17.0,5.91,48.77,0.01,1.73,0.0,10.81,11.54,11.82,0.0,3,77,2015,12.067142857142855,0.050000000000002036,12.79,0.04,0.0,6.82,0.18,8.54,0.0
2015-03-19,10.81,17.44,5.54,42.69,0.0,1.79,0.0,12.26,11.14,12.53,0.01,3,78,2015,11.821428571428571,0.050000000000002036,11.42,0.26,0.0,7.1,0.0,8.42,0.0
2015-03-20,12.26,18.91,7.29,49.93,0.0,1.85,0.0,12.92,10.81,12.93,0.0,3,79,2015,11.725714285714286,0.050000000000002036,11.54,0.0,0.0,7.99,0.0,7.88,0.73
2015-03-21,12.92,19.49,7.6,48.37,0.0,1.84,0.49,14.24,12.26,12.12,0.0,3,80,2015,11.840000000000002,0.04428571428571632,11.14,0.01,0.04,8.71,0.0,7.92,2.2
2015-03-22,14.24,20.89,9.39,47.66,0.49,1.76,10.44,13.67,12.92,12.79,0.0,3,81,2015,12.047142857142857,0.10857142857143061,10.81,0.0,0.04,10.3,0.0,8.73,0.0
2015-03-23,13.67,19.79,9.69,58.49,10.44,1.6,0.26,13.97,14.24,11.42,0.49,3,82,2015,12.368571428571428,1.5628571428571447,12.26,0.0,0.26,10.79,0.0,9.21,0.0
2015-03-24,13.97,20.17,9.22,57.68,0.26,1.68,0.36,14.97,13.67,11.54,10.44,3,83,2015,12.715714285714286,1.6000000000000019,12.92,0.0,0.0,10.66,0.0,11.08,0.1
2015-03-25,14.97,20.94,10.33,56.98,0.36,1.63,3.6,14.22,13.97,11.14,0.26,3,84,2015,13.262857142857143,1.650000000000002,14.24,0.49,0.01,11.82,0.0,11.98,0.0
2015-03-26,14.22,18.79,11.09,68.73,3.6,1.42,4.25,13.34,14.97,10.81,0.36,3,85,2015,13.75,2.1642857142857164,13.67,10.44,0.0,12.53,0.0,12.49,0.0
2015-03-27,13.34,17.76,10.04,75.81,4.25,1.22,0.16,14.09,14.22,12.26,3.6,3,86,2015,13.904285714285715,2.771428571428573,13.97,0.26,0.0,12.93,0.0,12.51,0.0
2015-03-28,14.09,19.95,8.84,72.11,0.16,1.59,0.52,14.89,13.34,12.92,4.25,3,87,2015,14.071428571428571,2.7942857142857163,14.97,0.36,0.0,12.12,0.04,10.9,0.61
2015-03-29,14.89,20.25,9.89,67.98,0.52,1.5,9.18,12.65,14.09,14.24,0.16,3,88,2015,14.164285714285715,2.798571428571431,14.22,3.6,0.49,12.79,0.04,10.65,0.66
2015-03-30,12.65,17.15,8.63,73.84,9.18,1.09,0.88,11.5,14.89,13.67,0.52,3,89,2015,14.018571428571429,2.6185714285714305,13.34,4.25,10.44,11.42,0.26,11.24,0.0
2015-03-31,11.5,17.47,6.26,72.53,0.88,1.82,1.54,12.73,12.65,13.97,9.18,3,90,2015,13.665714285714285,2.707142857142859,14.09,0.16,0.26,11.54,0.0,10.18,6.06
2015-04-01,12.73,18.4,8.7,65.65,1.54,1.91,1.65,12.93,11.5,14.97,0.88,4,91,2015,13.345714285714285,2.8757142857142877,14.89,0.52,0.36,11.14,0.01,7.46,16.49
2015-04-02,12.93,17.56,7.39,66.56,1.65,2.11,0.71,14.53,12.73,14.22,1.54,4,92,2015,13.161428571428573,2.597142857142859,12.65,9.18,3.6,10.81,0.0,7.36,0.53
2015-04-03,14.53,21.55,9.55,57.61,0.71,2.04,1.04,13.99,12.93,13.34,1.65,4,93,2015,13.331428571428573,2.0914285714285734,11.5,0.88,4.25,12.26,0.0,6.82,0.18
2015-04-04,13.99,20.06,8.29,56.59,1.04,1.95,0.85,13.25,14.53,14.09,0.71,4,94,2015,13.317142857142857,2.2171428571428593,12.73,1.54,0.16,12.92,0.0,7.1,0.0
2015-04-05,13.25,19.13,8.59,55.53,0.85,1.7,0.08,12.84,13.99,14.89,1.04,4,95,2015,13.082857142857142,2.2642857142857165,12.93,1.65,0.52,14.24,0.49,7.99,0.0
2015-04-06,12.84,19.44,6.11,50.98,0.08,2.06,0.13,13.52,13.25,12.65,0.85,4,96,2015,13.110000000000001,0.9642857142857163,14.53,0.71,9.18,13.67,10.44,8.71,0.0
2015-04-07,13.52,20.33,6.91,51.38,0.13,1.66,0.0,13.68,12.84,11.5,0.08,4,97,2015,13.39857142857143,0.8571428571428592,13.99,1.04,0.88,13.97,0.26,10.3,0.0
2015-04-08,13.68,20.37,8.66,52.82,0.0,1.79,0.0,13.6,13.52,12.73,0.13,4,98,2015,13.534285714285716,0.6371428571428591,13.25,0.85,1.54,14.97,0.36,10.79,0.0
2015-04-09,13.6,20.33,7.88,41.85,0.0,1.94,0.0,14.95,13.68,12.93,0.0,4,99,2015,13.629999999999999,0.40142857142857347,12.84,0.08,1.65,14.22,3.6,10.66,0.0
2015-04-10,14.95,21.9,9.2,45.35,0.0,1.96,0.04,14.86,13.6,14.53,0.0,4,100,2015,13.69,0.30000000000000204,13.52,0.13,0.71,13.34,4.25,11.82,0.0
2015-04-11,14.86,22.09,7.98,44.68,0.04,2.09,0.66,14.53,14.95,13.99,0.0,4,101,2015,13.814285714285715,0.1571428571428592,13.68,0.0,1.04,14.09,0.16,12.53,0.0
2015-04-12,14.53,21.5,8.58,42.85,0.66,1.75,10.58,12.48,14.86,13.25,0.04,4,102,2015,13.997142857142856,0.13000000000000203,13.6,0.0,0.85,14.89,0.52,12.93,0.0
2015-04-13,12.48,16.36,9.9,61.48,10.58,1.08,0.01,13.46,14.53,12.84,0.66,4,103,2015,13.945714285714285,1.6300000000000021,14.95,0.0,0.08,12.65,9.18,12.12,0.04
2015-04-14,13.46,17.85,10.2,62.39,0.01,1.26,2.19,14.35,12.48,13.52,10.58,4,104,2015,13.937142857142858,1.6128571428571448,14.86,0.04,0.13,11.5,0.88,12.79,0.04
2015-04-15,14.35,20.38,10.14,60.94,2.19,1.56,3.87,14.6,13.46,13.68,0.01,4,105,2015,14.032857142857141,1.9257142857142875,14.53,0.66,0.0,12.73,1.54,11.42,0.26
2015-04-16,14.6,20.54,9.75,61.07,3.87,1.6,6.49,13.97,14.35,13.6,2.19,4,106,2015,14.175714285714283,2.4785714285714304,12.48,10.58,0.0,12.93,1.65,11.54,0.0
2015-04-17,13.97,17.81,10.38,68.9,6.49,1.56,9.66,12.17,14.6,14.95,3.87,4,107,2015,14.035714285714286,3.405714285714288,13.46,0.01,0.0,14.53,0.71,11.14,0.01
2015-04-18,12.17,15.15,9.12,78.87,9.66,1.78,0.06,15.83,13.97,14.86,6.49,4,108,2015,13.651428571428571,4.780000000000002,14.35,2.19,0.04,13.99,1.04,10.81,0.0
2015-04-19,15.83,22.42,9.64,55.02,0.06,1.84,0.51,16.55,12.17,14.53,9.66,4,109,2015,13.837142857142856,4.694285714285717,14.6,3.87,0.66,13.25,0.85,12.26,0.0
2015-04-20,16.55,22.62,11.66,59.78,0.51,1.94,1.22,17.1,15.83,12.48,0.06,4,110,2015,14.418571428571429,3.2557142857142876,13.97,6.49,10.58,12.84,0.08,12.92,0.0
2015-04-21,17.1,23.48,11.71,54.85,1.22,2.4,3.74,16.69,16.55,13.46,0.51,4,111,2015,14.938571428571427,3.4285714285714306,12.17,9.66,0.01,13.52,0.13,14.24,0.49
2015-04-22,16.69,22.46,11.76,49.4,3.74,1.76,0.26,15.3,17.1,14.35,1.22,4,112,2015,15.272857142857145,3.650000000000002,15.83,0.06,2.19,13.68,0.0,13.67,10.44
2015-04-23,15.3,21.81,9.06,38.76,0.26,1.83,3.13,14.66,16.69,14.6,3.74,4,113,2015,15.372857142857143,3.1342857142857166,16.55,0.51,3.87,13.6,0.0,13.97,0.26
2015-04-24,14.66,20.67,10.06,51.07,3.13,1.54,1.34,11.54,15.3,13.97,0.26,4,114,2015,15.471428571428572,2.654285714285716,17.1,1.22,6.49,14.95,0.0,14.97,0.36
2015-04-25,11.54,14.52,9.08,84.85,1.34,1.66,1.59,12.28,14.66,12.17,3.13,4,115,2015,15.381428571428572,1.4657142857142877,16.69,3.74,9.66,14.86,0.04,14.22,3.6
2015-04-26,12.28,16.97,8.1,70.96,1.59,1.52,2.44,13.23,11.54,15.83,1.34,4,116,2015,14.874285714285715,1.6842857142857162,15.3,0.26,0.06,14.53,0.66,13.34,4.25
2015-04-27,13.23,17.51,9.57,77.72,2.44,1.59,5.32,13.52,12.28,16.55,1.59,4,117,2015,14.4,1.960000000000002,14.66,3.13,0.51,12.48,10.58,14.09,0.16
2015-04-28,13.52,18.08,10.28,80.26,5.32,1.54,3.44,12.44,13.23,17.1,2.44,4,118,2015,13.888571428571428,2.5457142857142876,11.54,1.34,1.22,13.46,0.01,14.89,0.52
2015-04-29,12.44,16.66,8.5,78.54,3.44,1.76,0.83,13.56,13.52,16.69,5.32,4,119,2015,13.281428571428572,2.502857142857145,12.28,1.59,3.74,14.35,2.19,12.65,9.18
2015-04-30,13.56,18.77,8.39,72.85,0.83,1.81,0.98,15.3,12.44,15.3,3.44,4,120,2015,13.032857142857143,2.5842857142857163,13.23,2.44,0.26,14.6,3.87,11.5,0.88
2015-05-01,15.3,20.91,9.39,65.42,0.98,1.92,3.13,15.99,13.56,14.66,0.83,5,121,2015,13.124285714285715,2.277142857142859,13.52,5.32,3.13,13.97,6.49,12.73,1.54
2015-05-02,15.99,22.97,8.09,51.67,3.13,1.89,1.39,15.8,15.3,11.54,0.98,5,122,2015,13.76,2.532857142857145,12.44,3.44,1.34,12.17,9.66,12.93,1.65
2015-05-03,15.8,21.82,9.35,48.49,1.39,1.67,0.14,16.13,15.99,12.28,3.13,5,123,2015,14.262857142857143,2.5042857142857167,13.56,0.83,1.59,15.83,0.06,14.53,0.71
2015-05-04,16.13,23.49,8.3,37.9,0.14,2.01,0.13,17.57,15.8,13.23,1.39,5,124,2015,14.677142857142858,2.1757142857142875,15.3,0.98,2.44,16.55,0.51,13.99,1.04
2015-05-05,17.57,24.22,11.1,34.97,0.13,2.03,2.07,17.12,16.13,13.52,0.14,5,125,2015,15.255714285714285,1.4342857142857164,15.99,3.13,5.32,17.1,1.22,13.25,0.85
2015-05-06,17.12,23.58,10.65,39.72,2.07,1.95,1.72,17.43,17.57,12.44,0.13,5,126,2015,15.924285714285714,1.2385714285714304,15.8,1.39,3.44,16.69,3.74,12.84,0.08
2015-05-07,17.43,23.51,12.1,46.07,1.72,1.83,0.0,17.94,17.12,13.56,2.07,5,127,2015,16.47714285714286,1.3657142857142879,16.13,0.14,0.83,15.3,0.26,13.52,0.13
2015-05-08,17.94,23.94,13.41,50.8,0.0,1.94,0.4,17.83,17.43,15.3,1.72,5,128,2015,16.854285714285716,1.2257142857142878,17.57,0.13,0.98,14.66,3.13,13.68,0.0
2015-05-09,17.83,23.05,13.14,60.04,0.4,1.87,3.32,18.49,17.94,15.99,0.0,5,129,2015,17.11714285714286,0.8357142857142877,17.12,2.07,3.13,11.54,1.34,13.6,0.0
2015-05-10,18.49,23.81,14.53,62.01,3.32,1.9,13.13,17.42,17.83,15.8,0.4,5,130,2015,17.501428571428573,1.1114285714285734,17.43,1.72,1.39,12.28,1.59,14.95,0.0
2015-05-11,17.42,22.09,13.23,64.74,13.13,1.87,4.05,16.6,18.49,16.13,3.32,5,131,2015,17.685714285714287,2.9671428571428593,17.94,0.0,0.14,13.23,2.44,14.86,0.04
2015-05-12,16.6,21.54,11.97,68.16,4.05,2.22,1.07,17.27,17.42,17.57,13.13,5,132,2015,17.54714285714286,3.5271428571428594,17.83,0.4,0.13,13.52,5.32,14.53,0.66
2015-05-13,17.27,22.25,12.82,64.4,1.07,1.89,0.47,18.33,16.6,17.12,4.05,5,133,2015,17.568571428571428,3.3842857142857166,18.49,3.32,2.07,12.44,3.44,12.48,10.58
2015-05-14,18.33,24.42,13.21,54.15,0.47,1.93,0.22,18.89,17.27,17.43,1.07,5,134,2015,17.697142857142858,3.2057142857142877,17.42,13.13,1.72,13.56,0.83,13.46,0.01
2015-05-15,18.89,24.43,14.89,49.65,0.22,1.65,0.84,17.78,18.33,17.94,0.47,5,135,2015,17.832857142857144,3.2371428571428593,16.6,4.05,0.0,15.3,0.98,14.35,2.19
2015-05-16,17.78,23.17,14.12,59.65,0.84,1.47,2.55,16.45,18.89,17.83,0.22,5,136,2015,17.825714285714287,3.3000000000000016,17.27,1.07,0.4,15.99,3.13,14.6,3.87
2015-05-17,16.45,20.46,13.62,73.01,2.55,1.95,2.36,17.86,17.78,18.49,0.84,5,137,2015,17.534285714285716,3.1900000000000017,18.33,0.47,3.32,15.8,1.39,13.97,6.49
2015-05-18,17.86,22.58,13.76,69.52,2.36,1.87,5.85,18.37,16.45,17.42,2.55,5,138,2015,17.59714285714286,1.6514285714285732,18.89,0.22,13.13,16.13,0.14,12.17,9.66
2015-05-19,18.37,23.64,13.98,77.88,5.85,1.83,4.81,19.1,17.86,16.6,2.36,5,139,2015,17.85,1.9085714285714306,17.78,0.84,4.05,17.57,0.13,15.83,0.06
2015-05-20,19.1,24.04,14.28,70.22,4.81,1.94,5.01,18.5,18.37,17.27,5.85,5,140,2015,18.111428571428572,2.4428571428571444,16.45,2.55,1.07,17.12,2.07,16.55,0.51
2015-05-21,18.5,24.0,12.86,55.9,5.01,2.07,1.64,19.47,19.1,18.33,4.81,5,141,2015,18.135714285714286,3.0914285714285734,17.86,2.36,0.47,17.43,1.72,17.1,1.22
2015-05-22,19.47,25.78,12.29,45.05,1.64,1.82,2.08,19.1,18.5,18.89,5.01,5,142,2015,18.21857142857143,3.2942857142857163,18.37,5.85,0.22,17.94,0.0,16.69,3.74
2015-05-23,19.1,25.19,12.71,41.05,2.08,1.96,1.26,19.04,19.47,17.78,1.64,5,143,2015,18.407142857142855,3.471428571428573,19.1,4.81,0.84,17.83,0.4,15.3,0.26
2015-05-24,19.04,25.3,12.92,43.48,1.26,2.04,0.66,19.17,19.1,16.45,2.08,5,144,2015,18.777142857142856,3.2871428571428596,18.5,5.01,2.55,18.49,3.32,14.66,3.13
2015-05-25,19.17,25.14,13.56,44.68,0.66,2.0,3.76,18.92,19.04,17.86,1.26,5,145,2015,18.964285714285715,3.0442857142857163,19.47,1.64,2.36,17.42,13.13,11.54,1.34
2015-05-26,18.92,24.99,13.19,49.41,3.76,2.06,3.18,18.3,19.17,18.37,0.66,5,146,2015,19.042857142857144,2.7457142857142878,19.1,2.08,5.85,16.6,4.05,12.28,1.59
2015-05-27,18.3,23.89,13.52,53.39,3.18,1.94,0.13,18.37,18.92,19.1,3.76,5,147,2015,18.928571428571427,2.5128571428571447,19.04,1.26,4.81,17.27,1.07,13.23,2.44
2015-05-28,18.37,23.91,12.86,49.56,0.13,2.02,1.36,19.58,18.3,18.5,3.18,5,148,2015,18.91,1.8157142857142876,19.17,0.66,5.01,18.33,0.47,13.52,5.32
2015-05-29,19.58,25.26,14.1,51.19,1.36,2.05,2.54,19.16,18.37,19.47,0.13,5,149,2015,18.925714285714285,1.7757142857142878,18.92,3.76,1.64,18.89,0.22,12.44,3.44
2015-05-30,19.16,25.08,14.16,53.72,2.54,1.87,1.11,18.97,19.58,19.1,1.36,5,150,2015,18.934285714285718,1.8414285714285736,18.3,3.18,2.08,17.78,0.84,13.56,0.83
2015-05-31,18.97,25.62,12.36,46.67,1.11,2.08,1.82,19.56,19.16,19.04,2.54,5,151,2015,18.924285714285713,1.820000000000002,18.37,0.13,1.26,16.45,2.55,15.3,0.98
2015-06-01,19.56,26.06,13.4,47.8,1.82,2.02,0.61,19.08,18.97,19.17,1.11,6,152,2015,18.979999999999997,1.9857142857142878,19.58,1.36,0.66,17.86,2.36,15.99,3.13
2015-06-02,19.08,25.21,13.27,48.94,0.61,1.95,0.41,19.82,19.56,18.92,1.82,6,153,2015,19.002857142857142,1.5357142857142878,19.16,2.54,3.76,18.37,5.85,15.8,1.39
2015-06-03,19.82,26.15,13.18,53.84,0.41,1.69,3.4,20.15,19.08,18.3,0.61,6,154,2015,19.22,1.1400000000000021,18.97,1.11,3.18,19.1,4.81,16.13,0.14
2015-06-04,20.15,25.51,15.4,63.61,3.4,1.71,2.08,20.5,19.82,18.37,0.41,6,155,2015,19.474285714285713,1.6071428571428592,19.56,1.82,0.13,18.5,5.01,17.57,0.13
2015-06-05,20.5,25.63,15.94,59.55,2.08,1.9,0.82,20.76,20.15,19.58,3.4,6,156,2015,19.60571428571428,1.7100000000000022,19.08,0.61,1.36,19.47,1.64,17.12,2.07
2015-06-06,20.76,27.25,14.88,50.27,0.82,2.09,0.44,20.92,20.5,19.16,2.08,6,157,2015,19.834285714285716,1.4642857142857164,19.82,0.41,2.54,19.1,2.08,17.43,1.72
2015-06-07,20.92,27.63,13.85,40.93,0.44,2.02,3.4,20.77,20.76,18.97,0.82,6,158,2015,20.11285714285714,1.3685714285714305,20.15,3.4,1.11,19.04,1.26,17.94,0.0
2015-06-08,20.77,26.91,13.82,49.3,3.4,1.78,3.33,21.48,20.92,19.56,0.44,6,159,2015,20.285714285714285,1.5942857142857163,20.5,2.08,1.82,19.17,0.66,17.83,0.4
2015-06-09,21.48,27.5,15.88,54.31,3.33,2.23,1.89,21.01,20.77,19.08,3.4,6,160,2015,20.62857142857143,1.982857142857145,20.76,0.82,0.61,18.92,3.76,18.49,3.32
2015-06-10,21.01,26.63,16.32,54.09,1.89,2.1,2.92,19.66,21.48,19.82,3.33,6,161,2015,20.798571428571428,2.194285714285716,20.92,0.44,0.41,18.3,3.18,17.42,13.13
2015-06-11,19.66,24.29,15.49,60.09,2.92,1.96,5.97,19.54,21.01,20.15,1.89,6,162,2015,20.728571428571428,2.1257142857142877,20.77,3.4,3.4,18.37,0.13,16.6,4.05
2015-06-12,19.54,24.13,14.76,61.02,5.97,2.16,2.02,19.43,19.66,20.5,2.92,6,163,2015,20.59142857142857,2.6814285714285733,21.48,3.33,2.08,19.58,1.36,17.27,1.07
2015-06-13,19.43,24.65,14.96,64.25,2.02,1.64,6.4,19.12,19.54,20.76,5.97,6,164,2015,20.40142857142857,2.8528571428571445,21.01,1.89,0.82,19.16,2.54,18.33,0.47
2015-06-14,19.12,25.34,14.77,70.75,6.4,1.88,1.34,19.5,19.43,20.92,2.02,6,165,2015,20.14428571428571,3.7042857142857164,19.66,2.92,0.44,18.97,1.11,18.89,0.22
2015-06-15,19.5,25.75,13.66,66.79,1.34,1.92,2.0,19.17,19.12,20.77,6.4,6,166,2015,19.962857142857143,3.4100000000000024,19.54,5.97,3.4,19.56,1.82,17.78,0.84
2015-06-16,19.17,24.42,14.93,67.23,2.0,1.6,4.06,18.31,19.5,21.48,1.34,6,167,2015,19.632857142857144,3.2200000000000024,19.43,2.02,3.33,19.08,0.61,16.45,2.55
2015-06-17,18.31,22.23,15.21,78.03,4.06,1.56,11.12,19.76,19.17,21.01,2.0,6,168,2015,19.247142857142858,3.530000000000002,19.12,6.4,1.89,19.82,0.41,17.86,2.36
2015-06-18,19.76,25.1,15.22,77.89,11.12,1.86,22.35,19.45,18.31,19.66,4.06,6,169,2015,19.261428571428574,4.701428571428573,19.5,1.34,2.92,20.15,3.4,18.37,5.85
2015-06-19,19.45,23.99,16.18,85.48,22.35,1.58,15.43,19.34,19.76,19.54,11.12,6,170,2015,19.24857142857143,7.041428571428574,19.17,2.0,5.97,20.5,2.08,19.1,4.81
2015-06-20,19.34,22.97,16.46,87.79,15.43,1.78,3.3,19.41,19.45,19.43,22.35,6,171,2015,19.235714285714288,8.957142857142859,18.31,4.06,2.02,20.76,0.82,18.5,5.01
2015-06-21,19.41,23.5,16.21,84.73,3.3,1.71,2.81,18.54,19.34,19.12,15.43,6,172,2015,19.277142857142856,8.514285714285716,19.76,11.12,6.4,20.92,0.44,19.47,1.64
2015-06-22,18.54,21.4,16.11,86.54,2.81,1.3,8.64,18.93,19.41,19.5,3.3,6,173,2015,19.140000000000004,8.724285714285717,19.45,22.35,1.34,20.77,3.4,19.1,2.08
2015-06-23,18.93,21.75,16.05,83.12,8.64,1.59,17.36,18.79,18.54,19.17,2.81,6,174,2015,19.10571428571429,9.672857142857143,19.34,15.43,2.0,21.48,3.33,19.04,1.26
2015-06-24,18.79,21.96,15.83,89.72,17.36,2.25,10.33,19.81,18.93,18.31,8.64,6,175,2015,19.174285714285713,11.572857142857146,19.41,3.3,4.06,21.01,1.89,19.17,0.66
2015-06-25,19.81,24.02,15.67,81.1,10.33,1.82,11.32,19.88,18.79,19.76,17.36,6,176,2015,19.18142857142857,11.460000000000003,18.54,2.81,11.12,19.66,2.92,18.92,3.76
2015-06-26,19.88,24.42,16.0,81.39,11.32,1.91,9.84,18.64,19.81,19.45,10.33,6,177,2015,19.24285714285714,9.884285714285715,18.93,8.64,22.35,19.54,5.97,18.3,3.18
2015-06-27,18.64,21.77,16.52,88.73,9.84,1.59,2.65,18.6,19.88,19.34,11.32,6,178,2015,19.142857142857142,9.085714285714287,18.79,17.36,15.43,19.43,2.02,18.37,0.13
2015-06-28,18.6,22.32,16.01,85.8,2.65,3.1,0.22,18.73,18.64,19.41,9.84,6,179,2015,19.027142857142856,8.992857142857146,19.81,10.33,3.3,19.12,6.4,19.58,1.36
2015-06-29,18.73,22.51,15.73,84.53,0.22,2.01,6.91,19.38,18.6,18.54,2.65,6,180,2015,19.054285714285715,8.622857142857145,19.88,11.32,2.81,19.5,1.34,19.16,2.54
2015-06-30,19.38,23.44,15.7,84.01,6.91,1.87,24.52,18.99,18.73,18.93,0.22,6,181,2015,19.118571428571425,8.375714285714288,18.64,9.84,8.64,19.17,2.0,18.97,1.11
2015-07-01,18.99,22.56,16.51,88.11,24.52,1.36,2.23,19.09,19.38,18.79,6.91,7,182,2015,19.147142857142857,9.398571428571431,18.6,2.65,17.36,18.31,4.06,19.56,1.82
2015-07-02,19.09,22.71,15.71,85.47,2.23,1.83,10.63,19.77,18.99,19.81,24.52,7,183,2015,19.044285714285714,8.241428571428573,18.73,0.22,10.33,19.76,11.12,19.08,0.61
2015-07-03,19.77,23.79,16.22,85.68,10.63,2.41,6.9,19.51,19.09,19.88,2.23,7,184,2015,19.02857142857143,8.142857142857144,19.38,6.91,11.32,19.45,22.35,19.82,0.41
2015-07-04,19.51,22.5,17.01,85.85,6.9,1.77,11.13,20.08,19.77,18.64,10.63,7,185,2015,19.15285714285714,7.722857142857145,18.99,24.52,9.84,19.34,15.43,20.15,3.4
2015-07-05,20.08,24.42,17.16,84.3,11.13,2.09,3.99,18.2,19.51,18.6,6.9,7,186,2015,19.364285714285717,8.934285714285716,19.09,2.23,2.65,19.41,3.3,20.5,2.08
2015-07-06,18.2,20.43,15.49,92.69,3.99,1.67,2.09,18.13,20.08,18.73,11.13,7,187,2015,19.28857142857143,9.472857142857146,19.77,10.63,0.22,18.54,2.81,20.76,0.82
2015-07-07,18.13,22.29,15.41,81.93,2.09,1.41,3.39,18.49,18.2,19.38,3.99,7,188,2015,19.110000000000003,8.784285714285716,19.51,6.9,6.91,18.93,8.64,20.92,0.44
2015-07-08,18.49,22.34,15.23,86.36,3.39,1.87,7.99,18.82,18.13,18.99,2.09,7,189,2015,19.038571428571426,5.765714285714288,20.08,11.13,24.52,18.79,17.36,20.77,3.4
2015-07-09,18.82,23.16,16.22,84.84,7.99,1.69,12.45,17.65,18.49,19.09,3.39,7,190,2015,19.0,6.588571428571432,18.2,3.99,2.23,19.81,10.33,21.48,3.33
2015-07-10,17.65,20.65,15.49,89.36,12.45,2.53,2.1,18.38,18.82,19.77,7.99,7,191,2015,18.697142857142858,6.848571428571431,18.13,2.09,10.63,19.88,11.32,21.01,1.89
2015-07-11,18.38,22.29,14.8,86.4,2.1,2.16,0.06,19.37,17.65,19.51,12.45,7,192,2015,18.535714285714285,6.162857142857146,18.49,3.39,6.9,18.64,9.84,19.66,2.92
2015-07-12,19.37,23.36,15.76,87.63,0.06,1.81,0.19,19.0,18.38,20.08,2.1,7,193,2015,18.434285714285714,4.581428571428574,18.82,7.99,11.13,18.6,2.65,19.54,5.97
2015-07-13,19.0,21.61,16.5,91.3,0.19,1.5,2.88,19.44,19.37,18.2,0.06,7,194,2015,18.548571428571428,4.038571428571431,17.65,12.45,3.99,18.73,0.22,19.43,2.02
2015-07-14,19.44,22.51,17.12,91.02,2.88,1.82,20.42,19.19,19.0,18.13,0.19,7,195,2015,18.735714285714288,4.151428571428573,18.38,2.1,2.09,19.38,6.91,19.12,6.4
2015-07-15,19.19,22.89,16.58,90.06,20.42,2.29,9.47,18.48,19.44,18.49,2.88,7,196,2015,18.835714285714285,6.584285714285717,19.37,0.06,3.39,18.99,24.52,19.5,1.34
2015-07-16,18.48,23.12,15.57,89.33,9.47,2.18,0.26,18.24,19.19,18.82,20.42,7,197,2015,18.787142857142857,6.795714285714288,19.0,0.19,7.99,19.09,2.23,19.17,2.0
2015-07-17,18.24,22.95,14.78,84.81,0.26,2.06,5.8,18.19,18.48,17.65,9.47,7,198,2015,18.87142857142857,5.054285714285717,19.44,2.88,12.45,19.77,10.63,18.31,4.06
2015-07-18,18.19,22.12,14.54,83.46,5.8,1.88,3.58,18.79,18.24,18.38,0.26,7,199,2015,18.844285714285714,5.5828571428571445,19.19,20.42,2.1,19.51,6.9,19.76,11.12
2015-07-19,18.79,23.22,15.46,84.06,3.58,1.53,7.15,18.23,18.19,19.37,5.8,7,200,2015,18.76142857142857,6.085714285714288,18.48,9.47,0.06,20.08,11.13,19.45,22.35
2015-07-20,18.23,22.48,15.81,89.29,7.15,1.89,3.99,18.4,18.79,19.0,3.58,7,201,2015,18.65142857142857,7.080000000000003,18.24,0.26,0.19,18.2,3.99,19.34,15.43
2015-07-21,18.4,22.86,14.96,88.14,3.99,2.1,12.18,18.15,18.23,19.44,7.15,7,202,2015,18.502857142857145,7.238571428571431,18.19,5.8,2.88,18.13,2.09,19.41,3.3
2015-07-22,18.15,21.72,15.18,90.6,12.18,1.94,8.65,17.68,18.4,19.19,3.99,7,203,2015,18.354285714285712,6.061428571428573,18.79,3.58,20.42,18.49,3.39,18.54,2.81
2015-07-23,17.68,19.83,15.61,95.04,8.65,1.6,16.82,17.85,18.15,18.48,12.18,7,204,2015,18.24,5.944285714285717,18.23,7.15,9.47,18.82,7.99,18.93,8.64
2015-07-24,17.85,20.44,16.18,93.36,16.82,1.8,4.19,18.15,17.68,18.24,8.65,7,205,2015,18.184285714285714,8.31,18.4,3.99,0.26,17.65,12.45,18.79,17.36
2015-07-25,18.15,21.12,15.49,90.17,4.19,1.69,2.42,18.97,17.85,18.19,16.82,7,206,2015,18.178571428571427,8.080000000000002,18.15,12.18,5.8,18.38,2.1,19.81,10.33
2015-07-26,18.97,23.55,14.57,82.1,2.42,1.63,1.98,17.91,18.15,18.79,4.19,7,207,2015,18.204285714285714,7.914285714285716,17.68,8.65,3.58,19.37,0.06,19.88,11.32
2015-07-27,17.91,21.21,15.29,82.12,1.98,1.47,6.86,18.43,18.97,18.23,2.42,7,208,2015,18.158571428571427,7.175714285714288,17.85,16.82,7.15,19.0,0.19,18.64,9.84
2015-07-28,18.43,22.22,15.38,83.6,6.86,1.69,11.06,18.64,17.91,18.4,1.98,7,209,2015,18.162857142857142,7.585714285714288,18.15,4.19,3.99,19.44,2.88,18.6,2.65
2015-07-29,18.64,21.24,16.29,90.52,11.06,1.88,8.79,18.64,18.43,18.15,6.86,7,210,2015,18.232857142857142,7.425714285714288,18.97,2.42,12.18,19.19,20.42,18.73,0.22
2015-07-30,18.64,23.08,14.74,84.61,8.79,1.84,2.94,17.92,18.64,17.68,11.06,7,211,2015,18.37,7.445714285714288,17.91,1.98,8.65,18.48,9.47,19.38,6.91
2015-07-31,17.92,19.98,15.97,81.05,2.94,1.54,8.62,17.4,18.64,17.85,8.79,7,212,2015,18.38,5.462857142857145,18.43,6.86,16.82,18.24,0.26,18.99,24.52
2015-08-01,17.4,20.0,14.99,88.61,8.62,1.55,4.93,17.91,17.92,18.15,2.94,8,213,2015,18.27285714285714,6.095714285714288,18.64,11.06,4.19,18.19,5.8,19.09,2.23
2015-08-02,17.91,21.37,15.05,88.2,4.93,1.43,0.37,18.39,17.4,18.97,8.62,8,214,2015,18.121428571428574,6.454285714285716,18.64,8.79,2.42,18.79,3.58,19.77,10.63
2015-08-03,18.39,22.32,15.38,88.55,0.37,1.73,2.1,17.93,17.91,17.91,4.93,8,215,2015,18.19,6.224285714285715,17.92,2.94,1.98,18.23,7.15,19.51,6.9
2015-08-04,17.93,21.1,15.93,92.65,2.1,1.9,7.88,18.28,18.39,18.43,0.37,8,216,2015,18.11857142857143,5.544285714285715,17.4,8.62,6.86,18.4,3.99,20.08,11.13
2015-08-05,18.28,21.49,15.98,92.49,7.88,1.83,11.8,18.49,17.93,18.64,2.1,8,217,2015,18.06714285714286,5.090000000000002,17.91,4.93,11.06,18.15,12.18,18.2,3.99
2015-08-06,18.49,21.99,15.83,89.73,11.8,1.69,9.15,18.1,18.28,18.64,7.88,8,218,2015,18.045714285714286,5.520000000000002,18.39,0.37,8.79,17.68,8.65,18.13,2.09
2015-08-07,18.1,21.2,15.79,92.27,9.15,2.07,4.0,18.5,18.49,17.92,11.8,8,219,2015,18.071428571428573,6.407142857142859,17.93,2.1,2.94,17.85,16.82,18.49,3.39
2015-08-08,18.5,22.11,15.75,91.66,4.0,2.05,1.69,18.97,18.1,17.4,9.15,8,220,2015,18.228571428571428,5.74714285714286,18.28,7.88,8.62,18.15,4.19,18.82,7.99
2015-08-09,18.97,22.7,16.08,89.73,1.69,2.27,10.05,19.69,18.5,17.91,4.0,8,221,2015,18.38,5.284285714285716,18.49,11.8,4.93,18.97,2.42,17.65,12.45
2015-08-10,19.69,24.2,16.02,85.75,10.05,2.32,11.43,19.15,18.97,18.39,1.69,8,222,2015,18.565714285714286,6.667142857142859,18.1,9.15,0.37,17.91,1.98,18.38,2.1
2015-08-11,19.15,23.03,15.89,83.85,11.43,1.88,6.47,18.56,19.69,17.93,10.05,8,223,2015,18.740000000000002,8.000000000000002,18.5,4.0,2.1,18.43,6.86,19.37,0.06
2015-08-12,18.56,21.09,16.75,93.2,6.47,2.12,4.43,19.1,19.15,18.28,11.43,8,224,2015,18.78,7.798571428571431,18.97,1.69,7.88,18.64,11.06,19.0,0.19
2015-08-13,19.1,23.01,15.46,86.63,4.43,1.69,2.58,18.44,18.56,18.49,6.47,8,225,2015,18.867142857142856,6.745714285714287,19.69,10.05,11.8,18.64,8.79,19.44,2.88
2015-08-14,18.44,20.92,16.97,94.53,2.58,1.86,3.22,18.21,19.1,18.1,4.43,8,226,2015,18.915714285714284,5.807142857142859,19.15,11.43,9.15,17.92,2.94,19.19,20.42
2015-08-15,18.21,20.34,16.51,95.34,3.22,1.77,4.95,18.96,18.44,18.5,2.58,8,227,2015,18.874285714285715,5.6957142857142875,18.56,6.47,4.0,17.4,8.62,18.48,9.47
2015-08-16,18.96,22.53,16.48,89.79,4.95,1.73,40.82,18.36,18.21,18.97,3.22,8,228,2015,18.872857142857146,6.161428571428574,19.1,4.43,1.69,17.91,4.93,18.24,0.26
2015-08-17,18.36,20.33,16.59,92.99,40.82,1.29,12.95,18.76,18.96,19.69,4.95,8,229,2015,18.68285714285714,10.557142857142859,18.44,2.58,10.05,18.39,0.37,18.19,5.8
2015-08-18,18.76,21.85,16.29,89.76,12.95,1.97,20.66,18.63,18.36,19.15,40.82,8,230,2015,18.627142857142854,10.774285714285716,18.21,3.22,11.43,17.93,2.1,18.79,3.58
2015-08-19,18.63,21.47,16.05,94.77,20.66,2.23,42.26,18.14,18.76,18.56,12.95,8,231,2015,18.63714285714286,12.801428571428573,18.96,4.95,6.47,18.28,7.88,18.23,7.15
2015-08-20,18.14,19.67,16.37,96.82,42.26,1.55,36.59,18.03,18.63,19.1,20.66,8,232,2015,18.5,18.20571428571429,18.36,40.82,4.43,18.49,11.8,18.4,3.99
2015-08-21,18.03,20.88,15.97,93.17,36.59,1.87,4.82,17.98,18.14,18.44,42.26,8,233,2015,18.44142857142857,23.064285714285717,18.76,12.95,2.58,18.1,9.15,18.15,12.18
2015-08-22,17.98,21.5,15.44,91.49,4.82,1.68,0.56,18.09,18.03,18.21,36.59,8,234,2015,18.40857142857143,23.292857142857144,18.63,20.66,3.22,18.5,4.0,17.68,8.65
2015-08-23,18.09,21.5,15.45,90.68,0.56,1.5,2.01,18.71,17.98,18.96,4.82,8,235,2015,18.284285714285716,22.66571428571429,18.14,42.26,4.95,18.97,1.69,17.85,16.82
2015-08-24,18.71,22.21,16.05,90.98,2.01,1.65,3.5,18.56,18.09,18.36,0.56,8,236,2015,18.334285714285716,17.121428571428574,18.03,36.59,40.82,19.69,10.05,18.15,4.19
2015-08-25,18.56,21.74,16.12,90.85,3.5,1.98,14.4,17.25,18.71,18.76,2.01,8,237,2015,18.305714285714284,15.771428571428572,17.98,4.82,12.95,19.15,11.43,18.97,2.42
2015-08-26,17.25,19.11,15.25,95.73,14.4,1.04,13.38,17.13,18.56,18.63,3.5,8,238,2015,18.10857142857143,14.877142857142859,18.09,0.56,20.66,18.56,6.47,17.91,1.98
2015-08-27,17.13,19.12,15.87,93.12,13.38,1.4,22.02,18.18,17.25,18.14,14.4,8,239,2015,17.964285714285715,10.751428571428574,18.71,2.01,42.26,19.1,4.43,18.43,6.86
2015-08-28,18.18,21.62,15.02,91.03,22.02,1.63,1.59,18.05,17.13,18.03,13.38,8,240,2015,17.985714285714288,8.670000000000002,18.56,3.5,36.59,18.44,2.58,18.64,11.06
2015-08-29,18.05,21.1,15.29,91.56,1.59,1.31,7.79,18.02,18.18,17.98,22.02,8,241,2015,17.995714285714286,8.20857142857143,17.25,14.4,4.82,18.21,3.22,18.64,8.79
2015-08-30,18.02,21.07,15.67,94.09,7.79,2.18,10.43,17.97,18.05,18.09,1.59,8,242,2015,17.985714285714284,9.241428571428573,17.13,13.38,0.56,18.96,4.95,17.92,2.94
2015-08-31,17.97,20.94,15.55,90.41,10.43,1.95,4.45,17.75,18.02,18.71,7.79,8,243,2015,17.88,10.444285714285716,18.18,22.02,2.01,18.36,40.82,17.4,8.62
2015-09-01,17.75,21.45,15.03,92.94,4.45,2.02,7.29,17.9,17.97,18.56,10.43,9,244,2015,17.764285714285712,10.580000000000002,18.05,1.59,3.5,18.76,12.95,17.91,4.93
2015-09-02,17.9,22.15,13.96,89.08,7.29,1.46,20.02,17.65,17.75,17.25,4.45,9,245,2015,17.857142857142858,9.564285714285717,18.02,7.79,14.4,18.63,20.66,18.39,0.37
2015-09-03,17.65,21.01,15.01,87.17,20.02,1.61,4.67,17.39,17.9,17.13,7.29,9,246,2015,17.931428571428572,10.512857142857143,17.97,10.43,13.38,18.14,42.26,17.93,2.1
2015-09-04,17.39,20.93,14.67,91.76,4.67,1.63,1.66,17.72,17.65,18.18,20.02,9,247,2015,17.818571428571428,8.034285714285717,17.75,4.45,22.02,18.03,36.59,18.28,7.88
2015-09-05,17.72,21.79,14.99,88.83,1.66,1.48,1.42,17.66,17.39,18.05,4.67,9,248,2015,17.77142857142857,8.044285714285715,17.9,7.29,1.59,17.98,4.82,18.49,11.8
2015-09-06,17.66,21.33,15.0,82.07,1.42,1.3,2.38,16.99,17.72,18.02,1.66,9,249,2015,17.72,7.134285714285716,17.65,20.02,7.79,18.09,0.56,18.1,9.15
2015-09-07,16.99,20.31,14.3,87.49,2.38,1.39,3.21,17.41,17.66,17.97,1.42,9,250,2015,17.580000000000002,5.984285714285717,17.39,4.67,10.43,18.71,2.01,18.5,4.0
2015-09-08,17.41,21.37,13.59,87.21,3.21,1.27,0.04,18.02,16.99,17.75,2.38,9,251,2015,17.53142857142857,5.807142857142858,17.72,1.66,4.45,18.56,3.5,18.97,1.69
2015-09-09,18.02,21.27,15.41,86.19,0.04,1.19,1.6,18.05,17.41,17.9,3.21,9,252,2015,17.548571428571428,4.771428571428573,17.66,1.42,7.29,17.25,14.4,19.69,10.05
2015-09-10,18.05,20.8,16.24,93.45,1.6,1.27,16.79,17.03,18.02,17.65,0.04,9,253,2015,17.60571428571429,2.140000000000002,16.99,2.38,20.02,17.13,13.38,19.15,11.43
2015-09-11,17.03,19.36,14.83,94.72,16.79,1.49,20.78,15.98,18.05,17.39,1.6,9,254,2015,17.554285714285715,3.8714285714285737,17.41,3.21,4.67,18.18,22.02,18.56,6.47
2015-09-12,15.98,19.17,12.29,88.09,20.78,1.18,1.35,17.5,17.03,17.72,16.79,9,255,2015,17.305714285714284,6.602857142857145,18.02,0.04,1.66,18.05,1.59,19.1,4.43
2015-09-13,17.5,21.16,15.1,84.99,1.35,1.15,5.06,17.97,15.98,17.66,20.78,9,256,2015,17.282857142857143,6.592857142857144,18.05,1.6,1.42,18.02,7.79,18.44,2.58
2015-09-14,17.97,21.0,15.59,85.5,5.06,1.45,10.51,17.09,17.5,16.99,1.35,9,257,2015,17.422857142857143,6.975714285714289,17.03,16.79,2.38,17.97,10.43,18.21,3.22
2015-09-15,17.09,18.53,15.48,95.5,10.51,1.59,0.28,17.53,17.97,17.41,5.06,9,258,2015,17.377142857142857,8.01857142857143,15.98,20.78,3.21,17.75,4.45,18.96,4.95
2015-09-16,17.53,20.35,15.13,84.84,0.28,1.07,0.33,17.72,17.09,18.02,10.51,9,259,2015,17.307142857142857,8.052857142857146,17.5,1.35,0.04,17.9,7.29,18.36,40.82
2015-09-17,17.72,20.71,15.01,86.74,0.33,1.05,0.06,18.22,17.53,18.05,0.28,9,260,2015,17.259999999999998,7.871428571428574,17.97,5.06,1.6,17.65,20.02,18.76,12.95
2015-09-18,18.22,21.32,15.34,83.59,0.06,1.36,2.33,18.59,17.72,17.03,0.33,9,261,2015,17.43,5.481428571428574,17.09,10.51,16.79,17.39,4.67,18.63,20.66
2015-09-19,18.59,22.22,15.41,84.07,2.33,1.6,3.22,16.97,18.22,15.98,0.06,9,262,2015,17.802857142857142,2.845714285714288,17.53,0.28,20.78,17.72,1.66,18.14,42.26
2015-09-20,16.97,19.55,14.77,93.59,3.22,1.0,8.18,17.11,18.59,17.5,2.33,9,263,2015,17.72714285714286,3.112857142857145,17.72,0.33,1.35,17.66,1.42,18.03,36.59
2015-09-21,17.11,20.71,14.86,92.46,8.18,1.35,10.37,17.41,16.97,17.97,3.22,9,264,2015,17.604285714285716,3.558571428571431,18.22,0.06,5.06,16.99,2.38,17.98,4.82
2015-09-22,17.41,20.85,14.62,93.62,10.37,1.89,11.01,17.62,17.11,17.09,8.18,9,265,2015,17.65,3.538571428571431,18.59,2.33,10.51,17.41,3.21,18.09,0.56
2015-09-23,17.62,20.9,15.26,93.88,11.01,1.9,3.18,17.22,17.41,17.53,10.37,9,266,2015,17.662857142857142,5.071428571428574,16.97,3.22,0.28,18.02,0.04,18.71,2.01
2015-09-24,17.22,21.46,13.98,92.13,3.18,1.92,0.64,16.34,17.62,17.72,11.01,9,267,2015,17.591428571428573,5.47857142857143,17.11,8.18,0.33,18.05,1.6,18.56,3.5
2015-09-25,16.34,20.44,13.58,88.19,0.64,1.34,1.47,15.85,17.22,18.22,3.18,9,268,2015,17.322857142857142,5.561428571428573,17.41,10.37,0.06,17.03,16.79,17.25,14.4
2015-09-26,15.85,19.77,12.7,83.73,1.47,1.41,0.27,15.93,16.34,18.59,0.64,9,269,2015,16.931428571428572,5.43857142857143,17.62,11.01,2.33,15.98,20.78,17.13,13.38
2015-09-27,15.93,19.88,13.31,87.38,0.27,1.38,0.14,16.2,15.85,16.97,1.47,9,270,2015,16.782857142857143,5.01714285714286,17.22,3.18,3.22,17.5,1.35,18.18,22.02
2015-09-28,16.2,20.81,12.69,80.51,0.14,1.31,0.03,16.78,15.93,17.11,0.27,9,271,2015,16.65285714285714,3.8685714285714314,16.34,0.64,8.18,17.97,5.06,18.05,1.59
2015-09-29,16.78,21.34,13.56,75.64,0.03,1.34,0.0,17.25,16.2,17.41,0.14,9,272,2015,16.562857142857144,2.3914285714285737,15.85,1.47,10.37,17.09,10.51,18.02,7.79
2015-09-30,17.25,21.73,14.02,77.92,0.0,1.42,0.0,17.19,16.78,17.62,0.03,9,273,2015,16.509999999999998,0.8185714285714312,15.93,0.27,11.01,17.53,0.28,17.97,10.43
2015-10-01,17.19,21.5,13.99,79.65,0.0,1.39,2.08,16.28,17.25,17.22,0.0,10,274,2015,16.505714285714284,0.3642857142857168,16.2,0.14,3.18,17.72,0.33,17.75,4.45
2015-10-02,16.28,20.39,13.16,83.34,2.08,1.52,0.54,16.02,17.19,16.34,0.0,10,275,2015,16.497142857142855,0.5700000000000025,16.78,0.03,0.64,18.22,0.06,17.9,7.29
2015-10-03,16.02,20.02,13.45,79.21,0.54,1.36,0.0,15.43,16.28,15.85,2.08,10,276,2015,16.521428571428572,0.43714285714285966,17.25,0.0,1.47,18.59,2.33,17.65,20.02
2015-10-04,15.43,19.81,12.04,74.95,0.0,1.35,0.0,15.34,16.02,15.93,0.54,10,277,2015,16.45,0.39857142857143113,17.19,0.0,0.27,16.97,3.22,17.39,4.67
2015-10-05,15.34,20.37,11.5,64.97,0.0,1.26,0.0,15.6,15.43,16.2,0.0,10,278,2015,16.327142857142857,0.3785714285714311,16.28,2.08,0.14,17.11,8.18,17.72,1.66
2015-10-06,15.6,20.77,11.51,60.4,0.0,1.3,0.0,15.9,15.34,16.78,0.0,10,279,2015,16.158571428571427,0.37428571428571683,16.02,0.54,0.03,17.41,10.37,17.66,1.42
2015-10-07,15.9,21.01,11.75,63.36,0.0,1.31,0.0,15.77,15.6,17.25,0.0,10,280,2015,15.965714285714286,0.37428571428571683,15.43,0.0,0.0,17.62,11.01,16.99,2.38
2015-10-08,15.77,20.48,12.28,60.25,0.0,1.3,0.0,15.05,15.9,17.19,0.0,10,281,2015,15.762857142857143,0.37428571428571683,15.34,0.0,0.0,17.22,3.18,17.41,3.21
2015-10-09,15.05,19.61,11.51,69.56,0.0,1.59,2.2,14.75,15.77,16.28,0.0,10,282,2015,15.587142857142856,0.07714285714285969,15.6,0.0,2.08,16.34,0.64,18.02,0.04
2015-10-10,14.75,18.46,11.18,80.46,2.2,1.43,10.94,13.22,15.05,16.02,0.0,10,283,2015,15.405714285714286,0.31428571428571683,15.9,0.0,0.54,15.85,1.47,18.05,1.6
2015-10-11,13.22,17.43,10.57,87.47,10.94,1.35,0.99,13.31,14.75,15.43,2.2,10,284,2015,15.09,1.8771428571428597,15.77,0.0,0.0,15.93,0.27,17.03,16.79
2015-10-12,13.31,16.64,10.74,87.22,0.99,0.95,4.39,14.07,13.22,15.34,10.94,10,285,2015,14.799999999999999,2.018571428571431,15.05,0.0,0.0,16.2,0.14,15.98,20.78
2015-10-13,14.07,17.53,11.36,84.74,4.39,1.16,4.53,13.01,13.31,15.6,0.99,10,286,2015,14.581428571428573,2.645714285714288,14.75,2.2,0.0,16.78,0.03,17.5,1.35
2015-10-14,13.01,16.92,9.67,88.47,4.53,1.16,1.73,13.77,14.07,15.9,4.39,10,287,2015,14.168571428571427,3.2928571428571454,13.22,10.94,0.0,17.25,0.0,17.97,5.06
2015-10-15,13.77,18.46,10.11,77.96,1.73,1.26,1.82,13.17,13.01,15.77,4.53,10,288,2015,13.882857142857144,3.5400000000000023,13.31,0.99,0.0,17.19,0.0,17.09,10.51
2015-10-16,13.17,17.21,10.32,82.84,1.82,1.42,0.23,13.96,13.77,15.05,1.73,10,289,2015,13.614285714285716,3.800000000000002,14.07,4.39,0.0,16.28,2.08,17.53,0.28
2015-10-17,13.96,18.29,10.54,83.05,0.23,1.4,0.0,14.22,13.17,14.75,1.82,10,290,2015,13.501428571428573,3.518571428571431,13.01,4.53,2.2,16.02,0.54,17.72,0.33
2015-10-18,14.22,18.22,11.79,83.19,0.0,1.18,0.0,14.52,13.96,13.22,0.23,10,291,2015,13.644285714285715,1.955714285714288,13.77,1.73,10.94,15.43,0.0,18.22,0.06
2015-10-19,14.52,18.81,11.73,78.66,0.0,1.31,0.0,14.46,14.22,13.31,0.0,10,292,2015,13.817142857142857,1.8142857142857165,13.17,1.82,0.99,15.34,0.0,18.59,2.33
2015-10-20,14.46,18.85,11.85,84.06,0.0,1.3,0.0,13.7,14.52,14.07,0.0,10,293,2015,13.872857142857143,1.1871428571428595,13.96,0.23,4.39,15.6,0.0,16.97,3.22
2015-10-21,13.7,18.42,10.7,69.19,0.0,1.24,0.13,13.06,14.46,13.01,0.0,10,294,2015,13.971428571428573,0.5400000000000024,14.22,0.0,4.53,15.9,0.0,17.11,8.18
2015-10-22,13.06,17.37,9.99,67.96,0.13,1.17,0.07,12.31,13.7,13.77,0.0,10,295,2015,13.870000000000001,0.3114285714285737,14.52,0.0,1.73,15.77,0.0,17.41,10.37
2015-10-23,12.31,17.09,8.76,65.26,0.07,1.24,0.11,12.45,13.06,13.17,0.13,10,296,2015,13.747142857142858,0.06142857142857372,14.46,0.0,1.82,15.05,0.0,17.62,11.01
2015-10-24,12.45,16.75,9.55,65.04,0.11,1.12,0.0,12.27,12.31,13.96,0.07,10,297,2015,13.531428571428572,0.04428571428571657,13.7,0.0,0.23,14.75,2.2,17.22,3.18
2015-10-25,12.27,17.04,8.89,68.38,0.0,1.22,0.0,12.71,12.45,14.22,0.11,10,298,2015,13.252857142857142,0.04428571428571657,13.06,0.13,0.0,13.22,10.94,16.34,0.64
2015-10-26,12.71,17.44,9.67,68.82,0.0,1.2,0.0,12.41,12.27,14.52,0.0,10,299,2015,12.994285714285715,0.04428571428571657,12.31,0.07,0.0,13.31,0.99,15.85,1.47
2015-10-27,12.41,17.33,9.17,62.74,0.0,1.13,0.01,12.49,12.71,14.46,0.0,10,300,2015,12.70142857142857,0.04428571428571657,12.45,0.11,0.0,14.07,4.39,15.93,0.27
2015-10-28,12.49,16.74,9.45,66.59,0.01,1.05,2.09,11.66,12.41,13.7,0.0,10,301,2015,12.528571428571427,0.045714285714288,12.27,0.0,0.0,13.01,4.53,16.2,0.14
2015-10-29,11.66,14.9,8.67,72.41,2.09,0.8,1.74,11.24,12.49,13.06,0.01,10,302,2015,12.328571428571427,0.32571428571428795,12.71,0.0,0.13,13.77,1.73,16.78,0.03
2015-10-30,11.24,14.31,9.37,66.2,1.74,0.93,0.3,11.54,11.66,12.31,2.09,10,303,2015,12.175714285714287,0.5642857142857166,12.41,0.0,0.07,13.17,1.82,17.25,0.0
2015-10-31,11.54,15.1,9.17,77.63,0.3,1.14,0.0,11.92,11.24,12.45,1.74,10,304,2015,12.045714285714286,0.5914285714285736,12.49,0.01,0.11,13.96,0.23,17.19,0.0
2015-11-01,11.92,16.24,8.48,84.62,0.0,1.16,0.15,11.79,11.54,12.27,0.3,11,305,2015,11.995714285714286,0.5914285714285736,11.66,2.09,0.0,14.22,0.0,16.28,2.08
2015-11-02,11.79,16.07,7.9,82.46,0.15,1.27,0.1,11.59,11.92,12.71,0.0,11,306,2015,11.864285714285714,0.6128571428571451,11.24,1.74,0.0,14.52,0.0,16.02,0.54
2015-11-03,11.59,16.48,8.27,79.83,0.1,1.36,0.01,10.74,11.79,12.41,0.15,11,307,2015,11.747142857142858,0.6271428571428593,11.54,0.3,0.0,14.46,0.0,15.43,0.0
2015-11-04,10.74,15.59,7.29,71.8,0.01,1.34,0.0,10.59,11.59,12.49,0.1,11,308,2015,11.497142857142858,0.6271428571428593,11.92,0.0,0.01,13.7,0.0,15.34,0.0
2015-11-05,10.59,15.66,7.54,71.54,0.0,1.25,0.0,10.19,10.74,11.66,0.01,11,309,2015,11.344285714285714,0.32857142857143085,11.79,0.15,2.09,13.06,0.13,15.6,0.0
2015-11-06,10.19,15.03,6.36,64.66,0.0,1.22,0.0,10.49,10.59,11.24,0.0,11,310,2015,11.194285714285714,0.08000000000000228,11.59,0.1,1.74,12.31,0.07,15.9,0.0
2015-11-07,10.49,14.89,7.5,70.62,0.0,1.27,0.0,10.64,10.19,11.54,0.0,11,311,2015,11.044285714285712,0.03714285714285943,10.74,0.01,0.3,12.45,0.11,15.77,0.0
2015-11-08,10.64,15.22,7.8,69.16,0.0,1.06,0.0,10.63,10.49,11.92,0.0,11,312,2015,10.86142857142857,0.03714285714285943,10.59,0.0,0.0,12.27,0.0,15.05,0.0
2015-11-09,10.63,15.57,7.28,59.11,0.0,1.13,0.0,10.7,10.64,11.79,0.0,11,313,2015,10.695714285714287,0.015714285714287998,10.19,0.0,0.15,12.71,0.0,14.75,2.2
2015-11-10,10.7,15.78,7.11,57.98,0.0,1.16,0.0,10.47,10.63,11.59,0.0,11,314,2015,10.568571428571428,0.0014285714285737126,10.49,0.0,0.1,12.41,0.0,13.22,10.94
2015-11-11,10.47,14.97,6.65,65.64,0.0,1.31,0.0,11.38,10.7,10.74,0.0,11,315,2015,10.530000000000001,0.0,10.64,0.0,0.01,12.49,0.01,13.31,0.99
2015-11-12,11.38,15.88,8.57,66.77,0.0,1.04,0.0,11.87,10.47,10.59,0.0,11,316,2015,10.642857142857142,0.0,10.63,0.0,0.0,11.66,2.09,14.07,4.39
2015-11-13,11.87,16.47,9.13,65.06,0.0,1.06,0.0,11.31,11.38,10.19,0.0,11,317,2015,10.882857142857144,0.0,10.7,0.0,0.0,11.24,1.74,13.01,4.53
2015-11-14,11.31,15.78,8.35,73.28,0.0,1.09,0.0,11.1,11.87,10.49,0.0,11,318,2015,11.0,0.0,10.47,0.0,0.0,11.54,0.3,13.77,1.73
2015-11-15,11.1,15.95,7.86,75.84,0.0,1.12,0.0,10.09,11.31,10.64,0.0,11,319,2015,11.065714285714288,0.0,11.38,0.0,0.0,11.92,0.0,13.17,1.82
2015-11-16,10.09,15.48,6.93,72.08,0.0,1.18,0.25,9.61,11.1,10.63,0.0,11,320,2015,10.98857142857143,0.0,11.87,0.0,0.0,11.79,0.15,13.96,0.23
2015-11-17,9.61,14.26,6.33,60.7,0.25,1.07,0.46,10.02,10.09,10.7,0.0,11,321,2015,10.832857142857142,0.035714285714287995,11.31,0.0,0.0,11.59,0.1,14.22,0.0
2015-11-18,10.02,14.83,7.04,61.39,0.46,1.22,0.0,11.1,9.61,10.47,0.25,11,322,2015,10.768571428571429,0.10142857142857371,11.1,0.0,0.0,10.74,0.01,14.52,0.0
2015-11-19,11.1,16.47,6.6,53.29,0.0,1.1,0.0,12.45,10.02,11.38,0.46,11,323,2015,10.728571428571428,0.10142857142857371,10.09,0.0,0.0,10.59,0.0,14.46,0.0
2015-11-20,12.45,17.47,9.66,52.02,0.0,1.1,0.0,12.22,11.1,11.87,0.0,11,324,2015,10.811428571428573,0.10142857142857371,9.61,0.25,0.0,10.19,0.0,13.7,0.0
2015-11-21,12.22,16.73,9.45,58.7,0.0,1.04,0.0,12.53,12.45,11.31,0.0,11,325,2015,10.941428571428572,0.10142857142857371,10.02,0.46,0.0,10.49,0.0,13.06,0.13
2015-11-22,12.53,17.14,9.82,64.97,0.0,1.03,0.0,11.69,12.22,11.1,0.0,11,326,2015,11.145714285714288,0.10142857142857371,11.1,0.0,0.0,10.64,0.0,12.31,0.07
2015-11-23,11.69,15.44,9.18,66.23,0.0,0.97,0.0,11.58,12.53,10.09,0.0,11,327,2015,11.374285714285715,0.10142857142857371,12.45,0.0,0.0,10.63,0.0,12.45,0.11
2015-11-24,11.58,15.64,8.97,65.54,0.0,0.97,0.0,11.97,11.69,9.61,0.0,11,328,2015,11.655714285714286,0.065714285714288,12.22,0.0,0.25,10.7,0.0,12.27,0.0
2015-11-25,11.97,16.62,8.88,65.03,0.0,1.04,0.0,10.78,11.58,10.02,0.0,11,329,2015,11.934285714285716,0.0,12.53,0.0,0.46,10.47,0.0,12.71,0.0
2015-11-26,10.78,15.14,8.08,73.67,0.0,0.95,0.0,9.48,11.97,11.1,0.0,11,330,2015,11.888571428571428,0.0,11.69,0.0,0.0,11.38,0.0,12.41,0.0
2015-11-27,9.48,14.32,6.48,64.32,0.0,1.07,0.0,9.33,10.78,12.45,0.0,11,331,2015,11.464285714285714,0.0,11.58,0.0,0.0,11.87,0.0,12.49,0.01
2015-11-28,9.33,12.54,6.61,66.5,0.0,0.87,0.0,10.57,9.48,12.22,0.0,11,332,2015,11.051428571428572,0.0,11.97,0.0,0.0,11.31,0.0,11.66,2.09
2015-11-29,10.57,15.12,7.26,55.71,0.0,0.99,0.0,10.9,9.33,12.53,0.0,11,333,2015,10.771428571428572,0.0,10.78,0.0,0.0,11.1,0.0,11.24,1.74
2015-11-30,10.9,16.26,7.6,51.5,0.0,1.2,0.0,10.04,10.57,11.69,0.0,11,334,2015,10.65857142857143,0.0,9.48,0.0,0.0,10.09,0.0,11.54,0.3
2015-12-01,10.04,14.73,6.92,56.62,0.0,1.16,0.0,9.56,10.9,11.58,0.0,12,335,2015,10.43857142857143,0.0,9.33,0.0,0.0,9.61,0.25,11.92,0.0
2015-12-02,9.56,14.01,6.38,62.99,0.0,1.19,0.0,8.07,10.04,11.97,0.0,12,336,2015,10.094285714285714,0.0,10.57,0.0,0.0,10.02,0.46,11.79,0.15
2015-12-03,8.07,13.3,4.21,67.92,0.0,1.43,0.0,8.28,9.56,10.78,0.0,12,337,2015,9.707142857142857,0.0,10.9,0.0,0.0,11.1,0.0,11.59,0.1
2015-12-04,8.28,14.87,2.91,64.8,0.0,1.11,0.0,8.67,8.07,9.48,0.0,12,338,2015,9.535714285714286,0.0,10.04,0.0,0.0,12.45,0.0,10.74,0.01
2015-12-05,8.67,13.46,6.24,71.49,0.0,1.14,0.0,8.42,8.28,9.33,0.0,12,339,2015,9.441428571428572,0.0,9.56,0.0,0.0,12.22,0.0,10.59,0.0
2015-12-06,8.42,13.46,5.39,78.56,0.0,1.22,0.0,8.71,8.67,10.57,0.0,12,340,2015,9.134285714285713,0.0,8.07,0.0,0.0,12.53,0.0,10.19,0.0
2015-12-07,8.71,12.65,6.76,81.89,0.0,1.09,0.0,8.47,8.42,10.9,0.0,12,341,2015,8.821428571428571,0.0,8.28,0.0,0.0,11.69,0.0,10.49,0.0
2015-12-08,8.47,12.69,6.31,79.91,0.0,1.12,0.0,8.43,8.71,10.04,0.0,12,342,2015,8.597142857142858,0.0,8.67,0.0,0.0,11.58,0.0,10.64,0.0
2015-12-09,8.43,13.11,5.66,75.65,0.0,1.1,0.0,8.33,8.47,9.56,0.0,12,343,2015,8.435714285714287,0.0,8.42,0.0,0.0,11.97,0.0,10.63,0.0
2015-12-10,8.33,13.6,4.98,64.34,0.0,1.34,0.0,7.06,8.43,8.07,0.0,12,344,2015,8.472857142857142,0.0,8.71,0.0,0.0,10.78,0.0,10.7,0.0
2015-12-11,7.06,13.03,2.68,57.63,0.0,1.48,0.0,6.73,8.33,8.28,0.0,12,345,2015,8.29857142857143,0.0,8.47,0.0,0.0,9.48,0.0,10.47,0.0
2015-12-12,6.73,12.95,1.64,65.99,0.0,1.41,0.0,6.09,7.06,8.67,0.0,12,346,2015,8.02142857142857,0.0,8.43,0.0,0.0,9.33,0.0,11.38,0.0
2015-12-13,6.09,12.58,1.77,58.16,0.0,1.31,0.0,4.78,6.73,8.42,0.0,12,347,2015,7.6885714285714295,0.0,8.33,0.0,0.0,10.57,0.0,11.87,0.0
2015-12-14,4.78,11.94,0.09,42.95,0.0,1.47,0.0,4.7,6.09,8.71,0.0,12,348,2015,7.127142857142857,0.0,7.06,0.0,0.0,10.9,0.0,11.31,0.0
2015-12-15,4.7,10.79,0.32,47.0,0.0,1.34,0.0,5.72,4.78,8.47,0.0,12,349,2015,6.588571428571428,0.0,6.73,0.0,0.0,10.04,0.0,11.1,0.0
2015-12-16,5.72,11.51,1.82,61.44,0.0,1.15,0.0,4.59,4.7,8.43,0.0,12,350,2015,6.201428571428571,0.0,6.09,0.0,0.0,9.56,0.0,10.09,0.0
2015-12-17,4.59,10.66,0.52,56.34,0.0,1.2,0.09,3.48,5.72,8.33,0.0,12,351,2015,5.667142857142857,0.0,4.78,0.0,0.0,8.07,0.0,9.61,0.25
2015-12-18,3.48,9.29,-0.06,50.78,0.09,1.32,0.0,4.72,4.59,7.06,0.0,12,352,2015,5.155714285714285,0.01285714285714514,4.7,0.0,0.0,8.28,0.0,10.02,0.46
2015-12-19,4.72,10.74,1.11,52.08,0.0,1.13,0.0,3.19,3.48,6.73,0.09,12,353,2015,4.868571428571428,0.01285714285714514,5.72,0.0,0.0,8.67,0.0,11.1,0.0
2015-12-20,3.19,9.8,-0.48,48.68,0.0,1.48,0.0,3.17,4.72,6.09,0.0,12,354,2015,4.454285714285715,0.01285714285714514,4.59,0.0,0.0,8.42,0.0,12.45,0.0
2015-12-21,3.17,8.64,-0.41,45.37,0.0,1.07,0.0,3.13,3.19,4.78,0.0,12,355,2015,4.224285714285714,0.01285714285714514,3.48,0.09,0.0,8.71,0.0,12.22,0.0
2015-12-22,3.13,10.11,-1.33,51.2,0.0,1.27,0.0,3.01,3.17,4.7,0.0,12,356,2015,4.0,0.01285714285714514,4.72,0.0,0.0,8.47,0.0,12.53,0.0
2015-12-23,3.01,10.71,-2.03,45.78,0.0,1.43,0.0,3.29,3.13,5.72,0.0,12,357,2015,3.6128571428571425,0.01285714285714514,3.19,0.0,0.0,8.43,0.0,11.69,0.0
2015-12-24,3.29,9.76,-0.21,40.2,0.0,1.18,0.0,3.14,3.01,4.59,0.0,12,358,2015,3.427142857142857,0.01285714285714514,3.17,0.0,0.0,8.33,0.0,11.58,0.0
2015-12-25,3.14,10.1,-3.02,45.09,0.0,1.29,0.0,6.95,3.29,3.48,0.0,12,359,2015,3.3785714285714286,0.0,3.13,0.0,0.09,7.06,0.0,11.97,0.0
2015-12-26,6.95,13.09,3.11,40.02,0.0,1.15,0.0,8.36,3.14,4.72,0.0,12,360,2015,3.6971428571428575,0.0,3.01,0.0,0.0,6.73,0.0,10.78,0.0
2015-12-27,8.36,13.92,5.11,42.7,0.0,1.04,0.0,9.54,6.95,3.19,0.0,12,361,2015,4.435714285714286,0.0,3.29,0.0,0.0,6.09,0.0,9.48,0.0
2015-12-28,9.54,14.62,6.73,44.16,0.0,0.93,0.0,9.48,8.36,3.17,0.0,12,362,2015,5.345714285714286,0.0,3.14,0.0,0.0,4.78,0.0,9.33,0.0
2015-12-29,9.48,15.38,6.37,45.07,0.0,0.98,0.0,8.36,9.54,3.13,0.0,12,363,2015,6.252857142857144,0.0,6.95,0.0,0.0,4.7,0.0,10.57,0.0
2015-12-30,8.36,14.44,4.96,54.67,0.0,1.12,0.0,7.02,9.48,3.01,0.0,12,364,2015,7.017142857142857,0.0,8.36,0.0,0.0,5.72,0.0,10.9,0.0
2015-12-31,7.02,12.1,3.76,58.39,0.0,1.22,0.0,6.9,8.36,3.29,0.0,12,365,2015,7.549999999999999,0.0,9.54,0.0,0.0,4.59,0.0,10.04,0.0
2016-01-01,6.9,13.83,1.13,50.46,0.0,1.21,0.0,7.34,7.02,3.14,0.0,1,1,2016,8.087142857142856,0.0,9.48,0.0,0.0,3.48,0.09,9.56,0.0
2016-01-02,7.34,13.0,4.14,43.03,0.0,1.19,0.0,6.68,6.9,6.95,0.0,1,2,2016,8.142857142857142,0.0,8.36,0.0,0.0,4.72,0.0,8.07,0.0
2016-01-03,6.68,11.97,3.68,43.6,0.0,1.22,0.0,6.93,7.34,8.36,0.0,1,3,2016,7.902857142857143,0.0,7.02,0.0,0.0,3.19,0.0,8.28,0.0
2016-01-04,6.93,13.29,2.94,42.91,0.0,1.22,0.0,7.35,6.68,9.54,0.0,1,4,2016,7.53,0.0,6.9,0.0,0.0,3.17,0.0,8.67,0.0
2016-01-05,7.35,12.55,4.41,48.8,0.0,1.22,0.0,6.33,6.93,9.48,0.0,1,5,2016,7.225714285714285,0.0,7.34,0.0,0.0,3.13,0.0,8.42,0.0
2016-01-06,6.33,11.46,3.31,54.16,0.0,1.22,0.0,6.67,7.35,8.36,0.0,1,6,2016,6.935714285714285,0.0,6.68,0.0,0.0,3.01,0.0,8.71,0.0
2016-01-07,6.67,12.49,2.15,54.93,0.0,1.28,0.0,5.2,6.33,7.02,0.0,1,7,2016,6.885714285714286,0.0,6.93,0.0,0.0,3.29,0.0,8.47,0.0
2016-01-08,5.2,11.13,1.21,62.36,0.0,1.5,0.0,5.27,6.67,6.9,0.0,1,8,2016,6.642857142857143,0.0,7.35,0.0,0.0,3.14,0.0,8.43,0.0
2016-01-09,5.27,10.26,2.29,61.45,0.0,1.28,0.01,5.61,5.2,7.34,0.0,1,9,2016,6.347142857142857,0.0,6.33,0.0,0.0,6.95,0.0,8.33,0.0
2016-01-10,5.61,12.4,1.16,50.39,0.01,1.26,0.0,6.37,5.27,6.68,0.0,1,10,2016,6.194285714285714,0.0014285714285737126,6.67,0.0,0.0,8.36,0.0,7.06,0.0
2016-01-11,6.37,11.81,3.27,51.44,0.0,1.18,0.0,6.31,5.61,6.93,0.01,1,11,2016,6.114285714285715,0.0014285714285737126,5.2,0.0,0.0,9.54,0.0,6.73,0.0
2016-01-12,6.31,11.81,3.41,53.83,0.0,1.17,0.0,5.14,6.37,7.35,0.0,1,12,2016,5.965714285714285,0.0014285714285737126,5.27,0.0,0.0,9.48,0.0,6.09,0.0
2016-01-13,5.14,10.39,2.23,54.97,0.0,1.33,0.0,5.19,6.31,6.33,0.0,1,13,2016,5.795714285714285,0.0014285714285737126,5.61,0.01,0.0,8.36,0.0,4.78,0.0
2016-01-14,5.19,11.17,0.04,58.52,0.0,1.45,0.0,4.85,5.14,6.67,0.0,1,14,2016,5.5842857142857145,0.0014285714285737126,6.37,0.0,0.0,7.02,0.0,4.7,0.0
2016-01-15,4.85,10.5,1.26,58.89,0.0,1.3,0.0,5.48,5.19,5.2,0.0,1,15,2016,5.534285714285714,0.0014285714285737126,6.31,0.0,0.0,6.9,0.0,5.72,0.0
2016-01-16,5.48,11.69,1.65,47.87,0.0,1.29,0.0,5.95,4.85,5.27,0.0,1,16,2016,5.564285714285715,0.0014285714285737126,5.14,0.0,0.0,7.34,0.0,4.59,0.0
2016-01-17,5.95,11.83,2.2,45.94,0.0,1.26,0.0,5.46,5.48,5.61,0.0,1,17,2016,5.612857142857143,0.0,5.19,0.0,0.01,6.68,0.0,3.48,0.09
2016-01-18,5.46,11.65,1.04,39.43,0.0,1.28,0.27,4.89,5.95,6.37,0.0,1,18,2016,5.482857142857142,0.0,4.85,0.0,0.0,6.93,0.0,4.72,0.0
2016-01-19,4.89,10.83,1.68,53.85,0.27,1.24,4.5,3.79,5.46,6.31,0.0,1,19,2016,5.28,0.03857142857143086,5.48,0.0,0.0,7.35,0.0,3.19,0.0
2016-01-20,3.79,7.53,0.92,89.52,4.5,0.98,0.87,3.52,4.89,5.14,0.27,1,20,2016,5.087142857142857,0.6814285714285736,5.95,0.0,0.0,6.33,0.0,3.17,0.0
2016-01-21,3.52,9.81,-1.64,71.25,0.87,1.33,0.0,4.04,3.79,5.19,4.5,1,21,2016,4.848571428571428,0.8057142857142879,5.46,0.0,0.0,6.67,0.0,3.13,0.0
2016-01-22,4.04,10.19,-0.13,55.77,0.0,1.21,0.0,4.44,3.52,4.85,0.87,1,22,2016,4.732857142857142,0.8057142857142879,4.89,0.27,0.0,5.2,0.0,3.01,0.0
2016-01-23,4.44,10.29,0.72,51.55,0.0,1.44,0.0,4.47,4.04,5.48,0.0,1,23,2016,4.5842857142857145,0.8057142857142879,3.79,4.5,0.0,5.27,0.0,3.29,0.0
2016-01-24,4.47,10.6,0.67,49.16,0.0,1.27,0.0,3.53,4.44,5.95,0.0,1,24,2016,4.372857142857143,0.8057142857142879,3.52,0.87,0.0,5.61,0.01,3.14,0.0
2016-01-25,3.53,9.38,-0.76,45.9,0.0,1.46,0.0,3.83,4.47,5.46,0.0,1,25,2016,4.097142857142857,0.8057142857142879,4.04,0.0,0.0,6.37,0.0,6.95,0.0
2016-01-26,3.83,9.96,-0.06,52.93,0.0,1.4,0.0,3.85,3.53,4.89,0.0,1,26,2016,3.9457142857142857,0.7671428571428593,4.44,0.0,0.27,6.31,0.0,8.36,0.0
2016-01-27,3.85,9.38,0.59,54.21,0.0,1.48,0.0,4.77,3.83,3.79,0.0,1,27,2016,3.954285714285714,0.12428571428571644,4.47,0.0,4.5,5.14,0.0,9.54,0.0
2016-01-28,4.77,11.11,0.83,46.8,0.0,1.32,0.0,6.53,3.85,3.52,0.0,1,28,2016,4.132857142857143,0.0,3.53,0.0,0.87,5.19,0.0,9.48,0.0
2016-01-29,6.53,13.29,2.22,44.86,0.0,1.38,0.0,7.35,4.77,4.04,0.0,1,29,2016,4.488571428571428,0.0,3.83,0.0,0.0,4.85,0.0,8.36,0.0
2016-01-30,7.35,13.27,3.22,54.04,0.0,1.43,0.0,6.82,6.53,4.44,0.0,1,30,2016,4.904285714285714,0.0,3.85,0.0,0.0,5.48,0.0,7.02,0.0
2016-01-31,6.82,13.34,2.7,61.39,0.0,1.61,0.0,6.75,7.35,4.47,0.0,1,31,2016,5.24,0.0,4.77,0.0,0.0,5.95,0.0,6.9,0.0
2016-02-01,6.75,12.93,2.32,54.22,0.0,1.78,0.0,6.26,6.82,3.53,0.0,2,32,2016,5.7,0.0,6.53,0.0,0.0,5.46,0.0,7.34,0.0
2016-02-02,6.26,13.63,1.79,44.84,0.0,1.68,0.0,6.56,6.75,3.83,0.0,2,33,2016,6.047142857142857,0.0,7.35,0.0,0.0,4.89,0.27,6.68,0.0
2016-02-03,6.56,14.05,0.68,38.99,0.0,1.5,0.0,8.55,6.26,3.85,0.0,2,34,2016,6.434285714285714,0.0,6.82,0.0,0.0,3.79,4.5,6.93,0.0
2016-02-04,8.55,14.94,3.99,36.08,0.0,1.37,0.0,10.35,6.56,4.77,0.0,2,35,2016,6.974285714285715,0.0,6.75,0.0,0.0,3.52,0.87,7.35,0.0
2016-02-05,10.35,16.78,6.62,34.91,0.0,1.32,0.0,11.36,8.55,6.53,0.0,2,36,2016,7.5200000000000005,0.0,6.26,0.0,0.0,4.04,0.0,6.33,0.0
2016-02-06,11.36,16.92,8.21,35.3,0.0,1.12,0.0,10.38,10.35,7.35,0.0,2,37,2016,8.092857142857143,0.0,6.56,0.0,0.0,4.44,0.0,6.67,0.0
2016-02-07,10.38,16.29,6.71,34.4,0.0,1.19,5.19,6.45,11.36,6.82,0.0,2,38,2016,8.601428571428572,0.0,8.55,0.0,0.0,4.47,0.0,5.2,0.0
2016-02-08,6.45,9.62,4.1,64.44,5.19,0.8,0.01,7.19,10.38,6.75,0.0,2,39,2016,8.55857142857143,0.7414285714285737,10.35,0.0,0.0,3.53,0.0,5.27,0.0
2016-02-09,7.19,12.66,3.82,64.64,0.01,1.42,0.0,7.15,6.45,6.26,5.19,2,40,2016,8.691428571428572,0.742857142857145,11.36,0.0,0.0,3.83,0.0,5.61,0.01
2016-02-10,7.15,13.52,3.35,57.9,0.0,1.5,0.0,6.16,7.19,6.56,0.01,2,41,2016,8.775714285714285,0.742857142857145,10.38,0.0,0.0,3.85,0.0,6.37,0.0
2016-02-11,6.16,12.75,0.78,44.3,0.0,1.55,0.0,5.7,7.15,8.55,0.0,2,42,2016,8.434285714285714,0.742857142857145,6.45,5.19,0.0,4.77,0.0,6.31,0.0
2016-02-12,5.7,14.0,-0.75,37.78,0.0,1.97,0.0,7.48,6.16,10.35,0.0,2,43,2016,7.7700000000000005,0.742857142857145,7.19,0.01,0.0,6.53,0.0,5.14,0.0
2016-02-13,7.48,14.82,2.32,37.59,0.0,1.58,0.0,7.85,5.7,11.36,0.0,2,44,2016,7.215714285714286,0.742857142857145,7.15,0.0,0.0,7.35,0.0,5.19,0.0
2016-02-14,7.85,15.29,2.13,43.83,0.0,1.8,0.0,7.51,7.48,10.38,0.0,2,45,2016,6.854285714285715,0.742857142857145,6.16,0.0,0.0,6.82,0.0,4.85,0.0
2016-02-15,7.51,15.42,1.54,36.46,0.0,1.69,0.0,8.29,7.85,6.45,0.0,2,46,2016,7.005714285714285,0.0014285714285735857,5.7,0.0,5.19,6.75,0.0,5.48,0.0
2016-02-16,8.29,15.87,1.41,43.15,0.0,2.05,0.0,10.65,7.51,7.19,0.0,2,47,2016,7.162857142857143,0.0,7.48,0.0,0.01,6.26,0.0,5.95,0.0
2016-02-17,10.65,17.89,4.66,39.01,0.0,2.03,0.0,12.54,8.29,7.15,0.0,2,48,2016,7.662857142857143,0.0,7.85,0.0,0.0,6.56,0.0,5.46,0.0
2016-02-18,12.54,19.5,7.0,34.75,0.0,1.63,0.0,14.36,10.65,6.16,0.0,2,49,2016,8.574285714285713,0.0,7.51,0.0,0.0,8.55,0.0,4.89,0.27
2016-02-19,14.36,20.14,10.51,41.79,0.0,1.36,0.0,12.81,12.54,5.7,0.0,2,50,2016,9.811428571428573,0.0,8.29,0.0,0.0,10.35,0.0,3.79,4.5
2016-02-20,12.81,19.48,7.58,57.23,0.0,1.73,0.0,11.37,14.36,7.48,0.0,2,51,2016,10.572857142857142,0.0,10.65,0.0,0.0,11.36,0.0,3.52,0.87
2016-02-21,11.37,18.27,6.54,58.39,0.0,2.45,0.0,11.28,12.81,7.85,0.0,2,52,2016,11.075714285714286,0.0,12.54,0.0,0.0,10.38,0.0,4.04,0.0
2016-02-22,11.28,18.0,6.96,46.93,0.0,1.88,0.0,9.5,11.37,7.51,0.0,2,53,2016,11.614285714285714,0.0,14.36,0.0,0.0,6.45,5.19,4.44,0.0
2016-02-23,9.5,16.45,4.75,39.02,0.0,1.65,0.0,8.37,11.28,8.29,0.0,2,54,2016,11.787142857142856,0.0,12.81,0.0,0.0,7.19,0.01,4.47,0.0
2016-02-24,8.37,14.13,3.98,38.25,0.0,1.48,0.0,9.16,9.5,10.65,0.0,2,55,2016,11.461428571428572,0.0,11.37,0.0,0.0,7.15,0.0,3.53,0.0
2016-02-25,9.16,16.55,3.44,31.62,0.0,1.64,0.0,9.47,8.37,12.54,0.0,2,56,2016,10.978571428571428,0.0,11.28,0.0,0.0,6.16,0.0,3.83,0.0
2016-02-26,9.47,15.47,5.68,34.89,0.0,1.27,0.34,9.9,9.16,14.36,0.0,2,57,2016,10.280000000000001,0.0,9.5,0.0,0.0,5.7,0.0,3.85,0.0
2016-02-27,9.9,16.01,5.62,43.11,0.34,1.58,1.06,9.9,9.47,12.81,0.0,2,58,2016,9.864285714285714,0.04857142857143073,8.37,0.0,0.0,7.48,0.0,4.77,0.0
2016-02-28,9.9,15.32,6.02,53.1,1.06,1.43,3.49,10.13,9.9,11.37,0.34,2,59,2016,9.654285714285715,0.20000000000000218,9.16,0.0,0.0,7.85,0.0,6.53,0.0
2016-02-29,10.13,16.02,6.13,54.79,3.49,1.58,1.52,9.86,9.9,11.28,1.06,2,60,2016,9.49,0.6985714285714308,9.47,0.0,0.0,7.51,0.0,7.35,0.0
2016-03-01,9.86,15.07,5.74,57.21,1.52,1.35,1.68,10.6,10.13,9.5,3.49,3,61,2016,9.541428571428572,0.915714285714288,9.9,0.34,0.0,8.29,0.0,6.82,0.0
2016-03-02,10.6,16.79,6.42,49.48,1.68,1.48,0.02,10.77,9.86,8.37,1.52,3,62,2016,9.860000000000001,1.155714285714288,9.9,1.06,0.0,10.65,0.0,6.75,0.0
2016-03-03,10.77,17.18,6.3,46.07,0.02,1.56,0.1,11.47,10.6,9.16,1.68,3,63,2016,10.09,1.1585714285714308,10.13,3.49,0.0,12.54,0.0,6.26,0.0
2016-03-04,11.47,17.85,6.88,45.75,0.1,1.71,0.39,11.79,10.77,9.47,0.02,3,64,2016,10.375714285714285,1.172857142857145,9.86,1.52,0.0,14.36,0.0,6.56,0.0
2016-03-05,11.79,18.74,7.06,47.81,0.39,1.64,0.23,11.51,11.47,9.9,0.1,3,65,2016,10.645714285714286,1.1800000000000022,10.6,1.68,0.34,12.81,0.0,8.55,0.0
2016-03-06,11.51,18.58,6.43,44.45,0.23,1.74,0.0,12.35,11.79,9.9,0.39,3,66,2016,10.875714285714285,1.0614285714285736,10.77,0.02,1.06,11.37,0.0,10.35,0.0
2016-03-07,12.35,18.88,7.22,44.49,0.0,1.73,0.08,11.8,11.51,10.13,0.23,3,67,2016,11.192857142857141,0.562857142857145,11.47,0.1,3.49,11.28,0.0,11.36,0.0
2016-03-08,11.8,18.18,7.05,50.28,0.08,2.06,0.0,12.48,12.35,9.86,0.0,3,68,2016,11.47,0.3571428571428593,11.79,0.39,1.52,9.5,0.0,10.38,0.0
2016-03-09,12.48,19.45,7.18,42.77,0.0,1.91,0.0,12.66,11.8,10.6,0.08,3,69,2016,11.738571428571428,0.11714285714285931,11.51,0.23,1.68,8.37,0.0,6.45,5.19
2016-03-10,12.66,19.62,8.07,39.22,0.0,2.02,0.0,13.86,12.48,10.77,0.0,3,70,2016,12.008571428571429,0.11428571428571645,12.35,0.0,0.02,9.16,0.0,7.19,0.01
2016-03-11,13.86,20.79,8.91,36.73,0.0,1.84,0.0,14.2,12.66,11.47,0.0,3,71,2016,12.35,0.10000000000000217,11.8,0.08,0.1,9.47,0.0,7.15,0.0
2016-03-12,14.2,21.88,8.73,39.61,0.0,2.19,0.05,11.56,13.86,11.79,0.0,3,72,2016,12.694285714285714,0.04428571428571644,12.48,0.0,0.39,9.9,0.34,6.16,0.0
2016-03-13,11.56,18.61,7.7,58.3,0.05,1.9,1.0,10.99,14.2,11.51,0.0,3,73,2016,12.70142857142857,0.01857142857143073,12.66,0.0,0.23,9.9,1.06,5.7,0.0
2016-03-14,10.99,17.29,6.28,62.57,1.0,1.77,0.47,10.99,11.56,12.35,0.05,3,74,2016,12.507142857142858,0.16142857142857356,13.86,0.0,0.0,10.13,3.49,7.48,0.0
2016-03-15,10.99,16.96,6.48,53.02,0.47,1.88,0.38,11.42,10.99,11.8,1.0,3,75,2016,12.391428571428571,0.2171428571428593,14.2,0.0,0.08,9.86,1.52,7.85,0.0
2016-03-16,11.42,17.91,6.76,44.63,0.38,1.88,0.0,12.27,10.99,12.48,0.47,3,76,2016,12.24,0.2714285714285736,11.56,0.05,0.0,10.6,1.68,7.51,0.0
2016-03-17,12.27,18.73,7.9,40.02,0.0,1.57,0.0,12.47,11.42,12.66,0.38,3,77,2016,12.184285714285712,0.2714285714285736,10.99,1.0,0.0,10.77,0.02,8.29,0.0
2016-03-18,12.47,18.83,7.67,39.52,0.0,1.8,0.0,12.95,12.27,13.86,0.0,3,78,2016,11.985714285714284,0.2714285714285736,10.99,0.47,0.0,11.47,0.1,10.65,0.0
2016-03-19,12.95,19.64,7.11,47.5,0.0,2.0,0.23,13.3,12.47,14.2,0.0,3,79,2016,11.807142857142859,0.2714285714285736,11.42,0.38,0.0,11.79,0.39,12.54,0.0
2016-03-20,13.3,20.28,7.28,46.67,0.23,1.81,0.84,12.77,12.95,11.56,0.0,3,80,2016,12.055714285714286,0.2971428571428593,12.27,0.0,0.05,11.51,0.23,14.36,0.0
2016-03-21,12.77,19.79,7.82,43.39,0.84,2.14,0.01,12.6,13.3,10.99,0.23,3,81,2016,12.309999999999999,0.2742857142857164,12.47,0.0,1.0,12.35,0.0,12.81,0.0
2016-03-22,12.6,19.5,7.69,31.55,0.01,2.02,0.0,13.65,12.77,10.99,0.84,3,82,2016,12.540000000000001,0.2085714285714307,12.95,0.0,0.47,11.8,0.08,11.37,0.0
2016-03-23,13.65,21.38,7.1,26.03,0.0,1.84,0.0,14.63,12.6,11.42,0.01,3,83,2016,12.858571428571427,0.15428571428571644,13.3,0.23,0.38,12.48,0.0,11.28,0.0
2016-03-24,14.63,21.96,9.34,23.61,0.0,1.8,0.0,15.97,13.65,12.27,0.0,3,84,2016,13.195714285714287,0.15428571428571644,12.77,0.84,0.0,12.66,0.0,9.5,0.0
2016-03-25,15.97,22.87,11.17,27.51,0.0,1.71,0.0,16.52,14.63,12.47,0.0,3,85,2016,13.695714285714287,0.15428571428571644,12.6,0.01,0.0,13.86,0.0,8.37,0.0
2016-03-26,16.52,23.42,11.74,29.38,0.0,1.6,0.14,15.89,15.97,12.95,0.0,3,86,2016,14.205714285714285,0.15428571428571644,13.65,0.0,0.0,14.2,0.0,9.16,0.0
2016-03-27,15.89,22.98,10.85,34.04,0.14,1.68,5.62,14.01,16.52,13.3,0.0,3,87,2016,14.575714285714286,0.1414285714285736,14.63,0.0,0.23,11.56,0.05,9.47,0.0
2016-03-28,14.01,20.43,10.45,52.41,5.62,1.41,0.74,14.4,15.89,12.77,0.14,3,88,2016,14.752857142857142,0.8242857142857165,15.97,0.0,0.84,10.99,1.0,9.9,0.34
2016-03-29,14.4,21.22,9.11,45.53,0.74,2.06,0.22,14.59,14.01,12.6,5.62,3,89,2016,15.01,0.9285714285714308,16.52,0.0,0.01,10.99,0.47,9.9,1.06
2016-03-30,14.59,20.64,9.64,37.68,0.22,1.69,4.18,13.35,14.4,13.65,0.74,3,90,2016,15.144285714285713,0.9600000000000023,15.89,0.14,0.0,11.42,0.38,10.13,3.49
2016-03-31,13.35,19.71,8.7,44.14,4.18,1.98,0.31,14.03,14.59,14.63,0.22,3,91,2016,14.961428571428572,1.5571428571428594,14.01,5.62,0.0,12.27,0.0,9.86,1.52
2016-04-01,14.03,20.16,9.4,44.57,0.31,1.75,0.0,14.65,13.35,15.97,4.18,4,92,2016,14.684285714285712,1.6014285714285736,14.4,0.74,0.0,12.47,0.0,10.6,1.68
2016-04-02,14.65,20.54,9.52,58.91,0.0,1.64,0.0,16.02,14.03,16.52,0.31,4,93,2016,14.417142857142858,1.6014285714285736,14.59,0.22,0.0,12.95,0.0,10.77,0.02
2016-04-03,16.02,21.01,12.19,62.7,0.0,1.66,0.0,16.23,14.65,15.89,0.0,4,94,2016,14.435714285714287,1.5814285714285734,13.35,4.18,0.14,13.3,0.23,11.47,0.1
2016-04-04,16.23,20.99,12.14,60.09,0.0,1.72,0.01,16.95,16.02,14.01,0.0,4,95,2016,14.752857142857142,0.7785714285714306,14.03,0.31,5.62,12.77,0.84,11.79,0.39
2016-04-05,16.95,23.71,11.64,47.22,0.01,2.32,0.0,17.69,16.23,14.4,0.0,4,96,2016,15.117142857142857,0.6742857142857164,14.65,0.0,0.74,12.6,0.01,11.51,0.23
2016-04-06,17.69,25.89,11.28,40.27,0.0,2.41,0.0,17.2,16.95,14.59,0.01,4,97,2016,15.56,0.642857142857145,16.02,0.0,0.22,13.65,0.0,12.35,0.0
2016-04-07,17.2,24.27,11.65,37.61,0.0,2.4,0.0,16.1,17.69,13.35,0.0,4,98,2016,16.11,0.04571428571428787,16.23,0.0,4.18,14.63,0.0,11.8,0.08
2016-04-08,16.1,23.16,10.03,40.16,0.0,2.79,0.0,16.64,17.2,14.03,0.0,4,99,2016,16.405714285714286,0.0014285714285735857,16.95,0.01,0.31,15.97,0.0,12.48,0.0
2016-04-09,16.64,24.35,10.72,32.94,0.0,2.8,0.0,17.72,16.1,14.65,0.0,4,100,2016,16.69,0.0014285714285735857,17.69,0.0,0.0,16.52,0.0,12.66,0.0
2016-04-10,17.72,25.98,10.69,27.0,0.0,2.96,0.0,17.59,16.64,16.02,0.0,4,101,2016,16.93285714285714,0.0014285714285735857,17.2,0.0,0.0,15.89,0.14,13.86,0.0
2016-04-11,17.59,25.07,11.24,33.47,0.0,2.69,0.0,16.94,17.72,16.23,0.0,4,102,2016,17.127142857142857,0.0014285714285735857,16.1,0.0,0.0,14.01,5.62,14.2,0.0
2016-04-12,16.94,25.0,10.45,33.98,0.0,2.53,0.01,16.5,17.59,16.95,0.0,4,103,2016,17.125714285714285,0.0,16.64,0.0,0.01,14.4,0.74,11.56,0.05
2016-04-13,16.5,24.13,10.18,34.59,0.01,2.7,1.19,16.36,16.94,17.69,0.0,4,104,2016,16.955714285714286,0.0014285714285735857,17.72,0.0,0.0,14.59,0.22,10.99,1.0
2016-04-14,16.36,23.61,10.09,36.82,1.19,2.26,0.59,17.64,16.5,17.2,0.01,4,105,2016,16.835714285714285,0.17142857142857357,17.59,0.0,0.0,13.35,4.18,10.99,0.47
2016-04-15,17.64,25.11,11.22,35.83,0.59,1.95,1.48,17.61,16.36,16.1,1.19,4,106,2016,17.055714285714288,0.2557142857142879,16.94,0.0,0.0,14.03,0.31,11.42,0.38
2016-04-16,17.61,24.08,11.73,39.26,1.48,2.26,0.74,18.1,17.64,16.64,0.59,4,107,2016,17.194285714285712,0.4671428571428593,16.5,0.01,0.0,14.65,0.0,12.27,0.0
2016-04-17,18.1,24.31,12.53,40.46,0.74,1.8,2.87,17.08,17.61,17.72,1.48,4,108,2016,17.248571428571427,0.572857142857145,16.36,1.19,0.0,16.02,0.0,12.47,0.0
2016-04-18,17.08,24.76,10.37,43.52,2.87,2.44,0.44,17.82,18.1,17.59,0.74,4,109,2016,17.175714285714285,0.982857142857145,17.64,0.59,0.0,16.23,0.0,12.95,0.0
2016-04-19,17.82,24.41,11.28,43.58,0.44,2.27,0.68,19.09,17.08,16.94,2.87,4,110,2016,17.30142857142857,1.0457142857142878,17.61,1.48,0.0,16.95,0.01,13.3,0.23
2016-04-20,19.09,26.37,13.15,42.56,0.68,2.04,0.66,18.93,17.82,16.5,0.44,4,111,2016,17.67142857142857,1.1414285714285737,18.1,0.74,0.01,17.69,0.0,12.77,0.84
2016-04-21,18.93,26.31,12.51,36.9,0.66,2.37,0.2,18.42,19.09,16.36,0.68,4,112,2016,18.03857142857143,1.0657142857142878,17.08,2.87,1.19,17.2,0.0,12.6,0.01
2016-04-22,18.42,25.73,11.56,30.54,0.2,2.0,2.05,18.25,18.93,17.64,0.66,4,113,2016,18.15,1.0100000000000022,17.82,0.44,0.59,16.1,0.0,13.65,0.0
2016-04-23,18.25,25.49,12.65,38.02,2.05,2.38,0.33,16.59,18.42,17.61,0.2,4,114,2016,18.24142857142857,1.0914285714285736,19.09,0.68,1.48,16.64,0.0,14.63,0.0
2016-04-24,16.59,24.39,9.52,33.29,0.33,2.18,0.0,17.26,18.25,18.1,2.05,4,115,2016,18.025714285714287,1.032857142857145,18.93,0.66,0.74,17.72,0.0,15.97,0.0
2016-04-25,17.26,25.45,8.93,22.96,0.0,2.19,0.0,18.18,16.59,17.08,0.33,4,116,2016,18.05142857142857,0.6228571428571449,18.42,0.2,2.87,17.59,0.0,16.52,0.0
2016-04-26,18.18,25.82,10.03,20.39,0.0,1.88,0.0,17.77,17.26,17.82,0.0,4,117,2016,18.102857142857143,0.5600000000000022,18.25,2.05,0.44,16.94,0.0,15.89,0.14
2016-04-27,17.77,24.91,11.29,24.39,0.0,2.08,0.31,18.59,18.18,19.09,0.0,4,118,2016,17.914285714285715,0.46285714285714497,16.59,0.33,0.68,16.5,0.01,14.01,5.62
2016-04-28,18.59,25.98,11.9,26.71,0.31,2.2,0.0,18.58,17.77,18.93,0.0,4,119,2016,17.865714285714287,0.412857142857145,17.26,0.0,0.66,16.36,1.19,14.4,0.74
2016-04-29,18.58,26.25,10.93,23.82,0.0,2.15,0.65,18.24,18.59,18.42,0.31,4,120,2016,17.888571428571428,0.38428571428571645,18.18,0.0,0.2,17.64,0.59,14.59,0.22
2016-04-30,18.24,26.4,9.81,24.34,0.65,2.28,0.83,17.73,18.58,18.25,0.0,4,121,2016,17.887142857142855,0.18428571428571644,17.77,0.0,2.05,17.61,1.48,13.35,4.18
2016-05-01,17.73,23.5,11.67,29.39,0.83,1.69,0.0,17.96,18.24,16.59,0.65,5,122,2016,18.05,0.2557142857142879,18.59,0.31,0.33,18.1,0.74,14.03,0.31
2016-05-02,17.96,24.61,13.23,44.01,0.0,1.8,0.37,17.36,17.73,17.26,0.83,5,123,2016,18.15,0.2557142857142879,18.58,0.0,0.0,17.08,2.87,14.65,0.0
2016-05-03,17.36,23.92,12.82,57.72,0.37,1.97,2.6,14.39,17.96,18.18,0.0,5,124,2016,18.032857142857143,0.3085714285714308,18.24,0.65,0.0,17.82,0.44,16.02,0.0
2016-05-04,14.39,17.93,11.6,76.8,2.6,1.45,0.47,15.75,17.36,17.77,0.37,5,125,2016,17.55,0.6800000000000022,17.73,0.83,0.0,19.09,0.68,16.23,0.0
2016-05-05,15.75,20.56,12.22,62.52,0.47,1.94,1.2,16.21,14.39,18.59,2.6,5,126,2016,17.14428571428571,0.702857142857145,17.96,0.0,0.31,18.93,0.66,16.95,0.01
2016-05-06,16.21,21.05,11.1,54.3,1.2,1.92,2.59,16.95,15.75,18.58,0.47,5,127,2016,16.805714285714284,0.8742857142857164,17.36,0.37,0.0,18.42,0.2,17.69,0.0
2016-05-07,16.95,21.51,13.25,54.01,2.59,1.99,0.92,16.81,16.21,18.24,1.2,5,128,2016,16.62142857142857,1.1514285714285735,14.39,2.6,0.65,18.25,2.05,17.2,0.0
2016-05-08,16.81,20.91,13.23,53.69,0.92,1.73,0.49,18.15,16.95,17.73,2.59,5,129,2016,16.49,1.1642857142857164,15.75,0.47,0.83,16.59,0.33,16.1,0.0
2016-05-09,18.15,23.88,12.89,57.22,0.49,1.81,6.9,18.73,16.81,17.96,0.92,5,130,2016,16.517142857142858,1.2342857142857164,16.21,1.2,0.0,17.26,0.0,16.64,0.0
2016-05-10,18.73,23.99,14.02,59.23,6.9,1.83,2.81,17.83,18.15,17.36,0.49,5,131,2016,16.712857142857143,2.1671428571428595,16.95,2.59,0.37,18.18,0.0,17.72,0.0
2016-05-11,17.83,23.68,13.59,66.21,2.81,1.85,5.25,16.45,18.73,14.39,6.9,5,132,2016,17.204285714285714,2.1971428571428593,16.81,0.92,2.6,17.77,0.0,17.59,0.0
2016-05-12,16.45,20.3,13.39,75.06,5.25,1.51,4.8,16.14,17.83,15.75,2.81,5,133,2016,17.304285714285715,2.8800000000000026,18.15,0.49,0.47,18.59,0.31,16.94,0.0
2016-05-13,16.14,20.11,12.23,75.09,4.8,1.59,3.13,17.5,16.45,16.21,5.25,5,134,2016,17.294285714285714,3.3942857142857163,18.73,6.9,1.2,18.58,0.0,16.5,0.01
2016-05-14,17.5,23.04,12.74,67.5,3.13,1.97,1.74,18.3,16.14,16.95,4.8,5,135,2016,17.37285714285714,3.471428571428574,17.83,2.81,2.59,18.24,0.65,16.36,1.19
2016-05-15,18.3,24.94,12.32,59.41,1.74,2.01,2.56,18.65,17.5,16.81,3.13,5,136,2016,17.585714285714285,3.5885714285714307,16.45,5.25,0.92,17.73,0.83,17.64,0.59
2016-05-16,18.65,24.7,12.89,54.79,2.56,2.12,5.85,18.86,18.3,18.15,1.74,5,137,2016,17.657142857142855,3.8842857142857166,16.14,4.8,0.49,17.96,0.0,17.61,1.48
2016-05-17,18.86,25.31,12.64,49.6,5.85,2.17,2.47,18.9,18.65,18.73,2.56,5,138,2016,17.675714285714285,3.734285714285716,17.5,3.13,6.9,17.36,0.37,18.1,0.74
2016-05-18,18.9,25.19,14.4,55.65,2.47,1.84,1.18,18.83,18.86,17.83,5.85,5,139,2016,17.82857142857143,3.6857142857142877,18.3,1.74,2.81,14.39,2.6,17.08,2.87
2016-05-19,18.83,24.82,14.32,69.99,1.18,1.61,10.15,17.55,18.9,16.45,2.47,5,140,2016,18.16857142857143,3.1042857142857163,18.65,2.56,5.25,15.75,0.47,17.82,0.44
2016-05-20,17.55,21.85,14.21,79.83,10.15,1.75,6.41,17.67,18.83,16.14,1.18,5,141,2016,18.37,3.8685714285714305,18.86,5.85,4.8,16.21,1.2,19.09,0.68
2016-05-21,17.67,22.45,13.91,79.79,6.41,1.88,0.11,19.36,17.55,17.5,10.15,5,142,2016,18.39428571428571,4.337142857142859,18.9,2.47,3.13,16.95,2.59,18.93,0.66
2016-05-22,19.36,25.52,14.09,65.61,0.11,1.88,3.46,19.53,17.67,18.3,6.41,5,143,2016,18.545714285714286,4.104285714285717,18.83,1.18,1.74,16.81,0.92,18.42,0.2
2016-05-23,19.53,24.76,15.9,68.16,3.46,1.85,7.23,18.47,19.36,18.65,0.11,5,144,2016,18.67142857142857,4.232857142857145,17.55,10.15,2.56,18.15,0.49,18.25,2.05
2016-05-24,18.47,24.93,14.38,66.96,7.23,1.99,2.75,17.03,19.53,18.86,3.46,5,145,2016,18.615714285714287,4.430000000000002,17.67,6.41,5.85,18.73,6.9,16.59,0.33
2016-05-25,17.03,22.41,12.66,61.46,2.75,2.17,7.48,16.49,18.47,18.9,7.23,5,146,2016,18.34857142857143,4.4700000000000015,19.36,0.11,2.47,17.83,2.81,17.26,0.0
2016-05-26,16.49,21.4,12.76,59.18,7.48,1.92,4.26,16.78,17.03,18.83,2.75,5,147,2016,18.014285714285716,5.370000000000003,19.53,3.46,1.18,16.45,5.25,18.18,0.0
2016-05-27,16.78,22.17,12.12,61.72,4.26,1.87,4.39,16.68,16.49,17.55,7.48,5,148,2016,17.904285714285713,4.528571428571431,18.47,7.23,10.15,16.14,4.8,17.77,0.0
2016-05-28,16.68,20.46,13.49,70.2,4.39,1.73,6.87,16.57,16.78,17.67,4.26,5,149,2016,17.762857142857143,4.240000000000003,17.03,2.75,6.41,17.5,3.13,18.59,0.31
2016-05-29,16.57,22.36,12.59,73.27,6.87,1.74,1.69,16.62,16.68,19.36,4.39,5,150,2016,17.364285714285714,5.205714285714288,16.49,7.48,0.11,18.3,1.74,18.58,0.0
2016-05-30,16.62,21.95,11.83,68.84,1.69,1.87,3.28,16.74,16.57,19.53,6.87,5,151,2016,16.94857142857143,4.9528571428571455,16.78,4.26,3.46,18.65,2.56,18.24,0.65
2016-05-31,16.74,22.02,11.64,63.79,3.28,1.97,0.56,17.46,16.62,18.47,1.69,5,152,2016,16.701428571428572,4.388571428571431,16.68,4.39,7.23,18.86,5.85,17.73,0.83
2016-06-01,17.46,23.13,11.46,65.16,0.56,2.0,0.92,18.76,16.74,17.03,3.28,6,153,2016,16.762857142857143,4.075714285714288,16.57,6.87,2.75,18.9,2.47,17.96,0.0
2016-06-02,18.76,23.97,14.57,70.27,0.92,1.99,0.49,19.53,17.46,16.49,0.56,6,154,2016,17.087142857142858,3.138571428571431,16.62,1.69,7.48,18.83,1.18,17.36,0.37
2016-06-03,19.53,24.28,15.3,74.67,0.49,1.91,6.19,18.57,18.76,16.78,0.92,6,155,2016,17.48,2.600000000000002,16.74,3.28,4.26,17.55,10.15,14.39,2.6
2016-06-04,18.57,21.99,16.1,83.73,6.19,1.95,4.38,18.45,19.53,16.68,0.49,6,156,2016,17.750000000000004,2.85714285714286,17.46,0.56,4.39,17.67,6.41,15.75,0.47
2016-06-05,18.45,21.75,15.49,82.33,4.38,2.01,3.79,18.26,18.57,16.57,6.19,6,157,2016,18.018571428571427,2.5014285714285736,18.76,0.92,6.87,19.36,0.11,16.21,1.2
2016-06-06,18.26,21.7,15.49,84.48,3.79,1.84,2.95,19.15,18.45,16.62,4.38,6,158,2016,18.252857142857142,2.801428571428574,19.53,0.49,1.69,19.53,3.46,16.95,2.59
2016-06-07,19.15,24.25,15.48,78.27,2.95,1.99,2.24,19.45,18.26,16.74,3.79,6,159,2016,18.59714285714286,2.7542857142857167,18.57,6.19,3.28,18.47,7.23,16.81,0.92
2016-06-08,19.45,25.25,14.12,65.49,2.24,1.82,6.45,19.12,19.15,17.46,2.95,6,160,2016,18.881428571428568,2.9942857142857164,18.45,4.38,0.56,17.03,2.75,18.15,0.49
2016-06-09,19.12,24.89,14.12,66.95,6.45,1.83,4.65,19.12,19.45,18.76,2.24,6,161,2016,18.93285714285714,3.7842857142857165,18.26,3.79,0.92,16.49,7.48,18.73,6.9
2016-06-10,19.12,23.87,14.63,70.67,4.65,2.0,1.38,19.89,19.12,19.53,6.45,6,162,2016,18.874285714285715,4.378571428571431,19.15,2.95,0.49,16.78,4.26,17.83,2.81
2016-06-11,19.89,24.69,15.43,60.3,1.38,1.92,6.17,20.04,19.12,18.57,4.65,6,163,2016,19.062857142857144,3.691428571428574,19.45,2.24,6.19,16.68,4.39,16.45,5.25
2016-06-12,20.04,24.11,16.58,63.71,6.17,1.83,5.6,19.28,19.89,18.45,1.38,6,164,2016,19.29,3.9471428571428597,19.12,6.45,4.38,16.57,6.87,16.14,4.8
2016-06-13,19.28,24.13,14.81,68.27,5.6,2.03,3.29,19.27,20.04,18.26,6.17,6,165,2016,19.435714285714287,4.205714285714288,19.12,4.65,3.79,16.62,1.69,17.5,3.13
2016-06-14,19.27,23.62,15.48,72.46,3.29,2.04,17.2,18.74,19.28,19.15,5.6,6,166,2016,19.45285714285714,4.254285714285716,19.89,1.38,2.95,16.74,3.28,18.3,1.74
2016-06-15,18.74,22.05,15.99,80.18,17.2,1.84,4.5,18.43,19.27,19.45,3.29,6,167,2016,19.351428571428574,6.391428571428574,20.04,6.17,2.24,17.46,0.56,18.65,2.56
2016-06-16,18.43,22.09,15.2,84.17,4.5,1.71,2.33,18.84,18.74,19.12,17.2,6,168,2016,19.252857142857145,6.112857142857145,19.28,5.6,6.45,18.76,0.92,18.86,5.85
2016-06-17,18.84,22.21,16.31,84.68,2.33,1.85,6.37,18.54,18.43,19.12,4.5,6,169,2016,19.212857142857143,5.781428571428573,19.27,3.29,4.65,19.53,0.49,18.9,2.47
2016-06-18,18.54,22.22,15.71,87.14,6.37,1.98,4.84,18.65,18.84,19.89,2.33,6,170,2016,19.02,6.494285714285717,18.74,17.2,1.38,18.57,6.19,18.83,1.18
2016-06-19,18.65,22.34,15.73,82.41,4.84,1.73,11.87,17.63,18.54,20.04,6.37,6,171,2016,18.821428571428573,6.304285714285717,18.43,4.5,6.17,18.45,4.38,17.55,10.15
2016-06-20,17.63,19.33,15.88,92.45,11.87,1.24,18.85,17.87,18.65,19.28,4.84,6,172,2016,18.585714285714285,7.200000000000003,18.84,2.33,5.6,18.26,3.79,17.67,6.41
2016-06-21,17.87,19.86,15.97,94.51,18.85,1.65,4.33,17.76,17.63,19.27,11.87,6,173,2016,18.385714285714283,9.422857142857145,18.54,6.37,3.29,19.15,2.95,19.36,0.11
2016-06-22,17.76,20.76,15.43,92.07,4.33,2.3,6.44,18.28,17.87,18.74,18.85,6,174,2016,18.245714285714286,7.584285714285717,18.65,4.84,17.2,19.45,2.24,19.53,3.46
2016-06-23,18.28,21.13,15.52,88.61,6.44,2.26,23.44,18.32,17.76,18.43,4.33,6,175,2016,18.224285714285713,7.861428571428574,17.63,11.87,4.5,19.12,6.45,18.47,7.23
2016-06-24,18.32,20.6,16.11,91.16,23.44,1.3,3.82,19.1,18.28,18.84,6.44,6,176,2016,18.150000000000002,10.877142857142859,17.87,18.85,2.33,19.12,4.65,17.03,2.75
2016-06-25,19.1,22.96,16.86,89.87,3.82,1.59,3.39,19.4,18.32,18.54,23.44,6,177,2016,18.23,10.512857142857145,17.76,4.33,6.37,19.89,1.38,16.49,7.48
2016-06-26,19.4,22.97,16.51,88.16,3.39,1.75,2.84,19.53,19.1,18.65,3.82,6,178,2016,18.337142857142858,10.30571428571429,18.28,6.44,4.84,20.04,6.17,16.78,4.26
2016-06-27,19.53,22.7,16.85,87.46,2.84,1.62,3.23,19.15,19.4,17.63,3.39,6,179,2016,18.60857142857143,9.015714285714289,18.32,23.44,11.87,19.28,5.6,16.68,4.39
2016-06-28,19.15,22.07,17.26,90.53,3.23,1.26,7.29,19.69,19.53,17.87,2.84,6,180,2016,18.791428571428575,6.7842857142857165,19.1,3.82,18.85,19.27,3.29,16.57,6.87
2016-06-29,19.69,23.88,16.46,88.78,7.29,2.1,17.56,18.73,19.15,17.76,3.23,6,181,2016,19.06714285714286,7.20714285714286,19.4,3.39,4.33,18.74,17.2,16.62,1.69
2016-06-30,18.73,21.51,16.27,91.34,17.56,2.14,17.73,17.03,19.69,18.28,7.29,6,182,2016,19.131428571428575,8.795714285714288,19.53,2.84,6.44,18.43,4.5,16.74,3.28
2016-07-01,17.03,20.32,14.84,91.86,17.73,1.77,4.04,18.3,18.73,18.32,17.56,7,183,2016,18.947142857142858,7.980000000000002,19.15,3.23,23.44,18.84,2.33,17.46,0.56
2016-07-02,18.3,21.37,15.3,86.07,4.04,1.64,6.55,18.32,17.03,19.1,17.73,7,184,2016,18.832857142857144,8.011428571428574,19.69,7.29,3.82,18.54,6.37,18.76,0.92
2016-07-03,18.32,20.72,16.28,92.19,6.55,1.85,2.84,18.82,18.3,19.4,4.04,7,185,2016,18.678571428571427,8.462857142857144,18.73,17.56,3.39,18.65,4.84,19.53,0.49
2016-07-04,18.82,22.54,16.28,89.48,2.84,2.09,1.8,18.93,18.32,19.53,6.55,7,186,2016,18.577142857142857,8.462857142857146,17.03,17.73,2.84,17.63,11.87,18.57,6.19
2016-07-05,18.93,22.47,16.04,89.87,1.8,2.15,1.25,18.9,18.82,19.15,2.84,7,187,2016,18.545714285714286,8.25857142857143,18.3,4.04,3.23,17.87,18.85,18.45,4.38
2016-07-06,18.9,22.36,16.55,91.17,1.25,1.99,0.97,19.61,18.93,19.69,1.8,7,188,2016,18.43285714285714,7.395714285714289,18.32,6.55,7.29,17.76,4.33,18.26,3.79
2016-07-07,19.61,23.49,15.95,86.86,0.97,2.11,2.28,19.35,18.9,18.73,1.25,7,189,2016,18.55857142857143,5.0257142857142885,18.82,2.84,17.56,18.28,6.44,19.15,2.95
2016-07-08,19.35,22.59,16.69,88.53,2.28,1.86,4.94,19.29,19.61,17.03,0.97,7,190,2016,18.889999999999997,2.818571428571431,18.93,1.8,17.73,18.32,23.44,19.45,2.24
2016-07-09,19.29,22.51,16.32,87.09,4.94,2.0,3.17,18.88,19.35,18.3,2.28,7,191,2016,19.03142857142857,2.9471428571428597,18.9,1.25,4.04,19.1,3.82,19.12,6.45
2016-07-10,18.88,22.43,16.43,90.6,3.17,1.77,2.19,18.42,19.29,18.32,4.94,7,192,2016,19.111428571428572,2.4642857142857166,19.61,0.97,6.55,19.4,3.39,19.12,4.65
2016-07-11,18.42,22.22,15.44,88.65,2.19,1.57,0.37,19.4,18.88,18.82,3.17,7,193,2016,19.054285714285715,2.371428571428574,19.35,2.28,2.84,19.53,2.84,19.89,1.38
2016-07-12,19.4,23.47,16.08,88.08,0.37,2.07,1.91,19.41,18.42,18.93,2.19,7,194,2016,19.12142857142857,2.1671428571428595,19.29,4.94,1.8,19.15,3.23,20.04,6.17
2016-07-13,19.41,23.54,16.23,88.92,1.91,1.72,8.75,19.16,19.4,18.9,0.37,7,195,2016,19.194285714285716,2.261428571428574,18.88,3.17,1.25,19.69,7.29,19.28,5.6
2016-07-14,19.16,21.83,17.46,91.8,8.75,1.83,24.78,18.79,19.41,19.61,1.91,7,196,2016,19.13,3.3728571428571454,18.42,2.19,0.97,18.73,17.56,19.27,3.29
2016-07-15,18.79,20.3,16.98,94.66,24.78,1.93,7.58,18.89,19.16,19.35,8.75,7,197,2016,19.05,6.587142857142859,19.4,0.37,2.28,17.03,17.73,18.74,17.2
2016-07-16,18.89,22.43,15.81,86.78,7.58,2.01,3.22,17.75,18.79,19.29,24.78,7,198,2016,18.99285714285714,6.964285714285717,19.41,1.91,4.94,18.3,4.04,18.43,4.5
2016-07-17,17.75,19.83,15.85,91.53,3.22,1.74,12.58,18.54,18.89,18.88,7.58,7,199,2016,18.83142857142857,6.971428571428574,19.16,8.75,3.17,18.32,6.55,18.84,2.33
2016-07-18,18.54,21.41,16.05,92.86,12.58,1.91,5.44,18.65,17.75,18.42,3.22,7,200,2016,18.84857142857143,8.455714285714288,18.79,24.78,2.19,18.82,2.84,18.54,6.37
2016-07-19,18.65,21.71,15.96,92.18,5.44,1.64,20.66,18.91,18.54,19.4,12.58,7,201,2016,18.74142857142857,9.180000000000003,18.89,7.58,0.37,18.93,1.8,18.65,4.84
2016-07-20,18.91,20.77,17.22,96.3,20.66,2.07,13.85,18.41,18.65,19.41,5.44,7,202,2016,18.669999999999998,11.858571428571432,17.75,3.22,1.91,18.9,1.25,17.63,11.87
2016-07-21,18.41,20.64,16.98,94.07,13.85,1.25,16.38,18.19,18.91,19.16,20.66,7,203,2016,18.562857142857144,12.58714285714286,18.54,12.58,8.75,19.61,0.97,17.87,18.85
2016-07-22,18.19,20.49,15.77,92.9,16.38,1.56,21.69,17.36,18.41,18.79,13.85,7,204,2016,18.47714285714286,11.387142857142859,18.65,5.44,24.78,19.35,2.28,17.76,4.33
2016-07-23,17.36,19.32,15.23,95.13,21.69,1.57,32.81,17.67,18.19,18.89,16.38,7,205,2016,18.25857142857143,13.402857142857146,18.91,20.66,7.58,19.29,4.94,18.28,6.44
2016-07-24,17.67,19.97,15.77,94.27,32.81,1.98,31.11,16.86,17.36,17.75,21.69,7,206,2016,18.247142857142858,17.630000000000003,18.41,13.85,3.22,18.88,3.17,18.32,23.44
2016-07-25,16.86,19.53,14.8,95.1,31.11,1.91,15.93,16.97,17.67,18.54,32.81,7,207,2016,18.007142857142856,20.27714285714286,18.19,16.38,12.58,18.42,2.19,19.1,3.82
2016-07-26,16.97,20.43,14.54,92.49,15.93,1.55,4.94,17.12,16.86,18.65,31.11,7,208,2016,17.767142857142858,21.77571428571429,17.36,21.69,5.44,19.4,0.37,19.4,3.39
2016-07-27,17.12,20.57,14.04,90.56,4.94,1.36,6.8,17.47,16.97,18.91,15.93,7,209,2016,17.511428571428574,19.530000000000005,17.67,32.81,20.66,19.41,1.91,19.53,2.84
2016-07-28,17.47,20.05,15.4,93.94,6.8,1.71,0.45,17.92,17.12,18.41,4.94,7,210,2016,17.37714285714286,18.522857142857145,16.86,31.11,13.85,19.16,8.75,19.15,3.23
2016-07-29,17.92,20.73,15.23,90.49,0.45,1.78,13.95,17.36,17.47,18.19,6.8,7,211,2016,17.33857142857143,16.24714285714286,16.97,15.93,16.38,18.79,24.78,19.69,7.29
2016-07-30,17.36,18.86,15.86,96.09,13.95,1.41,18.75,17.85,17.92,17.36,0.45,7,212,2016,17.33857142857143,15.141428571428573,17.12,4.94,21.69,18.89,7.58,18.73,17.56
2016-07-31,17.85,20.76,15.17,92.51,18.75,1.72,7.86,18.58,17.36,17.67,13.95,7,213,2016,17.364285714285714,13.132857142857144,17.47,6.8,32.81,17.75,3.22,17.03,17.73
2016-08-01,18.58,21.77,14.94,87.82,7.86,1.8,3.69,18.38,17.85,16.86,18.75,8,214,2016,17.61,9.811428571428575,17.92,0.45,31.11,18.54,12.58,18.3,4.04
2016-08-02,18.38,22.49,15.03,87.75,3.69,2.06,0.54,18.64,18.58,16.97,7.86,8,215,2016,17.81142857142857,8.062857142857144,17.36,13.95,15.93,18.65,5.44,18.32,6.55
2016-08-03,18.64,22.71,15.27,86.7,0.54,1.59,0.79,19.07,18.38,17.12,3.69,8,216,2016,18.02857142857143,7.434285714285717,17.85,18.75,4.94,18.91,20.66,18.82,2.84
2016-08-04,19.07,22.05,16.71,93.59,0.79,1.5,2.66,18.94,18.64,17.47,0.54,8,217,2016,18.257142857142856,6.575714285714288,18.58,7.86,6.8,18.41,13.85,18.93,1.8
2016-08-05,18.94,22.75,16.11,90.14,2.66,1.82,3.54,18.39,19.07,17.92,0.79,8,218,2016,18.40285714285714,6.891428571428574,18.38,3.69,0.45,18.19,16.38,18.9,1.25
2016-08-06,18.39,22.02,15.84,86.79,3.54,1.83,0.75,18.54,18.94,17.36,2.66,8,219,2016,18.550000000000004,5.404285714285716,18.64,0.54,13.95,17.36,21.69,19.61,0.97
2016-08-07,18.54,22.25,16.07,89.08,0.75,1.68,1.62,18.46,18.39,17.85,3.54,8,220,2016,18.648571428571426,2.832857142857145,19.07,0.79,18.75,17.67,32.81,19.35,2.28
2016-08-08,18.46,22.6,15.26,89.38,1.62,1.86,0.86,18.96,18.54,18.58,0.75,8,221,2016,18.631428571428575,1.9414285714285737,18.94,2.66,7.86,16.86,31.11,19.29,4.94
2016-08-09,18.96,22.69,16.03,85.93,0.86,1.89,6.54,18.52,18.46,18.38,1.62,8,222,2016,18.714285714285715,1.5371428571428591,18.39,3.54,3.69,16.97,15.93,18.88,3.17
2016-08-10,18.52,21.67,16.28,90.14,6.54,1.97,9.93,18.41,18.96,18.64,0.86,8,223,2016,18.697142857142858,2.3942857142857163,18.54,0.75,0.54,17.12,4.94,18.42,2.19
2016-08-11,18.41,21.96,15.61,90.04,9.93,1.66,1.23,18.64,18.52,19.07,6.54,8,224,2016,18.602857142857143,3.700000000000002,18.46,1.62,0.79,17.47,6.8,19.4,0.37
2016-08-12,18.64,22.48,15.42,86.16,1.23,1.76,1.41,18.81,18.41,18.94,9.93,8,225,2016,18.560000000000002,3.4957142857142878,18.96,0.86,2.66,17.92,0.45,19.41,1.91
2016-08-13,18.81,22.51,15.31,89.43,1.41,1.7,3.34,18.89,18.64,18.39,1.23,8,226,2016,18.62,3.1914285714285735,18.52,6.54,3.54,17.36,13.95,19.16,8.75
2016-08-14,18.89,21.97,16.6,90.96,3.34,1.62,6.57,18.94,18.81,18.54,1.41,8,227,2016,18.669999999999998,3.5614285714285736,18.41,9.93,0.75,17.85,18.75,18.79,24.78
2016-08-15,18.94,22.6,16.33,87.52,6.57,1.46,5.19,18.89,18.89,18.46,3.34,8,228,2016,18.73857142857143,4.2685714285714305,18.64,1.23,1.62,18.58,7.86,18.89,7.58
2016-08-16,18.89,21.78,16.35,92.35,5.19,1.78,1.9,18.51,18.94,18.96,6.57,8,229,2016,18.728571428571428,4.88714285714286,18.81,1.41,0.86,18.38,3.69,17.75,3.22
2016-08-17,18.51,22.47,15.53,87.11,1.9,1.98,0.4,18.04,18.89,18.52,5.19,8,230,2016,18.72714285714286,4.224285714285716,18.89,3.34,6.54,18.64,0.54,18.54,12.58
2016-08-18,18.04,20.48,15.88,89.89,0.4,1.66,0.19,18.38,18.51,18.41,1.9,8,231,2016,18.674285714285713,2.862857142857145,18.94,6.57,9.93,19.07,0.79,18.65,5.44
2016-08-19,18.38,22.45,14.22,89.33,0.19,1.87,3.9,19.22,18.04,18.64,0.4,8,232,2016,18.63714285714286,2.714285714285716,18.89,5.19,1.23,18.94,2.66,18.91,20.66
2016-08-20,19.22,22.62,16.1,91.2,3.9,1.34,10.97,19.5,18.38,18.81,0.19,8,233,2016,18.695714285714285,3.0700000000000025,18.51,1.9,1.41,18.39,3.54,18.41,13.85
2016-08-21,19.5,21.66,17.55,89.99,10.97,1.15,8.33,18.92,19.22,18.89,3.9,8,234,2016,18.782857142857143,4.160000000000002,18.04,0.4,3.34,18.54,0.75,18.19,16.38
2016-08-22,18.92,21.41,16.27,86.06,8.33,1.76,0.69,18.29,19.5,18.94,10.97,8,235,2016,18.78,4.411428571428574,18.38,0.19,6.57,18.46,1.62,17.36,21.69
2016-08-23,18.29,21.93,15.08,91.19,0.69,1.79,4.36,17.72,18.92,18.89,8.33,8,236,2016,18.694285714285716,3.768571428571431,19.22,3.9,5.19,18.96,0.86,17.67,32.81
2016-08-24,17.72,19.95,15.83,92.77,4.36,1.11,3.28,19.3,18.29,18.51,0.69,8,237,2016,18.58142857142857,4.120000000000003,19.5,10.97,1.9,18.52,6.54,16.86,31.11
2016-08-25,19.3,22.64,15.6,86.14,3.28,1.38,9.11,18.83,17.72,18.04,4.36,8,238,2016,18.761428571428574,4.531428571428574,18.92,8.33,0.4,18.41,9.93,16.97,15.93
2016-08-26,18.83,22.48,16.21,84.22,9.11,1.36,0.69,18.49,19.3,18.38,3.28,8,239,2016,18.825714285714287,5.805714285714288,18.29,0.69,0.19,18.64,1.23,17.12,4.94
2016-08-27,18.49,22.38,15.06,84.09,0.69,1.19,3.45,18.9,18.83,19.22,9.11,8,240,2016,18.72142857142857,5.347142857142859,17.72,4.36,3.9,18.81,1.41,17.47,6.8
2016-08-28,18.9,22.78,16.34,87.45,3.45,1.61,3.57,18.05,18.49,19.5,0.69,8,241,2016,18.635714285714283,4.272857142857145,19.3,3.28,10.97,18.89,3.34,17.92,0.45
2016-08-29,18.05,21.66,15.35,90.67,3.57,1.81,3.62,18.41,18.9,18.92,3.45,8,242,2016,18.51142857142857,3.5928571428571447,18.83,9.11,8.33,18.94,6.57,17.36,13.95
2016-08-30,18.41,21.33,15.67,89.14,3.62,1.74,5.7,18.3,18.05,18.29,3.57,8,243,2016,18.52857142857143,4.011428571428573,18.49,0.69,0.69,18.89,5.19,17.85,18.75
2016-08-31,18.3,20.9,16.48,93.5,5.7,1.35,8.8,18.2,18.41,17.72,3.62,8,244,2016,18.611428571428572,4.2028571428571455,18.9,3.45,4.36,18.51,1.9,18.58,7.86
2016-09-01,18.2,21.28,15.65,92.0,8.8,1.82,13.94,18.03,18.3,19.3,5.7,9,245,2016,18.454285714285714,4.991428571428573,18.05,3.57,3.28,18.04,0.4,18.38,3.69
2016-09-02,18.03,20.88,15.43,92.33,13.94,2.05,11.35,17.85,18.2,18.83,8.8,9,246,2016,18.34,5.681428571428574,18.41,3.62,9.11,18.38,0.19,18.64,0.54
2016-09-03,17.85,19.71,16.48,95.55,11.35,1.78,16.0,17.88,18.03,18.49,13.94,9,247,2016,18.248571428571427,7.204285714285717,18.3,5.7,0.69,19.22,3.9,19.07,0.79
2016-09-04,17.88,20.15,16.33,95.51,16.0,1.73,7.84,18.06,17.85,18.9,11.35,9,248,2016,18.102857142857143,8.99714285714286,18.2,8.8,3.45,19.5,10.97,18.94,2.66
2016-09-05,18.06,21.3,14.95,92.67,7.84,1.41,7.2,18.54,17.88,18.05,16.0,9,249,2016,18.104285714285716,9.60714285714286,18.03,13.94,3.57,18.92,8.33,18.39,3.54
2016-09-06,18.54,21.86,15.87,91.25,7.2,1.48,8.87,18.31,18.06,18.41,7.84,9,250,2016,18.12285714285714,10.11857142857143,17.85,11.35,3.62,18.29,0.69,18.54,0.75
2016-09-07,18.31,21.11,16.22,92.73,8.87,1.42,5.43,17.8,18.54,18.3,7.2,9,251,2016,18.124285714285712,10.571428571428573,17.88,16.0,5.7,17.72,4.36,18.46,1.62
2016-09-08,17.8,20.59,16.02,93.53,5.43,1.29,4.33,17.9,18.31,18.2,8.87,9,252,2016,18.06714285714286,10.090000000000003,18.06,7.84,8.8,19.3,3.28,18.96,0.86
2016-09-09,17.9,20.09,16.18,95.8,4.33,1.53,27.56,17.37,17.8,18.03,5.43,9,253,2016,18.048571428571428,8.717142857142859,18.54,7.2,13.94,18.83,9.11,18.52,6.54
2016-09-10,17.37,18.7,16.03,97.38,27.56,1.34,20.36,16.86,17.9,17.85,4.33,9,254,2016,17.98,11.032857142857145,18.31,8.87,11.35,18.49,0.69,18.41,9.93
2016-09-11,16.86,19.23,14.89,95.64,20.36,1.53,28.41,16.4,17.37,17.88,27.56,9,255,2016,17.834285714285716,11.655714285714287,17.8,5.43,16.0,18.9,3.45,18.64,1.23
2016-09-12,16.4,17.8,15.48,96.89,28.41,1.06,3.01,16.46,16.86,18.06,20.36,9,256,2016,17.597142857142856,14.594285714285716,17.9,4.33,7.84,18.05,3.57,18.81,1.41
2016-09-13,16.46,18.68,15.13,92.26,3.01,1.4,5.86,17.38,16.4,18.54,28.41,9,257,2016,17.3,13.995714285714287,17.37,27.56,7.2,18.41,3.62,18.89,3.34
2016-09-14,17.38,20.85,14.68,88.44,5.86,1.4,1.36,17.68,16.46,18.31,3.01,9,258,2016,17.167142857142856,13.56571428571429,16.86,20.36,8.87,18.3,5.7,18.94,6.57
2016-09-15,17.68,20.91,15.46,92.24,1.36,1.45,7.95,17.32,17.38,17.8,5.86,9,259,2016,17.150000000000002,12.984285714285717,16.4,28.41,5.43,18.2,8.8,18.89,5.19
2016-09-16,17.32,20.51,15.33,90.24,7.95,1.27,14.87,17.32,17.68,17.9,1.36,9,260,2016,17.06714285714286,13.501428571428574,16.46,3.01,4.33,18.03,13.94,18.51,1.9
2016-09-17,17.32,20.2,14.3,92.0,14.87,1.61,11.04,16.82,17.32,17.37,7.95,9,261,2016,17.06,11.688571428571432,17.38,5.86,27.56,17.85,11.35,18.04,0.4
2016-09-18,16.82,18.97,14.82,95.38,11.04,1.39,3.14,17.24,17.32,16.86,14.87,9,262,2016,17.054285714285715,10.35714285714286,17.68,1.36,20.36,17.88,16.0,18.38,0.19
2016-09-19,17.24,20.01,15.46,95.11,3.14,1.57,22.8,16.79,16.82,16.4,11.04,9,263,2016,17.174285714285713,6.74714285714286,17.32,7.95,28.41,18.06,7.84,19.22,3.9
2016-09-20,16.79,19.13,13.95,96.01,22.8,1.09,19.56,15.29,17.24,16.46,3.14,9,264,2016,17.22142857142857,9.574285714285717,17.32,14.87,3.01,18.54,7.2,19.5,10.97
2016-09-21,15.29,18.33,12.66,94.87,19.56,1.39,1.42,15.96,16.79,17.38,22.8,9,265,2016,16.922857142857143,11.531428571428574,16.82,11.04,5.86,18.31,8.87,18.92,8.33
2016-09-22,15.96,18.94,13.64,91.51,1.42,1.2,2.32,16.09,15.29,17.68,19.56,9,266,2016,16.677142857142858,11.540000000000003,17.24,3.14,1.36,17.8,5.43,18.29,0.69
2016-09-23,16.09,19.19,13.58,86.7,2.32,1.03,3.89,15.25,15.96,17.32,1.42,9,267,2016,16.50142857142857,10.735714285714286,16.79,22.8,7.95,17.9,4.33,17.72,4.36
2016-09-24,15.25,17.17,13.82,88.35,3.89,0.67,17.23,14.49,16.09,17.32,2.32,9,268,2016,16.205714285714286,9.16714285714286,15.29,19.56,14.87,17.37,27.56,19.3,3.28
2016-09-25,14.49,16.91,12.65,92.31,17.23,1.22,3.99,15.17,15.25,16.82,3.89,9,269,2016,15.872857142857143,10.051428571428573,15.96,1.42,11.04,16.86,20.36,18.83,9.11
2016-09-26,15.17,17.95,12.91,89.12,3.99,0.93,11.72,16.43,14.49,17.24,17.23,9,270,2016,15.577142857142858,10.172857142857143,16.09,2.32,3.14,16.4,28.41,18.49,0.69
2016-09-27,16.43,20.52,13.3,81.92,11.72,1.34,2.97,16.5,15.17,16.79,3.99,9,271,2016,15.525714285714285,8.590000000000002,15.25,3.89,22.8,16.46,3.01,18.9,3.45
2016-09-28,16.5,19.9,13.77,87.19,2.97,1.12,7.84,16.91,16.43,15.29,11.72,9,272,2016,15.698571428571428,6.2200000000000015,14.49,17.23,19.56,17.38,5.86,18.05,3.57
2016-09-29,16.91,20.31,14.11,85.22,7.84,1.09,2.13,17.06,16.5,15.96,2.97,9,273,2016,15.834285714285715,7.13714285714286,15.17,3.99,1.42,17.68,1.36,18.41,3.62
2016-09-30,17.06,20.24,14.66,89.76,2.13,1.35,2.19,17.08,16.91,16.09,7.84,9,274,2016,15.97285714285714,7.110000000000001,16.43,11.72,2.32,17.32,7.95,18.3,5.7
2016-10-01,17.08,19.59,15.36,96.23,2.19,1.07,0.93,17.13,17.06,15.25,2.13,10,275,2016,16.234285714285715,6.867142857142859,16.5,2.97,3.89,17.32,14.87,18.2,8.8
2016-10-02,17.13,19.45,15.07,96.22,0.93,0.83,4.17,17.1,17.08,14.49,2.19,10,276,2016,16.611428571428572,4.538571428571431,16.91,7.84,17.23,16.82,11.04,18.03,13.94
2016-10-03,17.1,20.92,14.41,87.23,4.17,1.14,1.72,16.86,17.13,15.17,0.93,10,277,2016,16.887142857142855,4.564285714285717,17.06,2.13,3.99,17.24,3.14,17.85,11.35
2016-10-04,16.86,20.08,14.71,87.12,1.72,1.26,3.31,16.85,17.1,16.43,4.17,10,278,2016,16.94857142857143,3.1357142857142875,17.08,2.19,11.72,16.79,22.8,17.88,16.0
2016-10-05,16.85,20.17,13.97,92.46,3.31,1.23,2.26,17.05,16.86,16.5,1.72,10,279,2016,16.99857142857143,3.184285714285717,17.13,0.93,2.97,15.29,19.56,18.06,7.84
2016-10-06,17.05,20.28,14.75,88.45,2.26,1.03,6.71,16.74,16.85,16.91,3.31,10,280,2016,17.01857142857143,2.3871428571428592,17.1,4.17,7.84,15.96,1.42,18.54,7.2
2016-10-07,16.74,20.18,14.32,88.04,6.71,1.23,3.95,16.34,17.05,17.06,2.26,10,281,2016,16.972857142857144,3.041428571428573,16.86,1.72,2.13,16.09,2.32,18.31,8.87
2016-10-08,16.34,19.62,13.93,87.13,3.95,1.01,9.63,15.59,16.74,17.08,6.71,10,282,2016,16.86714285714286,3.292857142857145,16.85,3.31,2.19,15.25,3.89,17.8,5.43
2016-10-09,15.59,18.2,13.75,92.38,9.63,0.87,9.35,15.18,16.34,17.13,3.95,10,283,2016,16.647142857142857,4.535714285714287,17.05,2.26,0.93,14.49,17.23,17.9,4.33
2016-10-10,15.18,18.39,13.01,85.61,9.35,0.67,1.87,14.69,15.59,17.1,9.63,10,284,2016,16.372857142857143,5.275714285714288,16.74,6.71,4.17,15.17,3.99,17.37,27.56
2016-10-11,14.69,17.8,12.14,88.82,1.87,1.13,0.43,14.7,15.18,16.86,9.35,10,285,2016,16.062857142857144,5.297142857142859,16.34,3.95,1.72,16.43,11.72,16.86,20.36
2016-10-12,14.7,19.65,11.25,74.9,0.43,1.22,0.16,14.27,14.69,16.85,1.87,10,286,2016,15.755714285714287,4.885714285714287,15.59,9.63,3.31,16.5,2.97,16.4,28.41
2016-10-13,14.27,19.13,10.84,72.47,0.16,1.24,4.07,14.33,14.7,17.05,0.43,10,287,2016,15.358571428571427,4.585714285714288,15.18,9.35,2.26,16.91,7.84,16.46,3.01
2016-10-14,14.33,18.2,11.42,75.67,4.07,1.27,0.0,14.51,14.27,16.74,0.16,10,288,2016,15.014285714285714,4.20857142857143,14.69,1.87,6.71,17.06,2.13,17.38,5.86
2016-10-15,14.51,18.16,11.8,87.27,0.0,1.26,0.0,14.76,14.33,16.34,4.07,10,289,2016,14.752857142857142,3.644285714285716,14.7,0.43,3.95,17.08,2.19,17.68,1.36
2016-10-16,14.76,18.23,12.55,86.34,0.0,1.18,0.21,14.88,14.51,15.59,0.0,10,290,2016,14.634285714285713,2.2685714285714305,14.27,0.16,9.63,17.13,0.93,17.32,7.95
2016-10-17,14.88,18.53,12.91,87.5,0.21,1.02,1.91,14.17,14.76,15.18,0.0,10,291,2016,14.59142857142857,0.962857142857145,14.33,4.07,9.35,17.1,4.17,17.32,14.87
2016-10-18,14.17,17.86,11.43,84.39,1.91,1.14,0.04,13.51,14.88,14.69,0.21,10,292,2016,14.517142857142858,0.9685714285714306,14.51,0.0,1.87,16.86,1.72,16.82,11.04
2016-10-19,13.51,17.77,10.45,82.55,0.04,1.38,0.0,13.64,14.17,14.7,1.91,10,293,2016,14.347142857142856,0.9128571428571449,14.76,0.0,0.43,16.85,3.31,17.24,3.14
2016-10-20,13.64,17.46,10.65,82.78,0.0,1.32,0.0,13.66,13.51,14.27,0.04,10,294,2016,14.257142857142856,0.8900000000000021,14.88,0.21,0.16,17.05,2.26,16.79,22.8
2016-10-21,13.66,18.54,10.85,74.96,0.0,1.23,0.0,13.57,13.64,14.33,0.0,10,295,2016,14.161428571428573,0.30857142857143055,14.17,1.91,4.07,16.74,6.71,15.29,19.56
2016-10-22,13.57,17.83,10.41,71.21,0.0,1.2,0.0,13.22,13.66,14.51,0.0,10,296,2016,14.027142857142858,0.30857142857143055,13.51,0.04,0.0,16.34,3.95,15.96,1.42
2016-10-23,13.22,17.72,10.06,79.46,0.0,1.23,0.0,13.5,13.57,14.76,0.0,10,297,2016,13.807142857142859,0.30857142857143055,13.64,0.0,0.0,15.59,9.63,16.09,2.32
2016-10-24,13.5,17.83,10.54,74.75,0.0,1.11,0.0,13.12,13.22,14.88,0.0,10,298,2016,13.61,0.2785714285714306,13.66,0.0,0.21,15.18,9.35,15.25,3.89
2016-10-25,13.12,18.08,9.52,63.71,0.0,1.18,0.0,11.85,13.5,14.17,0.0,10,299,2016,13.459999999999999,0.005714285714287745,13.57,0.0,1.91,14.69,1.87,14.49,17.23
2016-10-26,11.85,17.02,8.61,54.6,0.0,1.22,0.0,12.06,13.12,13.51,0.0,10,300,2016,13.222857142857142,0.0,13.22,0.0,0.04,14.7,0.43,15.17,3.99
2016-10-27,12.06,17.17,8.64,49.09,0.0,1.19,0.0,12.35,11.85,13.64,0.0,10,301,2016,12.997142857142858,0.0,13.5,0.0,0.0,14.27,0.16,16.43,11.72
2016-10-28,12.35,16.49,9.22,73.61,0.0,1.26,0.0,11.88,12.06,13.66,0.0,10,302,2016,12.809999999999999,0.0,13.12,0.0,0.0,14.33,4.07,16.5,2.97
2016-10-29,11.88,16.43,8.81,75.24,0.0,1.25,0.0,11.67,12.35,13.57,0.0,10,303,2016,12.56857142857143,0.0,11.85,0.0,0.0,14.51,0.0,16.91,7.84
2016-10-30,11.67,16.25,8.08,63.76,0.0,1.31,0.0,12.74,11.88,13.22,0.0,10,304,2016,12.347142857142858,0.0,12.06,0.0,0.0,14.76,0.0,17.06,2.13
2016-10-31,12.74,17.42,9.12,70.98,0.0,1.12,0.0,12.68,11.67,13.5,0.0,10,305,2016,12.23857142857143,0.0,12.35,0.0,0.0,14.88,0.21,17.08,2.19
2016-11-01,12.68,17.16,9.28,68.12,0.0,1.07,0.0,12.55,12.74,13.12,0.0,11,306,2016,12.175714285714287,0.0,11.88,0.0,0.0,14.17,1.91,17.13,0.93
2016-11-02,12.55,17.33,8.81,63.0,0.0,1.16,0.0,12.42,12.68,11.85,0.0,11,307,2016,12.275714285714287,0.0,11.67,0.0,0.0,13.51,0.04,17.1,4.17
2016-11-03,12.42,17.19,8.98,51.98,0.0,1.25,0.0,12.2,12.55,12.06,0.0,11,308,2016,12.327142857142858,0.0,12.74,0.0,0.0,13.64,0.0,16.86,1.72
2016-11-04,12.2,17.22,8.79,50.13,0.0,1.22,0.0,11.55,12.42,12.35,0.0,11,309,2016,12.305714285714284,0.0,12.68,0.0,0.0,13.66,0.0,16.85,3.31
2016-11-05,11.55,16.65,8.31,56.5,0.0,1.26,0.0,11.11,12.2,11.88,0.0,11,310,2016,12.258571428571429,0.0,12.55,0.0,0.0,13.57,0.0,17.05,2.26
2016-11-06,11.11,16.24,7.72,50.84,0.0,1.03,0.0,10.25,11.55,11.67,0.0,11,311,2016,12.178571428571429,0.0,12.42,0.0,0.0,13.22,0.0,16.74,6.71
2016-11-07,10.25,15.32,7.0,46.24,0.0,1.09,0.0,11.04,11.11,12.74,0.0,11,312,2016,11.822857142857144,0.0,12.2,0.0,0.0,13.5,0.0,16.34,3.95
2016-11-08,11.04,15.87,7.42,54.79,0.0,1.15,0.0,12.43,10.25,12.68,0.0,11,313,2016,11.588571428571427,0.0,11.55,0.0,0.0,13.12,0.0,15.59,9.63
2016-11-09,12.43,16.93,10.08,62.46,0.0,1.07,0.0,12.22,11.04,12.55,0.0,11,314,2016,11.571428571428571,0.0,11.11,0.0,0.0,11.85,0.0,15.18,9.35
2016-11-10,12.22,16.72,9.67,73.24,0.0,1.17,0.0,12.24,12.43,12.42,0.0,11,315,2016,11.542857142857143,0.0,10.25,0.0,0.0,12.06,0.0,14.69,1.87
2016-11-11,12.24,16.48,9.76,73.45,0.0,1.14,0.0,11.92,12.22,12.2,0.0,11,316,2016,11.548571428571426,0.0,11.04,0.0,0.0,12.35,0.0,14.7,0.43
2016-11-12,11.92,16.88,8.77,64.77,0.0,1.23,0.0,11.52,12.24,11.55,0.0,11,317,2016,11.60142857142857,0.0,12.43,0.0,0.0,11.88,0.0,14.27,0.16
2016-11-13,11.52,16.88,8.25,55.4,0.0,1.29,0.0,11.28,11.92,11.11,0.0,11,318,2016,11.659999999999998,0.0,12.22,0.0,0.0,11.67,0.0,14.33,4.07
2016-11-14,11.28,16.4,8.14,48.88,0.0,1.33,0.0,10.88,11.52,10.25,0.0,11,319,2016,11.807142857142855,0.0,12.24,0.0,0.0,12.74,0.0,14.51,0.0
2016-11-15,10.88,16.04,7.62,41.92,0.0,1.17,0.0,10.84,11.28,11.04,0.0,11,320,2016,11.784285714285716,0.0,11.92,0.0,0.0,12.68,0.0,14.76,0.0
2016-11-16,10.84,16.57,7.19,38.47,0.0,1.1,0.0,10.61,10.88,12.43,0.0,11,321,2016,11.557142857142855,0.0,11.52,0.0,0.0,12.55,0.0,14.88,0.21
2016-11-17,10.61,15.91,6.17,47.73,0.0,1.09,0.0,11.08,10.84,12.22,0.0,11,322,2016,11.327142857142857,0.0,11.28,0.0,0.0,12.42,0.0,14.17,1.91
2016-11-18,11.08,15.71,8.19,57.52,0.0,1.1,0.0,10.6,10.61,12.24,0.0,11,323,2016,11.161428571428571,0.0,10.88,0.0,0.0,12.2,0.0,13.51,0.04
2016-11-19,10.6,15.29,7.21,61.67,0.0,1.07,0.0,10.67,11.08,11.92,0.0,11,324,2016,10.972857142857142,0.0,10.84,0.0,0.0,11.55,0.0,13.64,0.0
2016-11-20,10.67,15.31,7.74,68.87,0.0,1.03,0.0,10.62,10.6,11.52,0.0,11,325,2016,10.851428571428572,0.0,10.61,0.0,0.0,11.11,0.0,13.66,0.0
2016-11-21,10.62,15.66,7.25,71.96,0.0,1.15,0.0,11.26,10.67,11.28,0.0,11,326,2016,10.757142857142856,0.0,11.08,0.0,0.0,10.25,0.0,13.57,0.0
2016-11-22,11.26,16.17,8.2,65.46,0.0,1.08,0.0,11.55,10.62,10.88,0.0,11,327,2016,10.81142857142857,0.0,10.6,0.0,0.0,11.04,0.0,13.22,0.0
2016-11-23,11.55,16.1,8.62,63.09,0.0,0.96,0.0,11.23,11.26,10.84,0.0,11,328,2016,10.912857142857144,0.0,10.67,0.0,0.0,12.43,0.0,13.5,0.0
2016-11-24,11.23,15.82,8.48,64.24,0.0,1.11,0.0,11.21,11.55,10.61,0.0,11,329,2016,11.001428571428573,0.0,10.62,0.0,0.0,12.22,0.0,13.12,0.0
2016-11-25,11.21,15.97,8.53,66.81,0.0,1.06,0.0,11.08,11.23,11.08,0.0,11,330,2016,11.020000000000001,0.0,11.26,0.0,0.0,12.24,0.0,11.85,0.0
2016-11-26,11.08,16.44,7.82,70.26,0.0,0.92,0.0,10.86,11.21,10.6,0.0,11,331,2016,11.088571428571429,0.0,11.55,0.0,0.0,11.92,0.0,12.06,0.0
2016-11-27,10.86,15.3,8.14,76.28,0.0,1.1,0.0,10.07,11.08,10.67,0.0,11,332,2016,11.115714285714287,0.0,11.23,0.0,0.0,11.52,0.0,12.35,0.0
2016-11-28,10.07,14.77,7.17,81.57,0.0,1.18,0.0,10.57,10.86,10.62,0.0,11,333,2016,11.037142857142857,0.0,11.21,0.0,0.0,11.28,0.0,11.88,0.0
2016-11-29,10.57,14.98,8.02,81.81,0.0,1.03,0.0,10.41,10.07,11.26,0.0,11,334,2016,10.93857142857143,0.0,11.08,0.0,0.0,10.88,0.0,11.67,0.0
2016-11-30,10.41,14.61,7.65,86.98,0.0,1.02,0.0,10.31,10.57,11.55,0.0,11,335,2016,10.775714285714287,0.0,10.86,0.0,0.0,10.84,0.0,12.74,0.0
2016-12-01,10.31,14.39,7.8,81.7,0.0,1.02,0.0,9.86,10.41,11.23,0.0,12,336,2016,10.644285714285715,0.0,10.07,0.0,0.0,10.61,0.0,12.68,0.0
2016-12-02,9.86,14.09,7.18,85.19,0.0,1.18,0.0,9.35,10.31,11.21,0.0,12,337,2016,10.45142857142857,0.0,10.57,0.0,0.0,11.08,0.0,12.55,0.0
2016-12-03,9.35,15.07,5.17,64.42,0.0,1.18,0.0,10.35,9.86,11.08,0.0,12,338,2016,10.204285714285716,0.0,10.41,0.0,0.0,10.6,0.0,12.42,0.0
2016-12-04,10.35,16.75,5.49,47.44,0.0,1.17,0.0,11.22,9.35,10.86,0.0,12,339,2016,10.131428571428572,0.0,10.31,0.0,0.0,10.67,0.0,12.2,0.0
2016-12-05,11.22,16.41,8.22,47.08,0.0,1.11,0.0,11.2,10.35,10.07,0.0,12,340,2016,10.295714285714286,0.0,9.86,0.0,0.0,10.62,0.0,11.55,0.0
2016-12-06,11.2,16.04,8.72,55.62,0.0,1.16,0.0,11.85,11.22,10.57,0.0,12,341,2016,10.385714285714286,0.0,9.35,0.0,0.0,11.26,0.0,11.11,0.0
2016-12-07,11.85,16.77,9.16,60.03,0.0,0.99,0.0,11.81,11.2,10.41,0.0,12,342,2016,10.59142857142857,0.0,10.35,0.0,0.0,11.55,0.0,10.25,0.0
2016-12-08,11.81,16.27,8.75,53.92,0.0,1.04,0.0,10.84,11.85,10.31,0.0,12,343,2016,10.805714285714286,0.0,11.22,0.0,0.0,11.23,0.0,11.04,0.0
2016-12-09,10.84,16.23,7.45,48.73,0.0,1.18,0.0,10.39,11.81,9.86,0.0,12,344,2016,10.945714285714285,0.0,11.2,0.0,0.0,11.21,0.0,12.43,0.0
2016-12-10,10.39,15.65,7.08,45.49,0.0,1.07,0.0,10.01,10.84,9.35,0.0,12,345,2016,11.094285714285714,0.0,11.85,0.0,0.0,11.08,0.0,12.22,0.0
2016-12-11,10.01,15.99,6.55,41.04,0.0,1.28,0.0,9.69,10.39,10.35,0.0,12,346,2016,11.045714285714286,0.0,11.81,0.0,0.0,10.86,0.0,12.24,0.0
2016-12-12,9.69,15.31,6.23,44.71,0.0,1.21,0.0,9.88,10.01,11.22,0.0,12,347,2016,10.827142857142857,0.0,10.84,0.0,0.0,10.07,0.0,11.92,0.0
2016-12-13,9.88,15.19,6.78,41.55,0.0,1.07,0.0,9.32,9.69,11.2,0.0,12,348,2016,10.638571428571428,0.0,10.39,0.0,0.0,10.57,0.0,11.52,0.0
2016-12-14,9.32,15.32,6.1,39.27,0.0,1.31,0.0,9.06,9.88,11.85,0.0,12,349,2016,10.277142857142858,0.0,10.01,0.0,0.0,10.41,0.0,11.28,0.0
2016-12-15,9.06,14.69,4.84,42.33,0.0,1.02,0.0,10.11,9.32,11.81,0.0,12,350,2016,9.884285714285713,0.0,9.69,0.0,0.0,10.31,0.0,10.88,0.0
2016-12-16,10.11,14.91,6.42,56.32,0.0,0.95,0.0,10.7,9.06,10.84,0.0,12,351,2016,9.78,0.0,9.88,0.0,0.0,9.86,0.0,10.84,0.0
2016-12-17,10.7,15.16,7.41,65.3,0.0,1.1,0.0,10.08,10.11,10.39,0.0,12,352,2016,9.824285714285713,0.0,9.32,0.0,0.0,9.35,0.0,10.61,0.0
2016-12-18,10.08,14.94,7.18,59.59,0.0,1.16,0.0,9.77,10.7,10.01,0.0,12,353,2016,9.834285714285715,0.0,9.06,0.0,0.0,10.35,0.0,11.08,0.0
2016-12-19,9.77,15.08,6.93,53.7,0.0,1.07,0.0,10.18,10.08,9.69,0.0,12,354,2016,9.845714285714285,0.0,10.11,0.0,0.0,11.22,0.0,10.6,0.0
2016-12-20,10.18,14.88,7.65,46.45,0.0,1.08,0.0,11.22,9.77,9.88,0.0,12,355,2016,9.888571428571428,0.0,10.7,0.0,0.0,11.2,0.0,10.67,0.0
2016-12-21,11.22,16.27,9.04,41.8,0.0,0.89,0.0,10.55,10.18,9.32,0.0,12,356,2016,10.16,0.0,10.08,0.0,0.0,11.85,0.0,10.62,0.0
2016-12-22,10.55,14.95,7.26,52.07,0.0,0.85,0.0,9.58,11.22,9.06,0.0,12,357,2016,10.372857142857143,0.0,9.77,0.0,0.0,11.81,0.0,11.26,0.0
2016-12-23,9.58,13.91,6.9,65.51,0.0,1.18,0.0,8.89,10.55,10.11,0.0,12,358,2016,10.297142857142857,0.0,10.18,0.0,0.0,10.84,0.0,11.55,0.0
2016-12-24,8.89,13.95,5.18,71.13,0.0,1.18,0.0,7.07,9.58,10.7,0.0,12,359,2016,10.03857142857143,0.0,11.22,0.0,0.0,10.39,0.0,11.23,0.0
2016-12-25,7.07,13.58,2.47,62.76,0.0,1.29,0.0,5.04,8.89,10.08,0.0,12,360,2016,9.608571428571429,0.0,10.55,0.0,0.0,10.01,0.0,11.21,0.0
2016-12-26,5.04,7.79,3.58,63.73,0.0,0.8,0.0,7.09,7.07,9.77,0.0,12,361,2016,8.932857142857143,0.0,9.58,0.0,0.0,9.69,0.0,11.08,0.0
2016-12-27,7.09,13.83,1.56,50.71,0.0,1.21,0.0,8.15,5.04,10.18,0.0,12,362,2016,8.491428571428573,0.0,8.89,0.0,0.0,9.88,0.0,10.86,0.0
2016-12-28,8.15,14.16,4.98,51.93,0.0,1.17,0.0,7.99,7.09,11.22,0.0,12,363,2016,8.052857142857144,0.0,7.07,0.0,0.0,9.32,0.0,10.07,0.0
2016-12-29,7.99,13.64,4.95,67.48,0.0,1.22,0.0,8.1,8.15,10.55,0.0,12,364,2016,7.687142857142858,0.0,5.04,0.0,0.0,9.06,0.0,10.57,0.0
2016-12-30,8.1,12.91,5.01,68.74,0.0,1.11,0.0,6.66,7.99,9.58,0.0,12,365,2016,7.475714285714285,0.0,7.09,0.0,0.0,10.11,0.0,10.41,0.0
2016-12-31,6.66,11.5,3.54,62.52,0.0,1.19,0.08,6.79,8.1,8.89,0.0,12,366,2016,7.1571428571428575,0.0,8.15,0.0,0.0,10.7,0.0,10.31,0.0
2017-01-01,6.79,10.76,3.95,62.86,0.08,0.89,1.21,5.51,6.66,7.07,0.0,1,1,2017,7.117142857142857,0.011428571428573458,7.99,0.0,0.0,10.08,0.0,9.86,0.0
2017-01-02,5.51,10.12,2.15,63.39,1.21,1.11,0.02,5.88,6.79,5.04,0.08,1,2,2017,7.184285714285714,0.18428571428571633,8.1,0.0,0.0,9.77,0.0,9.35,0.0
2017-01-03,5.88,10.89,2.9,63.45,0.02,1.19,0.0,6.32,5.51,7.09,1.21,1,3,2017,7.011428571428572,0.1871428571428592,6.66,0.0,0.0,10.18,0.0,10.35,0.0
2017-01-04,6.32,12.07,2.45,58.19,0.0,1.28,0.09,5.09,5.88,8.15,0.02,1,4,2017,6.75,0.1871428571428592,6.79,0.08,0.0,11.22,0.0,11.22,0.0
2017-01-05,5.09,10.31,1.63,55.98,0.09,1.23,0.0,5.08,6.32,7.99,0.0,1,5,2017,6.3357142857142845,0.20000000000000204,5.51,1.21,0.0,10.55,0.0,11.2,0.0
2017-01-06,5.08,10.95,1.09,61.08,0.0,1.22,0.0,4.58,5.09,8.1,0.09,1,6,2017,5.904285714285715,0.20000000000000204,5.88,0.02,0.0,9.58,0.0,11.85,0.0
2017-01-07,4.58,11.41,-0.13,48.82,0.0,1.26,0.0,4.06,5.08,6.66,0.0,1,7,2017,5.607142857142857,0.20000000000000204,6.32,0.0,0.0,8.89,0.0,11.81,0.0
2017-01-08,4.06,10.81,-1.96,52.34,0.0,1.43,0.0,4.09,4.58,6.79,0.0,1,8,2017,5.217142857142858,0.1885714285714306,5.09,0.09,0.08,7.07,0.0,10.84,0.0
2017-01-09,4.09,10.1,-0.16,63.37,0.0,1.28,0.0,3.24,4.06,5.51,0.0,1,9,2017,5.014285714285714,0.015714285714287745,5.08,0.0,1.21,5.04,0.0,10.39,0.0
2017-01-10,3.24,8.69,-1.47,71.62,0.0,1.23,0.0,3.2,4.09,5.88,0.0,1,10,2017,4.637142857142857,0.012857142857144887,4.58,0.0,0.02,7.09,0.0,10.01,0.0
2017-01-11,3.2,8.37,0.36,63.96,0.0,1.26,0.0,2.43,3.24,6.32,0.0,1,11,2017,4.191428571428571,0.012857142857144887,4.06,0.0,0.0,8.15,0.0,9.69,0.0
2017-01-12,2.43,8.35,-1.15,40.7,0.0,1.07,0.0,2.93,3.2,5.09,0.0,1,12,2017,3.8114285714285714,0.0,4.09,0.0,0.09,7.99,0.0,9.88,0.0
2017-01-13,2.93,9.49,-1.27,31.5,0.0,1.14,0.0,3.64,2.43,5.08,0.0,1,13,2017,3.5042857142857144,0.0,3.24,0.0,0.0,8.1,0.0,9.32,0.0
2017-01-14,3.64,10.74,-1.48,36.73,0.0,1.51,0.0,6.24,2.93,4.58,0.0,1,14,2017,3.37,0.0,3.2,0.0,0.0,6.66,0.0,9.06,0.0
2017-01-15,6.24,13.23,2.04,38.59,0.0,1.55,0.0,5.55,3.64,4.06,0.0,1,15,2017,3.681428571428572,0.0,2.43,0.0,0.0,6.79,0.08,10.11,0.0
2017-01-16,5.55,12.49,1.18,49.78,0.0,1.63,0.0,5.59,6.24,4.09,0.0,1,16,2017,3.89,0.0,2.93,0.0,0.0,5.51,1.21,10.7,0.0
2017-01-17,5.59,12.35,1.09,49.48,0.0,1.47,0.0,6.36,5.55,3.24,0.0,1,17,2017,4.225714285714285,0.0,3.64,0.0,0.0,5.88,0.02,10.08,0.0
2017-01-18,6.36,12.54,2.08,48.31,0.0,1.52,0.0,7.21,5.59,3.2,0.0,1,18,2017,4.677142857142857,0.0,6.24,0.0,0.0,6.32,0.0,9.77,0.0
2017-01-19,7.21,14.23,2.62,39.04,0.0,1.47,0.0,7.5,6.36,2.43,0.0,1,19,2017,5.36,0.0,5.55,0.0,0.0,5.09,0.09,10.18,0.0
2017-01-20,7.5,15.13,1.32,39.12,0.0,1.6,0.0,9.21,7.21,2.93,0.0,1,20,2017,6.012857142857143,0.0,5.59,0.0,0.0,5.08,0.0,11.22,0.0
2017-01-21,9.21,15.96,5.07,37.89,0.0,1.32,0.0,9.57,7.5,3.64,0.0,1,21,2017,6.808571428571428,0.0,6.36,0.0,0.0,4.58,0.0,10.55,0.0
2017-01-22,9.57,15.79,5.88,38.87,0.0,1.26,0.0,8.65,9.21,6.24,0.0,1,22,2017,7.284285714285714,0.0,7.21,0.0,0.0,4.06,0.0,9.58,0.0
2017-01-23,8.65,15.43,4.22,40.37,0.0,1.35,0.0,9.77,9.57,5.55,0.0,1,23,2017,7.727142857142858,0.0,7.5,0.0,0.0,4.09,0.0,8.89,0.0
2017-01-24,9.77,15.76,5.94,41.7,0.0,1.31,0.0,11.14,8.65,5.59,0.0,1,24,2017,8.324285714285713,0.0,9.21,0.0,0.0,3.24,0.0,7.07,0.0
2017-01-25,11.14,17.14,6.95,37.33,0.0,1.12,0.0,10.79,9.77,6.36,0.0,1,25,2017,9.007142857142856,0.0,9.57,0.0,0.0,3.2,0.0,5.04,0.0
2017-01-26,10.79,16.52,7.62,42.62,0.0,1.2,4.48,8.74,11.14,7.21,0.0,1,26,2017,9.518571428571429,0.0,8.65,0.0,0.0,2.43,0.0,7.09,0.0
2017-01-27,8.74,14.16,4.42,58.19,4.48,1.17,1.2,6.92,10.79,7.5,0.0,1,27,2017,9.695714285714287,0.6400000000000021,9.77,0.0,0.0,2.93,0.0,8.15,0.0
2017-01-28,6.92,12.97,2.14,70.09,1.2,1.36,0.07,8.46,8.74,9.21,4.48,1,28,2017,9.368571428571428,0.8114285714285735,11.14,0.0,0.0,3.64,0.0,7.99,0.0
2017-01-29,8.46,13.9,5.52,54.05,0.07,1.25,0.0,7.79,6.92,9.57,1.2,1,29,2017,9.209999999999999,0.8214285714285735,10.79,0.0,0.0,6.24,0.0,8.1,0.0
2017-01-30,7.79,13.45,4.04,65.1,0.0,1.28,0.0,7.48,8.46,8.65,0.07,1,30,2017,9.087142857142856,0.8214285714285735,8.74,4.48,0.0,5.55,0.0,6.66,0.0
2017-01-31,7.48,13.35,3.95,56.36,0.0,1.39,0.0,6.74,7.79,9.77,0.0,1,31,2017,8.76,0.8214285714285735,6.92,1.2,0.0,5.59,0.0,6.79,0.08
2017-02-01,6.74,12.63,2.05,53.94,0.0,1.37,0.0,7.31,7.48,11.14,0.0,2,32,2017,8.131428571428572,0.8214285714285735,8.46,0.07,0.0,6.36,0.0,5.51,1.21
2017-02-02,7.31,12.73,3.38,59.29,0.0,1.37,0.02,9.25,6.74,10.79,0.0,2,33,2017,7.634285714285715,0.8214285714285735,7.79,0.0,0.0,7.21,0.0,5.88,0.02
2017-02-03,9.25,15.49,4.81,50.09,0.02,1.34,0.0,11.38,7.31,8.74,0.0,2,34,2017,7.707142857142857,0.18428571428571633,7.48,0.0,4.48,7.5,0.0,6.32,0.0
2017-02-04,11.38,16.23,7.86,46.08,0.0,1.12,0.0,11.79,9.25,6.92,0.02,2,35,2017,8.344285714285714,0.012857142857144888,6.74,0.0,1.2,9.21,0.0,5.09,0.09
2017-02-05,11.79,17.86,7.23,43.89,0.0,1.29,0.0,9.31,11.38,8.46,0.0,2,36,2017,8.819999999999999,0.002857142857144887,7.31,0.0,0.07,9.57,0.0,5.08,0.0
2017-02-06,9.31,15.7,4.6,50.16,0.0,1.69,0.0,9.05,11.79,7.79,0.0,2,37,2017,9.037142857142857,0.002857142857144887,9.25,0.02,0.0,8.65,0.0,4.58,0.0
2017-02-07,9.05,16.08,4.08,49.19,0.0,1.67,0.0,10.28,9.31,7.48,0.0,2,38,2017,9.26142857142857,0.002857142857144887,11.38,0.0,0.0,9.77,0.0,4.06,0.0
2017-02-08,10.28,16.61,6.47,42.76,0.0,1.6,0.0,9.5,9.05,6.74,0.0,2,39,2017,9.767142857142858,0.002857142857144887,11.79,0.0,0.0,11.14,0.0,4.09,0.0
2017-02-09,9.5,16.42,4.47,41.86,0.0,1.55,0.0,7.66,10.28,7.31,0.0,2,40,2017,10.08,0.002857142857144887,9.31,0.0,0.0,10.79,0.0,3.24,0.0
2017-02-10,7.66,14.79,1.71,42.05,0.0,1.55,0.0,8.34,9.5,9.25,0.0,2,41,2017,9.852857142857143,0.0,9.05,0.0,0.02,8.74,4.48,3.2,0.0
2017-02-11,8.34,15.33,3.05,32.4,0.0,1.44,0.0,8.01,7.66,11.38,0.0,2,42,2017,9.418571428571429,0.0,10.28,0.0,0.0,6.92,1.2,2.43,0.0
2017-02-12,8.01,14.13,2.62,36.26,0.0,1.34,0.0,8.22,8.34,11.79,0.0,2,43,2017,8.878571428571428,0.0,9.5,0.0,0.0,8.46,0.07,2.93,0.0
2017-02-13,8.22,14.84,2.82,38.89,0.0,1.51,0.0,8.8,8.01,9.31,0.0,2,44,2017,8.722857142857142,0.0,7.66,0.0,0.0,7.79,0.0,3.64,0.0
2017-02-14,8.8,15.69,3.75,43.21,0.0,1.45,0.0,9.41,8.22,9.05,0.0,2,45,2017,8.687142857142858,0.0,8.34,0.0,0.0,7.48,0.0,6.24,0.0
2017-02-15,9.41,15.99,3.96,42.28,0.0,1.5,0.0,10.37,8.8,10.28,0.0,2,46,2017,8.562857142857142,0.0,8.01,0.0,0.0,6.74,0.0,5.55,0.0
2017-02-16,10.37,16.43,6.01,46.96,0.0,1.35,0.0,10.58,9.41,9.5,0.0,2,47,2017,8.687142857142856,0.0,8.22,0.0,0.0,7.31,0.0,5.59,0.0
2017-02-17,10.58,17.36,6.33,46.25,0.0,1.25,0.0,11.68,10.37,7.66,0.0,2,48,2017,9.104285714285714,0.0,8.8,0.0,0.0,9.25,0.02,6.36,0.0
2017-02-18,11.68,17.68,8.13,51.2,0.0,1.38,0.0,11.26,10.58,8.34,0.0,2,49,2017,9.581428571428571,0.0,9.41,0.0,0.0,11.38,0.0,7.21,0.0
2017-02-19,11.26,16.62,8.11,58.12,0.0,1.55,0.0,10.31,11.68,8.01,0.0,2,50,2017,10.045714285714284,0.0,10.37,0.0,0.0,11.79,0.0,7.5,0.0
2017-02-20,10.31,16.09,6.74,64.33,0.0,1.65,0.0,10.44,11.26,8.22,0.0,2,51,2017,10.344285714285714,0.0,10.58,0.0,0.0,9.31,0.0,9.21,0.0
2017-02-21,10.44,16.54,6.15,56.57,0.0,1.58,0.0,9.35,10.31,8.8,0.0,2,52,2017,10.578571428571427,0.0,11.68,0.0,0.0,9.05,0.0,9.57,0.0
2017-02-22,9.35,15.79,4.25,56.48,0.0,1.47,0.0,8.96,10.44,9.41,0.0,2,53,2017,10.569999999999999,0.0,11.26,0.0,0.0,10.28,0.0,8.65,0.0
2017-02-23,8.96,16.2,3.65,42.51,0.0,1.66,0.0,8.93,9.35,10.37,0.0,2,54,2017,10.368571428571428,0.0,10.31,0.0,0.0,9.5,0.0,9.77,0.0
2017-02-24,8.93,16.06,2.82,40.24,0.0,1.68,0.0,8.91,8.96,10.58,0.0,2,55,2017,10.132857142857144,0.0,10.44,0.0,0.0,7.66,0.0,11.14,0.0
2017-02-25,8.91,15.24,4.83,40.34,0.0,1.52,0.0,8.17,8.93,11.68,0.0,2,56,2017,9.737142857142857,0.0,9.35,0.0,0.0,8.34,0.0,10.79,0.0
2017-02-26,8.17,15.25,2.83,44.06,0.0,1.64,0.0,8.81,8.91,11.26,0.0,2,57,2017,9.295714285714284,0.0,8.96,0.0,0.0,8.01,0.0,8.74,4.48
2017-02-27,8.81,15.08,3.44,45.02,0.0,1.53,0.0,10.39,8.17,10.31,0.0,2,58,2017,9.081428571428571,0.0,8.93,0.0,0.0,8.22,0.0,6.92,1.2
2017-02-28,10.39,16.49,6.43,43.26,0.0,1.57,0.0,10.94,8.81,10.44,0.0,2,59,2017,9.074285714285713,0.0,8.91,0.0,0.0,8.8,0.0,8.46,0.07
2017-03-01,10.94,17.28,6.79,42.8,0.0,1.61,0.13,10.79,10.39,9.35,0.0,3,60,2017,9.301428571428572,0.0,8.17,0.0,0.0,9.41,0.0,7.79,0.0
2017-03-02,10.79,17.53,5.62,50.72,0.13,2.03,0.0,9.82,10.94,8.96,0.0,3,61,2017,9.562857142857142,0.0185714285714306,8.81,0.0,0.0,10.37,0.0,7.48,0.0
2017-03-03,9.82,15.95,5.81,50.34,0.0,1.93,0.0,10.09,10.79,8.93,0.13,3,62,2017,9.69,0.0185714285714306,10.39,0.0,0.0,10.58,0.0,6.74,0.0
2017-03-04,10.09,16.53,5.44,38.68,0.0,2.03,0.0,9.69,9.82,8.91,0.0,3,63,2017,9.858571428571429,0.0185714285714306,10.94,0.0,0.0,11.68,0.0,7.31,0.0
2017-03-05,9.69,16.3,4.97,44.53,0.0,1.7,0.0,9.11,10.09,8.17,0.0,3,64,2017,10.075714285714286,0.0185714285714306,10.79,0.13,0.0,11.26,0.0,9.25,0.02
2017-03-06,9.11,16.21,3.24,37.94,0.0,1.8,0.0,9.23,9.69,8.81,0.0,3,65,2017,10.118571428571428,0.0185714285714306,9.82,0.0,0.0,10.31,0.0,11.38,0.0
2017-03-07,9.23,15.79,3.84,35.84,0.0,1.71,0.0,9.24,9.11,10.39,0.0,3,66,2017,9.952857142857141,0.0185714285714306,10.09,0.0,0.0,10.44,0.0,11.79,0.0
2017-03-08,9.24,15.32,4.83,35.14,0.0,1.55,0.06,8.18,9.23,10.94,0.0,3,67,2017,9.709999999999999,0.0185714285714306,9.69,0.0,0.0,9.35,0.0,9.31,0.0
2017-03-09,8.18,13.66,4.15,55.64,0.06,1.3,6.97,8.18,9.24,10.79,0.0,3,68,2017,9.337142857142856,0.008571428571430601,9.11,0.0,0.13,8.96,0.0,9.05,0.0
2017-03-10,8.18,13.0,3.43,73.72,6.97,1.54,11.87,7.1,8.18,9.82,0.06,3,69,2017,9.102857142857143,1.0042857142857162,9.23,0.0,0.0,8.93,0.0,10.28,0.0
2017-03-11,7.1,10.5,2.53,88.06,11.87,2.14,0.69,4.79,8.18,10.09,6.97,3,70,2017,8.675714285714287,2.700000000000002,9.24,0.0,0.0,8.91,0.0,9.5,0.0
2017-03-12,4.79,9.84,0.05,65.13,0.69,1.76,0.0,7.94,7.1,9.69,11.87,3,71,2017,7.975714285714287,2.7985714285714307,8.18,0.06,0.0,8.17,0.0,7.66,0.0
2017-03-13,7.94,15.37,1.93,44.82,0.0,1.48,0.0,7.63,4.79,9.11,0.69,3,72,2017,7.808571428571428,2.7985714285714307,8.18,6.97,0.0,8.81,0.0,8.34,0.0
2017-03-14,7.63,14.23,1.58,46.88,0.0,1.64,0.0,8.81,7.94,9.23,0.0,3,73,2017,7.58,2.7985714285714307,7.1,11.87,0.0,10.39,0.0,8.01,0.0
2017-03-15,8.81,15.14,3.83,42.43,0.0,1.59,0.1,9.39,7.63,9.24,0.0,3,74,2017,7.518571428571428,2.7985714285714307,4.79,0.69,0.0,10.94,0.0,8.22,0.0
2017-03-16,9.39,15.7,5.0,43.67,0.1,1.85,3.05,8.71,8.81,8.18,0.0,3,75,2017,7.691428571428572,2.804285714285716,7.94,0.0,0.06,10.79,0.13,8.8,0.0
2017-03-17,8.71,13.95,4.99,55.59,3.05,1.89,1.72,8.13,9.39,8.18,0.1,3,76,2017,7.767142857142858,2.244285714285716,7.63,0.0,6.97,9.82,0.0,9.41,0.0
2017-03-18,8.13,13.24,3.03,56.6,1.72,1.65,0.04,7.7,8.71,7.1,3.05,3,77,2017,7.9142857142857155,0.7942857142857163,8.81,0.0,11.87,10.09,0.0,10.37,0.0
2017-03-19,7.7,12.71,3.57,56.14,0.04,1.35,3.65,7.67,8.13,4.79,1.72,3,78,2017,8.33,0.7014285714285734,9.39,0.1,0.69,9.69,0.0,10.58,0.0
2017-03-20,7.67,12.94,3.88,65.79,3.65,1.68,0.04,9.69,7.7,7.94,0.04,3,79,2017,8.291428571428572,1.2228571428571449,8.71,3.05,0.0,9.11,0.0,11.68,0.0
2017-03-21,9.69,17.04,3.21,49.3,0.04,1.8,0.0,11.98,7.67,7.63,3.65,3,80,2017,8.585714285714285,1.2285714285714306,8.13,1.72,0.0,9.23,0.0,11.26,0.0
2017-03-22,11.98,18.68,7.08,49.81,0.0,1.72,0.02,13.19,9.69,8.81,0.04,3,81,2017,9.03857142857143,1.2285714285714306,7.7,0.04,0.0,9.24,0.0,10.31,0.0
2017-03-23,13.19,19.76,8.09,57.07,0.02,1.71,0.72,13.45,11.98,9.39,0.0,3,82,2017,9.581428571428573,1.217142857142859,7.67,3.65,0.1,8.18,0.06,10.44,0.0
2017-03-24,13.45,19.69,9.09,58.64,0.72,1.65,3.33,13.98,13.19,8.71,0.02,3,83,2017,10.258571428571429,0.8842857142857162,9.69,0.04,3.05,8.18,6.97,9.35,0.0
2017-03-25,13.98,21.25,8.25,51.14,3.33,1.82,0.05,12.75,13.45,8.13,0.72,3,84,2017,11.094285714285714,1.1142857142857163,11.98,0.0,1.72,7.1,11.87,8.96,0.0
2017-03-26,12.75,19.04,7.52,58.31,0.05,1.74,0.01,14.68,13.98,7.7,3.33,3,85,2017,11.815714285714284,1.1157142857142877,13.19,0.02,0.04,4.79,0.69,8.93,0.0
2017-03-27,14.68,21.27,9.37,53.41,0.01,1.62,0.16,15.07,12.75,7.67,0.05,3,86,2017,12.817142857142857,0.5957142857142878,13.45,0.72,3.65,7.94,0.0,8.91,0.0
2017-03-28,15.07,21.27,9.94,59.59,0.16,1.81,1.41,15.06,14.68,9.69,0.01,3,87,2017,13.585714285714285,0.6128571428571449,13.98,3.33,0.04,7.63,0.0,8.17,0.0
2017-03-29,15.06,19.85,11.39,67.39,1.41,1.64,0.53,16.4,15.07,11.98,0.16,3,88,2017,14.025714285714285,0.8142857142857164,12.75,0.05,0.0,8.81,0.0,8.81,0.0
2017-03-30,16.4,23.19,10.91,51.54,0.53,1.86,0.04,15.99,15.06,13.19,1.41,3,89,2017,14.484285714285715,0.8871428571428591,14.68,0.01,0.02,9.39,0.1,10.39,0.0
2017-03-31,15.99,22.34,11.51,50.65,0.04,1.79,0.22,15.51,16.4,13.45,0.53,3,90,2017,14.847142857142856,0.790000000000002,15.07,0.16,0.72,8.71,3.05,10.94,0.0
2017-04-01,15.51,21.67,10.69,49.35,0.22,1.88,2.22,14.92,15.99,13.98,0.04,4,91,2017,15.065714285714288,0.34571428571428775,15.06,1.41,3.33,8.13,1.72,10.79,0.13
2017-04-02,14.92,21.67,9.58,48.4,2.22,1.91,2.62,14.31,15.51,12.75,0.22,4,92,2017,15.375714285714286,0.6557142857142877,16.4,0.53,0.05,7.7,0.04,9.82,0.0
2017-04-03,14.31,21.41,8.02,43.81,2.62,1.91,0.6,14.2,14.92,14.68,2.22,4,93,2017,15.322857142857142,1.0285714285714307,15.99,0.04,0.01,7.67,3.65,10.09,0.0
2017-04-04,14.2,20.81,9.27,44.58,0.6,1.95,0.07,14.61,14.31,15.07,2.62,4,94,2017,15.198571428571428,1.0914285714285736,15.51,0.22,0.16,9.69,0.04,9.69,0.0
2017-04-05,14.61,20.99,9.36,47.45,0.07,1.98,0.01,15.35,14.2,15.06,0.6,4,95,2017,15.134285714285713,0.9000000000000021,14.92,2.22,1.41,11.98,0.0,9.11,0.0
2017-04-06,15.35,22.24,8.55,52.35,0.01,1.8,0.05,16.35,14.61,16.4,0.07,4,96,2017,14.984285714285715,0.8257142857142877,14.31,2.62,0.53,13.19,0.02,9.23,0.0
2017-04-07,16.35,24.1,9.28,45.11,0.05,2.37,0.75,16.09,15.35,15.99,0.01,4,97,2017,15.035714285714286,0.8271428571428592,14.2,0.6,0.04,13.45,0.72,9.24,0.0
2017-04-08,16.09,23.6,9.67,38.38,0.75,1.97,0.0,15.11,16.35,15.51,0.05,4,98,2017,15.118571428571428,0.9028571428571449,14.61,0.07,0.22,13.98,3.33,8.18,0.06
2017-04-09,15.11,22.83,9.19,30.59,0.0,2.2,0.0,14.22,16.09,14.92,0.75,4,99,2017,15.145714285714286,0.5857142857142877,15.35,0.01,2.22,12.75,0.05,8.18,6.97
2017-04-10,14.22,21.68,8.49,25.03,0.0,1.95,0.0,14.8,15.11,14.31,0.0,4,100,2017,15.132857142857144,0.21142857142857346,16.35,0.05,2.62,14.68,0.01,7.1,11.87
2017-04-11,14.8,21.63,8.5,26.39,0.0,1.76,0.0,15.12,14.22,14.2,0.0,4,101,2017,15.218571428571428,0.12571428571428775,16.09,0.75,0.6,15.07,0.16,4.79,0.69
2017-04-12,15.12,21.78,9.7,28.54,0.0,1.7,0.0,15.28,14.8,14.61,0.0,4,102,2017,15.291428571428572,0.11571428571428775,15.11,0.0,0.07,15.06,1.41,7.94,0.0
2017-04-13,15.28,22.07,9.66,39.52,0.0,1.74,0.2,15.87,15.12,15.35,0.0,4,103,2017,15.281428571428572,0.11428571428571632,14.22,0.0,0.01,16.4,0.53,7.63,0.0
2017-04-14,15.87,22.12,10.74,50.22,0.2,1.76,5.52,13.69,15.28,16.35,0.0,4,104,2017,15.212857142857143,0.13571428571428773,14.8,0.0,0.05,15.99,0.04,8.81,0.0
2017-04-15,13.69,16.42,10.92,67.99,5.52,1.31,0.0,15.76,15.87,16.09,0.2,4,105,2017,14.87,0.8171428571428592,15.12,0.0,0.75,15.51,0.22,9.39,0.1
2017-04-16,15.76,23.83,9.53,47.26,0.0,1.27,0.0,16.56,13.69,15.11,5.52,4,106,2017,14.962857142857143,0.8171428571428592,15.28,0.0,0.0,14.92,2.22,8.71,3.05
2017-04-17,16.56,24.3,9.15,44.96,0.0,1.76,0.05,17.72,15.76,14.22,0.0,4,107,2017,15.297142857142857,0.8171428571428592,15.87,0.2,0.0,14.31,2.62,8.13,1.72
2017-04-18,17.72,24.04,12.63,53.11,0.05,1.79,3.58,16.7,16.56,14.8,0.0,4,108,2017,15.714285714285714,0.8242857142857163,13.69,5.52,0.0,14.2,0.6,7.7,0.04
2017-04-19,16.7,21.94,12.96,70.09,3.58,1.81,2.61,15.86,17.72,15.12,0.05,4,109,2017,15.939999999999998,1.3357142857142876,15.76,0.0,0.0,14.61,0.07,7.67,3.65
2017-04-20,15.86,20.67,12.27,78.45,2.61,1.73,2.71,16.9,16.7,15.28,3.58,4,110,2017,16.02285714285714,1.7085714285714304,16.56,0.0,0.0,15.35,0.01,9.69,0.04
2017-04-21,16.9,22.81,12.23,65.2,2.71,1.86,4.81,16.67,15.86,15.87,2.61,4,111,2017,16.169999999999998,2.0671428571428594,17.72,0.05,0.2,16.35,0.05,11.98,0.0
2017-04-22,16.67,21.82,12.79,66.09,4.81,1.82,5.6,16.03,16.9,13.69,2.71,4,112,2017,16.595714285714287,1.9657142857142875,16.7,3.58,5.52,16.09,0.75,13.19,0.02
2017-04-23,16.03,21.73,12.11,67.04,5.6,1.97,0.05,16.69,16.67,15.76,4.81,4,113,2017,16.634285714285713,2.765714285714288,15.86,2.61,0.0,15.11,0.0,13.45,0.72
2017-04-24,16.69,22.72,11.76,60.22,0.05,2.49,0.02,17.01,16.03,16.56,5.6,4,114,2017,16.65285714285714,2.7728571428571445,16.9,2.71,0.0,14.22,0.0,13.98,3.33
2017-04-25,17.01,23.85,11.0,47.58,0.02,2.35,0.0,16.89,16.69,17.72,0.05,4,115,2017,16.55142857142857,2.76857142857143,16.67,4.81,0.05,14.8,0.0,12.75,0.05
2017-04-26,16.89,24.77,9.99,36.69,0.0,2.12,0.0,16.37,17.01,16.7,0.02,4,116,2017,16.57857142857143,2.257142857142859,16.03,5.6,3.58,15.12,0.0,14.68,0.01
2017-04-27,16.37,23.7,8.39,36.46,0.0,2.09,0.73,16.26,16.89,15.86,0.0,4,117,2017,16.65142857142857,1.8842857142857163,16.69,0.05,2.61,15.28,0.0,15.07,0.16
2017-04-28,16.26,23.19,9.53,39.58,0.73,1.99,3.06,16.24,16.37,16.9,0.0,4,118,2017,16.560000000000002,1.6014285714285734,17.01,0.02,2.71,15.87,0.2,15.06,1.41
2017-04-29,16.24,23.09,9.92,46.81,3.06,2.25,3.79,16.37,16.26,16.67,0.73,4,119,2017,16.49857142857143,1.3514285714285734,16.89,0.0,4.81,13.69,5.52,16.4,0.53
2017-04-30,16.37,23.76,8.15,46.15,3.79,2.27,6.61,14.45,16.24,16.03,3.06,4,120,2017,16.54714285714286,1.092857142857145,16.37,0.0,5.6,15.76,0.0,15.99,0.04
2017-05-01,14.45,21.16,8.77,54.99,6.61,1.96,0.01,14.39,16.37,16.69,3.79,5,121,2017,16.22714285714286,2.030000000000002,16.26,0.73,0.05,16.56,0.0,15.51,0.22
2017-05-02,14.39,21.06,7.38,45.86,0.01,2.12,0.12,15.83,14.45,17.01,6.61,5,122,2017,15.852857142857143,2.0285714285714307,16.24,3.06,0.02,17.72,0.05,14.92,2.22
2017-05-03,15.83,21.2,10.81,51.72,0.12,1.76,1.98,15.96,14.39,16.89,0.01,5,123,2017,15.70142857142857,2.0457142857142876,16.37,3.79,0.0,16.7,3.58,14.31,2.62
2017-05-04,15.96,22.48,10.68,51.85,1.98,2.3,1.17,16.88,15.83,16.37,0.12,5,124,2017,15.642857142857142,2.3285714285714305,14.45,6.61,0.0,15.86,2.61,14.2,0.6
2017-05-05,16.88,23.2,11.33,45.16,1.17,2.03,2.59,16.47,15.96,16.26,1.98,5,125,2017,15.731428571428571,2.3914285714285732,14.39,0.01,0.73,16.9,2.71,14.61,0.07
2017-05-06,16.47,22.41,11.0,48.41,2.59,1.83,0.06,18.37,16.88,16.24,1.17,5,126,2017,15.764285714285714,2.324285714285716,15.83,0.12,3.06,16.67,4.81,15.35,0.01
2017-05-07,18.37,24.81,13.39,46.87,0.06,1.77,6.21,17.75,16.47,16.37,2.59,5,127,2017,16.05,1.7914285714285734,15.96,1.98,3.79,16.03,5.6,16.35,0.05
2017-05-08,17.75,23.71,12.96,61.25,6.21,1.79,14.1,16.38,18.37,14.45,0.06,5,128,2017,16.521428571428572,1.7342857142857162,16.88,1.17,6.61,16.69,0.05,16.09,0.75
2017-05-09,16.38,23.62,11.1,73.62,14.1,1.58,0.88,15.67,17.75,14.39,6.21,5,129,2017,16.805714285714284,3.7471428571428587,16.47,2.59,0.01,17.01,0.02,15.11,0.0
2017-05-10,15.67,20.13,11.93,79.5,0.88,1.78,2.71,16.41,16.38,15.83,14.1,5,130,2017,16.782857142857143,3.8557142857142876,18.37,0.06,0.12,16.89,0.0,14.22,0.0
2017-05-11,16.41,21.32,12.46,76.96,2.71,1.68,13.28,17.56,15.67,15.96,0.88,5,131,2017,16.847142857142856,3.9600000000000017,17.75,6.21,1.98,16.37,0.0,14.8,0.0
2017-05-12,17.56,22.65,13.42,74.26,13.28,1.57,0.13,17.34,16.41,16.88,2.71,5,132,2017,16.944285714285716,5.690000000000002,16.38,14.1,1.17,16.26,0.73,15.12,0.0
2017-05-13,17.34,20.85,13.69,71.22,0.13,1.71,2.36,17.85,17.56,16.47,13.28,5,133,2017,17.068571428571428,5.33857142857143,15.67,0.88,2.59,16.24,3.06,15.28,0.0
2017-05-14,17.85,21.5,14.5,73.28,2.36,1.77,16.29,16.9,17.34,18.37,0.13,5,134,2017,16.994285714285713,5.667142857142859,16.41,2.71,0.06,16.37,3.79,15.87,0.2
2017-05-15,16.9,22.24,13.27,80.49,16.29,1.7,1.72,17.27,17.85,17.75,2.36,5,135,2017,16.87285714285714,7.107142857142859,17.56,13.28,6.21,14.45,6.61,13.69,5.52
2017-05-16,17.27,22.4,13.42,75.87,1.72,1.92,2.19,17.5,16.9,16.38,16.29,5,136,2017,17.0,5.33857142857143,17.34,0.13,14.1,14.39,0.01,15.76,0.0
2017-05-17,17.5,23.26,13.17,74.64,2.19,1.82,0.36,18.1,17.27,15.67,1.72,5,137,2017,17.26142857142857,5.525714285714287,17.85,2.36,0.88,15.83,0.12,16.56,0.0
2017-05-18,18.1,24.37,12.0,54.34,0.36,2.0,3.97,18.27,17.5,16.41,2.19,5,138,2017,17.502857142857142,5.190000000000002,16.9,16.29,2.71,15.96,1.98,17.72,0.05
2017-05-19,18.27,23.84,13.28,58.02,3.97,1.76,0.69,18.92,18.1,17.56,0.36,5,139,2017,17.604285714285712,3.8600000000000017,17.27,1.72,13.28,16.88,1.17,16.7,3.58
2017-05-20,18.92,24.1,14.22,55.14,0.69,1.88,2.76,18.56,18.27,17.34,3.97,5,140,2017,17.830000000000002,3.9400000000000013,17.5,2.19,0.13,16.47,2.59,15.86,2.61
2017-05-21,18.56,23.61,13.33,55.82,2.76,1.87,0.23,19.09,18.92,17.85,0.69,5,141,2017,17.931428571428572,3.9971428571428587,18.1,0.36,2.36,18.37,0.06,16.9,2.71
2017-05-22,19.09,24.55,14.14,53.96,0.23,1.88,0.43,19.63,18.56,16.9,2.76,5,142,2017,18.244285714285716,1.7028571428571444,18.27,3.97,16.29,17.75,6.21,16.67,4.81
2017-05-23,19.63,26.29,13.15,54.59,0.43,1.98,0.94,19.69,19.09,17.27,0.23,5,143,2017,18.58142857142857,1.51857142857143,18.92,0.69,1.72,16.38,14.1,16.03,5.6
2017-05-24,19.69,25.17,14.83,61.9,0.94,2.01,2.71,19.07,19.63,17.5,0.43,5,144,2017,18.89428571428571,1.3400000000000014,18.56,2.76,2.19,15.67,0.88,16.69,0.05
2017-05-25,19.07,24.11,14.56,65.4,2.71,1.76,13.5,17.87,19.69,18.1,0.94,5,145,2017,19.032857142857146,1.6757142857142873,19.09,0.23,0.36,16.41,2.71,17.01,0.02
2017-05-26,17.87,24.77,12.76,73.17,13.5,1.92,7.09,15.56,19.07,18.27,2.71,5,146,2017,18.975714285714282,3.0371428571428587,19.63,0.43,3.97,17.56,13.28,16.89,0.0
2017-05-27,15.56,20.33,12.28,81.97,7.09,1.76,6.28,16.27,17.87,18.92,13.5,5,147,2017,18.495714285714286,3.951428571428573,19.69,0.94,0.69,17.34,0.13,16.37,0.0
2017-05-28,16.27,19.82,12.53,80.72,6.28,1.54,1.01,18.03,15.56,18.56,7.09,5,148,2017,18.16857142857143,4.4542857142857155,19.07,2.71,2.76,17.85,2.36,16.26,0.73
2017-05-29,18.03,23.27,13.21,72.34,1.01,1.83,1.36,18.23,16.27,19.09,6.28,5,149,2017,18.017142857142858,4.565714285714288,17.87,13.5,0.23,16.9,16.29,16.24,3.06
2017-05-30,18.23,22.35,14.22,75.38,1.36,1.56,0.04,18.39,18.03,19.63,1.01,5,150,2017,17.81714285714286,4.698571428571431,15.56,7.09,0.43,17.27,1.72,16.37,3.79
2017-05-31,18.39,23.79,13.18,60.93,0.04,1.79,0.32,18.6,18.23,19.69,1.36,5,151,2017,17.63142857142857,4.570000000000001,16.27,6.28,0.94,17.5,2.19,14.45,6.61
2017-06-01,18.6,23.76,13.67,64.17,0.32,1.75,1.19,19.18,18.39,19.07,0.04,6,152,2017,17.564285714285713,4.2285714285714295,18.03,1.01,2.71,18.1,0.36,14.39,0.01
2017-06-02,19.18,25.09,13.04,60.12,1.19,2.06,0.63,20.27,18.6,17.87,0.32,6,153,2017,17.751428571428573,2.4700000000000015,18.23,1.36,13.5,18.27,3.97,15.83,0.12
2017-06-03,20.27,25.94,15.08,51.96,0.63,2.23,0.84,21.38,19.18,15.56,1.19,6,154,2017,18.424285714285713,1.5471428571428587,18.39,0.04,7.09,18.92,0.69,15.96,1.98
2017-06-04,21.38,27.43,16.01,51.98,0.84,1.94,17.86,20.59,20.27,16.27,0.63,6,155,2017,19.154285714285717,0.7700000000000015,18.6,0.32,6.28,18.56,2.76,16.88,1.17
2017-06-05,20.59,26.27,16.6,72.62,17.86,1.9,1.37,18.55,21.38,18.03,0.84,6,156,2017,19.52,3.1771428571428584,19.18,1.19,1.01,19.09,0.23,16.47,2.59
2017-06-06,18.55,22.09,15.66,79.14,1.37,2.06,2.1,17.88,20.59,18.23,17.86,6,157,2017,19.565714285714286,3.17857142857143,20.27,0.63,1.36,19.63,0.43,18.37,0.06
2017-06-07,17.88,20.68,15.21,80.26,2.1,1.16,1.85,19.13,18.55,18.39,1.37,6,158,2017,19.49285714285714,3.472857142857144,21.38,0.84,0.04,19.69,0.94,17.75,6.21
2017-06-08,19.13,24.24,14.54,72.82,1.85,1.54,0.16,19.68,17.88,18.6,2.1,6,159,2017,19.568571428571428,3.691428571428573,20.59,17.86,0.32,19.07,2.71,16.38,14.1
2017-06-09,19.68,24.38,15.9,69.4,0.16,1.57,0.13,19.98,19.13,19.18,1.85,6,160,2017,19.639999999999997,3.544285714285716,18.55,1.37,1.19,17.87,13.5,15.67,0.88
2017-06-10,19.98,25.46,14.98,66.54,0.13,1.85,0.98,20.17,19.68,20.27,0.16,6,161,2017,19.59857142857143,3.472857142857144,17.88,2.1,0.63,15.56,7.09,16.41,2.71
2017-06-11,20.17,25.93,14.17,66.37,0.98,1.88,1.0,20.39,19.98,21.38,0.13,6,162,2017,19.42571428571429,3.492857142857144,19.13,1.85,0.84,16.27,6.28,17.56,13.28
2017-06-12,20.39,26.35,15.27,63.42,1.0,2.18,0.07,20.13,20.17,20.59,0.98,6,163,2017,19.397142857142857,1.0842857142857159,19.68,0.16,17.86,18.03,1.01,17.34,0.13
2017-06-13,20.13,25.9,13.86,50.48,0.07,2.0,1.92,20.48,20.39,18.55,1.0,6,164,2017,19.622857142857146,0.8985714285714301,19.98,0.13,1.37,18.23,1.36,17.85,2.36
2017-06-14,20.48,26.34,14.98,52.29,1.92,1.71,5.57,19.15,20.13,17.88,0.07,6,165,2017,19.994285714285716,0.8728571428571443,20.17,0.98,2.1,18.39,0.04,16.9,16.29
2017-06-15,19.15,24.12,14.79,70.45,5.57,1.72,0.74,18.14,20.48,19.13,1.92,6,166,2017,19.997142857142855,1.404285714285716,20.39,1.0,1.85,18.6,0.32,17.27,1.72
2017-06-16,18.14,21.77,14.84,75.76,0.74,1.65,0.36,19.07,19.15,19.68,5.57,6,167,2017,19.777142857142856,1.4871428571428587,20.13,0.07,0.16,19.18,1.19,17.5,2.19
2017-06-17,19.07,23.68,15.61,75.02,0.36,1.87,1.67,20.23,18.14,19.98,0.74,6,168,2017,19.647142857142857,1.5200000000000016,20.48,1.92,0.13,20.27,0.63,18.1,0.36
2017-06-18,20.23,24.65,15.42,66.77,1.67,2.24,5.02,20.27,19.07,20.17,0.36,6,169,2017,19.655714285714286,1.61857142857143,19.15,5.57,0.98,21.38,0.84,18.27,3.97
2017-06-19,20.27,24.32,16.92,69.76,5.02,2.02,12.91,19.32,20.23,20.39,1.67,6,170,2017,19.638571428571428,2.1928571428571444,18.14,0.74,1.0,20.59,17.86,18.92,0.69
2017-06-20,19.32,23.9,15.84,79.0,12.91,2.11,17.97,18.83,20.27,20.13,5.02,6,171,2017,19.52285714285714,4.0271428571428585,19.07,0.36,0.07,18.55,1.37,18.56,2.76
2017-06-21,18.83,23.2,15.75,84.92,17.97,2.08,1.19,19.55,19.32,20.48,12.91,6,172,2017,19.287142857142857,6.320000000000001,20.23,1.67,1.92,17.88,2.1,19.09,0.23
2017-06-22,19.55,23.99,15.78,79.33,1.19,1.72,0.83,19.67,18.83,19.15,17.97,6,173,2017,19.344285714285714,5.694285714285715,20.27,5.02,5.57,19.13,1.85,19.63,0.43
2017-06-23,19.67,23.92,16.61,76.63,0.83,1.72,4.75,19.05,19.55,18.14,1.19,6,174,2017,19.562857142857144,5.70714285714286,19.32,12.91,0.74,19.68,0.16,19.69,0.94
2017-06-24,19.05,22.8,16.05,83.69,4.75,1.76,10.6,19.02,19.67,19.07,0.83,6,175,2017,19.560000000000002,6.3342857142857145,18.83,17.97,0.36,19.98,0.13,19.07,2.71
2017-06-25,19.02,23.1,15.33,81.54,10.6,1.61,6.0,19.31,19.05,20.23,4.75,6,176,2017,19.38714285714286,7.610000000000001,19.55,1.19,1.67,20.17,0.98,17.87,13.5
2017-06-26,19.31,24.05,16.47,84.36,6.0,1.78,4.26,19.61,19.02,20.27,10.6,6,177,2017,19.25,7.750000000000001,19.67,0.83,5.02,20.39,1.0,15.56,7.09
2017-06-27,19.61,24.2,15.44,82.8,4.26,2.02,0.5,19.89,19.31,19.32,6.0,6,178,2017,19.291428571428575,6.514285714285715,19.05,4.75,12.91,20.13,0.07,16.27,6.28
2017-06-28,19.89,23.94,16.7,84.48,0.5,2.27,2.71,19.58,19.61,18.83,4.26,6,179,2017,19.442857142857143,4.0185714285714305,19.02,10.6,17.97,20.48,1.92,18.03,1.01
2017-06-29,19.58,23.67,16.31,84.64,2.71,2.17,10.07,18.69,19.89,19.55,0.5,6,180,2017,19.447142857142858,4.2357142857142875,19.31,6.0,1.19,19.15,5.57,18.23,1.36
2017-06-30,18.69,22.3,16.3,88.87,10.07,1.72,10.15,18.37,19.58,19.67,2.71,6,181,2017,19.307142857142857,5.555714285714288,19.61,4.26,0.83,18.14,0.74,18.39,0.04
2017-07-01,18.37,21.27,15.67,89.16,10.15,2.0,6.73,18.66,18.69,19.05,10.07,7,182,2017,19.21,6.327142857142859,19.89,0.5,4.75,19.07,0.36,18.6,0.32
2017-07-02,18.66,21.82,16.57,89.05,6.73,2.01,12.19,18.99,18.37,19.02,10.15,7,183,2017,19.15857142857143,5.774285714285717,19.58,2.71,10.6,20.23,1.67,19.18,1.19
2017-07-03,18.99,22.47,16.35,88.67,12.19,1.93,16.91,18.71,18.66,19.31,6.73,7,184,2017,19.11285714285714,6.65857142857143,18.69,10.07,6.0,20.27,5.02,20.27,0.63
2017-07-04,18.71,21.41,16.87,92.59,16.91,1.93,8.15,18.22,18.99,19.61,12.19,7,185,2017,18.98428571428571,8.465714285714288,18.37,10.15,4.26,19.32,12.91,21.38,0.84
2017-07-05,18.22,20.73,15.89,93.88,8.15,1.76,4.39,18.28,18.71,19.89,16.91,7,186,2017,18.745714285714286,9.55857142857143,18.66,6.73,0.5,18.83,17.97,20.59,17.86
2017-07-06,18.28,21.91,15.32,90.48,4.39,1.81,2.08,18.9,18.22,19.58,8.15,7,187,2017,18.560000000000002,9.798571428571432,18.99,12.19,2.71,19.55,1.19,18.55,1.37
2017-07-07,18.9,23.0,16.1,86.84,2.08,1.85,18.78,19.22,18.28,18.69,4.39,7,188,2017,18.59,8.65714285714286,18.71,16.91,10.07,19.67,0.83,17.88,2.1
2017-07-08,19.22,23.29,16.33,88.0,18.78,1.95,23.73,18.41,18.9,18.37,2.08,7,189,2017,18.71142857142857,9.890000000000002,18.22,8.15,10.15,19.05,4.75,19.13,1.85
2017-07-09,18.41,19.91,16.84,96.24,23.73,2.07,8.04,17.63,19.22,18.66,18.78,7,190,2017,18.675714285714285,12.318571428571431,18.28,4.39,6.73,19.02,10.6,19.68,0.16
2017-07-10,17.63,20.2,15.51,91.28,8.04,1.89,5.51,17.47,18.41,18.99,23.73,7,191,2017,18.481428571428573,11.725714285714288,18.9,2.08,12.19,19.31,6.0,19.98,0.13
2017-07-11,17.47,21.59,14.84,85.88,5.51,1.54,2.15,17.7,17.63,18.71,8.04,7,192,2017,18.304285714285715,10.09714285714286,19.22,18.78,16.91,19.61,4.26,20.17,0.98
2017-07-12,17.7,21.48,14.67,83.93,2.15,1.83,0.17,18.74,17.47,18.22,5.51,7,193,2017,18.23,9.24,18.41,23.73,8.15,19.89,0.5,20.39,1.0
2017-07-13,18.74,22.97,15.03,84.93,0.17,2.01,3.16,18.74,17.7,18.28,2.15,7,194,2017,18.295714285714286,8.637142857142859,17.63,8.04,4.39,19.58,2.71,20.13,0.07
2017-07-14,18.74,22.62,15.62,88.59,3.16,2.03,3.61,19.65,18.74,18.9,0.17,7,195,2017,18.27285714285714,8.791428571428574,17.47,5.51,2.08,18.69,10.07,20.48,1.92
2017-07-15,19.65,23.87,16.16,87.53,3.61,2.12,9.78,19.78,18.74,19.22,3.16,7,196,2017,18.334285714285716,6.624285714285716,17.7,2.15,18.78,18.37,10.15,19.15,5.57
2017-07-16,19.78,24.28,16.16,84.7,9.78,2.05,6.01,19.93,19.65,18.41,3.61,7,197,2017,18.529999999999998,4.6314285714285734,18.74,0.17,23.73,18.66,6.73,18.14,0.74
2017-07-17,19.93,24.56,16.38,83.72,6.01,1.84,2.17,20.18,19.78,17.63,9.78,7,198,2017,18.858571428571427,4.341428571428573,18.74,3.16,8.04,18.99,12.19,19.07,0.36
2017-07-18,20.18,24.84,16.48,81.56,2.17,2.03,2.96,19.39,19.93,17.47,6.01,7,199,2017,19.245714285714286,3.8642857142857165,19.65,3.61,5.51,18.71,16.91,20.23,1.67
2017-07-19,19.39,24.51,15.94,84.55,2.96,2.06,4.74,18.78,20.18,17.7,2.17,7,200,2017,19.487142857142857,3.9800000000000018,19.78,9.78,2.15,18.22,8.15,20.27,5.02
2017-07-20,18.78,23.79,15.08,84.59,4.74,2.61,3.53,18.56,19.39,18.74,2.96,7,201,2017,19.49285714285714,4.632857142857145,19.93,6.01,0.17,18.28,4.39,19.32,12.91
2017-07-21,18.56,22.5,15.67,87.74,3.53,2.06,2.96,18.4,18.78,18.74,4.74,7,202,2017,19.467142857142857,4.685714285714288,20.18,2.17,3.16,18.9,2.08,18.83,17.97
2017-07-22,18.4,21.46,15.28,86.04,2.96,1.42,6.63,18.71,18.56,19.65,3.53,7,203,2017,19.288571428571426,4.592857142857144,19.39,2.96,3.61,19.22,18.78,19.55,1.19
2017-07-23,18.71,22.7,15.52,85.54,6.63,1.83,4.87,18.4,18.4,19.78,2.96,7,204,2017,19.135714285714283,4.142857142857145,18.78,4.74,9.78,18.41,23.73,19.67,0.83
2017-07-24,18.4,22.84,15.13,85.96,4.87,1.77,1.3,19.0,18.71,19.93,6.63,7,205,2017,18.91714285714286,3.9800000000000026,18.56,3.53,6.01,17.63,8.04,19.05,4.75
2017-07-25,19.0,23.96,15.47,84.2,1.3,2.14,1.06,17.9,18.4,20.18,4.87,7,206,2017,18.74857142857143,3.855714285714288,18.4,2.96,2.17,17.47,5.51,19.02,10.6
2017-07-26,17.9,21.25,14.61,88.8,1.06,2.42,0.48,18.94,19.0,19.39,1.3,7,207,2017,18.535714285714285,3.5842857142857163,18.71,6.63,2.96,17.7,2.15,19.31,6.0
2017-07-27,18.94,23.24,14.67,86.44,0.48,2.2,2.72,18.71,17.9,18.78,1.06,7,208,2017,18.55857142857143,2.975714285714288,18.4,4.87,4.74,18.74,0.17,19.61,4.26
2017-07-28,18.71,21.35,16.53,92.3,2.72,2.07,19.04,18.04,18.94,18.56,0.48,7,209,2017,18.580000000000002,2.860000000000002,19.0,1.3,3.53,18.74,3.16,19.89,0.5
2017-07-29,18.04,19.78,16.79,95.31,19.04,2.27,14.74,17.55,18.71,18.4,2.72,7,210,2017,18.52857142857143,5.157142857142858,17.9,1.06,2.96,19.65,3.61,19.58,2.71
2017-07-30,17.55,19.62,16.15,95.04,14.74,1.55,9.26,18.46,18.04,18.71,19.04,7,211,2017,18.36285714285714,6.315714285714288,18.94,0.48,6.63,19.78,9.78,18.69,10.07
2017-07-31,18.46,22.48,15.8,91.76,9.26,2.0,10.12,18.55,17.55,18.4,14.74,7,212,2017,18.37142857142857,6.942857142857145,18.71,2.72,4.87,19.93,6.01,18.37,10.15
2017-08-01,18.55,21.85,15.63,88.6,10.12,1.18,13.58,19.29,18.46,19.0,9.26,8,213,2017,18.307142857142857,8.202857142857145,18.04,19.04,1.3,20.18,2.17,18.66,6.73
2017-08-02,19.29,23.37,16.25,89.51,13.58,2.21,21.5,19.14,18.55,17.9,10.12,8,214,2017,18.505714285714284,9.991428571428573,17.55,14.74,1.06,19.39,2.96,18.99,12.19
2017-08-03,19.14,21.99,17.01,93.9,21.5,2.35,8.72,18.76,19.29,18.94,13.58,8,215,2017,18.534285714285716,12.994285714285715,18.46,9.26,0.48,18.78,4.74,18.71,16.91
2017-08-04,18.76,21.3,16.75,93.21,8.72,1.35,8.22,19.32,19.14,18.71,21.5,8,216,2017,18.541428571428575,13.851428571428572,18.55,10.12,2.72,18.56,3.53,18.22,8.15
2017-08-05,19.32,22.72,16.02,90.6,8.22,1.73,4.91,19.58,18.76,18.04,8.72,8,217,2017,18.724285714285713,12.305714285714288,19.29,13.58,19.04,18.4,2.96,18.28,4.39
2017-08-06,19.58,23.27,17.0,90.26,4.91,1.92,14.56,18.79,19.32,17.55,8.22,8,218,2017,19.014285714285712,10.901428571428573,19.14,21.5,14.74,18.71,6.63,18.9,2.08
2017-08-07,18.79,21.36,16.51,93.01,14.56,1.98,5.46,18.77,19.58,18.46,4.91,8,219,2017,19.06142857142857,11.658571428571431,18.76,8.72,9.26,18.4,4.87,19.22,18.78
2017-08-08,18.77,21.62,16.08,93.72,5.46,2.12,4.86,18.22,18.79,18.55,14.56,8,220,2017,19.092857142857145,10.992857142857146,19.32,8.22,10.12,19.0,1.3,18.41,23.73
2017-08-09,18.22,19.89,16.82,95.68,4.86,2.03,16.78,18.27,18.77,19.29,5.46,8,221,2017,18.94,9.74714285714286,19.58,4.91,13.58,17.9,1.06,17.63,8.04
2017-08-10,18.27,20.65,16.56,94.05,16.78,1.8,15.77,18.5,18.22,19.14,4.86,8,222,2017,18.815714285714286,9.072857142857146,18.79,14.56,21.5,18.94,0.48,17.47,5.51
2017-08-11,18.5,21.6,15.39,93.83,15.77,2.64,10.01,18.24,18.27,18.76,16.78,8,223,2017,18.77857142857143,10.080000000000002,18.77,5.46,8.72,18.71,2.72,17.7,2.15
2017-08-12,18.24,19.65,16.59,97.05,10.01,2.27,13.81,17.51,18.5,19.32,15.77,8,224,2017,18.624285714285715,10.335714285714287,18.22,4.86,8.22,18.04,19.04,18.74,0.17
2017-08-13,17.51,19.33,16.12,96.31,13.81,2.1,2.05,18.13,18.24,19.58,10.01,8,225,2017,18.328571428571426,11.60714285714286,18.27,16.78,4.91,17.55,14.74,18.74,3.16
2017-08-14,18.13,21.25,15.58,92.44,2.05,1.53,0.85,18.04,17.51,18.79,13.81,8,226,2017,18.234285714285715,9.820000000000002,18.5,15.77,14.56,18.46,9.26,19.65,3.61
2017-08-15,18.04,20.34,16.25,93.91,0.85,1.45,5.54,18.41,18.13,18.77,2.05,8,227,2017,18.13,9.161428571428573,18.24,10.01,5.46,18.55,10.12,19.78,9.78
2017-08-16,18.41,21.79,16.18,92.78,5.54,1.67,9.0,18.81,18.04,18.22,0.85,8,228,2017,18.157142857142855,9.25857142857143,17.51,13.81,4.86,19.29,13.58,19.93,6.01
2017-08-17,18.81,21.67,16.37,91.1,9.0,1.52,7.04,18.06,18.41,18.27,5.54,8,229,2017,18.23428571428571,8.147142857142859,18.13,2.05,16.78,19.14,21.5,20.18,2.17
2017-08-18,18.06,21.08,16.04,93.2,7.04,1.59,2.8,17.74,18.81,18.5,9.0,8,230,2017,18.17142857142857,6.900000000000003,18.04,0.85,15.77,18.76,8.72,19.39,2.96
2017-08-19,17.74,20.61,15.85,90.85,2.8,1.28,20.31,18.34,18.06,18.24,7.04,8,231,2017,18.099999999999998,5.870000000000002,18.41,5.54,10.01,19.32,8.22,18.78,4.74
2017-08-20,18.34,21.46,16.18,93.23,20.31,1.97,7.73,17.3,17.74,17.51,2.8,8,232,2017,18.21857142857143,6.798571428571431,18.81,9.0,13.81,19.58,4.91,18.56,3.53
2017-08-21,17.3,19.51,15.48,93.97,7.73,1.34,8.59,17.84,18.34,18.13,20.31,8,233,2017,18.099999999999998,7.610000000000002,18.06,7.04,2.05,18.79,14.56,18.4,2.96
2017-08-22,17.84,20.79,15.52,89.9,8.59,1.07,6.1,18.62,17.3,18.04,7.73,8,234,2017,18.071428571428573,8.715714285714288,17.74,2.8,0.85,18.77,5.46,18.71,6.63
2017-08-23,18.62,22.14,15.45,88.8,6.1,1.64,4.39,18.48,17.84,18.41,8.59,8,235,2017,18.101428571428574,8.795714285714288,18.34,20.31,5.54,18.22,4.86,18.4,4.87
2017-08-24,18.48,22.4,15.29,88.25,4.39,1.49,2.82,18.51,18.62,18.81,6.1,8,236,2017,18.054285714285715,8.137142857142859,17.3,7.73,9.0,18.27,16.78,19.0,1.3
2017-08-25,18.51,22.46,14.91,80.94,2.82,1.4,34.89,18.55,18.48,18.06,4.39,8,237,2017,18.11857142857143,7.5342857142857165,17.84,8.59,7.04,18.5,15.77,17.9,1.06
2017-08-26,18.55,21.84,16.1,89.74,34.89,1.74,5.58,17.23,18.51,17.74,2.82,8,238,2017,18.234285714285715,12.11857142857143,18.62,6.1,2.8,18.24,10.01,18.94,0.48
2017-08-27,17.23,19.75,15.17,94.46,5.58,1.78,0.57,17.95,18.55,18.34,34.89,8,239,2017,18.075714285714287,10.014285714285716,18.48,4.39,20.31,17.51,13.81,18.71,2.72
2017-08-28,17.95,21.71,15.1,85.24,0.57,1.85,0.3,17.17,17.23,17.3,5.58,8,240,2017,18.16857142857143,8.991428571428575,18.51,2.82,7.73,18.13,2.05,18.04,19.04
2017-08-29,17.17,20.08,14.84,90.03,0.3,1.36,3.51,17.72,17.95,17.84,0.57,8,241,2017,18.072857142857142,7.80714285714286,18.55,34.89,8.59,18.04,0.85,17.55,14.74
2017-08-30,17.72,20.96,14.89,90.2,3.51,1.18,12.78,18.08,17.17,18.62,0.3,8,242,2017,17.944285714285716,7.4371428571428595,17.23,5.58,6.1,18.41,5.54,18.46,9.26
2017-08-31,18.08,20.36,15.92,94.77,12.78,1.92,8.49,17.25,17.72,18.48,3.51,8,243,2017,17.887142857142855,8.635714285714288,17.95,0.57,4.39,18.81,9.0,18.55,10.12
2017-09-01,17.25,18.52,15.79,97.93,8.49,2.08,4.39,17.11,18.08,18.51,12.78,9,244,2017,17.70714285714286,9.445714285714288,17.17,0.3,2.82,18.06,7.04,19.29,13.58
2017-09-02,17.11,19.47,14.81,91.91,4.39,1.47,7.58,17.21,17.25,18.55,8.49,9,245,2017,17.501428571428573,5.08857142857143,17.72,3.51,34.89,17.74,2.8,19.14,21.5
2017-09-03,17.21,20.02,15.12,93.16,7.58,1.47,0.47,17.71,17.11,17.23,4.39,9,246,2017,17.49857142857143,5.374285714285716,18.08,12.78,5.58,18.34,20.31,18.76,8.72
2017-09-04,17.71,21.98,14.47,90.56,0.47,1.67,0.02,17.77,17.21,17.95,7.58,9,247,2017,17.464285714285715,5.360000000000002,17.25,8.49,0.57,17.3,7.73,19.32,8.22
2017-09-05,17.77,21.71,14.73,91.08,0.02,1.65,0.61,17.98,17.71,17.17,0.47,9,248,2017,17.55,5.320000000000001,17.11,4.39,0.3,17.84,8.59,19.58,4.91
2017-09-06,17.98,21.95,14.46,86.91,0.61,1.36,1.43,18.01,17.77,17.72,0.02,9,249,2017,17.587142857142858,4.9057142857142875,17.21,7.58,3.51,18.62,6.1,18.79,14.56
2017-09-07,18.01,21.59,15.23,86.27,1.43,1.27,2.4,18.16,17.98,18.08,0.61,9,250,2017,17.577142857142857,3.284285714285716,17.71,0.47,12.78,18.48,4.39,18.77,5.46
2017-09-08,18.16,21.69,15.34,86.19,2.4,1.6,0.84,18.59,18.01,17.25,1.43,9,251,2017,17.70714285714286,2.414285714285716,17.77,0.02,8.49,18.51,2.82,18.22,4.86
2017-09-09,18.59,22.39,15.37,90.14,0.84,2.19,5.93,17.95,18.16,17.11,2.4,9,252,2017,17.91857142857143,1.907142857142859,17.98,0.61,4.39,18.55,34.89,18.27,16.78
2017-09-10,17.95,21.3,15.65,92.24,5.93,1.42,4.26,17.75,18.59,17.21,0.84,9,253,2017,18.024285714285714,1.6714285714285733,18.01,1.43,7.58,17.23,5.58,18.5,15.77
2017-09-11,17.75,20.7,15.27,93.04,4.26,1.65,4.37,17.41,17.95,17.71,5.93,9,254,2017,18.03,2.212857142857145,18.16,2.4,0.47,17.95,0.57,18.24,10.01
2017-09-12,17.41,20.05,15.32,92.34,4.37,0.93,2.64,16.83,17.75,17.77,4.26,9,255,2017,17.97857142857143,2.8342857142857163,18.59,0.84,0.02,17.17,0.3,17.51,13.81
2017-09-13,16.83,19.53,14.57,91.45,2.64,0.9,2.69,17.82,17.41,17.98,4.37,9,256,2017,17.814285714285713,3.1242857142857163,17.95,5.93,0.61,17.72,3.51,18.13,2.05
2017-09-14,17.82,21.3,14.83,89.93,2.69,1.12,8.97,17.57,16.83,18.01,2.64,9,257,2017,17.787142857142857,3.304285714285716,17.75,4.26,1.43,18.08,12.78,18.04,0.85
2017-09-15,17.57,19.38,16.14,96.63,8.97,1.12,1.65,18.95,17.82,18.16,2.69,9,258,2017,17.702857142857145,4.242857142857145,17.41,4.37,2.4,17.25,8.49,18.41,5.54
2017-09-16,18.95,23.16,15.07,86.11,1.65,1.28,14.75,19.3,17.57,18.59,8.97,9,259,2017,17.754285714285714,4.35857142857143,16.83,2.64,0.84,17.11,4.39,18.81,9.0
2017-09-17,19.3,23.24,16.9,81.18,14.75,1.21,5.7,17.71,18.95,17.95,1.65,9,260,2017,17.947142857142858,5.61857142857143,17.82,2.69,5.93,17.21,7.58,18.06,7.04
2017-09-18,17.71,20.84,15.31,92.2,5.7,1.29,3.03,17.54,19.3,17.75,14.75,9,261,2017,17.94142857142857,5.8242857142857165,17.57,8.97,4.26,17.71,0.47,17.74,2.8
2017-09-19,17.54,20.57,14.71,86.74,3.03,1.29,9.03,16.85,17.71,17.41,5.7,9,262,2017,17.96,5.632857142857146,18.95,1.65,4.37,17.77,0.02,18.34,20.31
2017-09-20,16.85,20.43,14.08,90.26,9.03,1.59,5.39,16.47,17.54,16.83,3.03,9,263,2017,17.962857142857143,6.545714285714289,19.3,14.75,2.64,17.98,0.61,17.3,7.73
2017-09-21,16.47,19.9,13.75,91.2,5.39,1.55,0.04,16.84,16.85,17.82,9.03,9,264,2017,17.77,6.931428571428573,17.71,5.7,2.69,18.01,1.43,17.84,8.59
2017-09-22,16.84,19.6,14.41,94.02,0.04,1.3,0.75,17.92,16.47,17.57,5.39,9,265,2017,17.665714285714284,5.6557142857142875,17.54,3.03,8.97,18.16,2.4,18.62,6.1
2017-09-23,17.92,21.08,15.18,88.14,0.75,1.13,2.44,17.81,16.84,18.95,0.04,9,266,2017,17.51857142857143,5.5271428571428585,16.85,9.03,1.65,18.59,0.84,18.48,4.39
2017-09-24,17.81,20.55,15.76,94.57,2.44,1.37,0.07,18.1,17.92,19.3,0.75,9,267,2017,17.305714285714284,3.768571428571431,16.47,5.39,14.75,17.95,5.93,18.51,2.82
2017-09-25,18.1,21.55,15.57,90.95,0.07,1.24,0.04,17.94,17.81,17.71,2.44,9,268,2017,17.361428571428572,2.964285714285716,16.84,0.04,5.7,17.75,4.26,18.55,34.89
2017-09-26,17.94,21.74,15.41,89.5,0.04,1.23,0.73,17.92,18.1,17.54,0.07,9,269,2017,17.41857142857143,2.5371428571428596,17.92,0.75,3.03,17.41,4.37,17.23,5.58
2017-09-27,17.92,21.48,15.5,88.74,0.73,1.72,7.27,17.18,17.94,16.85,0.04,9,270,2017,17.571428571428573,1.3514285714285734,17.81,2.44,9.03,16.83,2.64,17.95,0.57
2017-09-28,17.18,19.94,15.34,90.06,7.27,1.03,11.84,16.26,17.92,16.47,0.73,9,271,2017,17.672857142857143,1.620000000000002,18.1,0.07,5.39,17.82,2.69,17.17,0.3
2017-09-29,16.26,17.83,14.81,98.14,11.84,1.25,3.96,16.24,17.18,16.84,7.27,9,272,2017,17.59,3.305714285714288,17.94,0.04,0.04,17.57,8.97,17.72,3.51
2017-09-30,16.24,19.11,13.51,91.22,3.96,1.0,7.24,16.39,16.26,17.92,11.84,9,273,2017,17.35,3.7642857142857165,17.92,0.73,0.75,18.95,1.65,18.08,12.78
2017-10-01,16.39,19.42,14.09,94.74,7.24,1.48,13.39,16.34,16.24,17.81,3.96,10,274,2017,17.147142857142857,4.450000000000002,17.18,7.27,2.44,19.3,14.75,17.25,8.49
2017-10-02,16.34,18.76,14.09,94.89,13.39,1.24,4.86,16.05,16.39,18.1,7.24,10,275,2017,16.895714285714288,6.352857142857145,16.26,11.84,0.07,17.71,5.7,17.11,4.39
2017-10-03,16.05,19.43,13.26,91.3,4.86,0.91,2.53,17.09,16.34,17.94,13.39,10,276,2017,16.625714285714288,7.041428571428574,16.24,3.96,0.04,17.54,3.03,17.21,7.58
2017-10-04,17.09,20.72,13.91,89.59,2.53,1.28,0.6,17.33,16.05,17.92,4.86,10,277,2017,16.50714285714286,7.298571428571431,16.39,7.24,0.73,16.85,9.03,17.71,0.47
2017-10-05,17.33,21.5,13.89,84.89,0.6,1.21,1.63,17.56,17.09,17.18,2.53,10,278,2017,16.52857142857143,6.345714285714288,16.34,13.39,7.27,16.47,5.39,17.77,0.02
2017-10-06,17.56,21.39,14.79,79.04,1.63,1.3,2.91,17.41,17.33,16.26,0.6,10,279,2017,16.714285714285715,4.887142857142858,16.05,4.86,11.84,16.84,0.04,17.98,0.61
2017-10-07,17.41,21.25,14.26,82.32,2.91,1.39,3.1,16.67,17.56,16.24,1.63,10,280,2017,16.88142857142857,4.737142857142858,17.09,2.53,3.96,17.92,0.75,18.01,1.43
2017-10-08,16.67,20.94,12.87,81.64,3.1,1.3,4.61,16.54,17.41,16.39,2.91,10,281,2017,16.92142857142857,4.145714285714288,17.33,0.6,7.24,17.81,2.44,18.16,2.4
2017-10-09,16.54,20.88,13.39,81.01,4.61,1.18,1.36,15.86,16.67,16.34,3.1,10,282,2017,16.95,2.8914285714285737,17.56,1.63,13.39,18.1,0.07,18.59,0.84
2017-10-10,15.86,20.45,11.44,82.02,1.36,1.21,1.48,16.71,16.54,16.05,4.61,10,283,2017,16.922857142857143,2.3914285714285737,17.41,2.91,4.86,17.94,0.04,17.95,5.93
2017-10-11,16.71,21.33,12.83,78.16,1.48,1.05,0.05,16.83,15.86,17.09,1.36,10,284,2017,16.86857142857143,2.2414285714285733,16.67,3.1,2.53,17.92,0.73,17.75,4.26
2017-10-12,16.83,21.26,13.33,80.93,0.05,1.27,0.52,16.53,16.71,17.33,1.48,10,285,2017,16.797142857142855,2.162857142857145,16.54,4.61,0.6,17.18,7.27,17.41,4.37
2017-10-13,16.53,20.69,13.85,85.36,0.52,1.35,0.02,15.99,16.83,17.56,0.05,10,286,2017,16.650000000000002,2.0042857142857167,15.86,1.36,1.63,16.26,11.84,16.83,2.64
2017-10-14,15.99,20.86,12.43,76.11,0.02,1.36,0.0,14.82,16.53,17.41,0.52,10,287,2017,16.447142857142858,1.5914285714285736,16.71,1.48,2.91,16.24,3.96,17.82,2.69
2017-10-15,14.82,19.24,11.74,67.84,0.0,1.22,0.0,14.32,15.99,16.67,0.02,10,288,2017,16.18285714285714,1.1485714285714306,16.83,0.05,3.1,16.39,7.24,17.57,8.97
2017-10-16,14.32,18.37,11.34,76.74,0.0,1.17,0.0,15.29,14.82,16.54,0.0,10,289,2017,15.865714285714287,0.49000000000000205,16.53,0.52,4.61,16.34,13.39,18.95,1.65
2017-10-17,15.29,19.42,12.48,88.18,0.0,1.12,0.0,15.66,14.32,15.86,0.0,10,290,2017,15.784285714285716,0.29571428571428776,15.99,0.02,1.36,16.05,4.86,19.3,14.75
2017-10-18,15.66,20.34,12.23,82.75,0.0,1.32,0.02,15.9,15.29,16.71,0.0,10,291,2017,15.634285714285713,0.08428571428571632,14.82,0.0,1.48,17.09,2.53,17.71,5.7
2017-10-19,15.9,20.29,12.75,80.66,0.02,1.35,0.09,15.6,15.66,16.83,0.0,10,292,2017,15.501428571428571,0.08000000000000204,14.32,0.0,0.05,17.33,0.6,17.54,3.03
2017-10-20,15.6,20.65,12.22,86.44,0.09,1.08,0.29,14.77,15.9,16.53,0.02,10,293,2017,15.368571428571428,0.0185714285714306,15.29,0.0,0.52,17.56,1.63,16.85,9.03
2017-10-21,14.77,19.48,11.61,84.65,0.29,1.46,0.28,14.06,15.6,15.99,0.09,10,294,2017,15.194285714285714,0.05714285714285917,15.66,0.0,0.02,17.41,2.91,16.47,5.39
2017-10-22,14.06,18.51,10.66,84.96,0.28,1.33,0.01,13.11,14.77,14.82,0.29,10,295,2017,15.085714285714285,0.09714285714285917,15.9,0.02,0.0,16.67,3.1,16.84,0.04
2017-10-23,13.11,17.78,8.62,74.25,0.01,1.21,0.0,12.11,14.06,14.32,0.28,10,296,2017,14.912857142857144,0.0985714285714306,15.6,0.09,0.0,16.54,4.61,17.92,0.75
2017-10-24,12.11,17.14,8.65,65.52,0.0,1.51,0.0,11.28,13.11,15.29,0.01,10,297,2017,14.458571428571428,0.0985714285714306,14.77,0.29,0.0,15.86,1.36,17.81,2.44
2017-10-25,11.28,16.06,7.41,62.4,0.0,1.3,0.0,11.74,12.11,15.66,0.0,10,298,2017,13.832857142857142,0.0985714285714306,14.06,0.28,0.0,16.71,1.48,18.1,0.07
2017-10-26,11.74,16.27,8.9,62.79,0.0,1.24,0.16,11.9,11.28,15.9,0.0,10,299,2017,13.23857142857143,0.09571428571428774,13.11,0.01,0.02,16.83,0.05,17.94,0.04
2017-10-27,11.9,16.4,8.37,70.95,0.16,1.16,5.17,11.16,11.74,15.6,0.0,10,300,2017,12.709999999999999,0.10571428571428775,12.11,0.0,0.09,16.53,0.52,17.92,0.73
2017-10-28,11.16,14.91,8.52,77.97,5.17,1.04,2.66,10.6,11.9,14.77,0.16,10,301,2017,12.194285714285714,0.8028571428571449,11.28,0.0,0.29,15.99,0.02,17.18,7.27
2017-10-29,10.6,14.22,7.46,78.53,2.66,1.08,2.78,10.57,11.16,14.06,5.17,10,302,2017,11.700000000000001,1.1428571428571448,11.74,0.0,0.28,14.82,0.0,16.26,11.84
2017-10-30,10.57,15.65,7.23,83.64,2.78,1.08,0.28,10.39,10.6,13.11,2.66,10,303,2017,11.337142857142856,1.5385714285714305,11.9,0.16,0.01,14.32,0.0,16.24,3.96
2017-10-31,10.39,14.28,7.8,88.14,0.28,1.11,0.0,10.99,10.57,12.11,2.78,10,304,2017,11.09142857142857,1.5785714285714307,11.16,5.17,0.0,15.29,0.0,16.39,7.24
2017-11-01,10.99,15.49,7.69,85.4,0.0,1.04,0.0,11.79,10.39,11.28,0.28,11,305,2017,11.049999999999999,1.5785714285714307,10.6,2.66,0.0,15.66,0.0,16.34,13.39
2017-11-02,11.79,16.3,8.18,85.14,0.0,1.1,0.0,12.31,10.99,11.74,0.0,11,306,2017,11.057142857142859,1.5785714285714307,10.57,2.78,0.0,15.9,0.02,16.05,4.86
2017-11-03,12.31,16.74,9.62,80.07,0.0,1.07,0.0,12.49,11.79,11.9,0.0,11,307,2017,11.115714285714287,1.5557142857142878,10.39,0.28,0.16,15.6,0.09,17.09,2.53
2017-11-04,12.49,17.14,8.83,71.02,0.0,1.21,0.0,12.71,12.31,11.16,0.0,11,308,2017,11.305714285714286,0.8171428571428592,10.99,0.0,5.17,14.77,0.29,17.33,0.6
2017-11-05,12.71,16.67,10.09,81.14,0.0,1.22,0.0,12.46,12.49,10.6,0.0,11,309,2017,11.607142857142858,0.4371428571428591,11.79,0.0,2.66,14.06,0.28,17.56,1.63
2017-11-06,12.46,17.05,9.02,75.59,0.0,1.21,0.0,12.01,12.71,10.57,0.0,11,310,2017,11.877142857142857,0.040000000000002034,12.31,0.0,2.78,13.11,0.01,17.41,2.91
2017-11-07,12.01,16.96,8.12,78.77,0.0,1.33,0.0,11.88,12.46,10.39,0.0,11,311,2017,12.108571428571429,0.0,12.49,0.0,0.28,12.11,0.0,16.67,3.1
2017-11-08,11.88,16.14,8.68,71.95,0.0,1.16,0.0,11.46,12.01,10.99,0.0,11,312,2017,12.235714285714286,0.0,12.71,0.0,0.0,11.28,0.0,16.54,4.61
2017-11-09,11.46,16.1,8.23,71.76,0.0,1.15,0.0,11.32,11.88,11.79,0.0,11,313,2017,12.18857142857143,0.0,12.46,0.0,0.0,11.74,0.0,15.86,1.36
2017-11-10,11.32,16.05,8.03,64.9,0.0,1.2,0.0,12.19,11.46,12.31,0.0,11,314,2017,12.047142857142857,0.0,12.01,0.0,0.0,11.9,0.16,16.71,1.48
2017-11-11,12.19,16.85,8.82,72.36,0.0,1.22,0.0,11.82,11.32,12.49,0.0,11,315,2017,12.004285714285714,0.0,11.88,0.0,0.0,11.16,5.17,16.83,0.05
2017-11-12,11.82,16.46,8.67,60.58,0.0,1.14,0.0,11.49,12.19,12.71,0.0,11,316,2017,11.877142857142857,0.0,11.46,0.0,0.0,10.6,2.66,16.53,0.52
2017-11-13,11.49,16.42,8.1,64.66,0.0,1.25,0.0,12.21,11.82,12.46,0.0,11,317,2017,11.73857142857143,0.0,11.32,0.0,0.0,10.57,2.78,15.99,0.02
2017-11-14,12.21,16.98,8.58,55.97,0.0,1.05,0.0,11.76,11.49,12.01,0.0,11,318,2017,11.767142857142858,0.0,12.19,0.0,0.0,10.39,0.28,14.82,0.0
2017-11-15,11.76,17.36,8.08,51.56,0.0,1.1,0.0,11.55,12.21,11.88,0.0,11,319,2017,11.75,0.0,11.82,0.0,0.0,10.99,0.0,14.32,0.0
2017-11-16,11.55,16.31,8.21,66.33,0.0,1.16,0.0,12.15,11.76,11.46,0.0,11,320,2017,11.762857142857143,0.0,11.49,0.0,0.0,11.79,0.0,15.29,0.0
2017-11-17,12.15,17.42,8.6,68.1,0.0,1.19,0.0,12.01,11.55,11.32,0.0,11,321,2017,11.881428571428572,0.0,12.21,0.0,0.0,12.31,0.0,15.66,0.0
2017-11-18,12.01,17.15,8.72,59.33,0.0,1.18,0.0,10.62,12.15,12.19,0.0,11,322,2017,11.855714285714287,0.0,11.76,0.0,0.0,12.49,0.0,15.9,0.02
2017-11-19,10.62,16.58,6.57,54.92,0.0,1.43,0.0,9.84,12.01,11.82,0.0,11,323,2017,11.684285714285712,0.0,11.55,0.0,0.0,12.71,0.0,15.6,0.09
2017-11-20,9.84,15.64,6.03,53.31,0.0,1.3,0.0,9.64,10.62,11.49,0.0,11,324,2017,11.448571428571428,0.0,12.15,0.0,0.0,12.46,0.0,14.77,0.29
2017-11-21,9.64,15.58,5.2,56.36,0.0,1.19,0.0,8.91,9.84,12.21,0.0,11,325,2017,11.081428571428571,0.0,12.01,0.0,0.0,12.01,0.0,14.06,0.28
2017-11-22,8.91,14.57,5.7,52.96,0.0,1.28,0.0,8.97,9.64,11.76,0.0,11,326,2017,10.674285714285714,0.0,10.62,0.0,0.0,11.88,0.0,13.11,0.01
2017-11-23,8.97,14.43,5.13,50.79,0.0,1.1,0.0,9.05,8.91,11.55,0.0,11,327,2017,10.305714285714286,0.0,9.84,0.0,0.0,11.46,0.0,12.11,0.0
2017-11-24,9.05,14.03,5.65,52.44,0.0,1.14,0.0,9.37,8.97,12.15,0.0,11,328,2017,9.862857142857143,0.0,9.64,0.0,0.0,11.32,0.0,11.28,0.0
2017-11-25,9.37,14.42,6.33,57.27,0.0,1.13,0.0,9.44,9.05,12.01,0.0,11,329,2017,9.485714285714284,0.0,8.91,0.0,0.0,12.19,0.0,11.74,0.0
2017-11-26,9.44,14.36,6.74,57.88,0.0,1.25,0.14,8.58,9.37,10.62,0.0,11,330,2017,9.317142857142857,0.0,8.97,0.0,0.0,11.82,0.0,11.9,0.16
2017-11-27,8.58,13.62,5.46,65.87,0.14,1.23,0.08,7.9,9.44,9.84,0.0,11,331,2017,9.137142857142857,0.020000000000002034,9.05,0.0,0.0,11.49,0.0,11.16,5.17
2017-11-28,7.9,13.14,4.18,71.65,0.08,1.27,0.0,7.87,8.58,9.64,0.14,11,332,2017,8.888571428571428,0.031428571428573464,9.37,0.0,0.0,12.21,0.0,10.6,2.66
2017-11-29,7.87,12.53,4.46,64.84,0.0,1.09,0.0,8.14,7.9,8.91,0.08,11,333,2017,8.74,0.031428571428573464,9.44,0.0,0.0,11.76,0.0,10.57,2.78
2017-11-30,8.14,13.06,4.62,60.87,0.0,1.07,0.0,9.08,7.87,8.97,0.0,11,334,2017,8.621428571428572,0.031428571428573464,8.58,0.14,0.0,11.55,0.0,10.39,0.28
2017-12-01,9.08,14.23,5.76,58.67,0.0,1.04,0.0,9.14,8.14,9.05,0.0,12,335,2017,8.625714285714285,0.031428571428573464,7.9,0.08,0.0,12.15,0.0,10.99,0.0
2017-12-02,9.14,13.91,6.65,59.56,0.0,1.05,0.0,9.38,9.08,9.37,0.0,12,336,2017,8.592857142857143,0.031428571428573464,7.87,0.0,0.0,12.01,0.0,11.79,0.0
2017-12-03,9.38,13.98,5.74,51.82,0.0,1.03,0.0,10.27,9.14,9.44,0.0,12,337,2017,8.584285714285715,0.031428571428573464,8.14,0.0,0.0,10.62,0.0,12.31,0.0
2017-12-04,10.27,15.3,7.29,48.53,0.0,1.01,0.0,10.44,9.38,8.58,0.0,12,338,2017,8.825714285714286,0.011428571428573458,9.08,0.0,0.14,9.84,0.0,12.49,0.0
2017-12-05,10.44,15.65,7.3,59.2,0.0,1.13,0.0,10.66,10.27,7.9,0.0,12,339,2017,9.188571428571427,0.0,9.14,0.0,0.08,9.64,0.0,12.71,0.0
2017-12-06,10.66,16.03,7.49,63.55,0.0,1.36,0.0,10.92,10.44,7.87,0.0,12,340,2017,9.587142857142856,0.0,9.38,0.0,0.0,8.91,0.0,12.46,0.0
2017-12-07,10.92,16.59,7.11,65.09,0.0,1.39,0.0,10.6,10.66,8.14,0.0,12,341,2017,9.984285714285715,0.0,10.27,0.0,0.0,8.97,0.0,12.01,0.0
2017-12-08,10.6,16.41,6.3,62.53,0.0,1.18,0.0,11.37,10.92,9.08,0.0,12,342,2017,10.20142857142857,0.0,10.44,0.0,0.0,9.05,0.0,11.88,0.0
2017-12-09,11.37,16.35,8.13,50.88,0.0,1.06,0.0,11.42,10.6,9.14,0.0,12,343,2017,10.52,0.0,10.66,0.0,0.0,9.37,0.0,11.46,0.0
2017-12-10,11.42,16.64,8.07,49.66,0.0,1.02,0.0,11.22,11.37,9.38,0.0,12,344,2017,10.81142857142857,0.0,10.92,0.0,0.0,9.44,0.0,11.32,0.0
2017-12-11,11.22,16.26,8.42,57.5,0.0,1.1,0.0,9.35,11.42,10.27,0.0,12,345,2017,10.947142857142856,0.0,10.6,0.0,0.0,8.58,0.14,12.19,0.0
2017-12-12,9.35,14.98,5.84,49.96,0.0,1.33,0.0,8.78,11.22,10.44,0.0,12,346,2017,10.79142857142857,0.0,11.37,0.0,0.0,7.9,0.08,11.82,0.0
2017-12-13,8.78,15.35,4.31,55.65,0.0,1.49,0.0,8.5,9.35,10.66,0.0,12,347,2017,10.522857142857143,0.0,11.42,0.0,0.0,7.87,0.0,11.49,0.0
2017-12-14,8.5,15.39,4.52,45.06,0.0,1.53,0.0,8.47,8.78,10.92,0.0,12,348,2017,10.177142857142856,0.0,11.22,0.0,0.0,8.14,0.0,12.21,0.0
2017-12-15,8.47,15.47,3.12,36.78,0.0,1.33,0.0,8.3,8.5,10.6,0.0,12,349,2017,9.872857142857143,0.0,9.35,0.0,0.0,9.08,0.0,11.76,0.0
2017-12-16,8.3,15.43,2.96,37.4,0.0,1.33,0.0,8.35,8.47,11.37,0.0,12,350,2017,9.434285714285716,0.0,8.78,0.0,0.0,9.14,0.0,11.55,0.0
2017-12-17,8.35,14.96,4.12,35.95,0.0,1.23,0.0,9.27,8.3,11.42,0.0,12,351,2017,8.995714285714286,0.0,8.5,0.0,0.0,9.38,0.0,12.15,0.0
2017-12-18,9.27,15.28,5.41,37.43,0.0,1.08,0.0,10.32,8.35,11.22,0.0,12,352,2017,8.717142857142857,0.0,8.47,0.0,0.0,10.27,0.0,12.01,0.0
2017-12-19,10.32,15.31,7.3,42.98,0.0,1.07,0.0,10.69,9.27,9.35,0.0,12,353,2017,8.855714285714285,0.0,8.3,0.0,0.0,10.44,0.0,10.62,0.0
2017-12-20,10.69,15.48,7.96,51.97,0.0,0.91,0.0,9.76,10.32,8.78,0.0,12,354,2017,9.128571428571428,0.0,8.35,0.0,0.0,10.66,0.0,9.84,0.0
2017-12-21,9.76,14.68,6.6,58.52,0.0,1.13,0.0,8.72,10.69,8.5,0.0,12,355,2017,9.308571428571428,0.0,9.27,0.0,0.0,10.92,0.0,9.64,0.0
2017-12-22,8.72,14.82,4.86,57.45,0.0,1.32,0.0,8.89,9.76,8.47,0.0,12,356,2017,9.344285714285714,0.0,10.32,0.0,0.0,10.6,0.0,8.91,0.0
2017-12-23,8.89,14.37,5.78,48.97,0.0,1.17,0.0,8.83,8.72,8.3,0.0,12,357,2017,9.428571428571429,0.0,10.69,0.0,0.0,11.37,0.0,8.97,0.0
2017-12-24,8.83,14.69,5.84,40.21,0.0,1.17,0.0,7.89,8.89,8.35,0.0,12,358,2017,9.497142857142858,0.0,9.76,0.0,0.0,11.42,0.0,9.05,0.0
2017-12-25,7.89,13.62,4.11,38.41,0.0,1.09,0.0,7.61,8.83,9.27,0.0,12,359,2017,9.3,0.0,8.72,0.0,0.0,11.22,0.0,9.37,0.0
2017-12-26,7.61,14.15,3.56,45.41,0.0,1.17,0.0,8.53,7.89,10.32,0.0,12,360,2017,8.912857142857144,0.0,8.89,0.0,0.0,9.35,0.0,9.44,0.0
2017-12-27,8.53,15.12,2.32,39.76,0.0,1.14,0.0,9.42,7.61,10.69,0.0,12,361,2017,8.604285714285714,0.0,8.83,0.0,0.0,8.78,0.0,8.58,0.14
2017-12-28,9.42,15.46,5.95,38.82,0.0,1.07,0.0,9.15,8.53,9.76,0.0,12,362,2017,8.555714285714286,0.0,7.89,0.0,0.0,8.5,0.0,7.9,0.08
2017-12-29,9.15,15.82,5.06,38.2,0.0,1.19,0.0,8.57,9.42,8.72,0.0,12,363,2017,8.617142857142857,0.0,7.61,0.0,0.0,8.47,0.0,7.87,0.0
2017-12-30,8.57,15.55,4.7,38.11,0.0,1.23,0.0,7.45,9.15,8.89,0.0,12,364,2017,8.571428571428571,0.0,8.53,0.0,0.0,8.3,0.0,8.14,0.0
2017-12-31,7.45,13.99,2.81,39.76,0.0,1.2,0.0,6.45,8.57,8.83,0.0,12,365,2017,8.374285714285715,0.0,9.42,0.0,0.0,8.35,0.0,9.08,0.0
2018-01-01,6.45,11.82,2.61,47.26,0.0,1.08,0.0,4.77,7.45,7.89,0.0,1,1,2018,8.168571428571429,0.0,9.15,0.0,0.0,9.27,0.0,9.14,0.0
2018-01-02,4.77,11.32,0.45,57.1,0.0,1.41,0.0,4.55,6.45,7.61,0.0,1,2,2018,7.762857142857143,0.0,8.57,0.0,0.0,10.32,0.0,9.38,0.0
2018-01-03,4.55,11.16,-0.72,51.19,0.0,1.39,0.0,5.75,4.77,8.53,0.0,1,3,2018,7.194285714285714,0.0,7.45,0.0,0.0,10.69,0.0,10.27,0.0
2018-01-04,5.75,12.53,2.23,46.46,0.0,1.18,0.0,4.6,4.55,9.42,0.0,1,4,2018,6.67,0.0,6.45,0.0,0.0,9.76,0.0,10.44,0.0
2018-01-05,4.6,10.83,0.67,44.84,0.0,1.41,0.0,3.5,5.75,9.15,0.0,1,5,2018,6.0200000000000005,0.0,4.77,0.0,0.0,8.72,0.0,10.66,0.0
2018-01-06,3.5,10.69,-0.5,43.44,0.0,1.46,0.0,3.06,4.6,8.57,0.0,1,6,2018,5.295714285714285,0.0,4.55,0.0,0.0,8.89,0.0,10.92,0.0
2018-01-07,3.06,9.68,-1.01,47.33,0.0,1.46,0.0,4.28,3.5,7.45,0.0,1,7,2018,4.668571428571428,0.0,5.75,0.0,0.0,8.83,0.0,10.6,0.0
2018-01-08,4.28,11.08,-0.36,45.7,0.0,1.11,0.0,6.81,3.06,6.45,0.0,1,8,2018,4.3585714285714285,0.0,4.6,0.0,0.0,7.89,0.0,11.37,0.0
2018-01-09,6.81,13.27,2.83,38.44,0.0,1.11,0.0,8.19,4.28,4.77,0.0,1,9,2018,4.6499999999999995,0.0,3.5,0.0,0.0,7.61,0.0,11.42,0.0
2018-01-10,8.19,14.71,3.64,35.69,0.0,1.15,0.0,9.1,6.81,4.55,0.0,1,10,2018,5.17,0.0,3.06,0.0,0.0,8.53,0.0,11.22,0.0
2018-01-11,9.1,14.82,6.44,36.72,0.0,1.09,0.0,8.79,8.19,5.75,0.0,1,11,2018,5.648571428571429,0.0,4.28,0.0,0.0,9.42,0.0,9.35,0.0
2018-01-12,8.79,14.31,5.74,44.97,0.0,1.24,0.0,7.81,9.1,4.6,0.0,1,12,2018,6.247142857142856,0.0,6.81,0.0,0.0,9.15,0.0,8.78,0.0
2018-01-13,7.81,14.01,3.92,48.58,0.0,1.17,0.0,6.4,8.79,3.5,0.0,1,13,2018,6.862857142857142,0.0,8.19,0.0,0.0,8.57,0.0,8.5,0.0
2018-01-14,6.4,12.36,3.54,47.74,0.0,1.24,0.0,6.72,7.81,3.06,0.0,1,14,2018,7.340000000000001,0.0,9.1,0.0,0.0,7.45,0.0,8.47,0.0
2018-01-15,6.72,12.89,3.03,45.68,0.0,1.41,0.0,8.09,6.4,4.28,0.0,1,15,2018,7.688571428571429,0.0,8.79,0.0,0.0,6.45,0.0,8.3,0.0
2018-01-16,8.09,13.84,4.63,36.12,0.0,1.22,0.0,8.59,6.72,6.81,0.0,1,16,2018,7.871428571428571,0.0,7.81,0.0,0.0,4.77,0.0,8.35,0.0
2018-01-17,8.59,14.86,4.83,40.6,0.0,1.38,0.0,8.49,8.09,8.19,0.0,1,17,2018,7.928571428571429,0.0,6.4,0.0,0.0,4.55,0.0,9.27,0.0
2018-01-18,8.49,14.76,5.21,35.99,0.0,1.28,0.0,8.64,8.59,9.1,0.0,1,18,2018,7.841428571428572,0.0,6.72,0.0,0.0,5.75,0.0,10.32,0.0
2018-01-19,8.64,14.76,5.58,35.34,0.0,1.27,0.0,8.41,8.49,8.79,0.0,1,19,2018,7.819999999999999,0.0,8.09,0.0,0.0,4.6,0.0,10.69,0.0
2018-01-20,8.41,15.04,4.29,37.34,0.0,1.3,0.0,8.27,8.64,7.81,0.0,1,20,2018,7.905714285714287,0.0,8.59,0.0,0.0,3.5,0.0,9.76,0.0
2018-01-21,8.27,15.18,3.48,38.97,0.0,1.23,0.0,9.42,8.41,6.4,0.0,1,21,2018,8.172857142857142,0.0,8.49,0.0,0.0,3.06,0.0,8.72,0.0
2018-01-22,9.42,15.27,6.26,39.2,0.0,1.09,0.0,8.64,8.27,6.72,0.0,1,22,2018,8.558571428571428,0.0,8.64,0.0,0.0,4.28,0.0,8.89,0.0
2018-01-23,8.64,15.32,4.0,37.68,0.0,1.3,0.55,4.52,9.42,8.09,0.0,1,23,2018,8.637142857142857,0.0,8.41,0.0,0.0,6.81,0.0,8.83,0.0
2018-01-24,4.52,9.75,1.65,55.9,0.55,1.16,0.05,5.36,8.64,8.59,0.0,1,24,2018,8.055714285714286,0.07857142857143061,8.27,0.0,0.0,8.19,0.0,7.89,0.0
2018-01-25,5.36,11.93,1.11,53.36,0.05,1.41,0.0,4.26,4.52,8.49,0.55,1,25,2018,7.608571428571429,0.08571428571428776,9.42,0.0,0.0,9.1,0.0,7.61,0.0
2018-01-26,4.26,11.11,-0.36,54.81,0.0,1.64,0.0,3.43,5.36,8.64,0.05,1,26,2018,6.982857142857143,0.08571428571428776,8.64,0.0,0.0,8.79,0.0,8.53,0.0
2018-01-27,3.43,9.36,-0.89,57.86,0.0,1.72,0.0,4.33,4.26,8.41,0.0,1,27,2018,6.271428571428571,0.08571428571428776,4.52,0.55,0.0,7.81,0.0,9.42,0.0
2018-01-28,4.33,11.35,-0.66,47.14,0.0,1.48,0.0,6.29,3.43,8.27,0.0,1,28,2018,5.708571428571427,0.08571428571428776,5.36,0.05,0.0,6.4,0.0,9.15,0.0
2018-01-29,6.29,12.95,2.02,38.9,0.0,1.26,0.0,8.06,4.33,9.42,0.0,1,29,2018,5.2614285714285725,0.08571428571428776,4.26,0.0,0.0,6.72,0.0,8.57,0.0
2018-01-30,8.06,15.05,3.76,38.28,0.0,1.19,0.0,9.36,6.29,8.64,0.0,1,30,2018,5.178571428571429,0.08571428571428776,3.43,0.0,0.0,8.09,0.0,7.45,0.0
2018-01-31,9.36,15.8,5.86,41.78,0.0,1.2,0.0,8.67,8.06,4.52,0.0,1,31,2018,5.87,0.007142857142859173,4.33,0.0,0.55,8.59,0.0,6.45,0.0
2018-02-01,8.67,14.3,5.03,48.92,0.0,1.25,0.0,8.35,9.36,5.36,0.0,2,32,2018,6.3428571428571425,0.0,6.29,0.0,0.05,8.49,0.0,4.77,0.0
2018-02-02,8.35,14.57,4.49,50.09,0.0,1.4,0.0,6.86,8.67,4.26,0.0,2,33,2018,6.927142857142857,0.0,8.06,0.0,0.0,8.64,0.0,4.55,0.0
2018-02-03,6.86,13.69,2.5,52.18,0.0,1.53,0.0,7.64,8.35,3.43,0.0,2,34,2018,7.417142857142857,0.0,9.36,0.0,0.0,8.41,0.0,5.75,0.0
2018-02-04,7.64,14.96,2.56,44.31,0.0,1.97,0.0,9.63,6.86,4.33,0.0,2,35,2018,7.890000000000001,0.0,8.67,0.0,0.0,8.27,0.0,4.6,0.0
2018-02-05,9.63,16.18,4.89,38.71,0.0,1.52,0.0,9.67,7.64,6.29,0.0,2,36,2018,8.367142857142857,0.0,8.35,0.0,0.0,9.42,0.0,3.5,0.0
2018-02-06,9.67,16.22,5.83,43.22,0.0,1.9,0.0,9.59,9.63,8.06,0.0,2,37,2018,8.597142857142858,0.0,6.86,0.0,0.0,8.64,0.0,3.06,0.0
2018-02-07,9.59,16.02,6.31,51.35,0.0,1.6,0.0,8.3,9.67,9.36,0.0,2,38,2018,8.63,0.0,7.64,0.0,0.0,4.52,0.55,4.28,0.0
2018-02-08,8.3,14.71,4.47,43.85,0.0,1.83,0.0,7.4,9.59,8.67,0.0,2,39,2018,8.577142857142858,0.0,9.63,0.0,0.0,5.36,0.05,6.81,0.0
2018-02-09,7.4,13.82,3.53,37.46,0.0,1.81,0.0,7.42,8.3,8.35,0.0,2,40,2018,8.441428571428572,0.0,9.67,0.0,0.0,4.26,0.0,8.19,0.0
2018-02-10,7.42,13.98,2.57,33.75,0.0,1.49,0.0,7.58,7.4,6.86,0.0,2,41,2018,8.521428571428572,0.0,9.59,0.0,0.0,3.43,0.0,9.1,0.0
2018-02-11,7.58,14.47,1.7,34.66,0.0,1.6,0.01,8.09,7.42,7.64,0.0,2,42,2018,8.512857142857143,0.0,8.3,0.0,0.0,4.33,0.0,8.79,0.0
2018-02-12,8.09,14.36,2.86,41.36,0.01,1.36,0.4,7.33,7.58,9.63,0.0,2,43,2018,8.292857142857143,0.0014285714285734586,7.4,0.0,0.0,6.29,0.0,7.81,0.0
2018-02-13,7.33,13.17,3.59,56.19,0.4,1.01,0.35,7.76,8.09,9.67,0.01,2,44,2018,7.958571428571427,0.058571428571430606,7.42,0.0,0.0,8.06,0.0,6.4,0.0
2018-02-14,7.76,13.63,3.21,53.47,0.35,1.61,0.15,8.86,7.33,9.59,0.4,2,45,2018,7.6971428571428575,0.10857142857143061,7.58,0.0,0.0,9.36,0.0,6.72,0.0
2018-02-15,8.86,16.73,2.27,41.2,0.15,1.57,0.06,9.33,7.76,8.3,0.35,2,46,2018,7.777142857142857,0.13000000000000203,8.09,0.01,0.0,8.67,0.0,8.09,0.0
2018-02-16,9.33,15.88,5.33,39.27,0.06,1.46,0.0,8.35,8.86,7.4,0.15,2,47,2018,8.052857142857142,0.1385714285714306,7.33,0.4,0.0,8.35,0.0,8.59,0.0
2018-02-17,8.35,14.76,3.87,53.33,0.0,1.67,0.0,7.37,9.33,7.42,0.06,2,48,2018,8.185714285714287,0.1385714285714306,7.76,0.35,0.0,6.86,0.0,8.49,0.0
2018-02-18,7.37,14.15,1.6,54.07,0.0,1.66,0.0,8.41,8.35,7.58,0.0,2,49,2018,8.155714285714286,0.1385714285714306,8.86,0.15,0.0,7.64,0.0,8.64,0.0
2018-02-19,8.41,14.89,2.88,45.71,0.0,1.71,0.18,9.42,7.37,8.09,0.0,2,50,2018,8.20142857142857,0.13714285714285918,9.33,0.06,0.01,9.63,0.0,8.41,0.0
2018-02-20,9.42,15.73,5.41,37.6,0.18,1.37,0.16,8.7,8.41,7.33,0.0,2,51,2018,8.5,0.10571428571428775,8.35,0.0,0.4,9.67,0.0,8.27,0.0
2018-02-21,8.7,14.82,4.56,38.37,0.16,1.45,0.07,8.79,9.42,7.76,0.18,2,52,2018,8.634285714285713,0.07857142857143061,7.37,0.0,0.35,9.59,0.0,9.42,0.0
2018-02-22,8.79,14.32,5.47,43.02,0.07,1.47,0.04,9.12,8.7,8.86,0.16,2,53,2018,8.624285714285714,0.06714285714285917,8.41,0.0,0.15,8.3,0.0,8.64,0.0
2018-02-23,9.12,14.71,4.48,51.39,0.04,1.52,0.04,9.71,8.79,9.33,0.07,2,54,2018,8.594285714285714,0.06428571428571632,9.42,0.18,0.06,7.4,0.0,4.52,0.55
2018-02-24,9.71,15.93,5.13,47.66,0.04,1.47,0.0,10.15,9.12,8.35,0.04,2,55,2018,8.788571428571428,0.07000000000000203,8.7,0.16,0.0,7.42,0.0,5.36,0.05
2018-02-25,10.15,16.63,5.96,48.55,0.0,1.59,0.0,10.79,9.71,7.37,0.04,2,56,2018,9.185714285714285,0.07000000000000203,8.79,0.07,0.0,7.58,0.0,4.26,0.0
2018-02-26,10.79,16.73,6.9,52.23,0.0,1.76,0.0,10.99,10.15,8.41,0.0,2,57,2018,9.525714285714287,0.07000000000000203,9.12,0.04,0.0,8.09,0.01,3.43,0.0
2018-02-27,10.99,17.43,6.44,47.03,0.0,1.56,0.0,11.36,10.79,9.42,0.0,2,58,2018,9.75,0.04428571428571632,9.71,0.04,0.18,7.33,0.4,4.33,0.0
2018-02-28,11.36,17.51,7.39,47.27,0.0,1.6,0.0,11.31,10.99,8.7,0.0,2,59,2018,10.129999999999999,0.021428571428573462,10.15,0.0,0.16,7.76,0.35,6.29,0.0
2018-03-01,11.31,17.17,7.19,49.79,0.0,1.66,0.2,11.38,11.36,8.79,0.0,3,60,2018,10.489999999999998,0.011428571428573458,10.79,0.0,0.07,8.86,0.15,8.06,0.0
2018-03-02,11.38,17.37,6.43,48.51,0.2,1.6,0.21,11.56,11.31,9.12,0.0,3,61,2018,10.812857142857144,0.03428571428571632,10.99,0.0,0.04,9.33,0.06,9.36,0.0
2018-03-03,11.56,19.04,5.24,46.77,0.21,1.92,0.01,12.23,11.38,9.71,0.2,3,62,2018,11.077142857142858,0.058571428571430606,11.36,0.0,0.04,8.35,0.0,8.67,0.0
2018-03-04,12.23,19.07,7.17,44.77,0.01,1.74,0.0,9.99,11.56,10.15,0.21,3,63,2018,11.374285714285714,0.06000000000000203,11.31,0.0,0.0,7.37,0.0,8.35,0.0
2018-03-05,9.99,15.11,5.56,51.39,0.0,1.36,0.0,10.03,12.23,10.79,0.01,3,64,2018,11.260000000000002,0.06000000000000203,11.38,0.2,0.0,8.41,0.0,6.86,0.0
2018-03-06,10.03,16.09,4.62,52.85,0.0,2.03,0.0,11.71,9.99,10.99,0.0,3,65,2018,11.122857142857145,0.06000000000000203,11.56,0.21,0.0,9.42,0.18,7.64,0.0
2018-03-07,11.71,18.67,6.74,35.88,0.0,1.71,0.0,11.25,10.03,11.36,0.0,3,66,2018,11.172857142857142,0.06000000000000203,12.23,0.01,0.0,8.7,0.16,9.63,0.0
2018-03-08,11.25,18.22,6.18,37.71,0.0,1.8,0.03,10.33,11.71,11.31,0.0,3,67,2018,11.164285714285715,0.06000000000000203,9.99,0.0,0.0,8.79,0.07,9.67,0.0
2018-03-09,10.33,17.55,5.21,36.93,0.03,1.81,0.06,10.61,11.25,11.38,0.0,3,68,2018,11.014285714285714,0.035714285714287745,10.03,0.0,0.2,9.12,0.04,9.59,0.0
2018-03-10,10.61,17.42,5.42,36.92,0.06,1.8,4.11,10.34,10.33,11.56,0.03,3,69,2018,10.878571428571428,0.014285714285716317,11.71,0.0,0.21,9.71,0.04,8.3,0.0
2018-03-11,10.34,16.97,4.98,43.93,4.11,1.76,1.74,9.99,10.61,12.23,0.06,3,70,2018,10.608571428571427,0.6000000000000021,11.25,0.0,0.01,10.15,0.0,7.4,0.0
2018-03-12,9.99,16.17,4.62,47.97,1.74,1.64,0.68,11.01,10.34,9.99,4.11,3,71,2018,10.608571428571429,0.8485714285714306,10.33,0.03,0.0,10.79,0.0,7.42,0.0
2018-03-13,11.01,17.7,5.98,46.73,0.68,1.75,0.0,12.32,9.99,10.03,1.74,3,72,2018,10.748571428571429,0.9457142857142877,10.61,0.06,0.0,10.99,0.0,7.58,0.0
2018-03-14,12.32,19.27,7.38,45.26,0.0,1.73,0.14,11.69,11.01,11.71,0.68,3,73,2018,10.835714285714285,0.9457142857142877,10.34,4.11,0.0,11.36,0.0,8.09,0.01
2018-03-15,11.69,17.33,7.42,51.1,0.14,1.8,0.3,11.85,12.32,11.25,0.0,3,74,2018,10.89857142857143,0.9657142857142877,9.99,1.74,0.0,11.31,0.0,7.33,0.4
2018-03-16,11.85,18.67,7.35,53.12,0.3,2.09,0.01,10.7,11.69,10.33,0.14,3,75,2018,11.115714285714287,1.0042857142857164,11.01,0.68,0.03,11.38,0.2,7.76,0.35
2018-03-17,10.7,17.94,4.74,40.47,0.01,2.04,0.0,11.47,11.85,10.61,0.3,3,76,2018,11.12857142857143,0.9971428571428592,12.32,0.0,0.06,11.56,0.21,8.86,0.15
2018-03-18,11.47,18.98,4.81,30.41,0.0,1.88,0.0,13.26,10.7,10.34,0.01,3,77,2018,11.290000000000001,0.41000000000000203,11.69,0.14,4.11,12.23,0.01,9.33,0.06
2018-03-19,13.26,19.93,8.48,28.29,0.0,1.7,0.0,13.22,11.47,9.99,0.0,3,78,2018,11.757142857142858,0.16142857142857348,11.85,0.3,1.74,9.99,0.0,8.35,0.0
2018-03-20,13.22,20.26,7.97,32.36,0.0,1.89,0.06,13.44,13.26,11.01,0.0,3,79,2018,12.072857142857144,0.06428571428571632,10.7,0.01,0.68,10.03,0.0,7.37,0.0
2018-03-21,13.44,20.58,7.55,36.7,0.06,1.79,0.31,13.39,13.22,12.32,0.0,3,80,2018,12.232857142857142,0.07285714285714488,11.47,0.0,0.0,11.71,0.0,8.41,0.0
2018-03-22,13.39,20.61,6.95,42.65,0.31,1.71,0.38,12.85,13.44,11.69,0.06,3,81,2018,12.475714285714286,0.09714285714285917,13.26,0.0,0.14,11.25,0.0,9.42,0.18
2018-03-23,12.85,20.14,5.97,41.48,0.38,1.87,0.0,13.2,13.39,11.85,0.31,3,82,2018,12.618571428571428,0.10857142857143061,13.22,0.0,0.3,10.33,0.03,8.7,0.16
2018-03-24,13.2,20.58,6.51,39.61,0.0,1.84,0.01,13.42,12.85,10.7,0.38,3,83,2018,12.975714285714286,0.10714285714285918,13.44,0.06,0.01,10.61,0.06,8.79,0.07
2018-03-25,13.42,20.66,6.92,40.41,0.01,1.9,0.32,12.95,13.2,11.47,0.0,3,84,2018,13.254285714285714,0.10857142857143061,13.39,0.31,0.0,10.34,4.11,9.12,0.04
2018-03-26,12.95,19.32,6.93,40.01,0.32,1.8,0.0,14.44,13.42,13.26,0.01,3,85,2018,13.209999999999999,0.15428571428571633,12.85,0.38,0.0,9.99,1.74,9.71,0.04
2018-03-27,14.44,22.38,8.05,31.02,0.0,1.82,0.0,13.27,12.95,13.22,0.32,3,86,2018,13.384285714285713,0.15428571428571633,13.2,0.0,0.0,11.01,0.68,10.15,0.0
2018-03-28,13.27,19.87,7.89,39.98,0.0,1.75,0.32,12.93,14.44,13.44,0.0,3,87,2018,13.36,0.14571428571428774,13.42,0.01,0.06,12.32,0.0,10.79,0.0
2018-03-29,12.93,20.24,6.41,45.41,0.32,1.88,0.6,12.54,13.27,13.39,0.0,3,88,2018,13.294285714285712,0.14714285714285918,12.95,0.32,0.31,11.69,0.14,10.99,0.0
2018-03-30,12.54,19.59,5.61,44.77,0.6,1.77,0.21,11.31,12.93,12.85,0.32,3,89,2018,13.25,0.1785714285714306,14.44,0.0,0.38,11.85,0.3,11.36,0.0
2018-03-31,11.31,17.58,6.14,52.47,0.21,1.46,0.01,12.68,12.54,13.2,0.6,3,90,2018,12.98,0.2085714285714306,13.27,0.0,0.0,10.7,0.01,11.31,0.0
2018-04-01,12.68,18.52,8.61,57.75,0.01,1.56,0.42,13.78,11.31,13.42,0.21,4,91,2018,12.874285714285714,0.2085714285714306,12.93,0.32,0.01,11.47,0.0,11.38,0.2
2018-04-02,13.78,19.45,9.3,56.12,0.42,1.53,0.24,14.75,12.68,12.95,0.01,4,92,2018,12.992857142857142,0.22285714285714486,12.54,0.6,0.32,13.26,0.0,11.56,0.21
2018-04-03,14.75,20.47,10.09,56.39,0.24,1.69,1.66,14.65,13.78,14.44,0.42,4,93,2018,13.037142857142856,0.25714285714285917,11.31,0.21,0.0,13.22,0.0,12.23,0.01
2018-04-04,14.65,20.69,9.65,56.83,1.66,1.79,2.68,13.48,14.75,13.27,0.24,4,94,2018,13.234285714285715,0.4942857142857163,12.68,0.01,0.0,13.44,0.06,9.99,0.0
2018-04-05,13.48,18.09,10.11,60.44,2.68,1.46,0.73,13.74,14.65,12.93,1.66,4,95,2018,13.312857142857142,0.8314285714285735,13.78,0.42,0.32,13.39,0.31,10.03,0.0
2018-04-06,13.74,20.45,8.94,64.62,0.73,1.53,7.12,13.72,13.48,12.54,2.68,4,96,2018,13.484285714285715,0.8500000000000021,14.75,0.24,0.6,12.85,0.38,11.71,0.0
2018-04-07,13.72,19.58,8.89,69.54,7.12,1.57,6.17,13.41,13.74,11.31,0.73,4,97,2018,13.828571428571427,1.8371428571428592,14.65,1.66,0.21,13.2,0.0,11.25,0.0
2018-04-08,13.41,19.13,8.39,68.13,6.17,1.62,3.2,13.09,13.72,12.68,7.12,4,98,2018,13.932857142857143,2.7171428571428593,13.48,2.68,0.01,13.42,0.01,10.33,0.03
2018-04-09,13.09,17.82,9.83,79.36,3.2,1.34,2.75,13.3,13.41,13.78,6.17,4,99,2018,13.834285714285715,3.1142857142857165,13.74,0.73,0.42,12.95,0.32,10.61,0.06
2018-04-10,13.3,18.52,8.67,73.38,2.75,1.63,0.87,13.1,13.09,14.75,3.2,4,100,2018,13.627142857142857,3.4728571428571446,13.72,7.12,0.24,14.44,0.0,10.34,4.11
2018-04-11,13.1,17.88,8.95,76.71,0.87,1.79,0.94,13.49,13.3,14.65,2.75,4,101,2018,13.405714285714286,3.360000000000002,13.41,6.17,1.66,13.27,0.0,9.99,1.74
2018-04-12,13.49,20.2,8.77,61.46,0.94,1.86,0.02,14.0,13.1,13.48,0.87,4,102,2018,13.407142857142858,3.1114285714285734,13.09,3.2,2.68,12.93,0.32,11.01,0.68
2018-04-13,14.0,20.59,7.88,48.96,0.02,1.97,0.0,15.04,13.49,13.74,0.94,4,103,2018,13.444285714285714,3.010000000000002,13.3,2.75,0.73,12.54,0.6,12.32,0.0
2018-04-14,15.04,21.85,8.31,40.87,0.0,2.1,0.38,15.19,14.0,13.72,0.02,4,104,2018,13.632857142857144,1.9928571428571449,13.1,0.87,7.12,11.31,0.21,11.69,0.14
2018-04-15,15.19,21.65,9.87,44.76,0.38,1.95,2.55,14.96,15.04,13.41,0.0,4,105,2018,13.887142857142859,1.1657142857142877,13.49,0.94,6.17,12.68,0.01,11.85,0.3
2018-04-16,14.96,21.53,8.92,54.66,2.55,1.86,10.03,14.62,15.19,13.09,0.38,4,106,2018,14.154285714285715,1.072857142857145,14.0,0.02,3.2,13.78,0.42,10.7,0.01
2018-04-17,14.62,20.32,10.5,65.13,10.03,1.89,2.99,14.46,14.96,13.3,2.55,4,107,2018,14.342857142857143,2.1128571428571448,15.04,0.0,2.75,14.75,0.24,11.47,0.0
2018-04-18,14.46,19.51,9.4,69.85,2.99,1.92,7.22,15.03,14.62,13.1,10.03,4,108,2018,14.537142857142856,2.4157142857142877,15.19,0.38,0.87,14.65,1.66,13.26,0.0
2018-04-19,15.03,21.32,10.51,61.41,7.22,1.82,0.94,15.04,14.46,13.49,2.99,4,109,2018,14.757142857142856,3.3128571428571445,14.96,2.55,0.94,13.48,2.68,13.22,0.0
2018-04-20,15.04,22.07,8.6,58.22,0.94,2.12,0.01,16.47,15.03,14.0,7.22,4,110,2018,14.905714285714286,3.444285714285716,14.62,10.03,0.02,13.74,0.73,13.44,0.06
2018-04-21,16.47,23.69,9.58,45.29,0.01,2.35,0.0,15.98,15.04,15.04,0.94,4,111,2018,15.110000000000001,3.4457142857142875,14.46,2.99,0.0,13.72,7.12,13.39,0.31
2018-04-22,15.98,23.56,7.85,35.76,0.0,1.94,0.0,15.75,16.47,15.19,0.01,4,112,2018,15.22285714285714,3.3914285714285732,15.03,7.22,0.38,13.41,6.17,12.85,0.38
2018-04-23,15.75,23.26,8.42,29.82,0.0,1.94,0.0,15.07,15.98,14.96,0.0,4,113,2018,15.335714285714285,3.027142857142859,15.04,0.94,2.55,13.09,3.2,13.2,0.0
2018-04-24,15.07,21.58,8.63,35.18,0.0,1.94,0.02,15.32,15.75,14.62,0.0,4,114,2018,15.4,1.5942857142857163,16.47,0.01,10.03,13.3,2.75,13.42,0.01
2018-04-25,15.32,21.26,10.16,44.47,0.02,1.8,1.3,14.39,15.07,14.46,0.0,4,115,2018,15.522857142857143,1.170000000000002,15.98,0.0,2.99,13.1,0.87,12.95,0.32
2018-04-26,14.39,19.9,10.06,63.45,1.3,1.64,0.84,14.46,15.32,15.03,0.02,4,116,2018,15.43142857142857,0.32428571428571634,15.75,0.0,7.22,13.49,0.94,14.44,0.0
2018-04-27,14.46,20.04,10.42,72.31,0.84,1.56,4.38,13.3,14.39,15.04,1.3,4,117,2018,15.348571428571429,0.310000000000002,15.07,0.0,0.94,14.0,0.02,13.27,0.0
2018-04-28,13.3,17.7,10.48,80.23,4.38,1.32,10.0,14.05,14.46,16.47,0.84,4,118,2018,14.895714285714286,0.9342857142857163,15.32,0.02,0.01,15.04,0.0,12.93,0.32
2018-04-29,14.05,19.55,9.92,79.0,10.0,1.97,10.54,13.39,13.3,15.98,4.38,4,119,2018,14.620000000000001,2.3628571428571448,14.39,1.3,0.0,15.19,0.38,12.54,0.6
2018-04-30,13.39,17.59,10.16,85.63,10.54,1.38,1.34,13.97,14.05,15.75,10.0,4,120,2018,14.282857142857143,3.8685714285714305,14.46,0.84,0.0,14.96,2.55,11.31,0.21
2018-05-01,13.97,19.17,10.13,79.96,1.34,1.54,2.84,14.15,13.39,15.07,10.54,5,121,2018,14.125714285714285,4.060000000000001,13.3,4.38,0.0,14.62,10.03,12.68,0.01
2018-05-02,14.15,18.87,10.86,80.77,2.84,1.63,6.09,14.1,13.97,15.32,1.34,5,122,2018,13.95857142857143,4.462857142857144,14.05,10.0,0.02,14.46,2.99,13.78,0.42
2018-05-03,14.1,19.81,9.43,82.51,6.09,1.45,6.13,13.38,14.15,14.39,2.84,5,123,2018,13.917142857142858,5.1471428571428595,13.39,10.54,1.3,15.03,7.22,14.75,0.24
2018-05-04,13.38,16.98,10.52,85.47,6.13,1.59,0.37,14.61,14.1,14.46,6.09,5,124,2018,13.762857142857143,5.902857142857144,13.97,1.34,0.84,15.04,0.94,14.65,1.66
2018-05-05,14.61,19.69,10.05,77.33,0.37,1.75,0.87,16.43,13.38,13.3,6.13,5,125,2018,13.950000000000001,5.330000000000001,14.15,2.84,4.38,16.47,0.01,13.48,2.68
2018-05-06,16.43,21.4,11.54,67.76,0.87,1.96,0.92,17.68,14.61,14.05,0.37,5,126,2018,14.290000000000001,4.025714285714288,14.1,6.09,10.0,15.98,0.0,13.74,0.73
2018-05-07,17.68,23.67,12.72,55.01,0.92,2.2,0.03,17.52,16.43,13.39,0.87,5,127,2018,14.902857142857144,2.6514285714285735,13.38,6.13,10.54,15.75,0.0,13.72,7.12
2018-05-08,17.52,24.46,9.93,48.65,0.03,2.14,0.13,17.09,17.68,13.97,0.92,5,128,2018,15.41,2.464285714285716,14.61,0.37,1.34,15.07,0.0,13.41,6.17
2018-05-09,17.09,23.53,11.83,44.11,0.13,1.87,0.55,15.72,17.52,14.15,0.03,5,129,2018,15.83,2.077142857142859,16.43,0.87,2.84,15.32,0.02,13.09,3.2
2018-05-10,15.72,21.74,9.96,44.56,0.55,2.04,0.38,16.75,17.09,14.1,0.13,5,130,2018,16.06142857142857,1.2857142857142878,17.68,0.92,6.09,14.39,1.3,13.3,2.75
2018-05-11,16.75,23.16,11.52,49.56,0.38,1.95,0.03,17.19,15.72,13.38,0.55,5,131,2018,16.54285714285714,0.4642857142857163,17.52,0.03,6.13,14.46,0.84,13.1,0.87
2018-05-12,17.19,23.57,12.0,63.18,0.03,1.92,5.06,16.19,16.75,14.61,0.38,5,132,2018,16.91142857142857,0.41571428571428776,17.09,0.13,0.37,13.3,4.38,13.49,0.94
2018-05-13,16.19,20.97,12.66,80.13,5.06,2.03,8.74,15.02,17.19,16.43,0.03,5,133,2018,16.87714285714286,1.0142857142857162,15.72,0.55,0.87,14.05,10.0,14.0,0.02
2018-05-14,15.02,20.37,11.34,80.26,8.74,1.8,0.31,14.29,16.19,17.68,5.06,5,134,2018,16.497142857142858,2.1314285714285734,16.75,0.38,0.92,13.39,10.54,15.04,0.0
2018-05-15,14.29,18.74,9.73,77.91,0.31,1.8,2.34,15.7,15.02,17.52,8.74,5,135,2018,16.035714285714285,2.1714285714285735,17.19,0.03,0.03,13.97,1.34,15.19,0.38
2018-05-16,15.7,20.56,12.08,80.08,2.34,1.76,6.48,15.54,14.29,17.09,0.31,5,136,2018,15.837142857142856,2.4871428571428593,16.19,5.06,0.13,14.15,2.84,14.96,2.55
2018-05-17,15.54,19.94,12.13,82.96,6.48,1.51,5.12,16.23,15.7,15.72,2.34,5,137,2018,15.811428571428573,3.3342857142857163,15.02,8.74,0.55,14.1,6.09,14.62,10.03
2018-05-18,16.23,20.02,12.97,79.17,5.12,1.7,7.77,16.03,15.54,16.75,6.48,5,138,2018,15.737142857142857,4.011428571428573,14.29,0.31,0.38,13.38,6.13,14.46,2.99
2018-05-19,16.03,21.18,11.54,79.78,7.77,1.72,0.8,17.18,16.23,17.19,5.12,5,139,2018,15.571428571428571,5.117142857142859,15.7,2.34,0.03,14.61,0.37,15.03,7.22
2018-05-20,17.18,21.95,12.14,75.05,0.8,1.78,4.8,17.89,16.03,16.19,7.77,5,140,2018,15.712857142857144,4.508571428571431,15.54,6.48,5.06,16.43,0.87,15.04,0.94
2018-05-21,17.89,23.19,13.41,73.98,4.8,1.85,2.29,18.49,17.18,15.02,0.8,5,141,2018,16.122857142857143,3.9457142857142875,16.23,5.12,8.74,17.68,0.92,16.47,0.01
2018-05-22,18.49,23.53,13.85,75.58,2.29,1.69,3.07,18.88,17.89,14.29,4.8,5,142,2018,16.722857142857144,4.22857142857143,16.03,7.77,0.31,17.52,0.03,15.98,0.0
2018-05-23,18.88,23.31,15.19,79.87,3.07,1.78,3.81,18.77,18.49,15.7,2.29,5,143,2018,17.177142857142858,4.3328571428571445,17.18,0.8,2.34,17.09,0.13,15.75,0.0
2018-05-24,18.77,23.21,15.27,78.75,3.81,1.87,1.5,19.01,18.88,15.54,3.07,5,144,2018,17.638571428571428,3.9514285714285733,17.89,4.8,6.48,15.72,0.55,15.07,0.0
2018-05-25,19.01,24.19,14.62,68.53,1.5,1.92,1.1,18.71,18.77,16.23,3.81,5,145,2018,18.035714285714285,3.4342857142857164,18.49,2.29,5.12,16.75,0.38,15.32,0.02
2018-05-26,18.71,24.28,13.59,60.68,1.1,1.57,0.82,18.65,19.01,16.03,1.5,5,146,2018,18.41857142857143,2.481428571428573,18.88,3.07,7.77,17.19,0.03,14.39,1.3
2018-05-27,18.65,24.6,13.07,61.63,0.82,1.58,1.46,17.82,18.71,17.18,1.1,5,147,2018,18.62857142857143,2.4842857142857158,18.77,3.81,0.8,16.19,5.06,14.46,0.84
2018-05-28,17.82,22.5,13.61,69.43,1.46,1.93,1.98,17.45,18.65,17.89,0.82,5,148,2018,18.618571428571425,2.0071428571428593,19.01,1.5,4.8,15.02,8.74,13.3,4.38
2018-05-29,17.45,22.28,13.15,68.1,1.98,1.79,17.76,16.13,17.82,18.49,1.46,5,149,2018,18.47,1.9628571428571449,18.71,1.1,2.29,14.29,0.31,14.05,10.0
2018-05-30,16.13,19.72,13.56,86.92,17.76,1.52,12.35,17.51,17.45,18.88,1.98,5,150,2018,18.077142857142857,4.061428571428573,18.65,0.82,3.07,15.7,2.34,13.39,10.54
2018-05-31,17.51,21.97,13.59,75.31,12.35,1.85,7.87,16.92,16.13,18.77,17.76,5,151,2018,17.897142857142857,5.281428571428575,17.82,1.46,3.81,15.54,6.48,13.97,1.34
2018-06-01,16.92,20.91,14.07,84.45,7.87,1.39,0.57,17.63,17.51,19.01,12.35,6,152,2018,17.59857142857143,6.191428571428574,17.45,1.98,1.5,16.23,5.12,14.15,2.84
2018-06-02,17.63,22.23,13.93,75.32,0.57,1.62,4.48,17.03,16.92,18.71,7.87,6,153,2018,17.444285714285716,6.115714285714288,16.13,17.76,1.1,16.03,7.77,14.1,6.09
2018-06-03,17.03,20.72,14.31,84.77,4.48,1.56,6.59,17.92,17.63,18.65,0.57,6,154,2018,17.212857142857143,6.6385714285714315,17.51,12.35,0.82,17.18,0.8,13.38,6.13
2018-06-04,17.92,21.76,14.64,86.7,6.59,1.48,6.05,18.96,17.03,17.82,4.48,6,155,2018,17.22714285714286,7.371428571428574,16.92,7.87,1.46,17.89,4.8,14.61,0.37
2018-06-05,18.96,23.49,15.93,81.35,6.05,1.73,1.64,19.64,17.92,17.45,6.59,6,156,2018,17.442857142857143,7.9528571428571455,17.63,0.57,1.98,18.49,2.29,16.43,0.87
2018-06-06,19.64,24.18,15.41,77.67,1.64,1.7,10.17,19.04,18.96,16.13,6.05,6,157,2018,17.944285714285716,5.650000000000001,17.03,4.48,17.76,18.88,3.07,17.68,0.92
2018-06-07,19.04,22.57,16.33,86.74,10.17,1.91,5.18,18.34,19.64,17.51,1.64,6,158,2018,18.162857142857142,5.338571428571432,17.92,6.59,12.35,18.77,3.81,17.52,0.03
2018-06-08,18.34,22.41,15.69,80.87,5.18,1.6,0.5,19.27,19.04,16.92,10.17,6,159,2018,18.365714285714287,4.954285714285717,18.96,6.05,7.87,19.01,1.5,17.09,0.13
2018-06-09,19.27,23.84,14.55,75.23,0.5,1.91,1.41,20.34,18.34,17.63,5.18,6,160,2018,18.599999999999998,4.9442857142857175,19.64,1.64,0.57,18.71,1.1,15.72,0.55
2018-06-10,20.34,25.43,15.26,72.97,1.41,1.88,5.4,19.95,19.27,17.03,0.5,6,161,2018,19.072857142857142,4.505714285714288,19.04,10.17,4.48,18.65,0.82,16.75,0.38
2018-06-11,19.95,23.93,16.26,79.99,5.4,1.96,4.74,19.68,20.34,17.92,1.41,6,162,2018,19.36285714285714,4.335714285714288,18.34,5.18,6.59,17.82,1.46,17.19,0.03
2018-06-12,19.68,24.07,16.29,77.93,4.74,1.93,1.26,19.18,19.95,18.96,5.4,6,163,2018,19.465714285714284,4.148571428571431,19.27,0.5,6.05,17.45,1.98,16.19,5.06
2018-06-13,19.18,23.5,15.31,72.89,1.26,1.96,6.2,18.74,19.68,19.64,4.74,6,164,2018,19.400000000000002,4.094285714285717,20.34,1.41,1.64,16.13,17.76,15.02,8.74
2018-06-14,18.74,23.13,15.53,75.4,6.2,1.94,4.66,17.89,19.18,19.04,1.26,6,165,2018,19.357142857142858,3.5271428571428594,19.95,5.4,10.17,17.51,12.35,14.29,0.31
2018-06-15,17.89,22.21,13.99,77.51,4.66,1.99,4.09,17.73,18.74,18.34,6.2,6,166,2018,19.29285714285714,3.4528571428571455,19.68,4.74,5.18,16.92,7.87,15.7,2.34
2018-06-16,17.73,21.97,14.94,82.58,4.09,1.52,3.54,18.22,17.89,19.27,4.66,6,167,2018,19.072857142857142,3.965714285714288,19.18,1.26,0.5,17.63,0.57,15.54,6.48
2018-06-17,18.22,22.76,14.32,81.61,3.54,1.96,0.18,19.46,17.73,20.34,4.09,6,168,2018,18.77,4.270000000000003,18.74,6.2,1.41,17.03,4.48,16.23,5.12
2018-06-18,19.46,24.23,15.8,65.98,0.18,1.87,0.13,19.59,18.22,19.95,3.54,6,169,2018,18.7,3.524285714285717,17.89,4.66,5.4,17.92,6.59,16.03,7.77
2018-06-19,19.59,23.92,15.58,62.13,0.13,1.79,0.36,19.66,19.46,19.68,0.18,6,170,2018,18.687142857142856,2.8657142857142888,17.73,4.09,4.74,18.96,6.05,17.18,0.8
2018-06-20,19.66,24.23,15.36,68.0,0.36,1.61,0.73,19.46,19.59,19.18,0.13,6,171,2018,18.755714285714284,2.7371428571428598,18.22,3.54,1.26,19.64,1.64,17.89,4.8
2018-06-21,19.46,23.66,15.55,74.54,0.73,1.86,0.73,19.55,19.66,18.74,0.36,6,172,2018,18.858571428571427,1.9557142857142884,19.46,0.18,6.2,19.04,10.17,18.49,2.29
2018-06-22,19.55,24.03,15.6,78.39,0.73,1.77,2.11,19.9,19.46,17.89,0.73,6,173,2018,19.095714285714287,1.394285714285717,19.59,0.13,4.66,18.34,5.18,18.88,3.07
2018-06-23,19.9,24.53,16.64,81.4,2.11,1.63,2.13,19.38,19.55,17.73,0.73,6,174,2018,19.405714285714286,1.1114285714285739,19.66,0.36,4.09,19.27,0.5,18.77,3.81
2018-06-24,19.38,22.2,17.18,85.45,2.13,1.83,6.7,19.59,19.9,18.22,2.11,6,175,2018,19.571428571428573,0.9100000000000025,19.46,0.73,3.54,20.34,1.41,19.01,1.5
2018-06-25,19.59,23.77,16.64,81.01,6.7,1.56,2.92,18.79,19.38,19.46,2.13,6,176,2018,19.59,1.841428571428574,19.55,0.73,0.18,19.95,5.4,18.71,1.1
2018-06-26,18.79,22.96,15.88,86.67,2.92,1.76,1.74,19.45,19.59,19.59,6.7,6,177,2018,19.475714285714282,2.2400000000000024,19.9,2.11,0.13,19.68,4.74,18.65,0.82
2018-06-27,19.45,24.58,15.88,83.96,1.74,2.28,0.84,19.43,18.79,19.66,2.92,6,178,2018,19.445714285714285,2.4371428571428595,19.38,2.13,0.36,19.18,1.26,17.82,1.46
2018-06-28,19.43,24.15,15.57,81.75,0.84,2.09,2.44,17.84,19.45,19.46,1.74,6,179,2018,19.44142857142857,2.452857142857145,19.59,6.7,0.73,18.74,6.2,17.45,1.98
2018-06-29,17.84,20.6,15.2,87.85,2.44,1.48,10.31,18.87,19.43,19.55,0.84,6,180,2018,19.197142857142858,2.6971428571428597,18.79,2.92,0.73,17.89,4.66,16.13,17.76
2018-06-30,18.87,23.11,15.65,87.38,10.31,1.94,14.87,19.07,17.84,19.9,2.44,6,181,2018,19.05,3.8685714285714314,19.45,1.74,2.11,17.73,4.09,17.51,12.35
2018-07-01,19.07,22.77,16.49,89.69,14.87,2.47,13.18,18.65,18.87,19.38,10.31,7,182,2018,19.005714285714284,5.688571428571431,19.43,0.84,2.13,18.22,3.54,16.92,7.87
2018-07-02,18.65,21.04,16.62,93.29,13.18,2.14,2.38,18.31,19.07,19.59,14.87,7,183,2018,18.87142857142857,6.614285714285716,17.84,2.44,6.7,19.46,0.18,17.63,0.57
2018-07-03,18.31,21.53,16.24,92.34,2.38,2.69,2.5,19.44,18.65,18.79,13.18,7,184,2018,18.802857142857142,6.537142857142859,18.87,10.31,2.92,19.59,0.13,17.03,4.48
2018-07-04,19.44,23.87,16.11,86.12,2.5,2.49,0.39,19.28,18.31,19.45,2.38,7,185,2018,18.801428571428573,6.645714285714289,19.07,14.87,1.74,19.66,0.36,17.92,6.59
2018-07-05,19.28,23.4,15.82,84.97,0.39,1.77,0.89,19.81,19.44,19.43,2.5,7,186,2018,18.78,6.581428571428574,18.65,13.18,0.84,19.46,0.73,18.96,6.05
2018-07-06,19.81,23.83,16.91,86.57,0.89,2.14,1.47,19.86,19.28,17.84,0.39,7,187,2018,19.06142857142857,6.360000000000002,18.31,2.38,2.44,19.55,0.73,19.64,1.64
2018-07-07,19.86,23.47,17.28,86.96,1.47,1.88,3.2,19.8,19.81,18.87,0.89,7,188,2018,19.202857142857145,5.097142857142859,19.44,2.5,10.31,19.9,2.11,19.04,10.17
2018-07-08,19.8,24.09,16.92,85.59,3.2,1.53,7.54,19.54,19.86,19.07,1.47,7,189,2018,19.307142857142857,3.430000000000003,19.28,0.39,14.87,19.38,2.13,18.34,5.18
2018-07-09,19.54,23.46,16.47,87.95,7.54,1.67,15.86,19.24,19.8,18.65,3.2,7,190,2018,19.434285714285714,2.6242857142857168,19.81,0.89,13.18,19.59,6.7,19.27,0.5
2018-07-10,19.24,22.6,16.77,89.13,15.86,1.55,9.35,19.41,19.54,18.31,7.54,7,191,2018,19.56714285714286,4.5500000000000025,19.86,1.47,2.38,18.79,2.92,20.34,1.41
2018-07-11,19.41,23.23,16.2,86.99,9.35,2.12,1.92,18.72,19.24,19.44,15.86,7,192,2018,19.562857142857144,5.528571428571431,19.8,3.2,2.5,19.45,1.74,19.95,5.4
2018-07-12,18.72,21.2,16.36,88.45,1.92,1.47,3.68,19.72,19.41,19.28,9.35,7,193,2018,19.482857142857142,5.74714285714286,19.54,7.54,0.39,19.43,0.84,19.68,4.74
2018-07-13,19.72,24.0,15.97,85.08,3.68,1.85,7.1,19.91,18.72,19.81,1.92,7,194,2018,19.47,6.145714285714289,19.24,15.86,0.89,17.84,2.44,19.18,1.26
2018-07-14,19.91,23.87,17.13,86.63,7.1,2.14,9.87,19.68,19.72,19.86,3.68,7,195,2018,19.47714285714286,6.950000000000003,19.41,9.35,1.47,18.87,10.31,18.74,6.2
2018-07-15,19.68,24.13,16.75,86.46,9.87,1.83,0.81,20.45,19.91,19.8,7.1,7,196,2018,19.46,7.902857142857145,18.72,1.92,3.2,19.07,14.87,17.89,4.66
2018-07-16,20.45,25.59,16.22,79.54,0.81,1.82,2.51,19.95,19.68,19.54,9.87,7,197,2018,19.59,6.941428571428574,19.72,3.68,7.54,18.65,13.18,17.73,4.09
2018-07-17,19.95,24.36,16.71,84.69,2.51,2.1,2.58,18.7,20.45,19.24,0.81,7,198,2018,19.69142857142857,5.0342857142857165,19.91,7.1,15.86,18.31,2.38,18.22,3.54
2018-07-18,18.7,21.43,15.98,85.77,2.58,1.04,2.19,20.55,19.95,19.41,2.51,7,199,2018,19.59,4.067142857142859,19.68,9.87,9.35,19.44,2.5,19.46,0.18
2018-07-19,20.55,25.03,16.6,78.04,2.19,1.78,5.95,20.37,18.7,18.72,2.58,7,200,2018,19.851428571428574,4.105714285714288,20.45,0.81,1.92,19.28,0.39,19.59,0.13
2018-07-20,20.37,24.56,17.48,83.75,5.95,1.8,10.47,19.52,20.55,19.72,2.19,7,201,2018,19.944285714285716,4.430000000000002,19.95,2.51,3.68,19.81,0.89,19.66,0.36
2018-07-21,19.52,23.77,16.84,87.91,10.47,1.77,13.54,19.83,20.37,19.91,5.95,7,202,2018,19.888571428571428,4.911428571428575,18.7,2.58,7.1,19.86,1.47,19.46,0.73
2018-07-22,19.83,24.82,15.95,79.59,13.54,1.74,13.81,18.58,19.52,19.68,10.47,7,203,2018,19.91,5.435714285714289,20.55,2.19,9.87,19.8,3.2,19.55,0.73
2018-07-23,18.58,22.54,15.93,87.32,13.81,1.88,9.36,18.22,19.83,20.45,13.54,7,204,2018,19.642857142857142,7.292857142857145,20.37,5.95,0.81,19.54,7.54,19.9,2.11
2018-07-24,18.22,22.07,15.59,88.12,9.36,1.97,5.02,18.43,18.58,19.95,13.81,7,205,2018,19.395714285714288,8.271428571428574,19.52,10.47,2.51,19.24,15.86,19.38,2.13
2018-07-25,18.43,22.12,15.33,87.19,5.02,1.73,13.05,18.52,18.22,18.7,9.36,7,206,2018,19.357142857142858,8.620000000000003,19.83,13.54,2.58,19.41,9.35,19.59,6.7
2018-07-26,18.52,21.95,15.86,90.03,13.05,2.01,21.03,18.29,18.43,20.55,5.02,7,207,2018,19.06714285714286,10.171428571428574,18.58,13.81,2.19,18.72,1.92,18.79,2.92
2018-07-27,18.29,22.02,15.89,90.14,21.03,1.64,16.58,18.49,18.52,20.37,13.05,7,208,2018,18.77,12.32571428571429,18.22,9.36,5.95,19.72,3.68,19.45,1.74
2018-07-28,18.49,22.24,15.84,88.39,16.58,1.82,10.89,18.08,18.29,19.52,21.03,7,209,2018,18.62285714285714,13.19857142857143,18.43,5.02,10.47,19.91,7.1,19.43,0.84
2018-07-29,18.08,21.35,15.53,91.19,10.89,1.94,12.11,17.77,18.49,19.83,16.58,7,210,2018,18.372857142857146,12.820000000000002,18.52,13.05,13.54,19.68,9.87,17.84,2.44
2018-07-30,17.77,20.54,15.41,89.58,12.11,1.8,7.54,17.72,18.08,18.58,10.89,7,211,2018,18.257142857142856,12.57714285714286,18.29,21.03,13.81,20.45,0.81,18.87,10.31
2018-07-31,17.72,20.77,15.41,90.47,7.54,1.28,3.35,17.13,17.77,18.22,12.11,7,212,2018,18.185714285714283,12.317142857142859,18.49,16.58,9.36,19.95,2.51,19.07,14.87
2018-08-01,17.13,19.43,15.58,93.33,3.35,1.25,3.47,17.09,17.72,18.43,7.54,8,213,2018,18.0,12.078571428571431,18.08,10.89,5.02,18.7,2.58,18.65,13.18
2018-08-02,17.09,19.45,15.14,89.7,3.47,0.88,4.0,18.53,17.13,18.52,3.35,8,214,2018,17.795714285714286,10.710000000000004,17.77,12.11,13.05,20.55,2.19,18.31,2.38
2018-08-03,18.53,22.29,15.93,86.05,4.0,1.46,9.69,17.95,17.09,18.29,3.47,8,215,2018,17.83,8.27714285714286,17.72,7.54,21.03,20.37,5.95,19.44,2.5
2018-08-04,17.95,20.45,15.97,94.07,9.69,1.03,39.49,18.11,18.53,18.49,4.0,8,216,2018,17.752857142857142,7.292857142857146,17.13,3.35,16.58,19.52,10.47,19.28,0.39
2018-08-05,18.11,19.88,16.27,93.0,39.49,1.3,9.97,18.71,17.95,18.08,9.69,8,217,2018,17.757142857142856,11.378571428571432,17.09,3.47,10.89,19.83,13.54,19.81,0.89
2018-08-06,18.71,22.63,16.15,88.48,9.97,1.51,2.16,18.94,18.11,17.77,39.49,8,218,2018,17.891428571428573,11.072857142857146,18.53,4.0,12.11,18.58,13.81,19.86,1.47
2018-08-07,18.94,22.8,15.28,85.62,2.16,1.85,0.47,18.5,18.71,17.72,9.97,8,219,2018,18.065714285714286,10.304285714285715,17.95,9.69,7.54,18.22,9.36,19.8,3.2
2018-08-08,18.5,22.92,14.44,87.4,0.47,1.68,3.73,18.56,18.94,17.13,2.16,8,220,2018,18.261428571428574,9.892857142857144,18.11,39.49,3.35,18.43,5.02,19.54,7.54
2018-08-09,18.56,22.47,15.34,87.36,3.73,1.79,8.94,18.68,18.5,17.09,0.47,8,221,2018,18.47142857142857,9.930000000000003,18.71,9.97,3.47,18.52,13.05,19.24,15.86
2018-08-10,18.68,22.31,16.02,90.34,8.94,1.58,16.36,18.4,18.56,18.53,3.73,8,222,2018,18.49285714285714,10.635714285714288,18.94,2.16,4.0,18.29,21.03,19.41,9.35
2018-08-11,18.4,21.37,16.02,91.22,16.36,1.59,7.2,18.52,18.68,17.95,8.94,8,223,2018,18.557142857142857,11.58857142857143,18.5,0.47,9.69,18.49,16.58,18.72,1.92
2018-08-12,18.52,20.67,16.47,94.09,7.2,2.22,39.43,17.58,18.4,18.11,16.36,8,224,2018,18.615714285714287,6.975714285714288,18.56,3.73,39.49,18.08,10.89,19.72,3.68
2018-08-13,17.58,19.81,15.07,91.25,39.43,1.14,8.54,18.72,18.52,18.71,7.2,8,225,2018,18.45428571428571,11.184285714285718,18.68,8.94,9.97,17.77,12.11,19.91,7.1
2018-08-14,18.72,21.97,16.39,89.53,8.54,1.62,14.03,19.06,17.58,18.94,39.43,8,226,2018,18.42285714285714,12.095714285714289,18.4,16.36,2.16,17.72,7.54,19.68,9.87
2018-08-15,19.06,22.73,15.54,89.61,14.03,1.88,0.66,18.94,18.72,18.5,8.54,8,227,2018,18.502857142857142,14.032857142857145,18.52,7.2,0.47,17.13,3.35,20.45,0.81
2018-08-16,18.94,23.44,16.07,88.76,0.66,1.72,0.08,19.52,19.06,18.56,14.03,8,228,2018,18.557142857142853,13.594285714285716,17.58,39.43,3.73,17.09,3.47,19.95,2.51
2018-08-17,19.52,23.41,16.35,83.5,0.08,1.58,0.52,18.91,18.94,18.68,0.66,8,229,2018,18.677142857142858,12.328571428571431,18.72,8.54,8.94,18.53,4.0,18.7,2.58
2018-08-18,18.91,21.77,16.91,92.03,0.52,1.16,2.88,19.68,19.52,18.4,0.08,8,230,2018,18.75,10.06571428571429,19.06,14.03,16.36,17.95,9.69,20.55,2.19
2018-08-19,19.68,23.23,17.12,85.87,2.88,1.41,18.11,18.95,18.91,18.52,0.52,8,231,2018,18.915714285714284,9.44857142857143,18.94,0.66,7.2,18.11,39.49,20.37,5.95
2018-08-20,18.95,23.29,15.95,85.08,18.11,1.52,13.15,18.61,19.68,17.58,2.88,8,232,2018,19.111428571428572,6.402857142857144,19.52,0.08,39.43,18.71,9.97,19.52,10.47
2018-08-21,18.61,22.13,15.32,91.31,13.15,1.69,11.55,18.19,18.95,18.72,18.11,8,233,2018,19.095714285714283,7.061428571428573,18.91,0.52,8.54,18.94,2.16,19.83,13.54
2018-08-22,18.19,21.05,16.33,92.88,11.55,1.55,2.39,18.56,18.61,19.06,13.15,8,234,2018,18.971428571428568,6.707142857142858,19.68,2.88,14.03,18.5,0.47,18.58,13.81
2018-08-23,18.56,22.17,16.17,91.53,2.39,1.57,4.47,18.24,18.19,18.94,11.55,8,235,2018,18.917142857142856,6.954285714285716,18.95,18.11,0.66,18.56,3.73,18.22,9.36
2018-08-24,18.24,21.01,16.36,93.93,4.47,1.79,5.75,17.54,18.56,19.52,2.39,8,236,2018,18.73428571428571,7.581428571428574,18.61,13.15,0.08,18.68,8.94,18.43,5.02
2018-08-25,17.54,19.93,15.52,91.61,5.75,1.22,3.97,18.2,18.24,18.91,4.47,8,237,2018,18.53857142857143,8.328571428571431,18.19,11.55,0.52,18.4,16.36,18.52,13.05
2018-08-26,18.2,21.22,16.28,92.36,3.97,1.37,2.68,18.7,17.54,19.68,5.75,8,238,2018,18.327142857142857,8.484285714285715,18.56,2.39,2.88,18.52,7.2,18.29,21.03
2018-08-27,18.7,21.63,16.49,89.57,2.68,1.51,3.87,17.29,18.2,18.95,3.97,8,239,2018,18.291428571428572,6.280000000000003,18.24,4.47,18.11,17.58,39.43,18.49,16.58
2018-08-28,17.29,19.65,15.86,92.89,3.87,1.37,2.98,18.57,18.7,18.61,2.68,8,240,2018,18.10285714285714,4.954285714285716,17.54,5.75,13.15,18.72,8.54,18.08,10.89
2018-08-29,18.57,22.27,15.54,86.24,2.98,1.59,3.38,17.28,17.29,18.19,3.87,8,241,2018,18.157142857142855,3.7300000000000026,18.2,3.97,11.55,19.06,14.03,17.77,12.11
2018-08-30,17.28,19.26,15.84,95.61,3.38,1.37,1.65,18.53,18.57,18.56,2.98,8,242,2018,17.974285714285713,3.8714285714285737,18.7,2.68,2.39,18.94,0.66,17.72,7.54
2018-08-31,18.53,22.23,15.11,88.68,1.65,1.43,7.95,18.83,17.28,18.24,3.38,8,243,2018,18.015714285714285,3.4685714285714306,17.29,3.87,4.47,19.52,0.08,17.13,3.35
2018-09-01,18.83,22.34,16.29,91.55,7.95,1.92,7.8,17.88,18.53,17.54,1.65,9,244,2018,18.2,3.7828571428571456,18.57,2.98,5.75,18.91,0.52,17.09,3.47
2018-09-02,17.88,20.74,15.96,92.91,7.8,1.42,3.39,18.05,18.83,18.2,7.95,9,245,2018,18.154285714285713,4.330000000000002,17.28,3.38,3.97,19.68,2.88,18.53,4.0
2018-09-03,18.05,21.51,15.29,91.99,3.39,1.52,1.78,18.11,17.88,18.7,7.8,9,246,2018,18.06142857142857,4.431428571428573,18.53,1.65,2.68,18.95,18.11,17.95,9.69
2018-09-04,18.11,21.86,15.38,91.28,1.78,1.47,5.38,18.7,18.05,17.29,3.39,9,247,2018,18.178571428571427,4.132857142857145,18.83,7.95,3.87,18.61,13.15,18.11,39.49
2018-09-05,18.7,22.47,15.76,89.07,5.38,1.51,2.5,18.85,18.11,18.57,1.78,9,248,2018,18.197142857142858,4.475714285714288,17.88,7.8,2.98,18.19,11.55,18.71,9.97
2018-09-06,18.85,22.05,15.94,91.38,2.5,1.64,0.39,18.43,18.7,17.28,5.38,9,249,2018,18.42142857142857,4.350000000000002,18.05,3.39,3.38,18.56,2.39,18.94,2.16
2018-09-07,18.43,22.49,15.03,88.86,0.39,1.75,2.99,18.27,18.85,18.53,2.5,9,250,2018,18.407142857142855,4.170000000000003,18.11,1.78,1.65,18.24,4.47,18.5,0.47
2018-09-08,18.27,21.78,15.77,91.9,2.99,1.4,10.51,18.21,18.43,18.83,0.39,9,251,2018,18.327142857142857,3.4614285714285735,18.7,5.38,7.95,17.54,5.75,18.56,3.73
2018-09-09,18.21,22.06,14.86,92.39,10.51,1.82,5.23,17.03,18.27,17.88,2.99,9,252,2018,18.374285714285715,3.848571428571431,18.85,2.5,7.8,18.2,3.97,18.68,8.94
2018-09-10,17.03,19.23,14.97,95.06,5.23,1.71,1.08,16.8,18.21,18.05,10.51,9,253,2018,18.22857142857143,4.111428571428574,18.43,0.39,3.39,18.7,2.68,18.4,16.36
2018-09-11,16.8,19.46,14.5,94.87,1.08,2.0,3.18,15.89,17.03,18.11,5.23,9,254,2018,18.041428571428572,4.011428571428573,18.27,2.99,1.78,17.29,3.87,18.52,7.2
2018-09-12,15.89,19.54,12.71,91.62,3.18,1.52,4.5,16.88,16.8,18.7,1.08,9,255,2018,17.64,3.6971428571428597,18.21,10.51,5.38,18.57,2.98,17.58,39.43
2018-09-13,16.88,21.07,13.82,89.76,4.5,1.48,3.31,17.01,15.89,18.85,3.18,9,256,2018,17.358571428571427,3.9828571428571453,17.03,5.23,2.5,17.28,3.38,18.72,8.54
2018-09-14,17.01,20.82,13.68,90.65,3.31,1.47,0.07,17.05,16.88,18.43,4.5,9,257,2018,17.155714285714286,4.400000000000002,16.8,1.08,0.39,18.53,1.65,19.06,14.03
2018-09-15,17.05,21.16,13.25,86.19,0.07,1.42,0.01,17.04,17.01,18.27,3.31,9,258,2018,16.981428571428573,3.9828571428571453,15.89,3.18,2.99,18.83,7.95,18.94,0.66
2018-09-16,17.04,21.03,14.01,87.84,0.01,1.16,0.0,17.35,17.05,18.21,0.07,9,259,2018,16.814285714285713,2.482857142857145,16.88,4.5,10.51,17.88,7.8,19.52,0.08
2018-09-17,17.35,22.14,14.18,76.36,0.0,1.3,0.0,17.57,17.04,17.03,0.01,9,260,2018,16.86,1.7357142857142878,17.01,3.31,5.23,18.05,3.39,18.91,0.52
2018-09-18,17.57,22.48,13.29,63.0,0.0,1.26,0.23,18.09,17.35,16.8,0.0,9,261,2018,16.970000000000002,1.5814285714285734,17.05,0.07,1.08,18.11,1.78,19.68,2.88
2018-09-19,18.09,22.73,14.63,69.79,0.23,1.36,2.49,17.4,17.57,15.89,0.0,9,262,2018,17.284285714285716,1.160000000000002,17.04,0.01,3.18,18.7,5.38,18.95,18.11
2018-09-20,17.4,21.69,14.16,85.03,2.49,1.43,0.66,16.44,18.09,16.88,0.23,9,263,2018,17.35857142857143,0.8728571428571449,17.35,0.0,4.5,18.85,2.5,18.61,13.15
2018-09-21,16.44,19.78,14.02,91.54,0.66,1.28,0.01,16.08,17.4,17.01,2.49,9,264,2018,17.277142857142856,0.4942857142857164,17.57,0.0,3.31,18.43,0.39,18.19,11.55
2018-09-22,16.08,19.65,13.7,88.58,0.01,1.31,0.04,16.97,16.44,17.05,0.66,9,265,2018,17.138571428571428,0.4857142857142878,18.09,0.23,0.07,18.27,2.99,18.56,2.39
2018-09-23,16.97,21.25,13.82,84.36,0.04,1.53,0.07,17.27,16.08,17.04,0.01,9,266,2018,17.128571428571426,0.49000000000000205,17.4,2.49,0.01,18.21,10.51,18.24,4.47
2018-09-24,17.27,21.28,14.42,86.04,0.07,1.62,0.13,17.18,16.97,17.35,0.04,9,267,2018,17.117142857142856,0.5000000000000021,16.44,0.66,0.0,17.03,5.23,17.54,5.75
2018-09-25,17.18,21.6,14.09,87.13,0.13,1.85,0.03,17.04,17.27,17.57,0.07,9,268,2018,17.06142857142857,0.5185714285714307,16.08,0.01,0.0,16.8,1.08,18.2,3.97
2018-09-26,17.04,21.15,13.9,86.78,0.03,1.42,0.01,16.94,17.18,18.09,0.13,9,269,2018,16.91142857142857,0.49000000000000205,16.97,0.04,0.23,15.89,3.18,18.7,2.68
2018-09-27,16.94,21.05,14.02,85.68,0.01,1.25,0.01,16.91,17.04,17.4,0.03,9,270,2018,16.845714285714287,0.13571428571428776,17.27,0.07,2.49,16.88,4.5,17.29,3.87
2018-09-28,16.91,21.37,13.72,84.28,0.01,1.28,0.03,16.76,16.94,16.44,0.01,9,271,2018,16.912857142857142,0.042857142857144884,17.18,0.13,0.66,17.01,3.31,18.57,2.98
2018-09-29,16.76,20.92,13.83,82.65,0.03,1.34,0.41,16.82,16.91,16.08,0.01,9,272,2018,17.01,0.04571428571428775,17.04,0.03,0.01,17.05,0.07,17.28,3.38
2018-09-30,16.82,20.74,14.21,86.43,0.41,1.47,0.54,16.48,16.76,16.97,0.03,9,273,2018,16.98857142857143,0.0985714285714306,16.94,0.01,0.04,17.04,0.01,18.53,1.65
2018-10-01,16.48,20.99,12.82,83.63,0.54,1.4,0.01,15.51,16.82,17.27,0.41,10,274,2018,16.875714285714288,0.16571428571428773,16.91,0.01,0.07,17.35,0.0,18.83,7.95
2018-10-02,15.51,20.04,12.14,74.28,0.01,1.28,0.43,14.95,16.48,17.18,0.54,10,275,2018,16.63714285714286,0.1485714285714306,16.76,0.03,0.13,17.57,0.0,17.88,7.8
2018-10-03,14.95,19.14,11.73,80.59,0.43,1.18,2.72,14.37,15.51,17.04,0.01,10,276,2018,16.33857142857143,0.20571428571428774,16.82,0.41,0.03,18.09,0.23,18.05,3.39
2018-10-04,14.37,18.67,11.35,80.54,2.72,1.12,2.32,13.64,14.95,16.94,0.43,10,277,2018,15.971428571428572,0.592857142857145,16.48,0.54,0.01,17.4,2.49,18.11,1.78
2018-10-05,13.64,18.04,10.21,81.77,2.32,1.26,0.07,13.61,14.37,16.91,2.72,10,278,2018,15.504285714285714,0.9228571428571449,15.51,0.01,0.01,16.44,0.66,18.7,5.38
2018-10-06,13.61,18.33,9.99,73.9,0.07,1.28,0.0,13.12,13.64,16.76,2.32,10,279,2018,15.054285714285713,0.9285714285714306,14.95,0.43,0.03,16.08,0.01,18.85,2.5
2018-10-07,13.12,17.74,9.83,73.88,0.0,1.23,0.0,12.86,13.61,16.82,0.07,10,280,2018,14.525714285714287,0.870000000000002,14.37,2.72,0.41,16.97,0.04,18.43,0.39
2018-10-08,12.86,17.09,9.28,72.61,0.0,1.41,0.05,13.6,13.12,16.48,0.0,10,281,2018,14.008571428571429,0.7928571428571448,13.64,2.32,0.54,17.27,0.07,18.27,2.99
2018-10-09,13.6,17.83,10.36,78.73,0.05,1.28,1.01,13.2,12.86,15.51,0.0,10,282,2018,13.735714285714284,0.7985714285714306,13.61,0.07,0.01,17.18,0.13,18.21,10.51
2018-10-10,13.2,17.7,9.94,81.45,1.01,1.24,1.83,13.47,13.6,14.95,0.05,10,283,2018,13.485714285714286,0.8814285714285734,13.12,0.0,0.43,17.04,0.03,17.03,5.23
2018-10-11,13.47,18.85,9.79,71.66,1.83,1.15,0.28,13.09,13.2,14.37,1.01,10,284,2018,13.357142857142858,0.7542857142857162,12.86,0.0,2.72,16.94,0.01,16.8,1.08
2018-10-12,13.09,18.23,9.32,73.03,0.28,1.17,0.0,13.0,13.47,13.64,1.83,10,285,2018,13.278571428571428,0.46285714285714485,13.6,0.05,2.32,16.91,0.01,15.89,3.18
2018-10-13,13.0,17.94,8.96,74.86,0.0,1.43,0.0,13.38,13.09,13.61,0.28,10,286,2018,13.191428571428572,0.4528571428571449,13.2,1.01,0.07,16.76,0.03,16.88,4.5
2018-10-14,13.38,18.52,9.94,81.0,0.0,1.45,0.0,12.79,13.0,13.12,0.0,10,287,2018,13.228571428571428,0.4528571428571449,13.47,1.83,0.0,16.82,0.41,17.01,3.31
2018-10-15,12.79,17.94,8.97,74.97,0.0,1.44,0.0,12.63,13.38,12.86,0.0,10,288,2018,13.218571428571428,0.4528571428571449,13.09,0.28,0.0,16.48,0.54,17.05,0.07
2018-10-16,12.63,17.22,9.03,78.63,0.0,1.24,0.0,12.07,12.79,13.6,0.0,10,289,2018,13.08,0.4457142857142877,13.0,0.0,0.05,15.51,0.01,17.04,0.01
2018-10-17,12.07,16.97,8.44,74.91,0.0,1.16,0.0,11.7,12.63,13.2,0.0,10,290,2018,12.918571428571427,0.3014285714285734,13.38,0.0,1.01,14.95,0.43,17.35,0.0
2018-10-18,11.7,17.38,7.4,72.28,0.0,1.42,0.27,11.96,12.07,13.47,0.0,10,291,2018,12.665714285714285,0.04000000000000197,12.79,0.0,1.83,14.37,2.72,17.57,0.0
2018-10-19,11.96,17.34,8.21,60.97,0.27,1.28,0.21,11.89,11.7,13.09,0.0,10,292,2018,12.504285714285714,0.03857142857143054,12.63,0.0,0.28,13.64,2.32,18.09,0.23
2018-10-20,11.89,17.14,7.84,65.92,0.21,1.48,0.0,11.92,11.96,13.0,0.27,10,293,2018,12.345714285714285,0.06857142857143053,12.07,0.0,0.0,13.61,0.07,17.4,2.49
2018-10-21,11.92,17.25,7.37,59.38,0.0,1.21,0.0,11.61,11.89,13.38,0.21,10,294,2018,12.137142857142859,0.06857142857143053,11.7,0.0,0.0,13.12,0.0,16.44,0.66
2018-10-22,11.61,17.17,7.17,60.04,0.0,1.36,0.0,10.99,11.92,12.79,0.0,10,295,2018,11.968571428571428,0.06857142857143053,11.96,0.27,0.0,12.86,0.0,16.08,0.01
2018-10-23,10.99,16.69,7.09,56.31,0.0,1.37,0.0,10.42,11.61,12.63,0.0,10,296,2018,11.734285714285715,0.06857142857143053,11.89,0.21,0.0,13.6,0.05,16.97,0.04
2018-10-24,10.42,15.89,7.01,53.61,0.0,1.26,0.0,10.11,10.99,12.07,0.0,10,297,2018,11.498571428571429,0.06857142857143053,11.92,0.0,0.0,13.2,1.01,17.27,0.07
2018-10-25,10.11,15.44,6.45,60.85,0.0,1.38,0.0,10.55,10.42,11.7,0.0,10,298,2018,11.271428571428572,0.06857142857143053,11.61,0.0,0.0,13.47,1.83,17.18,0.13
2018-10-26,10.55,16.2,6.45,55.7,0.0,1.27,0.01,11.34,10.11,11.96,0.0,10,299,2018,11.069999999999999,0.030000000000001966,10.99,0.0,0.27,13.09,0.28,17.04,0.03
2018-10-27,11.34,16.95,7.08,48.6,0.01,1.29,0.1,11.15,10.55,11.89,0.0,10,300,2018,10.991428571428571,0.0014285714285733953,10.42,0.0,0.21,13.0,0.0,16.94,0.01
2018-10-28,11.15,16.8,7.37,61.75,0.1,1.37,0.01,11.81,11.34,11.92,0.01,10,301,2018,10.881428571428572,0.015714285714287683,10.11,0.0,0.0,13.38,0.0,16.91,0.01
2018-10-29,11.81,16.48,8.41,73.4,0.01,1.06,0.0,12.5,11.15,11.61,0.1,10,302,2018,10.91,0.017142857142859107,10.55,0.0,0.0,12.79,0.0,16.76,0.03
2018-10-30,12.5,18.42,8.0,73.03,0.0,1.07,0.0,13.52,11.81,10.99,0.01,10,303,2018,11.125714285714285,0.017142857142859107,11.34,0.01,0.0,12.63,0.0,16.82,0.41
2018-10-31,13.52,18.36,10.43,64.32,0.0,1.24,0.0,12.9,12.5,10.42,0.0,10,304,2018,11.568571428571428,0.017142857142859107,11.15,0.1,0.0,12.07,0.0,16.48,0.54
2018-11-01,12.9,18.38,8.34,72.01,0.0,1.38,0.01,11.95,13.52,10.11,0.0,11,305,2018,11.967142857142857,0.017142857142859107,11.81,0.01,0.0,11.7,0.0,15.51,0.01
2018-11-02,11.95,17.05,7.58,72.49,0.01,1.35,0.0,10.99,12.9,10.55,0.0,11,306,2018,12.167142857142858,0.01857142857143054,12.5,0.0,0.0,11.96,0.27,14.95,0.43
2018-11-03,10.99,16.8,7.22,60.41,0.0,1.45,0.06,10.61,11.95,11.34,0.01,11,307,2018,12.117142857142856,0.01714285714285911,13.52,0.0,0.01,11.89,0.21,14.37,2.72
2018-11-04,10.61,16.49,6.94,55.94,0.06,1.46,0.06,10.35,10.99,11.15,0.0,11,308,2018,12.040000000000001,0.011428571428573396,12.9,0.0,0.1,11.92,0.0,13.64,2.32
2018-11-05,10.35,16.4,6.63,63.81,0.06,1.6,0.0,10.4,10.61,11.81,0.06,11,309,2018,11.831428571428573,0.01857142857143054,11.95,0.01,0.01,11.61,0.0,13.61,0.07
2018-11-06,10.4,15.96,6.49,49.63,0.0,1.23,0.0,9.83,10.35,12.5,0.06,11,310,2018,11.531428571428572,0.01857142857143054,10.99,0.0,0.0,10.99,0.0,13.12,0.0
2018-11-07,9.83,16.72,5.37,51.66,0.0,1.31,0.0,10.4,10.4,13.52,0.0,11,311,2018,11.004285714285713,0.01857142857143054,10.61,0.06,0.0,10.42,0.0,12.86,0.0
2018-11-08,10.4,15.89,6.55,51.29,0.0,1.15,0.0,10.36,9.83,12.9,0.0,11,312,2018,10.647142857142857,0.01857142857143054,10.35,0.06,0.0,10.11,0.0,13.6,0.05
2018-11-09,10.36,15.21,7.31,56.35,0.0,1.25,0.0,9.94,10.4,11.95,0.0,11,313,2018,10.42,0.017142857142859107,10.4,0.0,0.01,10.55,0.0,13.2,1.01
2018-11-10,9.94,14.64,6.82,65.42,0.0,1.23,0.0,10.36,10.36,10.99,0.0,11,314,2018,10.27,0.017142857142859107,9.83,0.0,0.0,11.34,0.01,13.47,1.83
2018-11-11,10.36,14.96,7.38,69.14,0.0,1.2,0.0,10.23,9.94,10.61,0.0,11,315,2018,10.234285714285715,0.008571428571430537,10.4,0.0,0.06,11.15,0.1,13.09,0.28
2018-11-12,10.23,15.39,7.12,71.82,0.0,1.25,0.0,9.66,10.36,10.35,0.0,11,316,2018,10.217142857142857,0.0,10.36,0.0,0.06,11.81,0.01,13.0,0.0
2018-11-13,9.66,14.34,6.97,70.23,0.0,1.07,0.0,9.84,10.23,10.4,0.0,11,317,2018,10.111428571428572,0.0,9.94,0.0,0.0,12.5,0.0,13.38,0.0
2018-11-14,9.84,14.5,6.49,71.71,0.0,1.14,0.0,9.8,9.66,9.83,0.0,11,318,2018,10.112857142857141,0.0,10.36,0.0,0.0,13.52,0.0,12.79,0.0
2018-11-15,9.8,14.32,7.24,71.43,0.0,1.39,0.0,9.55,9.84,10.4,0.0,11,319,2018,10.027142857142858,0.0,10.23,0.0,0.0,12.9,0.0,12.63,0.0
2018-11-16,9.55,15.46,6.26,65.66,0.0,1.49,0.0,8.71,9.8,10.36,0.0,11,320,2018,9.911428571428571,0.0,9.66,0.0,0.0,11.95,0.01,12.07,0.0
2018-11-17,8.71,14.88,3.66,63.5,0.0,1.49,0.0,8.78,9.55,9.94,0.0,11,321,2018,9.735714285714286,0.0,9.84,0.0,0.0,10.99,0.0,11.7,0.0
2018-11-18,8.78,14.14,5.6,62.36,0.0,1.17,0.0,8.83,8.71,10.36,0.0,11,322,2018,9.510000000000002,0.0,9.8,0.0,0.0,10.61,0.06,11.96,0.27
2018-11-19,8.83,13.95,6.09,62.77,0.0,1.17,0.0,9.21,8.78,10.23,0.0,11,323,2018,9.31,0.0,9.55,0.0,0.0,10.35,0.06,11.89,0.21
2018-11-20,9.21,14.35,5.77,60.52,0.0,1.23,0.0,9.52,8.83,9.66,0.0,11,324,2018,9.245714285714286,0.0,8.71,0.0,0.0,10.4,0.0,11.92,0.0
2018-11-21,9.52,15.08,5.87,61.41,0.0,1.19,0.0,10.34,9.21,9.84,0.0,11,325,2018,9.200000000000001,0.0,8.78,0.0,0.0,9.83,0.0,11.61,0.0
2018-11-22,10.34,15.32,7.47,62.5,0.0,1.05,0.0,10.81,9.52,9.8,0.0,11,326,2018,9.277142857142858,0.0,8.83,0.0,0.0,10.4,0.0,10.99,0.0
2018-11-23,10.81,16.09,7.92,56.38,0.0,1.11,0.0,10.75,10.34,9.55,0.0,11,327,2018,9.457142857142857,0.0,9.21,0.0,0.0,10.36,0.0,10.42,0.0
2018-11-24,10.75,16.99,6.79,56.77,0.0,1.09,0.0,11.53,10.81,8.71,0.0,11,328,2018,9.748571428571427,0.0,9.52,0.0,0.0,9.94,0.0,10.11,0.0
2018-11-25,11.53,17.14,7.83,47.44,0.0,1.13,0.0,11.02,10.75,8.78,0.0,11,329,2018,10.141428571428571,0.0,10.34,0.0,0.0,10.36,0.0,10.55,0.0
2018-11-26,11.02,16.63,7.23,49.09,0.0,1.12,0.0,10.8,11.53,8.83,0.0,11,330,2018,10.454285714285714,0.0,10.81,0.0,0.0,10.23,0.0,11.34,0.01
2018-11-27,10.8,17.58,5.58,52.6,0.0,1.18,0.0,11.66,11.02,9.21,0.0,11,331,2018,10.68142857142857,0.0,10.75,0.0,0.0,9.66,0.0,11.15,0.1
2018-11-28,11.66,16.07,8.78,48.22,0.0,0.98,0.0,11.37,10.8,9.52,0.0,11,332,2018,10.987142857142857,0.0,11.53,0.0,0.0,9.84,0.0,11.81,0.01
2018-11-29,11.37,16.48,8.12,58.61,0.0,1.25,0.0,9.83,11.66,10.34,0.0,11,333,2018,11.134285714285713,0.0,11.02,0.0,0.0,9.8,0.0,12.5,0.0
2018-11-30,9.83,15.27,5.74,68.02,0.0,1.17,0.0,8.62,11.37,10.81,0.0,11,334,2018,10.994285714285713,0.0,10.8,0.0,0.0,9.55,0.0,13.52,0.0
2018-12-01,8.62,14.42,5.29,68.39,0.0,1.22,0.0,8.48,9.83,10.75,0.0,12,335,2018,10.69,0.0,11.66,0.0,0.0,8.71,0.0,12.9,0.0
2018-12-02,8.48,13.28,5.89,68.22,0.0,1.05,0.0,8.02,8.62,11.53,0.0,12,336,2018,10.254285714285714,0.0,11.37,0.0,0.0,8.78,0.0,11.95,0.01
2018-12-03,8.02,13.34,4.36,66.53,0.0,1.13,0.0,8.83,8.48,11.02,0.0,12,337,2018,9.825714285714286,0.0,9.83,0.0,0.0,8.83,0.0,10.99,0.0
2018-12-04,8.83,13.49,6.27,69.59,0.0,1.03,0.0,8.22,8.02,10.8,0.0,12,338,2018,9.544285714285715,0.0,8.62,0.0,0.0,9.21,0.0,10.61,0.06
2018-12-05,8.22,13.03,5.4,67.92,0.0,0.96,0.0,7.43,8.83,11.66,0.0,12,339,2018,9.052857142857142,0.0,8.48,0.0,0.0,9.52,0.0,10.35,0.06
2018-12-06,7.43,12.98,4.07,64.02,0.0,1.24,0.0,6.21,8.22,11.37,0.0,12,340,2018,8.49,0.0,8.02,0.0,0.0,10.34,0.0,10.4,0.0
2018-12-07,6.21,11.95,1.52,55.32,0.0,1.34,0.0,7.3,7.43,9.83,0.0,12,341,2018,7.972857142857143,0.0,8.83,0.0,0.0,10.81,0.0,9.83,0.0
2018-12-08,7.3,12.88,3.99,56.02,0.0,1.16,0.0,7.27,6.21,8.62,0.0,12,342,2018,7.784285714285714,0.0,8.22,0.0,0.0,10.75,0.0,10.4,0.0
2018-12-09,7.27,12.96,3.62,56.21,0.0,1.18,0.0,7.11,7.3,8.48,0.0,12,343,2018,7.611428571428571,0.0,7.43,0.0,0.0,11.53,0.0,10.36,0.0
2018-12-10,7.11,12.87,3.53,53.18,0.0,1.18,0.0,6.61,7.27,8.02,0.0,12,344,2018,7.481428571428572,0.0,6.21,0.0,0.0,11.02,0.0,9.94,0.0
2018-12-11,6.61,12.61,1.77,53.24,0.0,1.3,0.0,6.66,7.11,8.83,0.0,12,345,2018,7.164285714285714,0.0,7.3,0.0,0.0,10.8,0.0,10.36,0.0
2018-12-12,6.66,12.62,1.75,49.15,0.0,1.14,0.0,6.32,6.61,8.22,0.0,12,346,2018,6.941428571428572,0.0,7.27,0.0,0.0,11.66,0.0,10.23,0.0
2018-12-13,6.32,12.4,2.28,51.81,0.0,1.38,0.0,5.42,6.66,7.43,0.0,12,347,2018,6.782857142857144,0.0,7.11,0.0,0.0,11.37,0.0,9.66,0.0
2018-12-14,5.42,11.54,0.44,50.66,0.0,1.22,0.0,6.26,6.32,6.21,0.0,12,348,2018,6.67,0.0,6.61,0.0,0.0,9.83,0.0,9.84,0.0
2018-12-15,6.26,13.92,1.05,35.98,0.0,1.16,0.0,7.84,5.42,7.3,0.0,12,349,2018,6.521428571428572,0.0,6.66,0.0,0.0,8.62,0.0,9.8,0.0
2018-12-16,7.84,14.93,2.95,29.31,0.0,1.1,0.82,9.01,6.26,7.27,0.0,12,350,2018,6.602857142857142,0.0,6.32,0.0,0.0,8.48,0.0,9.55,0.0
2018-12-17,9.01,15.51,3.41,31.89,0.82,0.96,0.75,5.71,7.84,7.11,0.0,12,351,2018,6.874285714285714,0.1171428571428591,5.42,0.0,0.0,8.02,0.0,8.71,0.0
2018-12-18,5.71,9.19,1.25,63.31,0.75,0.88,0.0,6.26,9.01,6.61,0.82,12,352,2018,6.7457142857142856,0.22428571428571623,6.26,0.0,0.0,8.83,0.0,8.78,0.0
2018-12-19,6.26,15.3,-1.79,48.3,0.0,1.32,0.0,8.02,5.71,6.66,0.75,12,353,2018,6.688571428571429,0.22428571428571623,7.84,0.0,0.0,8.22,0.0,8.83,0.0
2018-12-20,8.02,14.79,4.34,39.2,0.0,1.19,0.0,6.62,6.26,6.32,0.0,12,354,2018,6.9314285714285715,0.22428571428571623,9.01,0.82,0.0,7.43,0.0,9.21,0.0
2018-12-21,6.62,13.49,2.47,44.59,0.0,1.35,0.0,7.29,8.02,5.42,0.0,12,355,2018,7.102857142857142,0.22428571428571623,5.71,0.75,0.0,6.21,0.0,9.52,0.0
2018-12-22,7.29,13.07,4.19,50.92,0.0,1.08,0.0,7.85,6.62,6.26,0.0,12,356,2018,7.25,0.22428571428571623,6.26,0.0,0.0,7.3,0.0,10.34,0.0
2018-12-23,7.85,14.31,3.85,46.25,0.0,1.17,0.0,7.26,7.29,7.84,0.0,12,357,2018,7.251428571428571,0.22428571428571623,8.02,0.0,0.0,7.27,0.0,10.81,0.0
2018-12-24,7.26,14.63,3.12,43.41,0.0,1.5,0.0,6.15,7.85,9.01,0.0,12,358,2018,7.001428571428572,0.10714285714285911,6.62,0.0,0.82,7.11,0.0,10.75,0.0
2018-12-25,6.15,13.59,1.88,37.47,0.0,1.55,0.0,4.87,7.26,5.71,0.0,12,359,2018,7.064285714285715,0.0,7.29,0.0,0.75,6.61,0.0,11.53,0.0
2018-12-26,4.87,12.84,0.51,34.97,0.0,1.44,0.0,3.13,6.15,6.26,0.0,12,360,2018,6.865714285714286,0.0,7.85,0.0,0.0,6.66,0.0,11.02,0.0
2018-12-27,3.13,9.52,-0.71,34.34,0.0,1.16,0.9,1.88,4.87,8.02,0.0,12,361,2018,6.167142857142857,0.0,7.26,0.0,0.0,6.32,0.0,10.8,0.0
2018-12-28,1.88,8.49,-3.07,43.05,0.9,1.36,0.0,3.52,3.13,6.62,0.0,12,362,2018,5.49,0.12857142857143053,6.15,0.0,0.0,5.42,0.0,11.66,0.0
2018-12-29,3.52,11.55,-2.64,33.62,0.0,1.46,0.0,6.32,1.88,7.29,0.9,12,363,2018,4.951428571428571,0.12857142857143053,4.87,0.0,0.0,6.26,0.0,11.37,0.0
2018-12-30,6.32,13.27,1.69,30.19,0.0,1.21,0.0,6.17,3.52,7.85,0.0,12,364,2018,4.732857142857142,0.12857142857143053,3.13,0.0,0.0,7.84,0.0,9.83,0.0
2018-12-31,6.17,12.62,2.41,32.92,0.0,1.27,0.0,6.43,6.32,7.26,0.0,12,365,2018,4.577142857142857,0.12857142857143053,1.88,0.9,0.0,9.01,0.82,8.62,0.0
2019-01-01,6.43,12.76,3.06,38.08,0.0,1.23,0.0,5.19,6.17,6.15,0.0,1,1,2019,4.617142857142857,0.12857142857143053,3.52,0.0,0.0,5.71,0.75,8.48,0.0
2019-01-02,5.19,11.7,1.23,39.58,0.0,1.24,0.0,3.91,6.43,4.87,0.0,1,2,2019,4.662857142857143,0.12857142857143053,6.32,0.0,0.0,6.26,0.0,8.02,0.0
2019-01-03,3.91,9.95,0.05,50.81,0.0,1.39,0.0,4.56,5.19,3.13,0.0,1,3,2019,4.774285714285715,0.12857142857143053,6.17,0.0,0.0,8.02,0.0,8.83,0.0
2019-01-04,4.56,11.62,-0.48,51.06,0.0,1.4,0.0,5.9,3.91,1.88,0.0,1,4,2019,5.1571428571428575,0.0,6.43,0.0,0.9,6.62,0.0,8.22,0.0
2019-01-05,5.9,12.48,1.82,50.73,0.0,1.17,0.0,5.75,4.56,3.52,0.0,1,5,2019,5.497142857142857,0.0,5.19,0.0,0.0,7.29,0.0,7.43,0.0
2019-01-06,5.75,13.22,0.58,41.66,0.0,1.35,0.02,4.4,5.9,6.32,0.0,1,6,2019,5.4157142857142855,0.0,3.91,0.0,0.0,7.85,0.0,6.21,0.0
2019-01-07,4.4,10.72,0.98,51.89,0.02,1.24,0.0,5.44,5.75,6.17,0.0,1,7,2019,5.162857142857143,0.002857142857144824,4.56,0.0,0.0,7.26,0.0,7.3,0.0
2019-01-08,5.44,12.53,0.44,49.67,0.0,1.42,0.1,5.25,4.4,6.43,0.02,1,8,2019,5.021428571428572,0.002857142857144824,5.9,0.0,0.0,6.15,0.0,7.27,0.0
2019-01-09,5.25,11.12,1.63,56.55,0.1,1.29,0.06,5.1,5.44,5.19,0.0,1,9,2019,5.03,0.01714285714285911,5.75,0.0,0.0,4.87,0.0,7.11,0.0
2019-01-10,5.1,11.31,1.27,57.58,0.06,1.34,0.0,5.28,5.25,3.91,0.1,1,10,2019,5.2,0.02571428571428768,4.4,0.02,0.0,3.13,0.0,6.61,0.0
2019-01-11,5.28,11.44,2.2,56.35,0.0,1.21,0.0,5.64,5.1,4.56,0.06,1,11,2019,5.3028571428571425,0.02571428571428768,5.44,0.0,0.0,1.88,0.9,6.66,0.0
2019-01-12,5.64,12.96,1.03,43.27,0.0,1.28,0.0,5.8,5.28,5.9,0.0,1,12,2019,5.265714285714286,0.02571428571428768,5.25,0.1,0.0,3.52,0.0,6.32,0.0
2019-01-13,5.8,12.84,1.97,37.65,0.0,1.42,0.0,4.95,5.64,5.75,0.0,1,13,2019,5.272857142857142,0.02571428571428768,5.1,0.06,0.0,6.32,0.0,5.42,0.0
2019-01-14,4.95,11.64,0.61,40.48,0.0,1.44,0.0,5.37,5.8,4.4,0.0,1,14,2019,5.351428571428571,0.022857142857144828,5.28,0.0,0.02,6.17,0.0,6.26,0.0
2019-01-15,5.37,13.76,-2.21,38.06,0.0,1.41,0.0,7.61,4.95,5.44,0.0,1,15,2019,5.341428571428572,0.022857142857144828,5.64,0.0,0.0,6.43,0.0,7.84,0.0
2019-01-16,7.61,14.29,3.27,32.73,0.0,1.12,0.0,6.7,5.37,5.25,0.0,1,16,2019,5.678571428571429,0.008571428571430537,5.8,0.0,0.1,5.19,0.0,9.01,0.82
2019-01-17,6.7,13.26,2.99,40.66,0.0,1.27,0.0,5.86,7.61,5.1,0.0,1,17,2019,5.9071428571428575,0.0,4.95,0.0,0.06,3.91,0.0,5.71,0.75
2019-01-18,5.86,12.32,1.19,48.08,0.0,1.49,0.0,6.16,6.7,5.28,0.0,1,18,2019,5.99,0.0,5.37,0.0,0.0,4.56,0.0,6.26,0.0
2019-01-19,6.16,12.08,2.71,54.32,0.0,1.27,0.0,6.93,5.86,5.64,0.0,1,19,2019,6.064285714285715,0.0,7.61,0.0,0.0,5.9,0.0,8.02,0.0
2019-01-20,6.93,13.65,2.57,52.45,0.0,1.34,0.0,7.52,6.16,5.8,0.0,1,20,2019,6.225714285714287,0.0,6.7,0.0,0.0,5.75,0.0,6.62,0.0
2019-01-21,7.52,13.99,3.27,52.46,0.0,1.3,0.06,7.45,6.93,4.95,0.0,1,21,2019,6.5928571428571425,0.0,5.86,0.0,0.0,4.4,0.02,7.29,0.0
2019-01-22,7.45,13.9,2.77,48.4,0.06,1.26,0.27,6.48,7.52,5.37,0.0,1,22,2019,6.890000000000001,0.008571428571430537,6.16,0.0,0.0,5.44,0.0,7.85,0.0
2019-01-23,6.48,10.96,2.98,61.0,0.27,0.91,0.14,5.95,7.45,7.61,0.06,1,23,2019,6.728571428571428,0.04714285714285911,6.93,0.0,0.0,5.25,0.1,7.26,0.0
2019-01-24,5.95,12.06,1.94,72.4,0.14,1.11,0.5,5.46,6.48,6.7,0.27,1,24,2019,6.621428571428572,0.06714285714285911,7.52,0.0,0.0,5.1,0.06,6.15,0.0
2019-01-25,5.46,9.78,2.26,74.39,0.5,1.14,0.58,5.72,5.95,5.86,0.14,1,25,2019,6.564285714285715,0.13857142857143054,7.45,0.06,0.0,5.28,0.0,4.87,0.0
2019-01-26,5.72,12.04,2.01,73.77,0.58,1.18,0.04,6.09,5.46,6.16,0.5,1,26,2019,6.501428571428571,0.2214285714285734,6.48,0.27,0.0,5.64,0.0,3.13,0.0
2019-01-27,6.09,12.12,1.4,64.51,0.04,1.17,0.55,5.3,5.72,6.93,0.58,1,27,2019,6.381428571428572,0.22714285714285912,5.95,0.14,0.0,5.8,0.0,1.88,0.9
2019-01-28,5.3,11.09,0.74,66.19,0.55,1.28,1.11,3.34,6.09,7.52,0.04,1,28,2019,6.064285714285715,0.3057142857142877,5.46,0.5,0.0,4.95,0.0,3.52,0.0
2019-01-29,3.34,9.96,-0.89,55.25,1.11,1.56,0.0,5.41,5.3,7.45,0.55,1,29,2019,5.477142857142858,0.4557142857142877,5.72,0.58,0.06,5.37,0.0,6.32,0.0
2019-01-30,5.41,13.71,-2.28,37.86,0.0,1.44,0.0,7.69,3.34,6.48,1.11,1,30,2019,5.324285714285714,0.41714285714285915,6.09,0.04,0.27,7.61,0.0,6.17,0.0
2019-01-31,7.69,13.96,3.69,36.45,0.0,1.24,0.0,7.81,5.41,5.95,0.0,1,31,2019,5.572857142857143,0.3971428571428591,5.3,0.55,0.14,6.7,0.0,6.43,0.0
2019-02-01,7.81,13.82,3.82,47.0,0.0,1.22,0.0,7.33,7.69,5.46,0.0,2,32,2019,5.908571428571428,0.3257142857142877,3.34,1.11,0.5,5.86,0.0,5.19,0.0
2019-02-02,7.33,14.56,2.04,40.28,0.0,1.62,0.0,7.32,7.81,5.72,0.0,2,33,2019,6.138571428571429,0.24285714285714485,5.41,0.0,0.58,6.16,0.0,3.91,0.0
2019-02-03,7.32,14.75,1.96,38.65,0.0,1.7,0.0,8.24,7.33,6.09,0.0,2,34,2019,6.314285714285714,0.23714285714285913,7.69,0.0,0.04,6.93,0.0,4.56,0.0
2019-02-04,8.24,16.17,2.19,38.28,0.0,1.66,0.0,8.77,7.32,5.3,0.0,2,35,2019,6.734285714285714,0.15857142857143056,7.81,0.0,0.55,7.52,0.0,5.9,0.0
2019-02-05,8.77,15.24,4.92,39.08,0.0,1.38,0.01,8.42,8.24,3.34,0.0,2,36,2019,7.509999999999999,0.0,7.33,0.0,1.11,7.45,0.06,5.75,0.0
2019-02-06,8.42,15.54,4.22,40.6,0.01,1.71,1.79,7.88,8.77,5.41,0.0,2,37,2019,7.9399999999999995,0.0014285714285733953,7.32,0.0,0.0,6.48,0.27,4.4,0.02
2019-02-07,7.88,13.92,3.5,60.53,1.79,1.27,6.94,7.49,8.42,7.69,0.01,2,38,2019,7.967142857142858,0.2571428571428591,8.24,0.0,0.0,5.95,0.14,5.44,0.0
2019-02-08,7.49,14.25,4.59,77.28,6.94,1.32,7.19,3.35,7.88,7.81,1.79,2,39,2019,7.921428571428572,1.2485714285714307,8.77,0.0,0.0,5.46,0.5,5.25,0.1
2019-02-09,3.35,6.46,0.33,77.45,7.19,1.98,0.01,4.98,7.49,7.33,6.94,2,40,2019,7.352857142857142,2.2757142857142876,8.42,0.01,0.0,5.72,0.58,5.1,0.06
2019-02-10,4.98,13.03,-3.22,43.08,0.01,1.51,0.0,7.07,3.35,7.32,7.19,2,41,2019,7.018571428571429,2.2771428571428594,7.88,1.79,0.0,6.09,0.04,5.28,0.0
2019-02-11,7.07,12.09,3.76,42.07,0.0,1.24,0.0,8.09,4.98,8.24,0.01,2,42,2019,6.851428571428571,2.2771428571428594,7.49,6.94,0.0,5.3,0.55,5.64,0.0
2019-02-12,8.09,14.88,3.03,46.0,0.0,1.34,0.0,10.07,7.07,8.77,0.0,2,43,2019,6.7542857142857144,2.2771428571428594,3.35,7.19,0.0,3.34,1.11,5.8,0.0
2019-02-13,10.07,16.65,5.3,41.72,0.0,1.52,0.0,10.67,8.09,8.42,0.0,2,44,2019,6.990000000000001,2.275714285714288,4.98,0.01,0.01,5.41,0.0,4.95,0.0
2019-02-14,10.67,15.94,7.73,49.45,0.0,1.27,2.64,9.21,10.07,7.88,0.0,2,45,2019,7.388571428571429,2.0200000000000022,7.07,0.0,1.79,7.69,0.0,5.37,0.0
2019-02-15,9.21,14.91,5.4,59.36,2.64,1.24,0.96,6.61,10.67,7.49,0.0,2,46,2019,7.634285714285714,1.4057142857142877,8.09,0.0,6.94,7.81,0.0,7.61,0.0
2019-02-16,6.61,10.45,2.85,71.68,0.96,1.08,0.08,6.19,9.21,3.35,2.64,2,47,2019,8.1,0.5157142857142877,10.07,0.0,7.19,7.33,0.0,6.7,0.0
2019-02-17,6.19,12.09,1.75,62.0,0.08,1.85,0.22,7.17,6.61,4.98,0.96,2,48,2019,8.272857142857143,0.5257142857142878,10.67,0.0,0.01,7.32,0.0,5.86,0.0
2019-02-18,7.17,13.52,2.62,57.01,0.22,1.76,0.43,6.61,6.19,7.07,0.08,2,49,2019,8.287142857142857,0.5571428571428592,9.21,2.64,0.0,8.24,0.0,6.16,0.0
2019-02-19,6.61,12.35,1.86,66.77,0.43,1.92,0.02,8.97,7.17,8.09,0.22,2,50,2019,8.075714285714286,0.6185714285714307,6.61,0.96,0.0,8.77,0.0,6.93,0.0
2019-02-20,8.97,16.64,3.18,47.88,0.02,1.88,0.0,11.02,6.61,10.07,0.43,2,51,2019,7.91857142857143,0.6214285714285734,6.19,0.08,0.0,8.42,0.01,7.52,0.0
2019-02-21,11.02,17.81,6.63,42.08,0.0,1.8,0.0,11.73,8.97,10.67,0.02,2,52,2019,7.968571428571429,0.6214285714285734,7.17,0.22,0.0,7.88,1.79,7.45,0.06
2019-02-22,11.73,18.72,7.29,50.23,0.0,2.41,0.0,10.0,11.02,9.21,0.0,2,53,2019,8.32857142857143,0.2442857142857163,6.61,0.43,2.64,7.49,6.94,6.48,0.27
2019-02-23,10.0,16.93,4.95,50.77,0.0,2.03,0.01,10.07,11.73,6.61,0.0,2,54,2019,8.812857142857144,0.10714285714285918,8.97,0.02,0.96,3.35,7.19,5.95,0.14
2019-02-24,10.07,16.88,5.94,48.49,0.01,1.55,0.1,7.56,10.0,6.19,0.0,2,55,2019,9.367142857142856,0.09714285714285918,11.02,0.0,0.08,4.98,0.01,5.46,0.5
2019-02-25,7.56,12.72,3.09,58.95,0.1,1.61,0.02,6.89,10.07,7.17,0.01,2,56,2019,9.422857142857142,0.08000000000000204,11.73,0.0,0.22,7.07,0.0,5.72,0.58
2019-02-26,6.89,13.73,0.5,42.63,0.02,1.61,7.99,6.37,7.56,6.61,0.1,2,57,2019,9.462857142857143,0.02142857142857346,10.0,0.0,0.43,8.09,0.0,6.09,0.04
2019-02-27,6.37,11.57,2.1,73.12,7.99,1.87,5.2,4.07,6.89,8.97,0.02,2,58,2019,9.09142857142857,1.1600000000000021,10.07,0.01,0.02,10.07,0.0,5.3,0.55
2019-02-28,4.07,8.31,0.19,73.71,5.2,1.43,0.0,5.24,6.37,11.02,7.99,2,59,2019,8.098571428571429,1.902857142857145,7.56,0.1,0.0,10.67,0.0,3.34,1.11
2019-03-01,5.24,13.02,-1.81,44.9,0.0,1.79,0.0,8.24,4.07,11.73,5.2,3,60,2019,7.171428571428572,1.902857142857145,6.89,0.02,0.0,9.21,2.64,5.41,0.0
2019-03-02,8.24,15.71,2.48,38.22,0.0,1.53,0.12,8.44,5.24,10.0,0.0,3,61,2019,6.92,1.902857142857145,6.37,7.99,0.0,6.61,0.96,7.69,0.0
2019-03-03,8.44,14.32,4.63,49.98,0.12,1.53,0.0,8.61,8.24,10.07,0.0,3,62,2019,6.687142857142858,1.9185714285714306,4.07,5.2,0.01,6.19,0.08,7.81,0.0
2019-03-04,8.61,15.05,3.93,60.22,0.0,1.78,0.04,7.99,8.44,7.56,0.12,3,63,2019,6.837142857142857,1.9042857142857164,5.24,0.0,0.1,7.17,0.22,7.33,0.0
2019-03-05,7.99,13.71,2.92,59.55,0.04,1.64,0.06,8.21,8.61,6.89,0.0,3,64,2019,6.994285714285714,1.907142857142859,8.24,0.0,0.02,6.61,0.43,7.32,0.0
2019-03-06,8.21,15.49,3.49,47.61,0.06,1.75,0.0,8.13,7.99,6.37,0.04,3,65,2019,7.257142857142857,0.7742857142857164,8.44,0.12,7.99,8.97,0.02,8.24,0.0
2019-03-07,8.13,15.78,2.37,38.82,0.0,1.75,0.01,7.86,8.21,4.07,0.06,3,66,2019,7.837142857142857,0.03142857142857346,8.61,0.0,5.2,11.02,0.0,8.77,0.0
2019-03-08,7.86,15.06,2.15,44.74,0.01,1.89,0.04,9.19,8.13,5.24,0.0,3,67,2019,8.211428571428572,0.03285714285714488,7.99,0.04,0.0,11.73,0.0,8.42,0.01
2019-03-09,9.19,15.82,4.57,46.47,0.04,1.98,0.02,9.89,7.86,8.24,0.01,3,68,2019,8.347142857142856,0.0385714285714306,8.21,0.06,0.0,10.0,0.0,7.88,1.79
2019-03-10,9.89,16.88,4.58,42.69,0.02,1.83,0.0,10.46,9.19,8.44,0.04,3,69,2019,8.554285714285713,0.02428571428571632,8.13,0.0,0.12,10.07,0.01,7.49,6.94
2019-03-11,10.46,18.28,4.56,36.32,0.0,1.83,0.0,11.46,9.89,8.61,0.02,3,70,2019,8.81857142857143,0.02428571428571632,7.86,0.01,0.0,7.56,0.1,3.35,7.19
2019-03-12,11.46,19.67,4.78,34.52,0.0,2.67,0.0,13.01,10.46,7.99,0.0,3,71,2019,9.314285714285715,0.0185714285714306,9.19,0.04,0.04,6.89,0.02,4.98,0.01
2019-03-13,13.01,20.65,7.99,32.41,0.0,1.93,0.0,13.59,11.46,8.21,0.0,3,72,2019,10.0,0.01000000000000203,9.89,0.02,0.06,6.37,7.99,7.07,0.0
2019-03-14,13.59,21.26,7.68,39.21,0.0,2.06,0.0,12.67,13.01,8.13,0.0,3,73,2019,10.780000000000001,0.010000000000002032,10.46,0.0,0.0,4.07,5.2,8.09,0.0
2019-03-15,12.67,19.62,6.83,48.97,0.0,2.02,0.0,11.89,13.59,7.86,0.0,3,74,2019,11.467142857142859,0.008571428571430601,11.46,0.0,0.01,5.24,0.0,10.07,0.0
2019-03-16,11.89,18.92,6.01,44.37,0.0,2.02,0.0,12.17,12.67,9.19,0.0,3,75,2019,11.852857142857143,0.002857142857144887,13.01,0.0,0.04,8.24,0.0,10.67,0.0
2019-03-17,12.17,18.61,7.92,38.06,0.0,1.67,0.98,11.08,11.89,9.89,0.0,3,76,2019,12.178571428571429,0.0,13.59,0.0,0.02,8.44,0.12,9.21,2.64
2019-03-18,11.08,16.63,7.06,49.06,0.98,1.73,1.07,11.0,12.17,10.46,0.0,3,77,2019,12.267142857142858,0.14000000000000204,12.67,0.0,0.0,8.61,0.0,6.61,0.96
2019-03-19,11.0,17.48,6.84,49.39,1.07,1.88,0.64,10.92,11.08,11.46,0.98,3,78,2019,12.20142857142857,0.29285714285714487,11.89,0.0,0.0,7.99,0.04,6.19,0.08
2019-03-20,10.92,17.89,5.3,52.35,0.64,1.98,0.07,11.38,11.0,13.01,1.07,3,79,2019,11.902857142857142,0.3842857142857163,12.17,0.0,0.0,8.21,0.06,7.17,0.22
2019-03-21,11.38,18.68,4.03,45.73,0.07,2.36,0.02,11.97,10.92,13.59,0.64,3,80,2019,11.587142857142856,0.39428571428571635,11.08,0.98,0.0,8.13,0.0,6.61,0.43
2019-03-22,11.97,19.79,5.1,43.3,0.02,2.07,0.0,12.57,11.38,12.67,0.07,3,81,2019,11.487142857142857,0.3971428571428592,11.0,1.07,0.0,7.86,0.01,8.97,0.02
2019-03-23,12.57,19.63,6.4,39.59,0.0,2.13,0.01,13.29,11.97,11.89,0.02,3,82,2019,11.584285714285715,0.3971428571428592,10.92,0.64,0.0,9.19,0.04,11.02,0.0
2019-03-24,13.29,20.29,7.95,35.23,0.01,1.82,0.5,13.08,12.57,12.17,0.0,3,83,2019,11.744285714285715,0.39857142857143063,11.38,0.07,0.0,9.89,0.02,11.73,0.0
2019-03-25,13.08,20.47,7.35,40.7,0.5,1.7,5.23,9.91,13.29,11.08,0.01,3,84,2019,12.03,0.330000000000002,11.97,0.02,0.98,10.46,0.0,10.0,0.0
2019-03-26,9.91,14.57,6.91,61.55,5.23,1.29,0.6,12.25,13.08,11.0,0.5,3,85,2019,11.874285714285715,0.9242857142857164,12.57,0.0,1.07,11.46,0.0,10.07,0.01
2019-03-27,12.25,18.98,7.21,55.04,0.6,1.65,0.0,14.58,9.91,10.92,5.23,3,86,2019,12.064285714285715,0.9185714285714307,13.29,0.01,0.64,13.01,0.0,7.56,0.1
2019-03-28,14.58,21.3,9.23,41.06,0.0,1.88,0.02,14.53,12.25,11.38,0.6,3,87,2019,12.52142857142857,0.9085714285714307,13.08,0.5,0.07,13.59,0.0,6.89,0.02
2019-03-29,14.53,20.57,9.97,50.06,0.02,1.89,1.28,13.44,14.58,11.97,0.0,3,88,2019,12.887142857142857,0.9085714285714307,9.91,5.23,0.02,12.67,0.0,6.37,7.99
2019-03-30,13.44,19.68,9.15,59.15,1.28,1.74,3.45,14.06,14.53,12.57,0.02,3,89,2019,13.01142857142857,1.0914285714285736,12.25,0.6,0.0,11.89,0.0,4.07,5.2
2019-03-31,14.06,20.22,9.69,60.18,3.45,1.89,0.73,13.25,13.44,13.29,1.28,3,90,2019,13.12142857142857,1.582857142857145,14.58,0.0,0.01,12.17,0.0,5.24,0.0
2019-04-01,13.25,20.15,7.92,54.86,0.73,1.76,0.24,12.38,14.06,13.08,3.45,4,91,2019,13.145714285714286,1.6157142857142879,14.53,0.02,0.5,11.08,0.98,8.24,0.0
2019-04-02,12.38,19.29,6.2,45.86,0.24,1.86,0.02,13.42,13.25,9.91,0.73,4,92,2019,13.498571428571429,0.9028571428571449,13.44,1.28,5.23,11.0,1.07,8.44,0.12
2019-04-03,13.42,19.62,8.82,50.07,0.02,1.89,0.34,13.8,12.38,12.25,0.24,4,93,2019,13.665714285714285,0.8200000000000021,14.06,3.45,0.6,10.92,0.64,8.61,0.0
2019-04-04,13.8,20.19,8.68,53.2,0.34,1.86,2.93,13.91,13.42,14.58,0.02,4,94,2019,13.554285714285715,0.8685714285714307,13.25,0.73,0.0,11.38,0.07,7.99,0.04
2019-04-05,13.91,20.07,9.52,59.11,2.93,1.72,11.61,12.64,13.8,14.53,0.34,4,95,2019,13.465714285714286,1.2842857142857163,12.38,0.24,0.02,11.97,0.02,8.21,0.06
2019-04-06,12.64,18.55,7.39,72.54,11.61,1.56,5.1,11.92,13.91,13.44,2.93,4,96,2019,13.351428571428572,2.760000000000002,13.42,0.02,1.28,12.57,0.0,8.13,0.0
2019-04-07,11.92,17.0,6.99,74.13,5.1,1.54,0.19,14.03,12.64,14.06,11.61,4,97,2019,13.045714285714286,2.9957142857142878,13.8,0.34,3.45,13.29,0.01,7.86,0.01
2019-04-08,14.03,19.71,9.38,66.77,0.19,1.66,3.88,12.49,11.92,13.25,5.1,4,98,2019,13.157142857142858,2.9185714285714304,13.91,2.93,0.73,13.08,0.5,9.19,0.04
2019-04-09,12.49,16.91,7.74,65.38,3.88,1.63,0.0,14.79,14.03,12.38,0.19,4,99,2019,13.172857142857142,3.438571428571431,12.64,11.61,0.24,9.91,5.23,9.89,0.02
2019-04-10,14.79,21.66,9.23,57.22,0.0,1.84,0.47,14.98,12.49,13.42,3.88,4,100,2019,13.368571428571428,3.4357142857142877,11.92,5.1,0.02,12.25,0.6,10.46,0.0
2019-04-11,14.98,20.79,9.92,62.76,0.47,1.87,1.33,16.26,14.79,13.8,0.0,4,101,2019,13.537142857142856,3.4542857142857164,14.03,0.19,0.34,14.58,0.0,11.46,0.0
2019-04-12,16.26,22.05,10.95,62.11,1.33,1.75,0.99,15.92,14.98,13.91,0.47,4,102,2019,13.872857142857143,3.225714285714288,12.49,3.88,2.93,14.53,0.02,13.01,0.0
2019-04-13,15.92,22.01,10.12,59.51,0.99,1.85,5.01,16.2,16.26,12.64,1.33,4,103,2019,14.34142857142857,1.7085714285714304,14.79,0.0,11.61,13.44,1.28,13.59,0.0
2019-04-14,16.2,22.1,10.76,55.56,5.01,2.02,0.04,16.9,15.92,11.92,0.99,4,104,2019,14.952857142857141,1.6957142857142877,14.98,0.47,5.1,14.06,3.45,12.67,0.0
2019-04-15,16.9,23.14,10.83,44.6,0.04,2.06,1.1,16.93,16.2,14.03,5.01,4,105,2019,15.362857142857141,1.6742857142857162,16.26,1.33,0.19,13.25,0.73,11.89,0.0
2019-04-16,16.93,22.77,12.26,45.56,1.1,1.95,4.52,15.64,16.9,12.49,0.04,4,106,2019,15.997142857142856,1.2771428571428591,15.92,0.99,3.88,12.38,0.24,12.17,0.0
2019-04-17,15.64,22.39,11.08,52.52,4.52,2.06,0.23,14.87,16.93,14.79,1.1,4,107,2019,16.118571428571425,1.9228571428571448,16.2,5.01,0.0,13.42,0.02,11.08,0.98
2019-04-18,14.87,21.1,10.05,46.78,0.23,2.14,1.6,13.96,15.64,14.98,4.52,4,108,2019,16.102857142857143,1.8885714285714308,16.9,0.04,0.47,13.8,0.34,11.0,1.07
2019-04-19,13.96,21.16,7.83,48.8,1.6,2.08,0.45,13.96,14.87,16.26,0.23,4,109,2019,15.774285714285714,1.9271428571428593,16.93,1.1,1.33,13.91,2.93,10.92,0.64
2019-04-20,13.96,19.62,8.79,53.76,0.45,1.89,1.67,14.59,13.96,15.92,1.6,4,110,2019,15.494285714285713,1.8500000000000019,15.64,4.52,0.99,12.64,11.61,11.38,0.07
2019-04-21,14.59,20.22,9.78,53.98,1.67,1.89,6.17,13.3,13.96,16.2,0.45,4,111,2019,15.264285714285714,1.3728571428571448,14.87,0.23,5.01,11.92,5.1,11.97,0.02
2019-04-22,13.3,18.22,7.86,61.86,6.17,1.58,5.02,14.23,14.59,16.9,1.67,4,112,2019,14.75,2.248571428571431,13.96,1.6,0.04,14.03,0.19,12.57,0.0
2019-04-23,14.23,19.67,9.61,71.26,5.02,1.58,0.61,15.88,13.3,16.93,6.17,4,113,2019,14.364285714285714,2.8085714285714305,13.96,0.45,1.1,12.49,3.88,13.29,0.01
2019-04-24,15.88,21.44,11.58,71.19,0.61,1.62,0.85,16.76,14.23,15.64,5.02,4,114,2019,14.398571428571428,2.250000000000002,14.59,1.67,4.52,14.79,0.0,13.08,0.5
2019-04-25,16.76,22.04,12.28,61.16,0.85,1.6,1.06,17.75,15.88,14.87,0.61,4,115,2019,14.668571428571429,2.3385714285714303,13.3,6.17,0.23,14.98,0.47,9.91,5.23
2019-04-26,17.75,23.42,13.04,62.54,1.06,1.87,1.97,18.38,16.76,13.96,0.85,4,116,2019,15.209999999999999,2.2614285714285733,14.23,5.02,1.6,16.26,1.33,12.25,0.6
2019-04-27,18.38,24.35,12.82,50.45,1.97,1.91,4.93,18.62,17.75,13.96,1.06,4,117,2019,15.84142857142857,2.478571428571431,15.88,0.61,0.45,15.92,0.99,14.58,0.0
2019-04-28,18.62,24.9,13.83,44.07,4.93,1.85,0.24,18.06,18.38,14.59,1.97,4,118,2019,16.417142857142856,2.944285714285716,16.76,0.85,1.67,16.2,5.01,14.53,0.02
2019-04-29,18.06,24.5,12.48,38.92,0.24,1.94,0.11,18.12,18.62,13.3,4.93,4,119,2019,17.09714285714286,2.0971428571428588,17.75,1.06,6.17,16.9,0.04,13.44,1.28
2019-04-30,18.12,24.97,12.13,38.58,0.11,1.91,0.39,18.56,18.06,14.23,0.24,4,120,2019,17.65285714285714,1.395714285714288,18.38,1.97,5.02,16.93,1.1,14.06,3.45
2019-05-01,18.56,26.03,11.44,47.04,0.39,2.02,2.19,18.59,18.12,15.88,0.11,5,121,2019,18.035714285714285,1.364285714285716,18.62,4.93,0.61,15.64,4.52,13.25,0.73
2019-05-02,18.59,25.96,11.63,52.26,2.19,2.03,5.27,17.55,18.56,16.76,0.39,5,122,2019,18.297142857142855,1.5557142857142878,18.06,0.24,0.85,14.87,0.23,12.38,0.24
2019-05-03,17.55,24.69,11.63,64.39,5.27,1.5,0.97,16.81,18.59,17.75,2.19,5,123,2019,18.268571428571427,2.157142857142859,18.12,0.11,1.06,13.96,1.6,13.42,0.02
2019-05-04,16.81,23.33,12.0,65.9,0.97,2.06,0.02,16.95,17.55,18.38,5.27,5,124,2019,18.044285714285714,2.0142857142857165,18.56,0.39,1.97,13.96,0.45,13.8,0.34
2019-05-05,16.95,24.12,11.02,43.59,0.02,2.23,0.0,17.16,16.81,18.62,0.97,5,125,2019,17.805714285714284,1.3128571428571445,18.59,2.19,4.93,14.59,1.67,13.91,2.93
2019-05-06,17.16,24.56,9.85,34.97,0.0,2.06,0.0,18.11,16.95,18.06,0.02,5,126,2019,17.677142857142858,1.2785714285714305,17.55,5.27,0.24,13.3,6.17,12.64,11.61
2019-05-07,18.11,25.24,11.56,30.85,0.0,1.82,0.0,18.65,17.16,18.12,0.0,5,127,2019,17.675714285714285,1.2628571428571447,16.81,0.97,0.11,14.23,5.02,11.92,5.1
2019-05-08,18.65,26.23,11.05,30.89,0.0,2.21,0.01,19.25,18.11,18.56,0.0,5,128,2019,17.68857142857143,1.207142857142859,16.95,0.02,0.39,15.88,0.61,14.03,0.19
2019-05-09,19.25,26.3,12.6,29.93,0.01,1.98,0.06,19.18,18.65,18.59,0.0,5,129,2019,17.782857142857143,0.8957142857142877,17.16,0.0,2.19,16.76,0.85,12.49,3.88
2019-05-10,19.18,26.56,12.26,31.45,0.06,2.12,0.13,19.34,19.25,17.55,0.01,5,130,2019,18.015714285714285,0.15142857142857347,18.11,0.0,5.27,17.75,1.06,14.79,0.0
2019-05-11,19.34,27.28,12.38,36.73,0.13,2.34,1.41,18.09,19.18,16.81,0.06,5,131,2019,18.377142857142854,0.03142857142857346,18.65,0.0,0.97,18.38,1.97,14.98,0.47
2019-05-12,18.09,24.61,11.47,47.97,1.41,2.17,0.36,17.88,19.34,16.95,0.13,5,132,2019,18.54,0.230000000000002,19.25,0.01,0.02,18.62,4.93,16.26,1.33
2019-05-13,17.88,25.01,11.0,44.38,0.36,1.9,2.56,17.3,18.09,17.16,1.41,5,133,2019,18.642857142857142,0.2814285714285734,19.18,0.06,0.0,18.06,0.24,15.92,0.99
2019-05-14,17.3,23.34,11.9,42.65,2.56,1.78,2.8,17.0,17.88,18.11,0.36,5,134,2019,18.527142857142856,0.6471428571428591,19.34,0.13,0.0,18.12,0.11,16.2,5.01
2019-05-15,17.0,22.64,11.49,56.73,2.8,1.84,2.62,16.77,17.3,18.65,2.56,5,135,2019,18.291428571428572,1.0471428571428592,18.09,1.41,0.0,18.56,0.39,16.9,0.04
2019-05-16,16.77,20.81,12.89,65.64,2.62,1.83,0.87,17.77,17.0,19.25,2.8,5,136,2019,17.937142857142856,1.420000000000002,17.88,0.36,0.01,18.59,2.19,16.93,1.1
2019-05-17,17.77,24.87,11.3,48.36,0.87,2.42,2.33,18.02,16.77,19.18,2.62,5,137,2019,17.735714285714288,1.5357142857142878,17.3,2.56,0.06,17.55,5.27,15.64,4.52
2019-05-18,18.02,25.61,11.0,45.82,2.33,2.54,0.32,17.7,17.77,19.34,0.87,5,138,2019,17.547142857142855,1.850000000000002,17.0,2.8,0.13,16.81,0.97,14.87,0.23
2019-05-19,17.7,24.55,11.0,48.17,0.32,1.98,5.65,18.08,18.02,18.09,2.33,5,139,2019,17.49142857142857,1.6942857142857164,16.77,2.62,1.41,16.95,0.02,13.96,1.6
2019-05-20,18.08,24.18,11.96,51.99,5.65,2.07,7.65,18.6,17.7,17.88,0.32,5,140,2019,17.52,2.450000000000002,17.77,0.87,0.36,17.16,0.0,13.96,0.45
2019-05-21,18.6,23.94,14.53,61.27,7.65,1.75,1.95,18.51,18.08,17.3,5.65,5,141,2019,17.705714285714286,3.1771428571428593,18.02,2.33,2.56,18.11,0.0,14.59,1.67
2019-05-22,18.51,24.16,13.94,59.09,1.95,1.84,3.1,18.16,18.6,17.0,7.65,5,142,2019,17.92142857142857,3.055714285714288,17.7,0.32,2.8,18.65,0.0,13.3,6.17
2019-05-23,18.16,23.85,13.43,59.23,3.1,1.99,0.61,19.14,18.51,16.77,1.95,5,143,2019,18.12,3.124285714285716,18.08,5.65,2.62,19.25,0.01,14.23,5.02
2019-05-24,19.14,25.16,13.41,53.49,0.61,2.15,0.75,19.49,18.16,17.77,3.1,5,144,2019,18.315714285714282,3.0871428571428594,18.6,7.65,0.87,19.18,0.06,15.88,0.61
2019-05-25,19.49,26.23,13.66,46.58,0.75,2.15,0.12,18.11,19.14,18.02,0.61,5,145,2019,18.525714285714287,2.8614285714285734,18.51,1.95,2.33,19.34,0.13,16.76,0.85
2019-05-26,18.11,24.55,11.91,44.61,0.12,2.09,0.15,19.1,19.49,17.7,0.75,5,146,2019,18.584285714285716,2.8328571428571445,18.16,3.1,0.32,18.09,1.41,17.75,1.06
2019-05-27,19.1,25.03,14.24,48.94,0.15,1.98,2.18,18.9,18.11,18.08,0.12,5,147,2019,18.729999999999997,2.0471428571428594,19.14,0.61,5.65,17.88,0.36,18.38,1.97
2019-05-28,18.9,24.23,13.61,52.31,2.18,2.07,9.77,18.17,19.1,18.6,0.15,5,148,2019,18.77285714285714,1.2657142857142876,19.49,0.75,7.65,17.3,2.56,18.62,4.93
2019-05-29,18.17,24.79,11.77,58.28,9.77,1.87,4.09,18.38,18.9,18.51,2.18,5,149,2019,18.724285714285713,2.382857142857145,18.11,0.12,1.95,17.0,2.8,18.06,0.24
2019-05-30,18.38,23.63,14.01,63.89,4.09,1.81,0.08,19.25,18.17,18.16,9.77,5,150,2019,18.755714285714284,2.5242857142857167,19.1,0.15,3.1,16.77,2.62,18.12,0.11
2019-05-31,19.25,24.8,15.16,54.54,0.08,1.75,1.24,18.19,18.38,19.14,4.09,5,151,2019,18.771428571428572,2.4485714285714306,18.9,2.18,0.61,17.77,0.87,18.56,0.39
2019-06-01,18.19,23.11,14.24,73.21,1.24,2.19,1.28,17.39,19.25,19.49,0.08,6,152,2019,18.585714285714285,2.5185714285714305,18.17,9.77,0.75,18.02,2.33,18.59,2.19
2019-06-02,17.39,21.95,13.3,76.89,1.28,2.03,0.22,16.72,18.19,18.11,1.24,6,153,2019,18.482857142857142,2.6842857142857164,18.38,4.09,0.12,17.7,0.32,17.55,5.27
2019-06-03,16.72,20.88,13.0,66.37,0.22,1.76,0.01,18.65,17.39,19.1,1.28,6,154,2019,18.142857142857142,2.694285714285716,19.25,0.08,0.15,18.08,5.65,16.81,0.97
2019-06-04,18.65,23.68,14.32,70.42,0.01,2.14,1.41,18.77,16.72,18.9,0.22,6,155,2019,18.107142857142858,2.3842857142857166,18.19,1.24,2.18,18.6,7.65,16.95,0.02
2019-06-05,18.77,22.97,14.77,74.1,1.41,2.02,5.91,19.39,18.65,18.17,0.01,6,156,2019,18.192857142857143,1.190000000000002,17.39,1.28,9.77,18.51,1.95,17.16,0.0
2019-06-06,19.39,24.5,15.22,80.18,5.91,1.69,1.56,20.09,18.77,18.38,1.41,6,157,2019,18.337142857142858,1.4500000000000022,16.72,0.22,4.09,18.16,3.1,18.11,0.0
2019-06-07,20.09,25.46,15.36,76.28,1.56,1.9,0.7,20.29,19.39,19.25,5.91,6,158,2019,18.45714285714286,1.6614285714285735,18.65,0.01,0.08,19.14,0.61,18.65,0.0
2019-06-08,20.29,26.22,13.98,61.48,0.7,1.79,0.4,20.04,20.09,18.19,1.56,6,159,2019,18.757142857142856,1.5842857142857163,18.77,1.41,1.24,19.49,0.75,19.25,0.01
2019-06-09,20.04,25.82,14.9,64.41,0.4,1.76,2.66,19.29,20.29,17.39,0.7,6,160,2019,19.135714285714283,1.4585714285714306,19.39,5.91,1.28,18.11,0.12,19.18,0.06
2019-06-10,19.29,24.02,15.48,80.23,2.66,2.24,2.34,18.94,20.04,16.72,0.4,6,161,2019,19.502857142857142,1.8071428571428592,20.09,1.56,0.22,19.1,0.15,19.34,0.13
2019-06-11,18.94,23.06,14.55,82.78,2.34,1.7,0.29,20.03,19.29,18.65,2.66,6,162,2019,19.544285714285714,2.140000000000002,20.29,0.7,0.01,18.9,2.18,18.09,1.41
2019-06-12,20.03,24.5,16.03,76.69,0.29,1.84,0.03,21.34,18.94,18.77,2.34,6,163,2019,19.724285714285713,1.980000000000002,20.04,0.4,1.41,18.17,9.77,17.88,0.36
2019-06-13,21.34,26.27,17.13,63.02,0.03,1.97,0.79,22.03,20.03,19.39,0.29,6,164,2019,20.002857142857145,1.1400000000000021,19.29,2.66,5.91,18.38,4.09,17.3,2.56
2019-06-14,22.03,27.94,16.2,52.97,0.79,2.12,1.44,21.69,21.34,20.09,0.03,6,165,2019,20.28,1.030000000000002,18.94,2.34,1.56,19.25,0.08,17.0,2.8
2019-06-15,21.69,27.7,16.03,50.07,1.44,2.19,0.73,21.25,22.03,20.29,0.79,6,166,2019,20.48,1.1357142857142877,20.03,0.29,0.7,18.19,1.24,16.77,2.62
2019-06-16,21.25,27.42,14.75,47.3,0.73,2.03,2.06,21.23,21.69,20.04,1.44,6,167,2019,20.65285714285714,1.1828571428571448,21.34,0.03,0.4,17.39,1.28,17.77,0.87
2019-06-17,21.23,27.73,15.36,52.05,2.06,1.99,5.0,20.45,21.25,19.29,0.73,6,168,2019,20.93,1.0971428571428592,22.03,0.79,2.66,16.72,0.22,18.02,2.33
2019-06-18,20.45,26.59,15.94,61.16,5.0,1.9,3.04,20.09,21.23,18.94,2.06,6,169,2019,21.145714285714288,1.477142857142859,21.69,1.44,2.34,18.65,0.01,17.7,0.32
2019-06-19,20.09,25.69,14.4,54.84,3.04,1.96,2.68,21.11,20.45,20.03,5.0,6,170,2019,21.154285714285717,1.870000000000002,21.25,0.73,0.29,18.77,1.41,18.08,5.65
2019-06-20,21.11,27.4,15.99,54.38,2.68,1.92,8.25,20.61,20.09,21.34,3.04,6,171,2019,21.12142857142857,2.2485714285714304,21.23,2.06,0.03,19.39,5.91,18.6,7.65
2019-06-21,20.61,27.05,15.43,64.58,8.25,1.67,3.73,19.2,21.11,22.03,2.68,6,172,2019,20.91857142857143,3.3142857142857167,20.45,5.0,0.79,20.09,1.56,18.51,1.95
2019-06-22,19.2,22.65,17.02,78.26,3.73,1.39,4.22,20.0,20.61,21.69,8.25,6,173,2019,20.562857142857144,3.6414285714285732,20.09,3.04,1.44,20.29,0.7,18.16,3.1
2019-06-23,20.0,24.59,16.35,77.78,4.22,1.8,0.62,21.52,19.2,21.25,3.73,6,174,2019,20.384285714285713,4.1400000000000015,21.11,2.68,0.73,20.04,0.4,19.14,0.61
2019-06-24,21.52,26.79,16.27,67.74,0.62,1.94,3.55,21.86,20.0,21.23,4.22,6,175,2019,20.425714285714285,3.9342857142857164,20.61,8.25,2.06,19.29,2.66,19.49,0.75
2019-06-25,21.86,27.14,17.55,74.11,3.55,2.24,5.04,21.84,21.52,20.45,0.62,6,176,2019,20.62714285714286,3.727142857142859,19.2,3.73,5.0,18.94,2.34,18.11,0.12
2019-06-26,21.84,26.92,17.96,72.48,5.04,2.45,3.45,20.86,21.86,20.09,3.55,6,177,2019,20.877142857142854,4.012857142857145,20.0,4.22,3.04,20.03,0.29,19.1,0.15
2019-06-27,20.86,25.67,16.67,71.38,3.45,2.21,1.3,21.44,21.84,21.11,5.04,6,178,2019,20.84142857142857,4.1228571428571446,21.52,0.62,2.68,21.34,0.03,18.9,2.18
2019-06-28,21.44,26.83,16.34,69.11,1.3,2.15,0.62,20.97,20.86,20.61,3.45,6,179,2019,20.96,3.130000000000002,21.86,3.55,8.25,22.03,0.79,18.17,9.77
2019-06-29,20.97,26.75,15.98,67.22,0.62,1.93,2.11,20.4,21.44,19.2,1.3,6,180,2019,21.212857142857143,2.6857142857142877,21.84,5.04,3.73,21.69,1.44,18.38,4.09
2019-06-30,20.4,25.27,17.16,78.33,2.11,2.06,4.19,21.02,20.97,20.0,0.62,6,181,2019,21.27,2.3842857142857166,20.86,3.45,4.22,21.25,0.73,19.25,0.08
2019-07-01,21.02,26.12,17.15,76.86,4.19,1.7,0.46,20.28,20.4,21.52,2.11,7,182,2019,21.198571428571427,2.894285714285716,21.44,1.3,0.62,21.23,2.06,18.19,1.24
2019-07-02,20.28,23.63,17.05,80.89,0.46,1.57,0.28,21.11,21.02,21.86,4.19,7,183,2019,20.972857142857144,2.452857142857145,20.97,0.62,3.55,20.45,5.0,17.39,1.28
2019-07-03,21.11,26.38,15.9,75.31,0.28,2.41,0.31,21.23,20.28,21.84,0.46,7,184,2019,20.868571428571425,1.772857142857145,20.4,2.11,5.04,20.09,3.04,16.72,0.22
2019-07-04,21.23,26.21,16.76,77.66,0.31,2.39,1.53,20.57,21.11,20.86,0.28,7,185,2019,20.92142857142857,1.3242857142857165,21.02,4.19,3.45,21.11,2.68,18.65,0.01
2019-07-05,20.57,24.24,17.73,80.23,1.53,2.02,3.97,19.83,21.23,21.44,0.31,7,186,2019,20.79714285714286,1.3571428571428592,20.28,0.46,1.3,20.61,8.25,18.77,1.41
2019-07-06,19.83,23.49,17.44,85.48,3.97,2.41,10.87,19.37,20.57,20.97,1.53,7,187,2019,20.634285714285713,1.8357142857142876,21.11,0.28,0.62,19.2,3.73,19.39,5.91
2019-07-07,19.37,23.86,16.81,87.1,10.87,1.9,19.88,18.98,19.83,20.4,3.97,7,188,2019,20.487142857142857,3.087142857142859,21.23,0.31,2.11,20.0,4.22,20.09,1.56
2019-07-08,18.98,22.55,15.83,84.69,19.88,1.79,17.48,18.49,19.37,21.02,10.87,7,189,2019,20.195714285714285,5.32857142857143,20.57,1.53,4.19,21.52,0.62,20.29,0.7
2019-07-09,18.49,21.67,16.54,88.84,17.48,1.93,10.63,18.59,18.98,20.28,19.88,7,190,2019,19.939999999999998,7.7600000000000025,19.83,3.97,0.46,21.86,3.55,20.04,0.4
2019-07-10,18.59,20.78,16.69,91.4,10.63,2.38,34.12,18.14,18.49,21.11,17.48,7,191,2019,19.580000000000002,9.238571428571431,19.37,10.87,0.28,21.84,5.04,19.29,2.66
2019-07-11,18.14,20.84,16.83,92.41,34.12,1.97,64.48,17.48,18.59,21.23,10.63,7,192,2019,19.138571428571428,14.068571428571431,18.98,19.88,0.31,20.86,3.45,18.94,2.34
2019-07-12,17.48,18.79,15.71,95.15,64.48,1.89,31.95,16.93,18.14,20.57,34.12,7,193,2019,18.697142857142858,23.06142857142857,18.49,17.48,1.53,21.44,1.3,20.03,0.29
2019-07-13,16.93,18.54,14.87,94.35,31.95,1.38,16.24,18.22,17.48,19.83,64.48,7,194,2019,18.282857142857143,27.05857142857143,18.59,10.63,3.97,20.97,0.62,21.34,0.03
2019-07-14,18.22,21.29,15.71,92.96,16.24,2.97,6.64,18.38,16.93,19.37,31.95,7,195,2019,18.11857142857143,27.825714285714287,18.14,34.12,10.87,20.4,2.11,22.03,0.79
2019-07-15,18.38,21.96,15.61,89.16,6.64,2.32,2.24,17.98,18.22,18.98,16.24,7,196,2019,18.032857142857143,25.934285714285714,17.48,64.48,19.88,21.02,4.19,21.69,1.44
2019-07-16,17.98,21.97,14.82,82.3,2.24,1.58,5.12,18.71,18.38,18.49,6.64,7,197,2019,17.96,23.75714285714286,16.93,31.95,17.48,20.28,0.46,21.25,0.73
2019-07-17,18.71,22.41,15.39,85.81,5.12,1.7,6.61,19.31,17.98,18.59,2.24,7,198,2019,17.97714285714286,22.970000000000002,18.22,16.24,10.63,21.11,0.28,21.23,2.06
2019-07-18,19.31,22.98,16.14,84.34,6.61,1.56,6.68,18.66,18.71,18.14,5.12,7,199,2019,18.14428571428571,19.040000000000003,18.38,6.64,34.12,21.23,0.31,20.45,5.0
2019-07-19,18.66,21.07,16.81,90.58,6.68,1.35,1.88,18.14,19.31,17.48,6.61,7,200,2019,18.312857142857144,10.782857142857143,17.98,2.24,64.48,20.57,1.53,20.09,3.04
2019-07-20,18.14,20.21,16.54,93.15,1.88,0.85,4.12,18.8,18.66,16.93,6.68,7,201,2019,18.485714285714288,6.487142857142857,18.71,5.12,31.95,19.83,3.97,21.11,2.68
2019-07-21,18.8,21.79,16.05,91.74,4.12,1.49,3.74,19.23,18.14,18.22,1.88,7,202,2019,18.568571428571428,4.755714285714285,19.31,6.61,16.24,19.37,10.87,20.61,8.25
2019-07-22,19.23,22.63,16.12,90.23,3.74,2.23,9.29,18.7,18.8,18.38,4.12,7,203,2019,18.69,4.341428571428572,18.66,6.68,6.64,18.98,19.88,19.2,3.73
2019-07-23,18.7,21.73,16.11,91.97,9.29,2.24,19.51,18.19,19.23,17.98,3.74,7,204,2019,18.792857142857144,5.348571428571428,18.14,1.88,2.24,18.49,17.48,20.0,4.22
2019-07-24,18.19,19.73,16.7,96.48,19.51,2.34,18.34,17.98,18.7,18.71,9.29,7,205,2019,18.71857142857143,7.404285714285714,18.8,4.12,5.12,18.59,10.63,21.52,0.62
2019-07-25,17.98,19.87,16.25,94.97,18.34,1.82,10.42,18.15,18.19,19.31,19.51,7,206,2019,18.528571428571432,9.08,19.23,3.74,6.61,18.14,34.12,21.86,3.55
2019-07-26,18.15,21.18,15.67,90.94,10.42,1.78,2.33,18.34,17.98,18.66,18.34,7,207,2019,18.455714285714286,9.614285714285714,18.7,9.29,6.68,17.48,64.48,21.84,5.04
2019-07-27,18.34,22.35,15.57,88.83,2.33,1.87,1.31,18.92,18.15,18.14,10.42,7,208,2019,18.48428571428571,9.678571428571429,18.19,19.51,1.88,16.93,31.95,20.86,3.45
2019-07-28,18.92,22.96,15.33,83.54,1.31,1.82,1.79,18.97,18.34,18.8,2.33,7,209,2019,18.50142857142857,9.277142857142858,17.98,18.34,4.12,18.22,16.24,21.44,1.3
2019-07-29,18.97,23.18,15.36,88.51,1.79,1.81,1.42,18.48,18.92,19.23,1.31,7,210,2019,18.464285714285715,8.998571428571429,18.15,10.42,3.74,18.38,6.64,20.97,0.62
2019-07-30,18.48,21.9,15.18,89.87,1.42,1.79,0.87,17.9,18.97,18.7,1.79,7,211,2019,18.43285714285714,7.8742857142857146,18.34,2.33,9.29,17.98,2.24,20.4,2.11
2019-07-31,17.9,20.72,15.2,91.17,0.87,1.76,2.34,17.79,18.48,18.19,1.42,7,212,2019,18.391428571428573,5.211428571428571,18.92,1.31,19.51,18.71,5.12,21.02,4.19
2019-08-01,17.79,21.67,14.65,86.65,2.34,1.4,6.63,18.62,17.9,17.98,0.87,8,213,2019,18.364285714285717,2.9257142857142857,18.97,1.79,18.34,19.31,6.61,20.28,0.46
2019-08-02,18.62,22.52,15.19,85.52,6.63,1.62,8.62,19.35,17.79,18.15,2.34,8,214,2019,18.43142857142857,2.384285714285714,18.48,1.42,10.42,18.66,6.68,21.11,0.28
2019-08-03,19.35,23.03,16.09,88.53,8.62,1.68,7.26,18.54,18.62,18.34,6.63,8,215,2019,18.575714285714287,3.2828571428571425,17.9,0.87,2.33,18.14,1.88,21.23,0.31
2019-08-04,18.54,20.71,16.63,92.34,7.26,1.34,9.31,18.72,19.35,18.92,8.62,8,216,2019,18.521428571428572,4.132857142857143,17.79,2.34,1.31,18.8,4.12,20.57,1.53
2019-08-05,18.72,21.65,16.31,91.61,9.31,1.26,5.6,19.94,18.54,18.97,7.26,8,217,2019,18.485714285714288,5.207142857142856,18.62,6.63,1.79,19.23,3.74,19.83,3.97
2019-08-06,19.94,23.88,16.84,86.67,5.6,1.47,13.87,19.62,18.72,18.48,9.31,8,218,2019,18.694285714285716,5.804285714285713,19.35,8.62,1.42,18.7,9.29,19.37,10.87
2019-08-07,19.62,23.21,16.56,87.09,13.87,1.48,2.9,18.98,19.94,17.9,5.6,8,219,2019,18.939999999999998,7.661428571428571,18.54,7.26,0.87,18.19,19.51,18.98,19.88
2019-08-08,18.98,22.18,16.45,89.82,2.9,2.88,2.77,18.6,19.62,17.79,13.87,8,220,2019,19.110000000000003,7.741428571428571,18.72,9.31,2.34,17.98,18.34,18.49,17.48
2019-08-09,18.6,22.24,15.54,91.32,2.77,2.01,3.94,19.09,18.98,18.62,2.9,8,221,2019,19.107142857142858,7.1899999999999995,19.94,5.6,6.63,18.15,10.42,18.59,10.63
2019-08-10,19.09,22.49,16.13,90.98,3.94,1.8,6.62,18.58,18.6,19.35,2.77,8,222,2019,19.07,6.521428571428571,19.62,13.87,8.62,18.34,2.33,18.14,34.12
2019-08-11,18.58,21.5,16.1,89.75,6.62,1.39,6.32,20.09,19.09,18.54,3.94,8,223,2019,19.075714285714287,6.430000000000001,18.98,2.9,7.26,18.92,1.31,17.48,64.48
2019-08-12,20.09,24.49,15.63,78.61,6.32,1.73,12.52,18.97,18.58,18.72,6.62,8,224,2019,19.271428571428572,6.002857142857144,18.6,2.77,9.31,18.97,1.79,16.93,31.95
2019-08-13,18.97,22.82,16.12,87.68,12.52,2.01,1.19,18.86,20.09,19.94,6.32,8,225,2019,19.132857142857144,6.991428571428571,19.09,3.94,5.6,18.48,1.42,18.22,16.24
2019-08-14,18.86,23.06,14.32,84.99,1.19,2.2,2.45,18.53,18.97,19.62,12.52,8,226,2019,19.024285714285714,5.180000000000001,18.58,6.62,13.87,17.9,0.87,18.38,6.64
2019-08-15,18.53,22.25,15.68,90.79,2.45,1.79,7.52,18.57,18.86,18.98,1.19,8,227,2019,18.96,5.115714285714286,20.09,6.32,2.9,17.79,2.34,17.98,2.24
2019-08-16,18.57,22.0,16.33,92.36,7.52,1.61,5.97,18.31,18.53,18.6,2.45,8,228,2019,18.955714285714286,5.7942857142857145,18.97,12.52,2.77,18.62,6.63,18.71,5.12
2019-08-17,18.31,20.26,16.46,92.61,5.97,1.32,2.53,18.38,18.57,19.09,7.52,8,229,2019,18.844285714285714,6.0842857142857145,18.86,1.19,3.94,19.35,8.62,19.31,6.61
2019-08-18,18.38,20.8,16.6,94.98,2.53,1.62,0.56,18.8,18.31,18.58,5.97,8,230,2019,18.815714285714286,5.5,18.53,2.45,6.62,18.54,7.26,18.66,6.68
2019-08-19,18.8,22.6,14.95,87.9,0.56,1.67,0.19,18.96,18.38,20.09,2.53,8,231,2019,18.631428571428568,4.677142857142856,18.57,7.52,6.32,18.72,9.31,18.14,1.88
2019-08-20,18.96,22.43,16.21,91.22,0.19,1.91,0.89,18.45,18.8,18.97,0.56,8,232,2019,18.63,2.915714285714286,18.31,5.97,12.52,19.94,5.6,18.8,4.12
2019-08-21,18.45,21.99,15.37,92.42,0.89,1.74,0.66,18.85,18.96,18.86,0.19,8,233,2019,18.571428571428573,2.8728571428571428,18.38,2.53,1.19,19.62,13.87,19.23,3.74
2019-08-22,18.85,22.01,15.62,82.0,0.66,1.17,8.13,18.61,18.45,18.53,0.89,8,234,2019,18.617142857142856,2.617142857142857,18.8,0.56,2.45,18.98,2.9,18.7,9.29
2019-08-23,18.61,21.34,16.5,91.97,8.13,1.71,3.52,18.55,18.85,18.57,0.66,8,235,2019,18.622857142857146,2.704285714285714,18.96,0.19,7.52,18.6,2.77,18.19,19.51
2019-08-24,18.55,22.07,16.07,89.69,3.52,1.53,2.35,17.87,18.61,18.31,8.13,8,236,2019,18.657142857142855,2.3542857142857145,18.45,0.89,5.97,19.09,3.94,17.98,18.34
2019-08-25,17.87,20.78,15.0,87.61,2.35,1.42,1.01,18.87,18.55,18.38,3.52,8,237,2019,18.584285714285716,2.3285714285714287,18.85,0.66,2.53,18.58,6.62,18.15,10.42
2019-08-26,18.87,22.96,15.5,89.04,1.01,1.82,0.48,19.23,17.87,18.8,2.35,8,238,2019,18.594285714285714,2.392857142857143,18.61,8.13,0.56,20.09,6.32,18.34,2.33
2019-08-27,19.23,23.33,15.36,86.75,0.48,1.64,12.04,19.36,18.87,18.96,1.01,8,239,2019,18.632857142857144,2.434285714285714,18.55,3.52,0.19,18.97,12.52,18.92,1.31
2019-08-28,19.36,23.11,16.57,91.26,12.04,1.63,13.2,18.94,19.23,18.45,0.48,8,240,2019,18.762857142857143,4.027142857142857,17.87,2.35,0.89,18.86,1.19,18.97,1.79
2019-08-29,18.94,22.5,15.91,88.9,13.2,1.64,15.01,19.07,19.36,18.85,12.04,8,241,2019,18.775714285714287,5.8185714285714285,18.87,1.01,0.66,18.53,2.45,18.48,1.42
2019-08-30,19.07,23.08,16.45,91.44,15.01,1.66,12.42,18.22,18.94,18.61,13.2,8,242,2019,18.841428571428573,6.801428571428571,19.23,0.48,8.13,18.57,7.52,17.9,0.87
2019-08-31,18.22,20.81,15.91,91.0,12.42,1.45,18.03,18.21,19.07,18.55,15.01,8,243,2019,18.794285714285714,8.072857142857142,19.36,12.04,3.52,18.31,5.97,17.79,2.34
2019-09-01,18.21,21.63,15.36,88.19,18.03,0.92,14.03,18.94,18.22,17.87,12.42,9,244,2019,18.842857142857145,10.312857142857142,18.94,13.2,2.35,18.38,2.53,18.62,6.63
2019-09-02,18.94,23.06,15.96,90.53,14.03,1.36,7.58,18.69,18.21,18.87,18.03,9,245,2019,18.852857142857143,12.172857142857142,19.07,15.01,1.01,18.8,0.56,19.35,8.62
2019-09-03,18.69,22.15,15.95,89.4,7.58,1.3,4.33,18.28,18.94,19.23,14.03,9,246,2019,18.775714285714287,13.187142857142858,18.22,12.42,0.48,18.96,0.19,18.54,7.26
2019-09-04,18.28,21.19,16.25,91.21,4.33,1.34,13.18,18.04,18.69,19.36,7.58,9,247,2019,18.62142857142857,12.085714285714285,18.21,18.03,12.04,18.45,0.89,18.72,9.31
2019-09-05,18.04,20.69,16.11,91.77,13.18,1.18,31.2,18.21,18.28,18.94,4.33,9,248,2019,18.49285714285714,12.082857142857145,18.94,14.03,13.2,18.85,0.66,19.94,5.6
2019-09-06,18.21,22.08,15.61,91.37,31.2,1.09,6.21,18.2,18.04,19.07,13.18,9,249,2019,18.37,14.395714285714288,18.69,7.58,15.01,18.61,8.13,19.62,13.87
2019-09-07,18.2,21.62,15.47,87.91,6.21,1.36,1.28,18.6,18.21,18.22,31.2,9,250,2019,18.36714285714286,13.508571428571429,18.28,4.33,12.42,18.55,3.52,18.98,2.9
2019-09-08,18.6,22.58,15.43,89.08,1.28,1.56,1.66,18.65,18.2,18.21,6.21,9,251,2019,18.422857142857143,11.115714285714287,18.04,13.18,18.03,17.87,2.35,18.6,2.77
2019-09-09,18.65,22.28,15.68,89.97,1.66,1.58,2.41,18.65,18.6,18.94,1.28,9,252,2019,18.381428571428575,9.348571428571429,18.21,31.2,14.03,18.87,1.01,19.09,3.94
2019-09-10,18.65,22.15,15.71,89.91,2.41,1.44,1.95,18.82,18.65,18.69,1.66,9,253,2019,18.375714285714285,8.610000000000001,18.2,6.21,7.58,19.23,0.48,18.58,6.62
2019-09-11,18.82,21.27,17.19,95.91,1.95,1.74,1.8,17.82,18.65,18.28,2.41,9,254,2019,18.452857142857145,8.27,18.6,1.28,4.33,19.36,12.04,20.09,6.32
2019-09-12,17.82,20.34,15.67,91.2,1.8,1.52,7.08,17.07,18.82,18.04,1.95,9,255,2019,18.42142857142857,6.644285714285715,18.65,1.66,13.18,18.94,13.2,18.97,12.52
2019-09-13,17.07,19.99,15.17,92.08,7.08,1.54,1.81,17.59,17.82,18.21,1.8,9,256,2019,18.258571428571425,3.198571428571429,18.65,2.41,31.2,19.07,15.01,18.86,1.19
2019-09-14,17.59,21.06,15.13,92.22,1.81,1.68,0.92,17.78,17.07,18.2,7.08,9,257,2019,18.17142857142857,2.57,18.82,1.95,6.21,18.22,12.42,18.53,2.45
2019-09-15,17.78,21.71,14.93,91.3,0.92,1.66,11.14,18.01,17.59,18.6,1.81,9,258,2019,18.054285714285715,2.518571428571429,17.82,1.8,1.28,18.21,18.03,18.57,7.52
2019-09-16,18.01,21.64,14.99,89.22,11.14,1.7,24.18,16.91,17.78,18.65,0.92,9,259,2019,17.962857142857143,3.8728571428571428,17.07,7.08,1.66,18.94,14.03,18.31,5.97
2019-09-17,16.91,18.94,15.0,94.07,24.18,1.11,14.52,15.64,18.01,18.65,11.14,9,260,2019,17.714285714285715,6.982857142857142,17.59,1.81,2.41,18.69,7.58,18.38,2.53
2019-09-18,15.64,17.79,14.12,89.95,14.52,1.01,1.04,16.44,16.91,18.82,24.18,9,261,2019,17.26,8.778571428571428,17.78,0.92,1.95,18.28,4.33,18.8,0.56
2019-09-19,16.44,19.96,13.91,82.46,1.04,1.06,0.74,16.59,15.64,17.82,14.52,9,262,2019,17.062857142857144,8.67,18.01,11.14,1.8,18.04,13.18,18.96,0.19
2019-09-20,16.59,19.7,14.53,82.1,0.74,1.32,0.95,16.45,16.44,17.07,1.04,9,263,2019,16.994285714285716,7.764285714285714,16.91,24.18,7.08,18.21,31.2,18.45,0.89
2019-09-21,16.45,19.45,14.19,83.88,0.95,1.12,0.85,15.83,16.59,17.59,0.74,9,264,2019,16.83142857142857,7.641428571428571,15.64,14.52,1.81,18.2,6.21,18.85,0.66
2019-09-22,15.83,17.7,14.55,90.28,0.85,0.82,6.08,16.03,16.45,17.78,0.95,9,265,2019,16.552857142857142,7.631428571428571,16.44,1.04,0.92,18.6,1.28,18.61,8.13
2019-09-23,16.03,19.46,13.93,91.47,6.08,1.11,12.42,15.89,15.83,18.01,0.85,9,266,2019,16.27,6.908571428571428,16.59,0.74,11.14,18.65,1.66,18.55,3.52
2019-09-24,15.89,18.14,14.44,93.12,12.42,0.99,7.02,15.36,16.03,16.91,6.08,9,267,2019,16.124285714285715,5.228571428571428,16.45,0.95,24.18,18.65,2.41,17.87,2.35
2019-09-25,15.36,17.35,13.89,96.43,7.02,1.37,10.94,15.39,15.89,15.64,12.42,9,268,2019,16.084285714285716,4.157142857142857,15.83,0.85,14.52,18.82,1.95,18.87,1.01
2019-09-26,15.39,19.28,12.65,91.73,10.94,1.22,8.46,14.77,15.36,16.44,7.02,9,269,2019,15.934285714285716,5.571428571428571,16.03,6.08,1.04,17.82,1.8,19.23,0.48
2019-09-27,14.77,17.56,12.19,91.44,8.46,1.22,13.3,13.44,15.39,16.59,10.94,9,270,2019,15.674285714285714,6.674285714285714,15.89,12.42,0.74,17.07,7.08,19.36,12.04
2019-09-28,13.44,16.07,11.39,93.82,13.3,1.45,5.68,13.13,14.77,16.45,8.46,9,271,2019,15.244285714285713,8.438571428571429,15.36,7.02,0.95,17.59,1.81,18.94,13.2
2019-09-29,13.13,15.55,11.0,91.45,5.68,1.28,2.03,14.37,13.44,15.83,13.3,9,272,2019,14.858571428571429,9.128571428571428,15.39,10.94,0.85,17.78,0.92,19.07,15.01
2019-09-30,14.37,18.37,11.47,88.07,2.03,1.28,0.66,14.84,13.13,16.03,5.68,9,273,2019,14.62142857142857,8.549999999999999,14.77,8.46,6.08,18.01,11.14,18.22,12.42
2019-10-01,14.84,19.43,11.04,88.53,0.66,1.31,0.57,15.16,14.37,15.89,2.03,10,274,2019,14.471428571428572,6.869999999999999,13.44,13.3,12.42,16.91,24.18,18.21,18.03
2019-10-02,15.16,18.97,12.77,87.44,0.57,1.05,0.86,15.52,14.84,15.36,0.66,10,275,2019,14.442857142857141,5.9485714285714275,13.13,5.68,7.02,15.64,14.52,18.94,14.03
2019-10-03,15.52,19.52,12.61,86.17,0.86,1.28,0.27,16.06,15.16,15.39,0.57,10,276,2019,14.461428571428572,4.508571428571428,14.37,2.03,10.94,16.44,1.04,18.69,7.58
2019-10-04,16.06,20.11,13.13,84.98,0.27,1.37,0.52,16.17,15.52,14.77,0.86,10,277,2019,14.645714285714288,3.338571428571428,14.84,0.66,8.46,16.59,0.74,18.28,4.33
2019-10-05,16.17,20.04,13.24,86.03,0.52,1.26,0.33,16.14,16.06,13.44,0.27,10,278,2019,15.035714285714286,1.5128571428571422,15.16,0.57,13.3,16.45,0.95,18.04,13.18
2019-10-06,16.14,19.58,13.66,88.48,0.33,1.25,0.15,15.66,16.17,13.13,0.52,10,279,2019,15.465714285714284,0.7485714285714281,15.52,0.86,5.68,15.83,0.85,18.21,31.2
2019-10-07,15.66,20.07,12.3,84.7,0.15,1.28,1.46,15.2,16.14,14.37,0.33,10,280,2019,15.650000000000002,0.4799999999999995,16.06,0.27,2.03,16.03,6.08,18.2,6.21
2019-10-08,15.2,19.46,11.99,85.66,1.46,1.19,0.81,14.15,15.66,14.84,0.15,10,281,2019,15.70142857142857,0.5942857142857138,16.17,0.52,0.66,15.89,12.42,18.6,1.28
2019-10-09,14.15,18.28,11.18,85.88,0.81,1.2,0.09,14.1,15.2,15.16,1.46,10,282,2019,15.557142857142859,0.6285714285714281,16.14,0.33,0.57,15.36,7.02,18.65,1.66
2019-10-10,14.1,18.53,10.71,80.96,0.09,1.38,0.16,14.23,14.15,15.52,0.81,10,283,2019,15.354285714285712,0.5185714285714281,15.66,0.15,0.86,15.39,10.94,18.65,2.41
2019-10-11,14.23,18.23,11.34,85.5,0.16,1.33,0.01,14.25,14.1,16.06,0.09,10,284,2019,15.092857142857142,0.5028571428571424,15.2,1.46,0.27,14.77,8.46,18.82,1.95
2019-10-12,14.25,18.61,11.18,87.59,0.01,1.15,0.0,14.15,14.23,16.17,0.16,10,285,2019,14.818571428571428,0.42999999999999955,14.15,0.81,0.52,13.44,13.3,17.82,1.8
2019-10-13,14.15,18.3,10.9,83.79,0.0,1.27,0.0,14.31,14.25,16.14,0.01,10,286,2019,14.534285714285716,0.3828571428571424,14.1,0.09,0.33,13.13,5.68,17.07,7.08
2019-10-14,14.31,18.64,11.29,82.26,0.0,1.13,0.0,14.37,14.15,15.66,0.0,10,287,2019,14.34142857142857,0.36142857142857093,14.23,0.16,0.15,14.37,2.03,17.59,1.81
2019-10-15,14.37,18.92,11.06,79.76,0.0,1.09,0.05,14.13,14.31,15.2,0.0,10,288,2019,14.22285714285714,0.15285714285714236,14.25,0.01,1.46,14.84,0.66,17.78,0.92
2019-10-16,14.13,18.57,10.51,75.64,0.05,1.22,0.08,14.11,14.37,14.15,0.0,10,289,2019,14.22,0.044285714285713776,14.15,0.0,0.81,15.16,0.57,18.01,11.14
2019-10-17,14.11,18.44,11.16,84.91,0.08,1.17,0.0,13.92,14.13,14.1,0.05,10,290,2019,14.221428571428572,0.04285714285714236,14.31,0.0,0.09,15.52,0.86,16.91,24.18
2019-10-18,13.92,18.17,10.76,74.08,0.0,1.09,0.0,14.2,14.11,14.23,0.08,10,291,2019,14.177142857142858,0.019999999999999494,14.37,0.0,0.16,16.06,0.27,15.64,14.52
2019-10-19,14.2,18.51,11.63,76.09,0.0,1.04,0.01,13.88,13.92,14.25,0.0,10,292,2019,14.17,0.018571428571428066,14.13,0.05,0.01,16.17,0.52,16.44,1.04
2019-10-20,13.88,17.95,11.67,80.77,0.01,1.26,0.02,13.5,14.2,14.15,0.0,10,293,2019,14.131428571428572,0.019999999999999494,14.11,0.08,0.0,16.14,0.33,16.59,0.74
2019-10-21,13.5,17.76,10.58,78.22,0.02,1.32,0.0,13.45,13.88,14.31,0.01,10,294,2019,14.015714285714285,0.02285714285714235,13.92,0.0,0.0,15.66,0.15,16.45,0.95
2019-10-22,13.45,18.23,9.8,69.1,0.0,1.35,0.16,12.56,13.5,14.37,0.02,10,295,2019,13.884285714285713,0.02285714285714235,14.2,0.0,0.0,15.2,1.46,15.83,0.85
2019-10-23,12.56,15.56,10.41,66.49,0.16,0.93,0.44,12.38,13.45,14.13,0.0,10,296,2019,13.659999999999998,0.03857142857142807,13.88,0.01,0.05,14.15,0.81,16.03,6.08
2019-10-24,12.38,16.82,9.36,64.77,0.44,1.12,0.0,11.56,12.56,14.11,0.16,10,297,2019,13.412857142857144,0.0899999999999995,13.5,0.02,0.08,14.1,0.09,15.89,12.42
2019-10-25,11.56,16.39,9.11,68.74,0.0,0.87,0.0,11.57,12.38,13.92,0.44,10,298,2019,13.075714285714286,0.0899999999999995,13.45,0.0,0.0,14.23,0.16,15.36,7.02
2019-10-26,11.57,17.29,7.46,65.61,0.0,1.34,0.0,12.91,11.56,14.2,0.0,10,299,2019,12.700000000000001,0.0899999999999995,12.56,0.16,0.0,14.25,0.01,15.39,10.94
2019-10-27,12.91,17.9,9.12,73.72,0.0,1.37,0.0,13.16,11.57,13.88,0.0,10,300,2019,12.56142857142857,0.08857142857142807,12.38,0.44,0.01,14.15,0.0,14.77,8.46
2019-10-28,13.16,17.31,10.35,84.16,0.0,1.06,0.0,13.7,12.91,13.5,0.0,10,301,2019,12.512857142857143,0.0857142857142852,11.56,0.0,0.02,14.31,0.0,13.44,13.3
2019-10-29,13.7,17.26,11.45,82.62,0.0,1.05,0.0,12.54,13.16,13.45,0.0,10,302,2019,12.54857142857143,0.0857142857142852,11.57,0.0,0.0,14.37,0.0,13.13,5.68
2019-10-30,12.54,15.9,9.88,80.38,0.0,0.94,0.0,12.1,13.7,12.56,0.0,10,303,2019,12.545714285714286,0.06285714285714235,12.91,0.0,0.16,14.13,0.05,14.37,2.03
2019-10-31,12.1,17.41,8.48,75.02,0.0,1.28,0.0,12.14,12.54,12.38,0.0,10,304,2019,12.505714285714285,0.0,13.16,0.0,0.44,14.11,0.08,14.84,0.66
2019-11-01,12.14,16.75,8.36,77.95,0.0,1.25,0.0,13.24,12.1,11.56,0.0,11,305,2019,12.588571428571427,0.0,13.7,0.0,0.0,13.92,0.0,15.16,0.57
2019-11-02,13.24,17.51,10.31,81.03,0.0,1.13,0.03,13.13,12.14,11.57,0.0,11,306,2019,12.827142857142858,0.0,12.54,0.0,0.0,14.2,0.0,15.52,0.86
2019-11-03,13.13,17.98,10.0,74.83,0.03,1.22,1.94,12.19,13.24,12.91,0.0,11,307,2019,12.858571428571429,0.004285714285713778,12.1,0.0,0.0,13.88,0.01,16.06,0.27
2019-11-04,12.19,16.39,9.27,78.26,1.94,1.23,7.9,11.53,13.13,13.16,0.03,11,308,2019,12.719999999999999,0.2814285714285709,12.14,0.0,0.0,13.5,0.02,16.17,0.52
2019-11-05,11.53,15.99,9.16,77.91,7.9,1.27,0.02,11.63,12.19,13.7,1.94,11,309,2019,12.41,1.4099999999999997,13.24,0.0,0.0,13.45,0.0,16.14,0.33
2019-11-06,11.63,16.4,8.82,74.31,0.02,1.18,0.0,12.52,11.53,12.54,7.9,11,310,2019,12.28,1.4128571428571424,13.13,0.03,0.0,12.56,0.16,15.66,0.15
2019-11-07,12.52,17.85,8.85,69.54,0.0,1.13,0.0,13.17,11.63,12.1,0.02,11,311,2019,12.340000000000002,1.4128571428571424,12.19,1.94,0.0,12.38,0.44,15.2,1.46
2019-11-08,13.17,17.73,10.38,67.33,0.0,1.1,0.0,13.03,12.52,12.14,0.0,11,312,2019,12.487142857142857,1.4128571428571424,11.53,7.9,0.0,11.56,0.0,14.15,0.81
2019-11-09,13.03,17.75,10.08,70.95,0.0,1.13,0.0,12.37,13.17,13.24,0.0,11,313,2019,12.457142857142856,1.4128571428571424,11.63,0.02,0.0,11.57,0.0,14.1,0.09
2019-11-10,12.37,17.36,9.46,67.39,0.0,1.11,0.0,12.17,13.03,13.13,0.0,11,314,2019,12.348571428571429,1.4085714285714281,12.52,0.0,0.03,12.91,0.0,14.23,0.16
2019-11-11,12.17,17.14,9.36,74.41,0.0,1.29,0.0,12.68,12.37,12.19,0.0,11,315,2019,12.345714285714285,1.131428571428571,13.17,0.0,1.94,13.16,0.0,14.25,0.01
2019-11-12,12.68,17.63,9.15,62.77,0.0,1.23,0.0,13.45,12.17,11.53,0.0,11,316,2019,12.51,0.0028571428571423497,13.03,0.0,7.9,13.7,0.0,14.15,0.0
2019-11-13,13.45,18.5,9.63,54.81,0.0,1.15,0.0,13.72,12.68,11.63,0.0,11,317,2019,12.77,0.0,12.37,0.0,0.02,12.54,0.0,14.31,0.0
2019-11-14,13.72,17.73,10.88,58.5,0.0,0.8,0.0,13.55,13.45,12.52,0.0,11,318,2019,12.94142857142857,0.0,12.17,0.0,0.0,12.1,0.0,14.37,0.0
2019-11-15,13.55,18.41,10.31,53.2,0.0,1.2,0.0,13.53,13.72,13.17,0.0,11,319,2019,12.995714285714286,0.0,12.68,0.0,0.0,12.14,0.0,14.13,0.05
2019-11-16,13.53,18.33,10.39,55.61,0.0,1.31,0.0,12.76,13.55,13.03,0.0,11,320,2019,13.067142857142857,0.0,13.45,0.0,0.0,13.24,0.0,14.11,0.08
2019-11-17,12.76,18.26,9.49,64.22,0.0,1.34,0.0,11.47,13.53,12.37,0.0,11,321,2019,13.122857142857143,0.0,13.72,0.0,0.0,13.13,0.03,13.92,0.0
2019-11-18,11.47,16.44,8.58,68.02,0.0,1.02,0.0,10.37,12.76,12.17,0.0,11,322,2019,13.022857142857143,0.0,13.55,0.0,0.0,12.19,1.94,14.2,0.0
2019-11-19,10.37,15.43,7.5,65.52,0.0,1.08,0.0,10.19,11.47,12.68,0.0,11,323,2019,12.692857142857145,0.0,13.53,0.0,0.0,11.53,7.9,13.88,0.01
2019-11-20,10.19,15.2,7.21,68.49,0.0,0.98,0.0,10.16,10.37,13.45,0.0,11,324,2019,12.227142857142857,0.0,12.76,0.0,0.0,11.63,0.02,13.5,0.02
2019-11-21,10.16,15.13,7.24,75.77,0.0,1.18,0.0,11.26,10.19,13.72,0.0,11,325,2019,11.718571428571428,0.0,11.47,0.0,0.0,12.52,0.0,13.45,0.0
2019-11-22,11.26,15.83,8.39,79.75,0.0,1.16,0.0,11.5,10.16,13.55,0.0,11,326,2019,11.391428571428571,0.0,10.37,0.0,0.0,13.17,0.0,12.56,0.16
2019-11-23,11.5,16.32,8.1,80.48,0.0,1.13,0.0,11.41,11.26,13.53,0.0,11,327,2019,11.101428571428572,0.0,10.19,0.0,0.0,13.03,0.0,12.38,0.44
2019-11-24,11.41,15.92,8.88,70.44,0.0,1.14,0.0,10.97,11.5,12.76,0.0,11,328,2019,10.90857142857143,0.0,10.16,0.0,0.0,12.37,0.0,11.56,0.0
2019-11-25,10.97,16.39,8.09,62.71,0.0,1.07,0.0,10.51,11.41,11.47,0.0,11,329,2019,10.837142857142856,0.0,11.26,0.0,0.0,12.17,0.0,11.57,0.0
2019-11-26,10.51,15.99,7.17,56.77,0.0,1.29,0.0,10.74,10.97,10.37,0.0,11,330,2019,10.857142857142858,0.0,11.5,0.0,0.0,12.68,0.0,12.91,0.0
2019-11-27,10.74,15.84,7.32,55.44,0.0,1.23,0.0,10.72,10.51,10.19,0.0,11,331,2019,10.935714285714285,0.0,11.41,0.0,0.0,13.45,0.0,13.16,0.0
2019-11-28,10.72,16.32,6.98,53.06,0.0,1.22,0.0,9.27,10.74,10.16,0.0,11,332,2019,11.015714285714285,0.0,10.97,0.0,0.0,13.72,0.0,13.7,0.0
2019-11-29,9.27,15.29,5.65,49.7,0.0,1.35,0.0,8.21,10.72,11.26,0.0,11,333,2019,10.731428571428571,0.0,10.51,0.0,0.0,13.55,0.0,12.54,0.0
2019-11-30,8.21,13.88,3.82,50.96,0.0,1.28,0.0,8.19,9.27,11.5,0.0,11,334,2019,10.26142857142857,0.0,10.74,0.0,0.0,13.53,0.0,12.1,0.0
2019-12-01,8.19,14.38,3.77,51.24,0.0,1.27,0.0,7.21,8.21,11.41,0.0,12,335,2019,9.801428571428572,0.0,10.72,0.0,0.0,12.76,0.0,12.14,0.0
2019-12-02,7.21,12.65,3.79,55.67,0.0,1.22,0.0,6.58,8.19,10.97,0.0,12,336,2019,9.264285714285716,0.0,9.27,0.0,0.0,11.47,0.0,13.24,0.0
2019-12-03,6.58,12.18,2.7,57.06,0.0,1.23,0.0,7.21,7.21,10.51,0.0,12,337,2019,8.702857142857143,0.0,8.21,0.0,0.0,10.37,0.0,13.13,0.03
2019-12-04,7.21,14.47,1.66,52.05,0.0,1.21,0.0,9.69,6.58,10.74,0.0,12,338,2019,8.198571428571428,0.0,8.19,0.0,0.0,10.19,0.0,12.19,1.94
2019-12-05,9.69,15.27,6.85,46.24,0.0,1.11,0.0,9.46,7.21,10.72,0.0,12,339,2019,8.051428571428572,0.0,7.21,0.0,0.0,10.16,0.0,11.53,7.9
2019-12-06,9.46,13.65,6.71,51.0,0.0,0.99,0.0,8.38,9.69,9.27,0.0,12,340,2019,8.078571428571427,0.0,6.58,0.0,0.0,11.26,0.0,11.63,0.02
2019-12-07,8.38,12.12,5.74,64.72,0.0,0.9,0.0,8.01,9.46,8.21,0.0,12,341,2019,8.102857142857143,0.0,7.21,0.0,0.0,11.5,0.0,12.52,0.0
2019-12-08,8.01,13.04,5.17,58.63,0.0,1.2,0.0,7.59,8.38,8.19,0.0,12,342,2019,8.077142857142858,0.0,9.69,0.0,0.0,11.41,0.0,13.17,0.0
2019-12-09,7.59,12.88,4.06,68.11,0.0,1.06,0.0,7.44,8.01,7.21,0.0,12,343,2019,8.131428571428572,0.0,9.46,0.0,0.0,10.97,0.0,13.03,0.0
2019-12-10,7.44,12.06,4.69,74.24,0.0,1.05,0.0,6.85,7.59,6.58,0.0,12,344,2019,8.254285714285714,0.0,8.38,0.0,0.0,10.51,0.0,12.37,0.0
2019-12-11,6.85,11.77,3.47,78.01,0.0,1.02,0.01,6.93,7.44,7.21,0.0,12,345,2019,8.202857142857143,0.0,8.01,0.0,0.0,10.74,0.0,12.17,0.0
2019-12-12,6.93,10.46,4.38,72.43,0.01,0.73,7.65,6.08,6.85,9.69,0.0,12,346,2019,7.808571428571429,0.0014285714285709212,7.59,0.0,0.0,10.72,0.0,12.68,0.0
2019-12-13,6.08,10.72,3.21,73.42,7.65,1.08,6.5,4.54,6.93,9.46,0.01,12,347,2019,7.325714285714286,1.0942857142857139,7.44,0.0,0.0,9.27,0.0,13.45,0.0
2019-12-14,4.54,9.77,1.51,85.16,6.5,0.96,0.02,5.14,6.08,8.38,7.65,12,348,2019,6.777142857142857,2.0228571428571422,6.85,0.0,0.0,8.21,0.0,13.72,0.0
2019-12-15,5.14,10.27,2.36,59.29,0.02,0.84,0.0,4.72,4.54,8.01,6.5,12,349,2019,6.3671428571428565,2.0257142857142854,6.93,0.01,0.0,8.19,0.0,13.55,0.0
2019-12-16,4.72,10.83,0.55,63.16,0.0,1.24,0.0,4.64,5.14,7.59,0.02,12,350,2019,5.957142857142857,2.0257142857142854,6.08,7.65,0.0,7.21,0.0,13.53,0.0
2019-12-17,4.64,10.26,0.81,53.2,0.0,1.32,0.0,6.02,4.72,7.44,0.0,12,351,2019,5.557142857142857,2.0257142857142854,4.54,6.5,0.0,6.58,0.0,12.76,0.0
2019-12-18,6.02,11.77,2.43,55.75,0.0,1.08,0.0,6.93,4.64,6.85,0.0,12,352,2019,5.438571428571429,2.0257142857142854,5.14,0.02,0.0,7.21,0.0,11.47,0.0
2019-12-19,6.93,12.33,3.87,54.48,0.0,1.15,0.0,6.78,6.02,6.93,0.0,12,353,2019,5.438571428571429,2.0242857142857136,4.72,0.0,0.01,9.69,0.0,10.37,0.0
2019-12-20,6.78,12.31,3.44,63.2,0.0,1.32,0.0,6.38,6.93,6.08,0.0,12,354,2019,5.538571428571428,0.9314285714285708,4.64,0.0,7.65,9.46,0.0,10.19,0.0
2019-12-21,6.38,12.06,3.21,71.01,0.0,1.62,0.0,6.09,6.78,4.54,0.0,12,355,2019,5.801428571428572,0.0028571428571423497,6.02,0.0,6.5,8.38,0.0,10.16,0.0
2019-12-22,6.09,12.08,2.45,68.97,0.0,1.64,0.0,5.7,6.38,5.14,0.0,12,356,2019,5.937142857142857,0.0,6.93,0.0,0.02,8.01,0.0,11.26,0.0
2019-12-23,5.7,11.22,2.47,57.67,0.0,1.21,0.0,5.2,6.09,4.72,0.0,12,357,2019,6.077142857142857,0.0,6.78,0.0,0.0,7.59,0.0,11.5,0.0
2019-12-24,5.2,11.78,1.26,43.22,0.0,1.33,0.0,4.14,5.7,4.64,0.0,12,358,2019,6.1571428571428575,0.0,6.38,0.0,0.0,7.44,0.0,11.41,0.0
2019-12-25,4.14,10.89,0.19,41.68,0.0,1.37,0.0,3.03,5.2,6.02,0.0,12,359,2019,5.888571428571429,0.0,6.09,0.0,0.0,6.85,0.0,10.97,0.0
2019-12-26,3.03,9.63,-0.57,40.15,0.0,1.15,0.0,2.01,4.14,6.93,0.0,12,360,2019,5.331428571428572,0.0,5.7,0.0,0.0,6.93,0.01,10.51,0.0
2019-12-27,2.01,8.79,-1.54,48.89,0.0,1.14,0.0,3.49,3.03,6.78,0.0,12,361,2019,4.65,0.0,5.2,0.0,0.0,6.08,7.65,10.74,0.0
2019-12-28,3.49,11.28,-3.31,42.8,0.0,1.44,0.0,6.46,2.01,6.38,0.0,12,362,2019,4.2371428571428575,0.0,4.14,0.0,0.0,4.54,6.5,10.72,0.0
2019-12-29,6.46,12.3,2.97,36.64,0.0,1.21,0.0,5.98,3.49,6.09,0.0,12,363,2019,4.29,0.0,3.03,0.0,0.0,5.14,0.02,9.27,0.0
2019-12-30,5.98,11.77,2.32,40.45,0.0,1.13,0.0,5.72,6.46,5.7,0.0,12,364,2019,4.33,0.0,2.01,0.0,0.0,4.72,0.0,8.21,0.0
2019-12-31,5.72,11.59,2.55,42.67,0.0,1.27,0.0,5.44,5.98,5.2,0.0,12,365,2019,4.404285714285715,0.0,3.49,0.0,0.0,4.64,0.0,8.19,0.0
2020-01-01,5.44,10.27,2.52,59.42,0.0,1.03,0.18,5.14,5.72,4.14,0.0,1,1,2020,4.590000000000001,0.0,6.46,0.0,0.0,6.02,0.0,7.21,0.0
2020-01-02,5.14,9.66,2.26,82.35,0.18,1.06,4.46,3.65,5.44,3.03,0.0,1,2,2020,4.8914285714285715,0.025714285714285207,5.98,0.0,0.0,6.93,0.0,6.58,0.0
2020-01-03,3.65,7.88,1.16,73.03,4.46,1.1,0.56,3.23,5.14,2.01,0.18,1,3,2020,5.125714285714286,0.6628571428571423,5.72,0.0,0.0,6.78,0.0,7.21,0.0
2020-01-04,3.23,7.95,0.1,85.37,0.56,1.02,0.16,1.63,3.65,3.49,4.46,1,4,2020,5.088571428571428,0.7428571428571422,5.44,0.0,0.0,6.38,0.0,9.69,0.0
2020-01-05,1.63,5.66,-1.03,75.34,0.16,1.33,0.0,4.93,3.23,6.46,0.56,1,5,2020,4.398571428571429,0.7657142857142851,5.14,0.18,0.0,6.09,0.0,9.46,0.0
2020-01-06,4.93,11.28,-0.49,55.18,0.0,1.19,0.07,5.41,1.63,5.98,0.16,1,6,2020,4.248571428571429,0.7657142857142851,3.65,4.46,0.0,5.7,0.0,8.38,0.0
2020-01-07,5.41,11.06,1.94,61.59,0.07,1.27,0.69,5.41,4.93,5.72,0.0,1,7,2020,4.204285714285715,0.7757142857142851,3.23,0.56,0.0,5.2,0.0,8.01,0.0
2020-01-08,5.41,10.69,1.43,75.34,0.69,1.03,3.13,4.05,5.41,5.44,0.07,1,8,2020,4.2,0.8742857142857137,1.63,0.16,0.0,4.14,0.0,7.59,0.0
2020-01-09,4.05,9.35,0.58,82.7,3.13,1.0,0.08,3.68,5.41,5.14,0.69,1,9,2020,4.0442857142857145,1.2957142857142852,4.93,0.0,0.18,3.03,0.0,7.44,0.0
2020-01-10,3.68,9.77,-1.8,71.1,0.08,1.43,0.15,5.86,4.05,3.65,3.13,1,10,2020,4.048571428571429,0.6699999999999994,5.41,0.07,4.46,2.01,0.0,6.85,0.0
2020-01-11,5.86,11.73,1.43,53.17,0.15,1.28,0.0,8.12,3.68,3.23,0.08,1,11,2020,4.424285714285714,0.6114285714285709,5.41,0.69,0.56,3.49,0.0,6.93,0.01
2020-01-12,8.12,14.19,3.99,45.05,0.0,1.21,0.0,8.23,5.86,1.63,0.15,1,12,2020,5.351428571428571,0.5885714285714281,4.05,3.13,0.16,6.46,0.0,6.08,7.65
2020-01-13,8.23,13.95,5.43,52.89,0.0,1.11,0.0,7.34,8.12,4.93,0.0,1,13,2020,5.822857142857143,0.5885714285714281,3.68,0.08,0.0,5.98,0.0,4.54,6.5
2020-01-14,7.34,13.77,3.86,56.91,0.0,1.59,0.0,6.76,8.23,5.41,0.0,1,14,2020,6.09857142857143,0.5785714285714281,5.86,0.15,0.07,5.72,0.0,5.14,0.02
2020-01-15,6.76,13.28,3.1,55.26,0.0,1.52,0.05,6.4,7.34,5.41,0.0,1,15,2020,6.291428571428571,0.4799999999999995,8.12,0.0,0.69,5.44,0.0,4.72,0.0
2020-01-16,6.4,13.57,1.7,59.92,0.05,1.4,12.26,5.17,6.76,4.05,0.0,1,16,2020,6.627142857142857,0.03999999999999949,8.23,0.0,3.13,5.14,0.18,4.64,0.0
2020-01-17,5.17,10.38,1.24,79.3,12.26,0.96,0.37,5.08,6.4,3.68,0.05,1,17,2020,6.840000000000001,1.7799999999999994,7.34,0.0,0.08,3.65,4.46,6.02,0.0
2020-01-18,5.08,10.93,1.36,68.58,0.37,1.37,0.01,3.61,5.17,5.86,12.26,1,18,2020,6.728571428571428,1.8114285714285707,6.76,0.0,0.15,3.23,0.56,6.93,0.0
2020-01-19,3.61,9.63,-1.07,57.96,0.01,1.36,0.0,3.24,5.08,8.12,0.37,1,19,2020,6.084285714285714,1.8128571428571423,6.4,0.05,0.0,1.63,0.16,6.78,0.0
2020-01-20,3.24,9.73,-2.29,61.29,0.0,1.47,0.0,4.12,3.61,8.23,0.01,1,20,2020,5.371428571428572,1.8128571428571423,5.17,12.26,0.0,4.93,0.0,6.38,0.0
2020-01-21,4.12,9.21,1.03,60.19,0.0,1.42,0.0,4.64,3.24,7.34,0.0,1,21,2020,4.911428571428571,1.8128571428571423,5.08,0.37,0.0,5.41,0.07,6.09,0.0
2020-01-22,4.64,10.93,1.35,61.44,0.0,1.7,0.0,3.54,4.12,6.76,0.0,1,22,2020,4.6085714285714285,1.8128571428571423,3.61,0.01,0.0,5.41,0.69,5.7,0.0
2020-01-23,3.54,9.37,0.29,65.81,0.0,1.73,0.0,3.19,4.64,6.4,0.0,1,23,2020,4.2,1.8057142857142854,3.24,0.0,0.05,4.05,3.13,5.2,0.0
2020-01-24,3.19,11.13,-2.48,56.32,0.0,1.38,0.0,4.38,3.54,5.17,0.0,1,24,2020,3.9171428571428573,0.05428571428571378,4.12,0.0,12.26,3.68,0.08,4.14,0.0
2020-01-25,4.38,10.63,-1.69,47.18,0.0,1.25,0.0,3.74,3.19,5.08,0.0,1,25,2020,3.8171428571428576,0.0014285714285709212,4.64,0.0,0.37,5.86,0.15,3.03,0.0
2020-01-26,3.74,8.86,0.14,64.82,0.0,1.4,0.0,4.37,4.38,3.61,0.0,1,26,2020,3.835714285714286,0.0,3.54,0.0,0.01,8.12,0.0,2.01,0.0
2020-01-27,4.37,10.24,0.75,66.03,0.0,1.48,0.0,5.43,3.74,3.24,0.0,1,27,2020,3.9971428571428573,0.0,3.19,0.0,0.0,8.23,0.0,3.49,0.0
2020-01-28,5.43,11.52,1.37,60.09,0.0,1.66,0.0,5.53,4.37,4.12,0.0,1,28,2020,4.184285714285714,0.0,4.38,0.0,0.0,7.34,0.0,6.46,0.0
2020-01-29,5.53,11.68,2.02,72.19,0.0,1.17,0.44,3.65,5.43,4.64,0.0,1,29,2020,4.311428571428571,0.0,3.74,0.0,0.0,6.76,0.0,5.98,0.0
2020-01-30,3.65,7.44,1.04,71.64,0.44,1.01,0.15,4.65,5.53,3.54,0.0,1,30,2020,4.327142857142857,0.06285714285714235,4.37,0.0,0.0,6.4,0.05,5.72,0.0
2020-01-31,4.65,11.04,-0.37,71.93,0.15,1.45,0.02,4.0,3.65,3.19,0.44,1,31,2020,4.535714285714286,0.08428571428571377,5.43,0.0,0.0,5.17,12.26,5.44,0.0
2020-02-01,4.0,10.18,0.49,57.23,0.02,1.38,0.0,3.43,4.65,4.38,0.15,2,32,2020,4.481428571428571,0.08714285714285663,5.53,0.0,0.0,5.08,0.37,5.14,0.18
2020-02-02,3.43,9.75,-1.7,55.45,0.0,1.53,0.0,4.6,4.0,3.74,0.02,2,33,2020,4.437142857142858,0.08714285714285663,3.65,0.44,0.0,3.61,0.01,3.65,4.46
2020-02-03,4.6,10.65,0.84,56.65,0.0,1.37,0.0,4.64,3.43,4.37,0.0,2,34,2020,4.47,0.08714285714285663,4.65,0.15,0.0,3.24,0.0,3.23,0.56
2020-02-04,4.64,10.93,0.89,56.47,0.0,1.32,0.0,3.9,4.6,5.43,0.0,2,35,2020,4.357142857142857,0.08714285714285663,4.0,0.02,0.0,4.12,0.0,1.63,0.16
2020-02-05,3.9,10.63,-0.94,52.94,0.0,1.77,0.0,4.33,4.64,5.53,0.0,2,36,2020,4.1242857142857146,0.08714285714285663,3.43,0.0,0.0,4.64,0.0,4.93,0.0
2020-02-06,4.33,10.53,0.61,51.47,0.0,1.38,0.0,4.24,3.9,3.65,0.0,2,37,2020,4.2214285714285715,0.024285714285713775,4.6,0.0,0.44,3.54,0.0,5.41,0.07
2020-02-07,4.24,10.99,-0.42,42.88,0.0,1.19,0.0,3.49,4.33,4.65,0.0,2,38,2020,4.162857142857143,0.0028571428571423497,4.64,0.0,0.15,3.19,0.0,5.41,0.69
2020-02-08,3.49,10.04,-1.0,45.5,0.0,1.25,0.0,3.78,4.24,4.0,0.0,2,39,2020,4.09,0.0,3.9,0.0,0.02,4.38,0.0,4.05,3.13
2020-02-09,3.78,10.72,-2.14,53.88,0.0,1.5,0.0,5.69,3.49,3.43,0.0,2,40,2020,4.14,0.0,4.33,0.0,0.0,3.74,0.0,3.68,0.08
2020-02-10,5.69,12.18,0.61,47.95,0.0,1.46,0.0,6.65,3.78,4.6,0.0,2,41,2020,4.295714285714285,0.0,4.24,0.0,0.0,4.37,0.0,5.86,0.15
2020-02-11,6.65,13.35,1.35,50.05,0.0,1.52,0.0,8.13,5.69,4.64,0.0,2,42,2020,4.582857142857143,0.0,3.49,0.0,0.0,5.43,0.0,8.12,0.0
2020-02-12,8.13,15.05,3.03,48.72,0.0,1.6,0.0,9.65,6.65,3.9,0.0,2,43,2020,5.187142857142858,0.0,3.78,0.0,0.0,5.53,0.0,8.23,0.0
2020-02-13,9.65,16.55,5.17,48.28,0.0,1.55,0.0,9.78,8.13,4.33,0.0,2,44,2020,5.9471428571428575,0.0,5.69,0.0,0.0,3.65,0.44,7.34,0.0
2020-02-14,9.78,15.87,5.92,58.22,0.0,1.46,0.04,9.26,9.65,4.24,0.0,2,45,2020,6.738571428571428,0.0,6.65,0.0,0.0,4.65,0.15,6.76,0.0
2020-02-15,9.26,15.61,5.63,66.22,0.04,1.41,0.01,9.19,9.78,3.49,0.0,2,46,2020,7.562857142857143,0.005714285714285207,8.13,0.0,0.0,4.0,0.02,6.4,0.05
2020-02-16,9.19,15.01,5.82,65.64,0.01,1.36,0.0,8.75,9.26,3.78,0.04,2,47,2020,8.335714285714285,0.007142857142856636,9.65,0.0,0.0,3.43,0.0,5.17,12.26
2020-02-17,8.75,14.52,5.4,63.13,0.0,1.45,0.0,8.72,9.19,5.69,0.01,2,48,2020,8.772857142857143,0.007142857142856636,9.78,0.0,0.0,4.6,0.0,5.08,0.37
2020-02-18,8.72,16.14,2.91,49.95,0.0,1.56,0.0,8.52,8.75,6.65,0.0,2,49,2020,9.06857142857143,0.007142857142856636,9.26,0.04,0.0,4.64,0.0,3.61,0.01
2020-02-19,8.52,14.15,4.81,49.58,0.0,1.29,0.0,8.87,8.72,8.13,0.0,2,50,2020,9.124285714285714,0.007142857142856636,9.19,0.01,0.0,3.9,0.0,3.24,0.0
2020-02-20,8.87,14.32,5.74,52.37,0.0,1.18,0.0,9.5,8.52,9.65,0.0,2,51,2020,9.012857142857142,0.007142857142856636,8.75,0.0,0.0,4.33,0.0,4.12,0.0
2020-02-21,9.5,15.09,6.41,51.21,0.0,1.28,2.97,8.11,8.87,9.78,0.0,2,52,2020,8.972857142857142,0.007142857142856636,8.72,0.0,0.0,4.24,0.0,4.64,0.0
2020-02-22,8.11,11.98,5.4,58.35,2.97,0.92,2.82,8.35,9.5,9.26,0.0,2,53,2020,8.808571428571428,0.4257142857142852,8.52,0.0,0.04,3.49,0.0,3.54,0.0
2020-02-23,8.35,13.92,3.51,56.87,2.82,1.39,2.99,7.41,8.11,9.19,2.97,2,54,2020,8.688571428571429,0.8271428571428566,8.87,0.0,0.01,3.78,0.0,3.19,0.0
2020-02-24,7.41,12.45,3.86,65.31,2.99,1.36,6.75,6.88,8.35,8.75,2.82,2,55,2020,8.497142857142858,1.254285714285714,9.5,0.0,0.0,5.69,0.0,4.38,0.0
2020-02-25,6.88,11.44,3.75,76.16,6.75,1.31,8.05,4.65,7.41,8.72,2.99,2,56,2020,8.234285714285715,2.2185714285714284,8.11,2.97,0.0,6.65,0.0,3.74,0.0
2020-02-26,4.65,6.97,2.87,77.02,8.05,0.99,0.34,6.32,6.88,8.52,6.75,2,57,2020,7.681428571428571,3.3685714285714283,8.35,2.82,0.0,8.13,0.0,4.37,0.0
2020-02-27,6.32,12.37,1.5,70.3,0.34,1.39,0.0,8.25,4.65,8.87,8.05,2,58,2020,7.317142857142857,3.417142857142857,7.41,2.99,0.0,9.65,0.0,5.43,0.0
2020-02-28,8.25,15.24,2.6,60.96,0.0,1.58,0.0,9.03,6.32,9.5,0.34,2,59,2020,7.138571428571429,3.417142857142857,6.88,6.75,0.0,9.78,0.0,5.53,0.0
2020-02-29,9.03,13.87,5.7,58.58,0.0,1.33,0.06,9.84,8.25,8.11,0.0,2,60,2020,7.2700000000000005,2.992857142857143,4.65,8.05,2.97,9.26,0.04,3.65,0.44
2020-03-01,9.84,15.52,6.23,54.37,0.06,1.52,0.47,9.27,9.03,8.35,0.0,3,61,2020,7.482857142857143,2.5985714285714283,6.32,0.34,2.82,9.19,0.01,4.65,0.15
2020-03-02,9.27,14.43,4.75,63.28,0.47,1.45,0.61,9.05,9.84,7.41,0.06,3,62,2020,7.748571428571428,2.238571428571428,8.25,0.0,2.99,8.75,0.0,4.0,0.02
2020-03-03,9.05,13.11,5.91,69.97,0.61,1.52,0.74,8.69,9.27,6.88,0.47,3,63,2020,8.05857142857143,1.3614285714285714,9.03,0.0,6.75,8.72,0.0,3.43,0.0
2020-03-04,8.69,13.01,4.84,67.28,0.74,1.43,1.94,8.4,9.05,4.65,0.61,3,64,2020,8.635714285714286,0.31714285714285684,9.84,0.06,8.05,8.52,0.0,4.6,0.0
2020-03-05,8.4,13.16,5.08,68.29,1.94,1.43,1.62,7.04,8.69,6.32,0.74,3,65,2020,8.932857142857143,0.5457142857142855,9.27,0.47,0.34,8.87,0.0,4.64,0.0
2020-03-06,7.04,11.52,3.89,76.41,1.62,1.78,5.84,7.78,8.4,8.25,1.94,3,66,2020,8.76,0.7771428571428568,9.05,0.61,0.0,9.5,0.0,3.9,0.0
2020-03-07,7.78,13.96,2.5,65.91,5.84,1.3,0.16,8.56,7.04,9.03,1.62,3,67,2020,8.581428571428571,1.611428571428571,8.69,0.74,0.0,8.11,2.97,4.33,0.0
2020-03-08,8.56,14.79,3.99,69.54,0.16,1.82,0.0,9.86,7.78,9.84,5.84,3,68,2020,8.398571428571428,1.6257142857142852,8.4,1.94,0.06,8.35,2.82,4.24,0.0
2020-03-09,9.86,16.4,4.91,64.29,0.0,1.77,0.0,9.97,8.56,9.27,0.16,3,69,2020,8.482857142857144,1.5585714285714283,7.04,1.62,0.47,7.41,2.99,3.49,0.0
2020-03-10,9.97,16.03,6.13,60.67,0.0,1.59,0.0,10.24,9.86,9.05,0.0,3,70,2020,8.614285714285714,1.471428571428571,7.78,5.84,0.61,6.88,6.75,3.78,0.0
2020-03-11,10.24,16.65,4.43,63.36,0.0,1.84,0.01,11.74,9.97,8.69,0.0,3,71,2020,8.835714285714285,1.3657142857142854,8.56,0.16,0.74,4.65,8.05,5.69,0.0
2020-03-12,11.74,17.84,6.91,60.73,0.01,1.7,2.66,11.38,10.24,8.4,0.0,3,72,2020,9.312857142857142,1.0899999999999996,9.86,0.0,1.94,6.32,0.34,6.65,0.0
2020-03-13,11.38,17.35,7.11,53.33,2.66,1.28,0.39,8.82,11.74,7.04,0.01,3,73,2020,9.932857142857143,1.2385714285714282,9.97,0.0,1.62,8.25,0.0,8.13,0.0
2020-03-14,8.82,12.54,5.18,62.99,0.39,0.89,0.0,9.22,11.38,7.78,2.66,3,74,2020,10.081428571428573,0.4599999999999998,10.24,0.0,5.84,9.03,0.0,9.65,0.0
2020-03-15,9.22,16.36,3.27,50.55,0.0,1.73,0.0,9.7,8.82,8.56,0.39,3,75,2020,10.175714285714287,0.4371428571428569,11.74,0.01,0.16,9.84,0.06,9.78,0.0
2020-03-16,9.7,15.59,4.7,54.93,0.0,1.78,0.0,10.81,9.22,9.86,0.0,3,76,2020,10.152857142857144,0.4371428571428569,11.38,2.66,0.0,9.27,0.47,9.26,0.04
2020-03-17,10.81,16.5,7.01,57.0,0.0,1.68,1.13,10.78,9.7,9.97,0.0,3,77,2020,10.272857142857143,0.4371428571428569,8.82,0.39,0.0,9.05,0.61,9.19,0.01
2020-03-18,10.78,17.07,7.02,59.04,1.13,2.03,14.81,9.9,10.81,10.24,0.0,3,78,2020,10.35,0.5985714285714282,9.22,0.0,0.0,8.69,0.74,8.75,0.0
2020-03-19,9.9,15.92,5.44,64.14,14.81,1.75,1.21,9.51,10.78,11.74,1.13,3,79,2020,10.087142857142856,2.7128571428571426,9.7,0.0,0.01,8.4,1.94,8.72,0.0
2020-03-20,9.51,13.18,7.02,70.25,1.21,1.42,1.34,9.87,9.9,11.38,14.81,3,80,2020,9.820000000000002,2.505714285714286,10.81,0.0,2.66,7.04,1.62,8.52,0.0
2020-03-21,9.87,13.6,7.58,73.48,1.34,1.63,6.83,9.42,9.51,8.82,1.21,3,81,2020,9.969999999999999,2.641428571428571,10.78,1.13,0.39,7.78,5.84,8.87,0.0
2020-03-22,9.42,12.44,7.19,78.27,6.83,1.38,2.9,9.1,9.87,9.22,1.34,3,82,2020,9.998571428571427,3.6171428571428565,9.9,14.81,0.0,8.56,0.16,9.5,0.0
2020-03-23,9.1,12.51,6.49,83.93,2.9,1.37,0.01,11.54,9.42,9.7,6.83,3,83,2020,9.912857142857144,4.031428571428571,9.51,1.21,0.0,9.86,0.0,8.11,2.97
2020-03-24,11.54,17.2,6.75,71.6,0.01,1.57,0.48,12.33,9.1,10.81,2.9,3,84,2020,10.017142857142858,4.032857142857142,9.87,1.34,0.0,9.97,0.0,8.35,2.82
2020-03-25,12.33,16.64,8.6,73.43,0.48,1.6,0.45,13.98,11.54,10.78,0.01,3,85,2020,10.23857142857143,3.94,9.42,6.83,1.13,10.24,0.0,7.41,2.99
2020-03-26,13.98,19.58,9.32,67.38,0.45,1.64,0.02,15.16,12.33,9.9,0.48,3,86,2020,10.821428571428571,1.8885714285714283,9.1,2.9,14.81,11.74,0.01,6.88,6.75
2020-03-27,15.16,21.81,10.14,60.12,0.02,2.03,0.24,13.94,13.98,9.51,0.45,3,87,2020,11.628571428571428,1.7185714285714282,11.54,0.01,1.21,11.38,2.66,4.65,8.05
2020-03-28,13.94,20.52,8.83,57.72,0.24,2.39,0.0,13.42,15.16,9.87,0.02,3,88,2020,12.209999999999999,1.5614285714285712,12.33,0.48,1.34,8.82,0.39,6.32,0.34
2020-03-29,13.42,20.53,7.55,54.06,0.0,2.2,0.0,13.41,13.94,9.42,0.24,3,89,2020,12.781428571428572,0.5857142857142854,13.98,0.45,6.83,9.22,0.0,8.25,0.0
2020-03-30,13.41,20.79,7.54,46.68,0.0,2.32,0.02,14.07,13.42,9.1,0.0,3,90,2020,13.397142857142857,0.17142857142857118,15.16,0.02,2.9,9.7,0.0,9.03,0.0
2020-03-31,14.07,20.2,9.52,46.9,0.02,1.86,0.95,13.47,13.41,11.54,0.0,3,91,2020,13.758571428571429,0.1728571428571426,13.94,0.24,0.01,10.81,0.0,9.84,0.06
2020-04-01,13.47,19.62,9.0,52.75,0.95,1.96,0.53,13.1,14.07,12.33,0.02,4,92,2020,13.921428571428573,0.23999999999999974,13.42,0.0,0.48,10.78,1.13,9.27,0.47
2020-04-02,13.1,20.0,7.51,49.08,0.53,2.1,0.0,12.53,13.47,13.98,0.95,4,93,2020,13.795714285714284,0.25142857142857117,13.41,0.0,0.45,9.9,14.81,9.05,0.61
2020-04-03,12.53,19.4,6.97,44.17,0.0,1.86,0.0,12.75,13.1,15.16,0.53,4,94,2020,13.42,0.2485714285714283,14.07,0.02,0.02,9.51,1.21,8.69,0.74
2020-04-04,12.75,19.37,7.74,45.13,0.0,1.92,0.0,12.93,12.53,13.94,0.0,4,95,2020,13.25,0.21428571428571402,13.47,0.95,0.24,9.87,1.34,8.4,1.94
2020-04-05,12.93,19.21,7.76,44.96,0.0,1.97,0.0,13.52,12.75,13.42,0.0,4,96,2020,13.180000000000001,0.21428571428571402,13.1,0.53,0.0,9.42,6.83,7.04,1.62
2020-04-06,13.52,19.95,7.09,49.7,0.0,1.91,0.0,14.59,12.93,13.41,0.0,4,97,2020,13.195714285714287,0.21428571428571402,12.53,0.0,0.0,9.1,2.9,7.78,5.84
2020-04-07,14.59,21.09,9.87,45.38,0.0,1.85,0.27,13.9,13.52,14.07,0.0,4,98,2020,13.27,0.21142857142857116,12.75,0.0,0.02,11.54,0.01,8.56,0.16
2020-04-08,13.9,19.86,7.66,49.64,0.27,1.76,1.33,13.56,14.59,13.47,0.0,4,99,2020,13.331428571428571,0.11428571428571403,12.93,0.0,0.95,12.33,0.48,9.86,0.0
2020-04-09,13.56,19.54,8.08,53.93,1.33,2.06,0.02,14.48,13.9,13.1,0.27,4,100,2020,13.397142857142857,0.22857142857142834,13.52,0.0,0.53,13.98,0.45,9.97,0.0
2020-04-10,14.48,20.9,9.04,45.58,0.02,1.8,0.21,13.93,13.56,12.53,1.33,4,101,2020,13.675714285714287,0.23142857142857118,14.59,0.0,0.0,15.16,0.02,10.24,0.0
2020-04-11,13.93,20.21,8.55,52.8,0.21,1.93,0.0,14.76,14.48,12.75,0.02,4,102,2020,13.844285714285714,0.2614285714285712,13.9,0.27,0.0,13.94,0.24,11.74,0.01
2020-04-12,14.76,20.29,10.1,57.98,0.0,1.85,1.77,15.7,13.93,12.93,0.21,4,103,2020,14.105714285714285,0.2614285714285712,13.56,1.33,0.0,13.42,0.0,11.38,2.66
2020-04-13,15.7,22.22,10.58,59.51,1.77,1.78,9.49,14.51,14.76,13.52,0.0,4,104,2020,14.417142857142858,0.514285714285714,14.48,0.02,0.0,13.41,0.0,8.82,0.39
2020-04-14,14.51,19.37,11.19,78.61,9.49,1.49,0.68,12.66,15.7,14.59,1.77,4,105,2020,14.405714285714286,1.8699999999999997,13.93,0.21,0.0,14.07,0.02,9.22,0.0
2020-04-15,12.66,15.56,10.22,87.59,0.68,1.42,0.33,13.88,14.51,13.9,9.49,4,106,2020,14.22857142857143,1.9285714285714284,14.76,0.0,0.27,13.47,0.95,9.7,0.0
2020-04-16,13.88,19.08,9.87,76.82,0.33,1.58,2.27,15.18,12.66,13.56,0.68,4,107,2020,14.274285714285714,1.7857142857142854,15.7,1.77,1.33,13.1,0.53,10.81,0.0
2020-04-17,15.18,20.82,11.12,68.34,2.27,1.87,3.94,14.91,13.88,14.48,0.33,4,108,2020,14.374285714285715,2.107142857142857,14.51,9.49,0.02,12.53,0.0,10.78,1.13
2020-04-18,14.91,20.62,10.22,62.8,3.94,2.11,1.4,15.24,15.18,13.93,2.27,4,109,2020,14.514285714285714,2.6399999999999997,12.66,0.68,0.21,12.75,0.0,9.9,14.81
2020-04-19,15.24,20.85,10.47,56.81,1.4,2.04,4.36,15.08,14.91,14.76,3.94,4,110,2020,14.582857142857142,2.84,13.88,0.33,0.0,12.93,0.0,9.51,1.21
2020-04-20,15.08,19.6,11.7,59.82,4.36,1.43,7.59,12.08,15.24,15.7,1.4,4,111,2020,14.494285714285713,3.21,15.18,2.27,1.77,13.52,0.0,9.87,1.34
2020-04-21,12.08,16.39,8.67,69.52,7.59,1.21,7.79,10.63,15.08,14.51,4.36,4,112,2020,14.147142857142857,2.9385714285714286,14.91,3.94,9.49,14.59,0.0,9.42,6.83
2020-04-22,10.63,13.3,8.54,81.52,7.79,1.84,1.3,11.35,12.08,12.66,7.59,4,113,2020,13.857142857142858,3.954285714285714,15.24,1.4,0.68,13.9,0.27,9.1,2.9
2020-04-23,11.35,15.63,8.12,73.34,1.3,1.44,4.13,11.67,10.63,13.88,7.79,4,114,2020,13.495714285714286,4.0928571428571425,15.08,4.36,0.33,13.56,1.33,11.54,0.01
2020-04-24,11.67,15.4,8.04,75.55,4.13,1.56,1.46,12.79,11.35,15.18,1.3,4,115,2020,12.994285714285713,4.3585714285714285,12.08,7.59,2.27,14.48,0.02,12.33,0.48
2020-04-25,12.79,17.14,8.97,73.88,1.46,1.59,0.51,12.35,11.67,14.91,4.13,4,116,2020,12.691428571428572,4.0042857142857144,10.63,7.79,3.94,13.93,0.21,13.98,0.45
2020-04-26,12.35,16.57,8.97,82.23,0.51,1.47,3.74,13.49,12.79,15.24,1.46,4,117,2020,12.278571428571428,3.877142857142857,11.35,1.3,1.4,14.76,0.0,15.16,0.02
2020-04-27,13.49,18.66,9.64,79.88,3.74,1.73,3.59,13.01,12.35,15.08,0.51,4,118,2020,12.051428571428572,3.788571428571428,11.67,4.13,4.36,15.7,1.77,13.94,0.24
2020-04-28,13.01,17.24,9.68,83.04,3.59,1.52,4.9,12.77,13.49,12.08,3.74,4,119,2020,12.184285714285716,3.2171428571428566,12.79,1.46,7.59,14.51,9.49,13.42,0.0
2020-04-29,12.77,16.94,9.21,80.48,4.9,1.77,4.06,13.39,13.01,10.63,3.59,4,120,2020,12.489999999999998,2.8042857142857143,12.35,0.51,7.79,12.66,0.68,13.41,0.0
2020-04-30,13.39,17.52,9.88,83.49,4.06,1.64,12.62,12.92,12.77,11.35,4.9,4,121,2020,12.781428571428572,3.198571428571428,13.49,3.74,1.3,13.88,0.33,14.07,0.02
2020-05-01,12.92,17.63,9.96,88.18,12.62,1.5,1.84,12.57,13.39,11.67,4.06,5,122,2020,12.959999999999999,4.411428571428571,13.01,3.59,4.13,15.18,2.27,13.47,0.95
2020-05-02,12.57,16.13,9.58,80.1,1.84,1.46,1.46,14.53,12.92,12.79,12.62,5,123,2020,12.928571428571429,4.465714285714285,12.77,4.9,1.46,14.91,3.94,13.1,0.53
2020-05-03,14.53,19.42,9.77,78.8,1.46,1.73,5.06,15.09,12.57,12.35,1.84,5,124,2020,13.24,4.6014285714285705,13.39,4.06,0.51,15.24,1.4,12.53,0.0
2020-05-04,15.09,19.94,10.86,79.76,5.06,1.58,1.22,14.93,14.53,13.49,1.46,5,125,2020,13.468571428571428,4.79,12.92,12.62,3.74,15.08,4.36,12.75,0.0
2020-05-05,14.93,20.12,9.73,73.73,1.22,1.57,1.3,13.78,15.09,13.01,5.06,5,126,2020,13.742857142857144,4.451428571428571,12.57,1.84,3.59,12.08,7.59,12.93,0.0
2020-05-06,13.78,19.16,9.15,67.3,1.3,1.66,3.69,13.53,14.93,12.77,1.22,5,127,2020,13.887142857142859,3.937142857142857,14.53,1.46,4.9,10.63,7.79,13.52,0.0
2020-05-07,13.53,18.35,10.13,69.27,3.69,1.59,0.06,13.51,13.78,13.39,1.3,5,128,2020,13.907142857142857,3.884285714285714,15.09,5.06,4.06,11.35,1.3,14.59,0.0
2020-05-08,13.51,18.45,7.68,64.86,0.06,1.87,0.96,15.33,13.53,12.92,3.69,5,129,2020,13.991428571428571,2.09,14.93,1.22,12.62,11.67,4.13,13.9,0.27
2020-05-09,15.33,20.76,9.81,69.16,0.96,1.88,3.29,14.93,13.51,12.57,0.06,5,130,2020,14.385714285714284,1.9642857142857142,13.78,1.3,1.84,12.79,1.46,13.56,1.33
2020-05-10,14.93,19.31,11.02,72.94,3.29,1.45,0.57,15.36,15.33,14.53,0.96,5,131,2020,14.442857142857141,2.2257142857142855,13.53,3.69,1.46,12.35,0.51,14.48,0.02
2020-05-11,15.36,20.43,11.16,68.84,0.57,1.53,2.01,14.84,14.93,15.09,3.29,5,132,2020,14.481428571428571,1.5842857142857143,13.51,0.06,5.06,13.49,3.74,13.93,0.21
2020-05-12,14.84,18.92,11.03,74.97,2.01,1.54,0.68,15.93,15.36,14.93,0.57,5,133,2020,14.468571428571428,1.697142857142857,15.33,0.96,1.22,13.01,3.59,14.76,0.0
2020-05-13,15.93,20.01,11.92,72.54,0.68,2.14,0.48,16.86,14.84,13.78,2.01,5,134,2020,14.775714285714285,1.6085714285714285,14.93,3.29,1.3,12.77,4.9,15.7,1.77
2020-05-14,16.86,20.6,13.72,69.68,0.48,1.84,2.2,16.6,15.93,13.53,0.68,5,135,2020,15.251428571428573,1.15,15.36,0.57,3.69,13.39,4.06,14.51,9.49
2020-05-15,16.6,20.96,13.23,77.3,2.2,1.8,2.98,17.02,16.86,13.51,0.48,5,136,2020,15.692857142857141,1.455714285714286,14.84,2.01,0.06,12.92,12.62,12.66,0.68
2020-05-16,17.02,21.97,11.68,67.01,2.98,1.93,0.65,17.86,16.6,15.33,2.2,5,137,2020,15.934285714285716,1.7442857142857142,15.93,0.68,0.96,12.57,1.84,13.88,0.33
2020-05-17,17.86,23.35,12.7,51.33,0.65,1.77,0.54,17.28,17.02,14.93,2.98,5,138,2020,16.352857142857143,1.3671428571428572,16.86,0.48,3.29,14.53,1.46,15.18,2.27
2020-05-18,17.28,22.45,12.22,59.77,0.54,1.59,1.67,18.04,17.86,15.36,0.65,5,139,2020,16.627142857142857,1.362857142857143,16.6,2.2,0.57,15.09,5.06,14.91,3.94
2020-05-19,18.04,23.9,13.05,61.76,1.67,1.69,1.76,17.16,17.28,14.84,0.54,5,140,2020,17.084285714285716,1.3142857142857143,17.02,2.98,2.01,14.93,1.22,15.24,1.4
2020-05-20,17.16,23.54,11.18,61.58,1.76,1.54,4.39,17.77,18.04,15.93,1.67,5,141,2020,17.259999999999998,1.4685714285714286,17.86,0.65,0.68,13.78,1.3,15.08,4.36
2020-05-21,17.77,22.63,13.05,70.63,4.39,1.59,0.23,18.58,17.16,16.86,1.76,5,142,2020,17.39,2.027142857142857,17.28,0.54,0.48,13.53,3.69,12.08,7.59
2020-05-22,18.58,24.12,13.64,61.65,0.23,1.93,2.46,18.13,17.77,16.6,4.39,5,143,2020,17.672857142857143,1.7457142857142856,18.04,1.67,2.2,13.51,0.06,10.63,7.79
2020-05-23,18.13,22.16,14.3,66.85,2.46,1.82,1.85,18.45,18.58,17.02,0.23,5,144,2020,17.83142857142857,1.6714285714285713,17.16,1.76,2.98,15.33,0.96,11.35,1.3
2020-05-24,18.45,23.43,13.91,64.34,1.85,2.35,3.68,19.31,18.13,17.86,2.46,5,145,2020,17.915714285714284,1.8428571428571427,17.77,4.39,0.65,14.93,3.29,11.67,4.13
2020-05-25,19.31,25.05,13.88,50.96,3.68,2.21,8.77,18.4,18.45,17.28,1.85,5,146,2020,18.205714285714286,2.2914285714285714,18.58,0.23,0.54,15.36,0.57,12.79,1.46
2020-05-26,18.4,24.41,12.94,53.5,8.77,2.04,7.61,17.56,19.31,18.04,3.68,5,147,2020,18.257142857142856,3.3057142857142856,18.13,2.46,1.67,14.84,2.01,12.35,0.51
2020-05-27,17.56,22.85,12.91,63.61,7.61,1.55,0.2,15.49,18.4,17.16,8.77,5,148,2020,18.314285714285713,4.1414285714285715,18.45,1.85,1.76,15.93,0.68,13.49,3.74
2020-05-28,15.49,19.1,12.21,77.23,0.2,1.45,0.92,15.93,17.56,17.77,7.61,5,149,2020,17.988571428571426,3.542857142857143,19.31,3.68,4.39,16.86,0.48,13.01,3.59
2020-05-29,15.93,21.23,11.0,73.34,0.92,1.7,1.82,16.11,15.49,18.58,0.2,5,150,2020,17.61,3.641428571428572,18.4,8.77,0.23,16.6,2.2,12.77,4.9
2020-05-30,16.11,21.26,11.26,71.11,1.82,1.91,1.23,16.9,15.93,18.13,0.92,5,151,2020,17.321428571428573,3.5500000000000003,17.56,7.61,2.46,17.02,2.98,13.39,4.06
2020-05-31,16.9,22.43,11.93,63.7,1.23,1.91,1.93,16.3,16.11,18.45,1.82,5,152,2020,17.099999999999998,3.4614285714285713,15.49,0.2,1.85,17.86,0.65,12.92,12.62
2020-06-01,16.3,20.42,12.46,67.88,1.93,1.88,0.08,16.65,16.9,19.31,1.23,6,153,2020,16.669999999999998,3.2114285714285713,15.93,0.92,3.68,17.28,0.54,12.57,1.84
2020-06-02,16.65,22.44,11.7,54.77,0.08,2.02,1.77,17.11,16.3,18.4,1.93,6,154,2020,16.419999999999998,1.9700000000000002,16.11,1.82,8.77,18.04,1.67,14.53,1.46
2020-06-03,17.11,22.55,12.23,62.13,1.77,1.87,10.79,16.32,16.65,17.56,0.08,6,155,2020,16.355714285714285,1.1357142857142857,16.9,1.23,7.61,17.16,1.76,15.09,5.06
2020-06-04,16.32,21.32,12.84,71.16,10.79,1.51,26.5,15.3,17.11,15.49,1.77,6,156,2020,16.474285714285713,2.6485714285714286,16.3,1.93,0.2,17.77,4.39,14.93,1.22
2020-06-05,15.3,18.59,11.88,83.93,26.5,1.38,0.48,17.4,16.32,15.93,10.79,6,157,2020,16.384285714285713,6.3028571428571425,16.65,0.08,0.92,18.58,0.23,13.78,1.3
2020-06-06,17.4,21.93,13.04,79.03,0.48,1.56,0.33,17.62,15.3,16.11,26.5,6,158,2020,16.568571428571428,6.11142857142857,17.11,1.77,1.82,18.13,2.46,13.53,3.69
2020-06-07,17.62,22.44,13.77,74.18,0.33,1.55,3.4,17.91,17.4,16.9,0.48,6,159,2020,16.67142857142857,5.982857142857143,16.32,10.79,1.23,18.45,1.85,13.51,0.06
2020-06-08,17.91,22.51,13.41,74.89,3.4,1.91,0.49,18.87,17.62,16.3,0.33,6,160,2020,16.90142857142857,6.192857142857143,15.3,26.5,1.93,19.31,3.68,15.33,0.96
2020-06-09,18.87,23.81,14.14,73.5,0.49,1.78,1.06,19.43,17.91,16.65,3.4,6,161,2020,17.21857142857143,6.251428571428572,17.4,0.48,0.08,18.4,8.77,14.93,3.29
2020-06-10,19.43,24.91,14.49,71.63,1.06,1.69,3.19,19.34,18.87,17.11,0.49,6,162,2020,17.55,6.1499999999999995,17.62,0.33,1.77,17.56,7.61,15.36,0.57
2020-06-11,19.34,23.55,15.56,78.49,3.19,1.3,3.29,19.42,19.43,16.32,1.06,6,163,2020,17.981428571428573,5.064285714285715,17.91,3.4,10.79,15.49,0.2,14.84,2.01
2020-06-12,19.42,23.91,16.25,83.62,3.29,1.76,3.03,19.65,19.34,15.3,3.19,6,164,2020,18.57,1.7485714285714287,18.87,0.49,26.5,15.93,0.92,15.93,0.68
2020-06-13,19.65,24.85,15.06,79.66,3.03,1.7,8.04,18.83,19.42,17.4,3.29,6,165,2020,18.891428571428573,2.1128571428571425,19.43,1.06,0.48,16.11,1.82,16.86,0.48
2020-06-14,18.83,22.25,16.59,86.75,8.04,1.59,14.09,18.33,19.65,17.62,3.03,6,166,2020,19.064285714285713,3.2142857142857144,19.34,3.19,0.33,16.9,1.23,16.6,2.2
2020-06-15,18.33,21.42,15.5,86.16,14.09,1.08,1.58,18.04,18.83,17.91,8.04,6,167,2020,19.124285714285715,4.741428571428571,19.42,3.29,3.4,16.3,1.93,17.02,2.98
2020-06-16,18.04,21.04,15.86,89.44,1.58,1.97,4.72,18.25,18.33,18.87,14.09,6,168,2020,19.005714285714284,4.897142857142858,19.65,3.03,0.49,16.65,0.08,17.86,0.65
2020-06-17,18.25,21.91,15.23,88.1,4.72,1.66,19.25,18.74,18.04,19.43,1.58,6,169,2020,18.837142857142858,5.42,18.83,8.04,1.06,17.11,1.77,17.28,0.54
2020-06-18,18.74,22.94,15.63,89.28,19.25,2.17,12.57,18.13,18.25,19.34,4.72,6,170,2020,18.75142857142857,7.714285714285714,18.33,14.09,3.19,16.32,10.79,18.04,1.67
2020-06-19,18.13,21.0,15.84,89.84,12.57,1.87,2.79,18.57,18.74,19.42,19.25,6,171,2020,18.56714285714286,9.040000000000001,18.04,1.58,3.29,15.3,26.5,17.16,1.76
2020-06-20,18.57,22.07,15.64,87.92,2.79,1.88,6.99,19.0,18.13,19.65,12.57,6,172,2020,18.412857142857142,9.005714285714285,18.25,4.72,3.03,17.4,0.48,17.77,4.39
2020-06-21,19.0,23.25,15.3,86.8,6.99,1.84,7.6,18.81,18.57,18.83,2.79,6,173,2020,18.437142857142856,8.855714285714285,18.74,19.25,8.04,17.62,0.33,18.58,0.23
2020-06-22,18.81,23.15,15.3,86.61,7.6,1.72,14.32,17.72,19.0,18.33,6.99,6,174,2020,18.505714285714284,7.928571428571429,18.13,12.57,14.09,17.91,3.4,18.13,2.46
2020-06-23,17.72,20.12,15.39,89.21,14.32,1.5,17.23,18.98,18.81,18.04,7.6,6,175,2020,18.46,9.748571428571429,18.57,2.79,1.58,18.87,0.49,18.45,1.85
2020-06-24,18.98,22.93,15.25,83.06,17.23,1.61,16.11,18.93,17.72,18.25,14.32,6,176,2020,18.564285714285713,11.535714285714286,19.0,6.99,4.72,19.43,1.06,19.31,3.68
2020-06-25,18.93,22.16,15.94,90.42,16.11,2.26,14.15,18.67,18.98,18.74,17.23,6,177,2020,18.59142857142857,11.087142857142856,18.81,7.6,19.25,19.34,3.19,18.4,8.77
2020-06-26,18.67,21.51,16.24,91.13,14.15,2.74,15.41,18.47,18.93,18.13,16.11,6,178,2020,18.66857142857143,11.312857142857142,17.72,14.32,12.57,19.42,3.29,17.56,7.61
2020-06-27,18.47,21.79,15.5,92.22,15.41,2.46,8.9,18.01,18.67,18.57,14.15,6,179,2020,18.654285714285713,13.115714285714287,18.98,17.23,2.79,19.65,3.03,15.49,0.2
2020-06-28,18.01,19.77,16.63,96.69,8.9,1.88,2.56,17.28,18.47,19.0,15.41,6,180,2020,18.512857142857143,13.388571428571428,18.93,16.11,6.99,18.83,8.04,15.93,0.92
2020-06-29,17.28,19.76,15.39,92.64,2.56,1.54,2.43,18.11,18.01,18.81,8.9,6,181,2020,18.294285714285714,12.668571428571427,18.67,14.15,7.6,18.33,14.09,16.11,1.82
2020-06-30,18.11,21.77,14.45,87.87,2.43,1.5,3.29,19.1,17.28,17.72,2.56,6,182,2020,18.349999999999998,10.97,18.47,15.41,14.32,18.04,1.58,16.9,1.23
2020-07-01,19.1,22.61,16.18,86.81,3.29,1.74,6.49,19.07,18.11,18.98,2.43,7,183,2020,18.36714285714286,8.978571428571428,18.01,8.9,17.23,18.25,4.72,16.3,1.93
2020-07-02,19.07,22.55,16.16,90.22,6.49,2.01,23.28,17.9,19.1,18.93,3.29,7,184,2020,18.38714285714286,7.604285714285714,17.28,2.56,16.11,18.74,19.25,16.65,0.08
2020-07-03,17.9,21.5,15.13,88.46,23.28,1.44,7.54,18.37,19.07,18.67,6.49,7,185,2020,18.277142857142856,8.90857142857143,18.11,2.43,14.15,18.13,12.57,17.11,1.77
2020-07-04,18.37,21.07,15.84,92.05,7.54,1.5,4.77,18.91,17.9,18.47,23.28,7,186,2020,18.262857142857143,7.784285714285715,19.1,3.29,15.41,18.57,2.79,16.32,10.79
2020-07-05,18.91,21.94,16.64,91.3,4.77,1.66,4.86,18.8,18.37,18.01,7.54,7,187,2020,18.391428571428573,7.194285714285715,19.07,6.49,8.9,19.0,6.99,15.3,26.5
2020-07-06,18.8,22.33,16.48,89.93,4.86,1.56,4.44,19.19,18.91,17.28,4.77,7,188,2020,18.608571428571427,7.522857142857143,17.9,23.28,2.56,18.81,7.6,17.4,0.48
2020-07-07,19.19,22.83,15.76,88.28,4.44,1.99,16.44,19.23,18.8,18.11,4.86,7,189,2020,18.762857142857143,7.8100000000000005,18.37,7.54,2.43,17.72,14.32,17.62,0.33
2020-07-08,19.23,21.63,16.88,92.47,16.44,1.87,16.85,18.87,19.19,19.1,4.44,7,190,2020,18.78142857142857,9.68857142857143,18.91,4.77,3.29,18.98,17.23,17.91,3.4
2020-07-09,18.87,20.67,17.47,94.91,16.85,1.77,97.18,18.82,19.23,19.07,16.44,7,191,2020,18.752857142857145,11.168571428571429,18.8,4.86,6.49,18.93,16.11,18.87,0.49
2020-07-10,18.82,20.84,15.71,95.98,97.18,2.5,22.87,17.28,18.87,17.9,16.85,7,192,2020,18.884285714285713,21.725714285714286,19.19,4.44,23.28,18.67,14.15,19.43,1.06
2020-07-11,17.28,19.55,14.66,93.76,22.87,1.24,11.62,17.99,18.82,18.37,97.18,7,193,2020,18.728571428571428,23.91571428571429,19.23,16.44,7.54,18.47,15.41,19.34,3.19
2020-07-12,17.99,20.37,15.64,92.26,11.62,1.63,2.6,17.97,17.28,18.91,22.87,7,194,2020,18.59714285714286,24.89428571428572,18.87,16.85,4.77,18.01,8.9,19.42,3.29
2020-07-13,17.97,20.21,16.06,93.67,2.6,1.34,2.71,18.59,17.99,18.8,11.62,7,195,2020,18.478571428571428,24.571428571428577,18.82,97.18,4.86,17.28,2.56,19.65,3.03
2020-07-14,18.59,22.13,14.99,88.67,2.71,1.86,2.44,18.95,17.97,19.19,2.6,7,196,2020,18.392857142857142,24.324285714285715,17.28,22.87,4.44,18.11,2.43,18.83,8.04
2020-07-15,18.95,22.21,15.99,90.34,2.44,1.82,0.92,18.09,18.59,19.23,2.71,7,197,2020,18.352857142857143,22.324285714285715,17.99,11.62,16.44,19.1,3.29,18.33,14.09
2020-07-16,18.09,19.77,16.55,95.02,0.92,1.58,8.72,18.45,18.95,18.87,2.44,7,198,2020,18.24142857142857,20.048571428571428,17.97,2.6,16.85,19.07,6.49,18.04,1.58
2020-07-17,18.45,20.96,16.71,94.77,8.72,1.64,5.57,16.84,18.09,18.82,0.92,7,199,2020,18.18857142857143,7.411428571428572,18.59,2.71,97.18,17.9,23.28,18.25,4.72
2020-07-18,16.84,18.98,14.77,91.1,5.57,1.06,34.34,17.4,18.45,17.28,8.72,7,200,2020,18.125714285714285,4.9399999999999995,18.95,2.44,22.87,18.37,7.54,18.74,19.25
2020-07-19,17.4,19.48,14.69,92.15,34.34,1.54,20.74,17.5,16.84,17.99,5.57,7,201,2020,18.041428571428572,8.185714285714287,18.09,0.92,11.62,18.91,4.77,18.13,12.57
2020-07-20,17.5,19.28,15.6,97.75,20.74,2.25,5.32,17.37,17.4,17.97,34.34,7,202,2020,17.974285714285713,10.777142857142858,18.45,8.72,2.6,18.8,4.86,18.57,2.79
2020-07-21,17.37,20.27,14.96,93.32,5.32,1.42,7.77,17.57,17.5,18.59,20.74,7,203,2020,17.8,11.150000000000002,16.84,5.57,2.71,19.19,4.44,19.0,6.99
2020-07-22,17.57,19.88,15.43,94.65,7.77,1.68,20.88,17.39,17.37,18.95,5.32,7,204,2020,17.602857142857143,11.911428571428571,17.4,34.34,2.44,19.23,16.44,18.81,7.6
2020-07-23,17.39,19.93,15.13,94.0,20.88,1.53,5.33,17.53,17.57,18.09,7.77,7,205,2020,17.502857142857145,14.762857142857142,17.5,20.74,0.92,18.87,16.85,17.72,14.32
2020-07-24,17.53,20.41,14.96,92.13,5.33,1.7,3.11,17.99,17.39,18.45,20.88,7,206,2020,17.37142857142857,14.278571428571427,17.37,5.32,8.72,18.82,97.18,18.98,17.23
2020-07-25,17.99,20.83,15.62,92.6,3.11,1.55,5.11,17.74,17.53,16.84,5.33,7,207,2020,17.535714285714285,13.927142857142856,17.57,7.77,5.57,17.28,22.87,18.93,16.11
2020-07-26,17.74,20.07,15.95,92.82,5.11,1.32,6.34,18.34,17.99,17.4,3.11,7,208,2020,17.584285714285716,9.751428571428571,17.39,20.88,34.34,17.99,11.62,18.67,14.15
2020-07-27,18.34,21.66,15.44,91.34,6.34,1.92,3.85,17.59,17.74,17.5,5.11,7,209,2020,17.704285714285714,7.694285714285714,17.53,5.33,20.74,17.97,2.6,18.47,15.41
2020-07-28,17.59,19.94,15.58,96.25,3.85,1.15,5.39,18.41,18.34,17.37,6.34,7,210,2020,17.735714285714288,7.484285714285713,17.99,3.11,5.32,18.59,2.71,18.01,8.9
2020-07-29,18.41,21.49,16.15,90.96,5.39,1.29,11.82,17.74,17.59,17.57,3.85,7,211,2020,17.85571428571429,7.144285714285714,17.74,5.11,7.77,18.95,2.44,17.28,2.56
2020-07-30,17.74,20.63,15.3,89.9,11.82,1.39,13.6,17.44,18.41,17.39,5.39,7,212,2020,17.905714285714286,5.8500000000000005,18.34,6.34,20.88,18.09,0.92,18.11,2.43
2020-07-31,17.44,19.65,15.69,94.04,13.6,1.43,1.78,18.08,17.74,17.53,11.82,7,213,2020,17.892857142857142,7.031428571428571,17.59,3.85,5.33,18.45,8.72,19.1,3.29
2020-08-01,18.08,21.44,15.35,91.64,1.78,1.63,1.44,19.17,17.44,17.99,13.6,8,214,2020,17.905714285714286,6.841428571428572,18.41,5.39,3.11,16.84,5.57,19.07,6.49
2020-08-02,19.17,23.17,15.53,87.92,1.44,1.45,5.62,19.14,18.08,17.74,1.78,8,215,2020,18.11,6.317142857142858,17.74,11.82,5.11,17.4,34.34,17.9,23.28
2020-08-03,19.14,22.02,16.9,87.94,5.62,1.17,11.21,20.42,19.17,18.34,1.44,8,216,2020,18.224285714285713,6.214285714285714,17.44,13.6,6.34,17.5,20.74,18.37,7.54
2020-08-04,20.42,24.02,17.9,83.69,11.21,1.72,7.02,19.01,19.14,17.59,5.62,8,217,2020,18.62857142857143,7.265714285714286,18.08,1.78,3.85,17.37,5.32,18.91,4.77
2020-08-05,19.01,22.6,16.56,89.41,7.02,1.89,5.41,18.73,20.42,18.41,11.21,8,218,2020,18.714285714285715,7.498571428571428,19.17,1.44,5.39,17.57,7.77,18.8,4.86
2020-08-06,18.73,21.89,15.66,90.08,5.41,1.84,3.07,19.57,19.01,17.74,7.02,8,219,2020,18.85571428571429,6.582857142857143,19.14,5.62,11.82,17.39,20.88,19.19,4.44
2020-08-07,19.57,22.86,16.84,92.72,3.07,1.87,6.06,18.84,18.73,17.44,5.41,8,220,2020,19.16,5.078571428571429,20.42,11.21,13.6,17.53,5.33,19.23,16.44
2020-08-08,18.84,20.65,16.93,95.5,6.06,1.81,7.79,18.63,19.57,18.08,3.07,8,221,2020,19.268571428571427,5.6899999999999995,19.01,7.02,1.78,17.99,3.11,18.87,16.85
2020-08-09,18.63,21.27,15.99,91.72,7.79,1.62,13.36,18.74,18.84,19.17,6.06,8,222,2020,19.19142857142857,6.597142857142857,18.73,5.41,1.44,17.74,5.11,18.82,97.18
2020-08-10,18.74,21.57,16.64,92.95,13.36,1.36,14.09,18.27,18.63,19.14,7.79,8,223,2020,19.134285714285713,7.702857142857143,19.57,3.07,5.62,18.34,6.34,17.28,22.87
2020-08-11,18.27,20.4,16.14,94.62,14.09,1.69,5.1,18.7,18.74,20.42,13.36,8,224,2020,18.827142857142857,8.114285714285714,18.84,6.06,11.21,17.59,3.85,17.99,11.62
2020-08-12,18.7,20.34,17.11,97.48,5.1,1.89,2.14,18.48,18.27,19.01,14.09,8,225,2020,18.782857142857143,7.840000000000001,18.63,7.79,7.02,18.41,5.39,17.97,2.6
2020-08-13,18.48,21.25,16.06,93.19,2.14,1.13,2.52,18.98,18.7,18.73,5.1,8,226,2020,18.747142857142855,7.372857142857143,18.74,13.36,5.41,17.74,11.82,18.59,2.71
2020-08-14,18.98,21.18,17.17,93.11,2.52,1.27,4.61,18.07,18.48,19.57,2.14,8,227,2020,18.662857142857142,7.294285714285714,18.27,14.09,3.07,17.44,13.6,18.95,2.44
2020-08-15,18.07,20.18,16.31,93.26,4.61,1.5,3.81,18.75,18.98,18.84,2.52,8,228,2020,18.552857142857142,7.087142857142857,18.7,5.1,6.06,18.08,1.78,18.09,0.92
2020-08-16,18.75,22.23,16.05,90.61,3.81,1.66,1.39,18.51,18.07,18.63,4.61,8,229,2020,18.57,6.518571428571428,18.48,2.14,7.79,19.17,1.44,18.45,8.72
2020-08-17,18.51,21.29,16.04,93.11,1.39,1.51,1.39,19.58,18.75,18.74,3.81,8,230,2020,18.537142857142857,4.808571428571428,18.98,2.52,13.36,19.14,5.62,16.84,5.57
2020-08-18,19.58,23.36,16.15,91.16,1.39,1.77,3.41,18.74,18.51,18.27,1.39,8,231,2020,18.724285714285713,2.994285714285714,18.07,4.61,14.09,20.42,11.21,17.4,34.34
2020-08-19,18.74,21.55,15.64,93.86,3.41,2.05,7.1,18.2,19.58,18.7,1.39,8,232,2020,18.73,2.7528571428571427,18.75,3.81,5.1,19.01,7.02,17.5,20.74
2020-08-20,18.2,22.28,14.47,84.35,7.1,2.09,15.67,17.31,18.74,18.48,3.41,8,233,2020,18.69,3.4614285714285713,18.51,1.39,2.14,18.73,5.41,17.37,5.32
2020-08-21,17.31,20.71,14.31,91.15,15.67,2.06,1.98,17.05,18.2,18.98,7.1,8,234,2020,18.451428571428572,5.339999999999999,19.58,1.39,2.52,19.57,3.07,17.57,7.77
2020-08-22,17.05,20.63,13.54,91.17,1.98,1.73,2.74,17.91,17.31,18.07,15.67,8,235,2020,18.305714285714288,4.964285714285714,18.74,3.41,4.61,18.84,6.06,17.39,20.88
2020-08-23,17.91,20.83,15.33,93.27,2.74,1.89,1.36,18.19,17.05,18.75,1.98,8,236,2020,18.185714285714287,4.811428571428571,18.2,7.1,3.81,18.63,7.79,17.53,5.33
2020-08-24,18.19,21.98,15.69,89.75,1.36,1.19,2.36,18.57,17.91,18.51,2.74,8,237,2020,18.14,4.807142857142857,17.31,15.67,1.39,18.74,13.36,17.99,3.11
2020-08-25,18.57,21.88,15.88,90.2,2.36,1.11,4.82,19.46,18.19,19.58,1.36,8,238,2020,17.995714285714286,4.945714285714286,17.05,1.98,1.39,18.27,14.09,17.74,5.11
2020-08-26,19.46,23.3,16.18,86.45,4.82,1.79,2.66,18.6,18.57,18.74,2.36,8,239,2020,18.09857142857143,5.147142857142858,17.91,2.74,3.41,18.7,5.1,18.34,6.34
2020-08-27,18.6,22.56,14.93,87.25,2.66,1.78,0.68,17.94,19.46,18.2,4.82,8,240,2020,18.155714285714286,4.5128571428571425,18.19,1.36,7.1,18.48,2.14,17.59,3.85
2020-08-28,17.94,21.46,15.05,91.49,0.68,1.57,0.75,18.15,18.6,17.31,2.66,8,241,2020,18.245714285714286,2.3714285714285714,18.57,2.36,15.67,18.98,2.52,18.41,5.39
2020-08-29,18.15,21.87,15.15,89.99,0.75,1.48,1.61,18.13,17.94,17.05,0.68,8,242,2020,18.40285714285714,2.1957142857142857,19.46,4.82,1.98,18.07,4.61,17.74,11.82
2020-08-30,18.13,22.37,14.79,87.29,1.61,1.78,6.92,18.55,18.15,17.91,0.75,8,243,2020,18.434285714285718,2.0342857142857143,18.6,2.66,2.74,18.75,3.81,17.44,13.6
2020-08-31,18.55,22.54,15.35,88.88,6.92,1.84,7.94,18.75,18.13,18.19,1.61,8,244,2020,18.485714285714288,2.8285714285714287,17.94,0.68,1.36,18.51,1.39,18.08,1.78
2020-09-01,18.75,23.46,16.03,91.26,7.94,1.11,0.6,18.44,18.55,18.57,6.92,9,245,2020,18.511428571428574,3.625714285714286,18.15,0.75,2.36,19.58,1.39,19.17,1.44
2020-09-02,18.44,22.31,15.83,91.32,0.6,1.54,0.27,18.08,18.75,19.46,7.94,9,246,2020,18.365714285714287,3.0228571428571427,18.13,1.61,4.82,18.74,3.41,19.14,5.62
2020-09-03,18.08,21.92,15.23,89.28,0.27,1.39,3.79,18.44,18.44,18.6,0.6,9,247,2020,18.291428571428572,2.6814285714285715,18.55,6.92,2.66,18.2,7.1,20.42,11.21
2020-09-04,18.44,21.98,15.27,91.96,3.79,1.69,6.97,18.34,18.08,17.94,0.27,9,248,2020,18.362857142857145,3.125714285714286,18.75,7.94,0.68,17.31,15.67,19.01,7.02
2020-09-05,18.34,21.9,15.36,91.57,6.97,1.76,8.16,18.6,18.44,18.15,3.79,9,249,2020,18.389999999999997,4.014285714285714,18.44,0.6,0.75,17.05,1.98,18.73,5.41
2020-09-06,18.6,21.75,15.77,92.32,8.16,1.75,5.12,18.23,18.34,18.13,6.97,9,250,2020,18.45714285714286,4.950000000000001,18.08,0.27,1.61,17.91,2.74,19.57,3.07
2020-09-07,18.23,21.29,15.92,93.01,5.12,1.66,4.0,17.72,18.6,18.55,8.16,9,251,2020,18.41142857142857,4.692857142857143,18.44,3.79,6.92,18.19,1.36,18.84,6.06
2020-09-08,17.72,20.19,16.0,94.87,4.0,1.31,1.91,17.56,18.23,18.75,5.12,9,252,2020,18.264285714285712,4.13,18.34,6.97,7.94,18.57,2.36,18.63,7.79
2020-09-09,17.56,21.06,15.69,91.68,1.91,1.22,0.99,18.07,17.72,18.44,4.0,9,253,2020,18.138571428571428,4.317142857142858,18.6,8.16,0.6,19.46,4.82,18.74,13.36
2020-09-10,18.07,21.3,15.42,92.53,0.99,1.66,0.34,18.16,17.56,18.08,1.91,9,254,2020,18.137142857142855,4.42,18.23,5.12,0.27,18.6,2.66,18.27,14.09
2020-09-11,18.16,20.72,15.76,93.58,0.34,1.18,0.89,18.06,18.07,18.44,0.99,9,255,2020,18.09714285714286,3.927142857142857,17.72,4.0,3.79,17.94,0.68,18.7,5.1
2020-09-12,18.06,20.43,16.46,95.69,0.89,1.3,8.43,17.78,18.16,18.34,0.34,9,256,2020,18.057142857142857,3.0585714285714287,17.56,1.91,6.97,18.15,0.75,18.48,2.14
2020-09-13,17.78,21.12,15.36,92.07,8.43,1.78,4.82,17.04,18.06,18.6,0.89,9,257,2020,17.94,3.097142857142857,18.07,0.99,8.16,18.13,1.61,18.98,2.52
2020-09-14,17.04,19.86,15.04,92.51,4.82,1.28,8.25,17.33,17.78,18.23,8.43,9,258,2020,17.77,3.0542857142857143,18.16,0.34,5.12,18.55,6.92,18.07,4.61
2020-09-15,17.33,20.58,15.53,92.0,8.25,1.27,0.77,17.66,17.04,17.72,4.82,9,259,2020,17.714285714285715,3.6614285714285715,18.06,0.89,4.0,18.75,7.94,18.75,3.81
2020-09-16,17.66,21.29,15.1,92.67,0.77,1.75,1.71,17.53,17.33,17.56,8.25,9,260,2020,17.728571428571428,3.498571428571428,17.78,8.43,1.91,18.44,0.6,18.51,1.39
2020-09-17,17.53,20.64,15.38,94.31,1.71,1.46,0.72,16.82,17.66,18.07,0.77,9,261,2020,17.65142857142857,3.6014285714285714,17.04,4.82,0.99,18.08,0.27,19.58,1.39
2020-09-18,16.82,19.21,14.32,95.24,0.72,1.0,0.01,18.25,17.53,18.16,1.71,9,262,2020,17.46,3.6557142857142857,17.33,8.25,0.34,18.44,3.79,18.74,3.41
2020-09-19,18.25,22.22,15.01,89.32,0.01,1.28,3.11,19.09,16.82,18.06,0.72,9,263,2020,17.487142857142857,3.5300000000000002,17.66,0.77,0.89,18.34,6.97,18.2,7.1
2020-09-20,19.09,22.9,16.33,81.91,3.11,1.23,17.75,17.99,18.25,17.78,0.01,9,264,2020,17.674285714285713,2.77,17.53,1.71,8.43,18.6,8.16,17.31,15.67
2020-09-21,17.99,21.59,15.37,90.75,17.75,1.29,27.39,16.87,19.09,17.04,3.11,9,265,2020,17.81,4.617142857142857,16.82,0.72,4.82,18.23,5.12,17.05,1.98
2020-09-22,16.87,19.92,14.91,92.66,27.39,1.32,33.61,16.13,17.99,17.33,17.75,9,266,2020,17.744285714285713,7.351428571428571,18.25,0.01,8.25,17.72,4.0,17.91,2.74
2020-09-23,16.13,18.63,14.35,94.71,33.61,1.46,42.93,16.43,16.87,17.66,27.39,9,267,2020,17.525714285714287,12.042857142857143,19.09,3.11,0.77,17.56,1.91,18.19,1.36
2020-09-24,16.43,19.09,14.48,94.15,42.93,0.98,15.3,17.07,16.13,17.53,33.61,9,268,2020,17.36857142857143,17.931428571428572,17.99,17.75,1.71,18.07,0.99,18.57,2.36
2020-09-25,17.07,19.9,14.6,91.36,15.3,1.22,7.76,17.57,16.43,16.82,42.93,9,269,2020,17.404285714285713,20.014285714285712,16.87,27.39,0.72,18.16,0.34,19.46,4.82
2020-09-26,17.57,21.41,15.13,88.14,7.76,1.25,0.02,16.78,17.07,18.25,15.3,9,270,2020,17.307142857142857,21.121428571428574,16.13,33.61,0.01,18.06,0.89,18.6,2.66
2020-09-27,16.78,21.09,13.27,73.33,0.02,1.28,0.4,17.13,17.57,19.09,7.76,9,271,2020,16.97714285714286,20.68,16.43,42.93,3.11,17.78,8.43,17.94,0.68
2020-09-28,17.13,21.48,13.55,76.24,0.4,1.3,0.55,17.18,16.78,17.99,0.02,9,272,2020,16.854285714285712,18.201428571428572,17.07,15.3,17.75,17.04,4.82,18.15,0.75
2020-09-29,17.18,20.99,14.36,80.53,0.55,1.38,0.16,17.52,17.13,16.87,0.4,9,273,2020,16.89857142857143,14.367142857142856,17.57,7.76,27.39,17.33,8.25,18.13,1.61
2020-09-30,17.52,21.43,14.7,80.74,0.16,1.25,0.02,17.19,17.18,16.13,0.55,9,274,2020,17.097142857142856,9.588571428571429,16.78,0.02,33.61,17.66,0.77,18.55,6.92
2020-10-01,17.19,20.89,14.52,87.26,0.02,1.27,0.05,17.08,17.52,16.43,0.16,10,275,2020,17.205714285714286,3.4585714285714286,17.13,0.4,42.93,17.53,1.71,18.75,7.94
2020-10-02,17.08,20.77,14.16,86.22,0.05,1.39,3.14,16.87,17.19,17.07,0.02,10,276,2020,17.20714285714286,1.2799999999999998,17.18,0.55,15.3,16.82,0.72,18.44,0.6
2020-10-03,16.87,20.86,13.42,83.07,3.14,1.34,2.48,16.67,17.08,17.57,0.05,10,277,2020,17.107142857142858,0.62,17.52,0.16,7.76,18.25,0.01,18.08,0.27
2020-10-04,16.67,20.62,13.34,81.33,2.48,1.28,1.23,16.7,16.87,16.78,3.14,10,278,2020,17.091428571428573,0.9714285714285715,17.19,0.02,0.02,19.09,3.11,18.44,3.79
2020-10-05,16.7,20.41,14.25,79.81,1.23,1.21,0.13,16.48,16.67,17.13,2.48,10,279,2020,17.03,1.09,17.08,0.05,0.4,17.99,17.75,18.34,6.97
2020-10-06,16.48,20.96,13.56,75.64,0.13,1.17,0.06,16.05,16.7,17.18,1.23,10,280,2020,16.93,1.03,16.87,3.14,0.55,16.87,27.39,18.6,8.16
2020-10-07,16.05,20.54,12.47,65.27,0.06,1.25,0.02,16.31,16.48,17.52,0.13,10,281,2020,16.720000000000002,1.0157142857142858,16.67,2.48,0.16,16.13,33.61,18.23,5.12
2020-10-08,16.31,20.76,12.58,59.4,0.02,1.19,0.0,16.46,16.05,17.19,0.06,10,282,2020,16.594285714285714,1.0157142857142858,16.7,1.23,0.02,16.43,42.93,17.72,4.0
2020-10-09,16.46,21.21,13.07,60.65,0.0,1.22,0.0,16.85,16.31,17.08,0.02,10,283,2020,16.505714285714287,1.0085714285714287,16.48,0.13,0.05,17.07,15.3,17.56,1.91
2020-10-10,16.85,21.28,13.46,71.7,0.0,1.33,0.93,16.87,16.46,16.87,0.0,10,284,2020,16.502857142857145,0.5599999999999999,16.05,0.06,3.14,17.57,7.76,18.07,0.99
2020-10-11,16.87,21.24,13.91,87.4,0.93,1.3,0.23,16.35,16.85,16.67,0.0,10,285,2020,16.53142857142857,0.3385714285714286,16.31,0.02,2.48,16.78,0.02,18.16,0.34
2020-10-12,16.35,20.19,13.32,83.58,0.23,1.41,0.01,16.17,16.87,16.7,0.93,10,286,2020,16.481428571428573,0.19571428571428573,16.46,0.0,1.23,17.13,0.4,18.06,0.89
2020-10-13,16.17,20.54,12.82,72.71,0.01,1.28,0.08,16.42,16.35,16.48,0.23,10,287,2020,16.43714285714286,0.1785714285714286,16.85,0.0,0.13,17.18,0.55,17.78,8.43
2020-10-14,16.42,20.43,13.88,76.56,0.08,1.3,0.01,16.64,16.17,16.05,0.01,10,288,2020,16.490000000000002,0.18142857142857144,16.87,0.93,0.06,17.52,0.16,17.04,4.82
2020-10-15,16.64,20.65,13.93,79.73,0.01,1.29,0.0,16.75,16.42,16.31,0.08,10,289,2020,16.537142857142857,0.18,16.35,0.23,0.02,17.19,0.02,17.33,8.25
2020-10-16,16.75,20.38,14.25,85.5,0.0,1.27,0.0,16.31,16.64,16.46,0.01,10,290,2020,16.57857142857143,0.18,16.17,0.01,0.0,17.08,0.05,17.66,0.77
2020-10-17,16.31,20.46,13.33,88.7,0.0,1.41,0.0,15.75,16.75,16.85,0.0,10,291,2020,16.501428571428573,0.18,16.42,0.08,0.0,16.87,3.14,17.53,1.71
2020-10-18,15.75,19.75,12.42,81.92,0.0,1.34,0.01,15.17,16.31,16.87,0.0,10,292,2020,16.341428571428573,0.047142857142857146,16.64,0.01,0.93,16.67,2.48,16.82,0.72
2020-10-19,15.17,19.39,12.09,82.42,0.01,1.24,0.0,14.56,15.75,16.35,0.0,10,293,2020,16.172857142857143,0.015714285714285715,16.75,0.0,0.23,16.7,1.23,18.25,0.01
2020-10-20,14.56,19.24,11.3,72.96,0.0,1.19,0.0,13.86,15.17,16.17,0.01,10,294,2020,15.942857142857141,0.014285714285714287,16.31,0.0,0.01,16.48,0.13,19.09,3.11
2020-10-21,13.86,18.62,10.4,65.85,0.0,1.28,0.0,14.05,14.56,16.42,0.0,10,295,2020,15.577142857142857,0.002857142857142857,15.75,0.0,0.08,16.05,0.06,17.99,17.75
2020-10-22,14.05,19.32,9.76,67.43,0.0,1.18,0.0,14.33,13.86,16.64,0.0,10,296,2020,15.207142857142856,0.0014285714285714286,15.17,0.01,0.01,16.31,0.02,16.87,27.39
2020-10-23,14.33,19.35,10.79,66.21,0.0,1.21,0.0,14.3,14.05,16.75,0.0,10,297,2020,14.861428571428572,0.0014285714285714286,14.56,0.0,0.0,16.46,0.0,16.13,33.61
2020-10-24,14.3,19.02,11.16,61.26,0.0,1.15,0.05,13.9,14.33,16.31,0.0,10,298,2020,14.574285714285713,0.0014285714285714286,13.86,0.0,0.0,16.85,0.0,16.43,42.93
2020-10-25,13.9,19.25,10.59,56.64,0.05,1.21,0.03,12.97,14.3,15.75,0.0,10,299,2020,14.310000000000002,0.008571428571428572,14.05,0.0,0.0,16.87,0.93,17.07,15.3
2020-10-26,12.97,18.35,8.88,59.19,0.03,1.27,0.0,12.28,13.9,15.17,0.05,10,300,2020,13.995714285714287,0.011428571428571429,14.33,0.0,0.01,16.35,0.23,17.57,7.76
2020-10-27,12.28,18.24,8.23,45.29,0.0,1.25,0.0,13.01,12.97,14.56,0.03,10,301,2020,13.67,0.011428571428571429,14.3,0.0,0.0,16.17,0.01,16.78,0.02
2020-10-28,13.01,17.69,10.09,54.21,0.0,1.24,0.0,13.61,12.28,13.86,0.0,10,302,2020,13.54857142857143,0.011428571428571429,13.9,0.05,0.0,16.42,0.08,17.13,0.4
2020-10-29,13.61,18.98,9.65,53.58,0.0,1.17,0.0,14.36,13.01,14.05,0.0,10,303,2020,13.485714285714284,0.011428571428571429,12.97,0.03,0.0,16.64,0.01,17.18,0.55
2020-10-30,14.36,19.55,10.76,47.84,0.0,1.29,0.0,14.52,13.61,14.33,0.0,10,304,2020,13.489999999999998,0.011428571428571429,12.28,0.0,0.0,16.75,0.0,17.52,0.16
2020-10-31,14.52,20.05,10.49,51.15,0.0,1.24,0.0,14.1,14.36,14.3,0.0,10,305,2020,13.52142857142857,0.011428571428571429,13.01,0.0,0.0,16.31,0.0,17.19,0.02
2020-11-01,14.1,19.07,10.78,62.6,0.0,1.4,0.0,13.5,14.52,13.9,0.0,11,306,2020,13.55,0.004285714285714286,13.61,0.0,0.05,15.75,0.0,17.08,0.05
2020-11-02,13.5,19.37,9.62,71.08,0.0,1.38,0.0,12.82,14.1,12.97,0.0,11,307,2020,13.625714285714285,0.0,14.36,0.0,0.03,15.17,0.01,16.87,3.14
2020-11-03,12.82,19.01,8.85,70.17,0.0,1.49,0.0,11.67,13.5,12.28,0.0,11,308,2020,13.702857142857141,0.0,14.52,0.0,0.0,14.56,0.0,16.67,2.48
2020-11-04,11.67,17.11,8.29,58.08,0.0,1.31,0.0,10.7,12.82,13.01,0.0,11,309,2020,13.51142857142857,0.0,14.1,0.0,0.0,13.86,0.0,16.7,1.23
2020-11-05,10.7,15.77,7.68,50.59,0.0,1.19,0.07,10.29,11.67,13.61,0.0,11,310,2020,13.095714285714285,0.0,13.5,0.0,0.0,14.05,0.0,16.48,0.13
2020-11-06,10.29,15.71,6.77,61.65,0.07,1.3,0.0,10.78,10.7,14.36,0.0,11,311,2020,12.514285714285714,0.01,12.82,0.0,0.0,14.33,0.0,16.05,0.06
2020-11-07,10.78,16.04,7.32,67.66,0.0,1.15,0.0,11.84,10.29,14.52,0.07,11,312,2020,11.98,0.01,11.67,0.0,0.0,14.3,0.0,16.31,0.02
2020-11-08,11.84,16.35,8.99,65.96,0.0,1.17,0.0,11.99,10.78,14.1,0.0,11,313,2020,11.657142857142857,0.01,10.7,0.0,0.0,13.9,0.05,16.46,0.0
2020-11-09,11.99,17.08,8.64,70.68,0.0,1.23,0.0,12.26,11.84,13.5,0.0,11,314,2020,11.44142857142857,0.01,10.29,0.07,0.0,12.97,0.03,16.85,0.0
2020-11-10,12.26,17.27,9.41,65.97,0.0,1.18,0.0,11.74,11.99,12.82,0.0,11,315,2020,11.361428571428572,0.01,10.78,0.0,0.0,12.28,0.0,16.87,0.93
2020-11-11,11.74,16.92,8.38,63.58,0.0,1.25,0.0,11.99,12.26,11.67,0.0,11,316,2020,11.37142857142857,0.01,11.84,0.0,0.0,13.01,0.0,16.35,0.23
2020-11-12,11.99,17.55,8.13,47.07,0.0,1.28,0.0,11.98,11.74,10.7,0.0,11,317,2020,11.555714285714286,0.01,11.99,0.0,0.0,13.61,0.0,16.17,0.01
2020-11-13,11.98,17.24,8.54,42.68,0.0,1.15,0.0,11.73,11.99,10.29,0.0,11,318,2020,11.797142857142859,0.0,12.26,0.0,0.07,14.36,0.0,16.42,0.08
2020-11-14,11.73,16.95,8.85,50.62,0.0,1.16,0.0,11.61,11.98,10.78,0.0,11,319,2020,11.932857142857143,0.0,11.74,0.0,0.0,14.52,0.0,16.64,0.01
2020-11-15,11.61,16.54,8.37,51.84,0.0,1.13,0.0,10.99,11.73,11.84,0.0,11,320,2020,11.9,0.0,11.99,0.0,0.0,14.1,0.0,16.75,0.0
2020-11-16,10.99,16.16,7.49,58.91,0.0,1.16,0.0,9.39,11.61,11.99,0.0,11,321,2020,11.757142857142858,0.0,11.98,0.0,0.0,13.5,0.0,16.31,0.0
2020-11-17,9.39,14.29,6.4,74.92,0.0,1.3,0.0,8.85,10.99,12.26,0.0,11,322,2020,11.347142857142858,0.0,11.73,0.0,0.0,12.82,0.0,15.75,0.0
2020-11-18,8.85,14.01,5.48,70.54,0.0,1.51,0.0,8.41,9.39,11.74,0.0,11,323,2020,10.934285714285716,0.0,11.61,0.0,0.0,11.67,0.0,15.17,0.01
2020-11-19,8.41,14.46,3.91,65.84,0.0,1.38,0.0,7.6,8.85,11.99,0.0,11,324,2020,10.422857142857142,0.0,10.99,0.0,0.0,10.7,0.0,14.56,0.0
2020-11-20,7.6,13.47,2.47,74.42,0.0,1.41,0.0,6.71,8.41,11.98,0.0,11,325,2020,9.797142857142857,0.0,9.39,0.0,0.0,10.29,0.07,13.86,0.0
2020-11-21,6.71,11.59,3.74,72.68,0.0,0.96,0.0,6.43,7.6,11.73,0.0,11,326,2020,9.08,0.0,8.85,0.0,0.0,10.78,0.0,14.05,0.0
2020-11-22,6.43,11.78,2.34,65.5,0.0,1.43,0.0,7.78,6.71,11.61,0.0,11,327,2020,8.34,0.0,8.41,0.0,0.0,11.84,0.0,14.33,0.0
2020-11-23,7.78,13.03,4.34,56.29,0.0,1.22,0.0,8.14,6.43,10.99,0.0,11,328,2020,7.881428571428572,0.0,7.6,0.0,0.0,11.99,0.0,14.3,0.0
2020-11-24,8.14,14.2,3.3,60.28,0.0,1.27,0.0,9.23,7.78,9.39,0.0,11,329,2020,7.702857142857143,0.0,6.71,0.0,0.0,12.26,0.0,13.9,0.05
2020-11-25,9.23,14.91,4.78,48.52,0.0,1.11,0.0,10.51,8.14,8.85,0.0,11,330,2020,7.757142857142857,0.0,6.43,0.0,0.0,11.74,0.0,12.97,0.03
2020-11-26,10.51,16.28,7.43,52.9,0.0,1.07,0.0,10.31,9.23,8.41,0.0,11,331,2020,8.057142857142859,0.0,7.78,0.0,0.0,11.99,0.0,12.28,0.0
2020-11-27,10.31,14.77,7.16,50.82,0.0,0.84,0.0,9.36,10.51,7.6,0.0,11,332,2020,8.444285714285714,0.0,8.14,0.0,0.0,11.98,0.0,13.01,0.0
2020-11-28,9.36,16.28,3.06,53.59,0.0,1.27,0.0,10.87,10.31,6.71,0.0,11,333,2020,8.822857142857144,0.0,9.23,0.0,0.0,11.73,0.0,13.61,0.0
2020-11-29,10.87,15.78,8.05,51.78,0.0,1.07,0.0,10.12,9.36,6.43,0.0,11,334,2020,9.457142857142857,0.0,10.51,0.0,0.0,11.61,0.0,14.36,0.0
2020-11-30,10.12,14.94,7.23,60.74,0.0,1.11,0.0,10.02,10.87,7.78,0.0,11,335,2020,9.79142857142857,0.0,10.31,0.0,0.0,10.99,0.0,14.52,0.0
2020-12-01,10.02,14.53,7.5,65.66,0.0,0.99,0.0,9.44,10.12,8.14,0.0,12,336,2020,10.06,0.0,9.36,0.0,0.0,9.39,0.0,14.1,0.0
2020-12-02,9.44,13.73,6.71,70.56,0.0,1.16,0.02,9.05,10.02,9.23,0.0,12,337,2020,10.09,0.0,10.87,0.0,0.0,8.85,0.0,13.5,0.0
2020-12-03,9.05,13.46,6.84,77.96,0.02,1.12,0.07,8.69,9.44,10.51,0.0,12,338,2020,9.881428571428572,0.002857142857142857,10.12,0.0,0.0,8.41,0.0,12.82,0.0
2020-12-04,8.69,13.31,5.54,83.44,0.07,1.05,0.01,8.21,9.05,10.31,0.02,12,339,2020,9.65,0.012857142857142859,10.02,0.0,0.0,7.6,0.0,11.67,0.0
2020-12-05,8.21,11.86,5.99,82.64,0.01,0.99,0.15,8.47,8.69,9.36,0.07,12,340,2020,9.485714285714284,0.014285714285714287,9.44,0.0,0.0,6.71,0.0,10.7,0.0
2020-12-06,8.47,12.6,6.15,84.86,0.15,1.14,0.17,8.33,8.21,10.87,0.01,12,341,2020,9.142857142857142,0.03571428571428571,9.05,0.02,0.0,6.43,0.0,10.29,0.07
2020-12-07,8.33,13.48,5.81,75.82,0.17,1.06,0.0,8.94,8.47,10.12,0.15,12,342,2020,8.887142857142857,0.060000000000000005,8.69,0.07,0.0,7.78,0.0,10.78,0.0
2020-12-08,8.94,14.19,5.79,77.63,0.0,1.04,0.0,9.31,8.33,10.02,0.17,12,343,2020,8.732857142857142,0.060000000000000005,8.21,0.01,0.0,8.14,0.0,11.84,0.0
2020-12-09,9.31,14.03,6.48,81.6,0.0,1.12,0.0,9.46,8.94,9.44,0.0,12,344,2020,8.714285714285714,0.060000000000000005,8.47,0.15,0.0,9.23,0.0,11.99,0.0
2020-12-10,9.46,15.2,6.62,67.18,0.0,1.37,0.0,9.16,9.31,9.05,0.0,12,345,2020,8.772857142857143,0.05714285714285715,8.33,0.17,0.02,10.51,0.0,12.26,0.0
2020-12-11,9.16,15.11,5.71,58.69,0.0,1.36,0.23,8.33,9.46,8.69,0.0,12,346,2020,8.84,0.04714285714285714,8.94,0.0,0.07,10.31,0.0,11.74,0.0
2020-12-12,8.33,13.83,4.89,71.02,0.23,1.48,0.0,7.89,9.16,8.21,0.0,12,347,2020,8.857142857142858,0.07857142857142858,9.31,0.0,0.01,9.36,0.0,11.99,0.0
2020-12-13,7.89,14.17,3.37,71.58,0.0,1.58,0.0,7.28,8.33,8.47,0.23,12,348,2020,8.774285714285714,0.05714285714285715,9.46,0.0,0.15,10.87,0.0,11.98,0.0
2020-12-14,7.28,13.71,2.7,61.67,0.0,1.42,0.0,7.18,7.89,8.33,0.0,12,349,2020,8.624285714285715,0.032857142857142856,9.16,0.0,0.17,10.12,0.0,11.73,0.0
2020-12-15,7.18,14.08,2.76,54.73,0.0,1.53,0.0,6.97,7.28,8.94,0.0,12,350,2020,8.372857142857143,0.032857142857142856,8.33,0.23,0.0,10.02,0.0,11.61,0.0
2020-12-16,6.97,11.25,4.03,79.15,0.0,1.22,0.0,5.74,7.18,9.31,0.0,12,351,2020,8.038571428571428,0.032857142857142856,7.89,0.0,0.0,9.44,0.0,10.99,0.0
2020-12-17,5.74,11.95,1.65,61.23,0.0,1.69,0.0,5.68,6.97,9.46,0.0,12,352,2020,7.507142857142857,0.032857142857142856,7.28,0.0,0.0,9.05,0.02,9.39,0.0
2020-12-18,5.68,11.79,2.48,50.97,0.0,1.43,0.0,5.61,5.74,9.16,0.0,12,353,2020,7.01,0.032857142857142856,7.18,0.0,0.0,8.69,0.07,8.85,0.0
2020-12-19,5.61,11.62,1.74,45.73,0.0,1.3,0.0,8.02,5.68,8.33,0.0,12,354,2020,6.621428571428571,0.0,6.97,0.0,0.23,8.21,0.01,8.41,0.0
2020-12-20,8.02,13.59,4.2,44.26,0.0,0.98,0.0,8.88,5.61,7.89,0.0,12,355,2020,6.64,0.0,5.74,0.0,0.0,8.47,0.15,7.6,0.0
2020-12-21,8.88,14.38,5.76,48.68,0.0,0.98,0.0,8.04,8.02,7.28,0.0,12,356,2020,6.868571428571429,0.0,5.68,0.0,0.0,8.33,0.17,6.71,0.0
2020-12-22,8.04,14.35,4.57,56.79,0.0,1.31,0.0,8.18,8.88,7.18,0.0,12,357,2020,6.991428571428572,0.0,5.61,0.0,0.0,8.94,0.0,6.43,0.0
2020-12-23,8.18,14.91,4.82,53.76,0.0,1.34,0.0,7.9,8.04,6.97,0.0,12,358,2020,7.164285714285714,0.0,8.02,0.0,0.0,9.31,0.0,7.78,0.0
2020-12-24,7.9,14.26,4.29,44.75,0.0,1.49,0.52,6.64,8.18,5.74,0.0,12,359,2020,7.472857142857143,0.0,8.88,0.0,0.0,9.46,0.0,8.14,0.0
2020-12-25,6.64,12.85,2.88,47.04,0.52,1.45,0.04,7.46,7.9,5.68,0.0,12,360,2020,7.61,0.07428571428571429,8.04,0.0,0.0,9.16,0.0,9.23,0.0
2020-12-26,7.46,13.99,4.27,44.26,0.04,1.26,0.0,6.99,6.64,5.61,0.52,12,361,2020,7.874285714285714,0.08,8.18,0.0,0.0,8.33,0.23,10.51,0.0
2020-12-27,6.99,13.83,3.69,48.04,0.0,1.49,0.0,6.29,7.46,8.02,0.04,12,362,2020,7.727142857142858,0.08,7.9,0.0,0.0,7.89,0.0,10.31,0.0
2020-12-28,6.29,13.21,2.34,42.26,0.0,1.57,0.0,6.18,6.99,8.88,0.0,12,363,2020,7.357142857142857,0.08,6.64,0.52,0.0,7.28,0.0,9.36,0.0
2020-12-29,6.18,13.39,1.72,44.1,0.0,1.44,0.0,6.56,6.29,8.04,0.0,12,364,2020,7.091428571428572,0.08,7.46,0.04,0.0,7.18,0.0,10.87,0.0
2020-12-30,6.56,13.79,2.65,41.65,0.0,1.37,0.0,7.53,6.18,8.18,0.0,12,365,2020,6.859999999999999,0.08,6.99,0.0,0.0,6.97,0.0,10.12,0.0
2020-12-31,7.53,14.25,3.37,47.04,0.0,1.47,0.0,8.36,6.56,7.9,0.0,12,366,2020,6.807142857142857,0.08,6.29,0.0,0.0,5.74,0.0,10.02,0.0
2021-01-01,8.36,14.74,4.37,47.01,0.0,1.34,0.0,8.35,7.53,6.64,0.0,1,1,2021,7.0528571428571425,0.005714285714285714,6.18,0.0,0.52,5.68,0.0,9.44,0.0
2021-01-02,8.35,15.18,3.79,43.85,0.0,1.54,0.0,9.69,8.36,7.46,0.0,1,2,2021,7.18,0.0,6.56,0.0,0.04,5.61,0.0,9.05,0.02
2021-01-03,9.69,15.66,5.68,48.04,0.0,1.28,0.0,10.63,8.35,6.99,0.0,1,3,2021,7.565714285714285,0.0,7.53,0.0,0.0,8.02,0.0,8.69,0.07
2021-01-04,10.63,17.18,7.34,55.91,0.0,1.57,0.0,10.14,9.69,6.29,0.0,1,4,2021,8.185714285714285,0.0,8.36,0.0,0.0,8.88,0.0,8.21,0.01
2021-01-05,10.14,15.5,7.18,62.08,0.0,1.47,0.0,9.99,10.63,6.18,0.0,1,5,2021,8.751428571428571,0.0,8.35,0.0,0.0,8.04,0.0,8.47,0.15
2021-01-06,9.99,16.65,6.53,64.49,0.0,1.75,0.0,9.41,10.14,6.56,0.0,1,6,2021,9.241428571428571,0.0,9.69,0.0,0.0,8.18,0.0,8.33,0.17
2021-01-07,9.41,15.57,5.91,55.7,0.0,1.62,0.0,8.96,9.99,7.53,0.0,1,7,2021,9.51,0.0,10.63,0.0,0.0,7.9,0.0,8.94,0.0
2021-01-08,8.96,15.48,5.03,49.04,0.0,1.35,0.0,9.09,9.41,8.36,0.0,1,8,2021,9.595714285714285,0.0,10.14,0.0,0.0,6.64,0.52,9.31,0.0
2021-01-09,9.09,16.03,4.59,52.02,0.0,1.69,0.0,9.17,8.96,8.35,0.0,1,9,2021,9.70142857142857,0.0,9.99,0.0,0.0,7.46,0.04,9.46,0.0
2021-01-10,9.17,16.3,4.88,54.61,0.0,1.56,0.0,8.42,9.09,9.69,0.0,1,10,2021,9.627142857142857,0.0,9.41,0.0,0.0,6.99,0.0,9.16,0.0
2021-01-11,8.42,14.69,4.66,54.73,0.0,1.35,0.0,7.26,9.17,10.63,0.0,1,11,2021,9.311428571428573,0.0,8.96,0.0,0.0,6.29,0.0,8.33,0.23
2021-01-12,7.26,13.04,4.1,58.33,0.0,1.22,0.0,6.9,8.42,10.14,0.0,1,12,2021,8.9,0.0,9.09,0.0,0.0,6.18,0.0,7.89,0.0
2021-01-13,6.9,12.98,3.87,54.71,0.0,1.05,0.0,7.47,7.26,9.99,0.0,1,13,2021,8.45857142857143,0.0,9.17,0.0,0.0,6.56,0.0,7.28,0.0
2021-01-14,7.47,13.07,3.76,51.82,0.0,1.03,0.0,8.54,6.9,9.41,0.0,1,14,2021,8.181428571428572,0.0,8.42,0.0,0.0,7.53,0.0,7.18,0.0
2021-01-15,8.54,13.48,5.13,49.83,0.0,1.19,0.0,7.61,7.47,8.96,0.0,1,15,2021,8.12142857142857,0.0,7.26,0.0,0.0,8.36,0.0,6.97,0.0
2021-01-16,7.61,13.61,4.65,51.83,0.0,1.41,0.0,7.81,8.54,9.09,0.0,1,16,2021,7.909999999999999,0.0,6.9,0.0,0.0,8.35,0.0,5.74,0.0
2021-01-17,7.81,13.31,4.92,45.43,0.0,1.18,0.0,8.28,7.61,9.17,0.0,1,17,2021,7.715714285714285,0.0,7.47,0.0,0.0,9.69,0.0,5.68,0.0
2021-01-18,8.28,14.3,4.42,51.38,0.0,1.41,0.06,6.13,7.81,8.42,0.0,1,18,2021,7.695714285714286,0.0,8.54,0.0,0.0,10.63,0.0,5.61,0.0
2021-01-19,6.13,11.13,2.83,70.91,0.06,1.45,0.0,5.51,8.28,7.26,0.0,1,19,2021,7.534285714285715,0.008571428571428572,7.61,0.0,0.0,10.14,0.0,8.02,0.0
2021-01-20,5.51,11.19,1.78,72.27,0.0,1.46,0.0,6.46,6.13,6.9,0.06,1,20,2021,7.335714285714286,0.008571428571428572,7.81,0.0,0.0,9.99,0.0,8.88,0.0
2021-01-21,6.46,12.96,2.24,53.87,0.0,1.17,0.0,7.28,5.51,7.47,0.0,1,21,2021,7.191428571428571,0.008571428571428572,8.28,0.0,0.0,9.41,0.0,8.04,0.0
2021-01-22,7.28,13.05,4.53,44.42,0.0,1.19,0.0,7.41,6.46,8.54,0.0,1,22,2021,7.011428571428572,0.008571428571428572,6.13,0.06,0.0,8.96,0.0,8.18,0.0
2021-01-23,7.41,14.04,4.24,50.53,0.0,1.58,0.0,6.06,7.28,7.61,0.0,1,23,2021,6.982857142857142,0.008571428571428572,5.51,0.0,0.0,9.09,0.0,7.9,0.0
2021-01-24,6.06,12.61,1.25,49.75,0.0,1.85,0.0,5.09,7.41,7.81,0.0,1,24,2021,6.732857142857143,0.008571428571428572,6.46,0.0,0.0,9.17,0.0,6.64,0.52
2021-01-25,5.09,12.56,0.87,43.48,0.0,1.61,0.0,5.2,6.06,8.28,0.0,1,25,2021,6.277142857142857,0.008571428571428572,7.28,0.0,0.0,8.42,0.0,7.46,0.04
2021-01-26,5.2,12.08,0.93,41.58,0.0,1.79,0.0,5.83,5.09,6.13,0.0,1,26,2021,6.144285714285714,0.0,7.41,0.0,0.06,7.26,0.0,6.99,0.0
2021-01-27,5.83,12.81,1.39,35.22,0.0,1.54,0.0,6.08,5.2,5.51,0.0,1,27,2021,6.1899999999999995,0.0,6.06,0.0,0.0,6.9,0.0,6.29,0.0
2021-01-28,6.08,13.11,1.6,32.63,0.0,1.46,0.0,4.91,5.83,6.46,0.0,1,28,2021,6.135714285714285,0.0,5.09,0.0,0.0,7.47,0.0,6.18,0.0
2021-01-29,4.91,11.7,1.18,36.29,0.0,1.41,0.0,3.44,6.08,7.28,0.0,1,29,2021,5.797142857142857,0.0,5.2,0.0,0.0,8.54,0.0,6.56,0.0
2021-01-30,3.44,9.89,-2.07,42.36,0.0,1.54,0.0,5.02,4.91,7.41,0.0,1,30,2021,5.2299999999999995,0.0,5.83,0.0,0.0,7.61,0.0,7.53,0.0
2021-01-31,5.02,10.92,1.76,41.65,0.0,1.42,0.0,5.02,3.44,6.06,0.0,1,31,2021,5.081428571428572,0.0,6.08,0.0,0.0,7.81,0.0,8.36,0.0
2021-02-01,5.02,10.93,0.85,44.67,0.0,1.31,0.0,6.28,5.02,5.09,0.0,2,32,2021,5.071428571428571,0.0,4.91,0.0,0.0,8.28,0.0,8.35,0.0
2021-02-02,6.28,12.43,1.62,41.93,0.0,1.37,0.0,6.46,5.02,5.2,0.0,2,33,2021,5.225714285714285,0.0,3.44,0.0,0.0,6.13,0.06,9.69,0.0
2021-02-03,6.46,13.01,1.63,42.53,0.0,1.51,0.0,6.82,6.28,5.83,0.0,2,34,2021,5.315714285714286,0.0,5.02,0.0,0.0,5.51,0.0,10.63,0.0
2021-02-04,6.82,13.4,1.83,37.89,0.0,1.46,0.01,6.49,6.46,6.08,0.0,2,35,2021,5.421428571428572,0.0,5.02,0.0,0.0,6.46,0.0,10.14,0.0
2021-02-05,6.49,13.82,1.41,49.44,0.01,1.72,0.62,4.99,6.82,4.91,0.0,2,36,2021,5.647142857142858,0.0014285714285714286,6.28,0.0,0.0,7.28,0.0,9.99,0.0
2021-02-06,4.99,11.1,0.65,71.25,0.62,1.33,0.11,5.81,6.49,3.44,0.01,2,37,2021,5.868571428571428,0.09,6.46,0.0,0.0,7.41,0.0,9.41,0.0
2021-02-07,5.81,13.38,0.13,54.48,0.11,1.29,0.03,8.6,4.99,5.02,0.62,2,38,2021,5.981428571428572,0.10571428571428572,6.82,0.0,0.0,6.06,0.0,8.96,0.0
2021-02-08,8.6,16.84,1.15,35.23,0.03,1.49,0.0,9.55,5.81,5.02,0.11,2,39,2021,6.492857142857143,0.11,6.49,0.01,0.0,5.09,0.0,9.09,0.0
2021-02-09,9.55,15.68,5.58,39.82,0.0,1.37,0.0,8.51,8.6,6.28,0.03,2,40,2021,6.96,0.11,4.99,0.62,0.0,5.2,0.0,9.17,0.0
2021-02-10,8.51,13.02,5.09,49.04,0.0,0.99,0.0,7.96,9.55,6.46,0.0,2,41,2021,7.252857142857144,0.11,5.81,0.11,0.0,5.83,0.0,8.42,0.0
2021-02-11,7.96,14.77,2.17,54.3,0.0,1.53,0.0,8.82,8.51,6.82,0.0,2,42,2021,7.415714285714286,0.11,8.6,0.03,0.0,6.08,0.0,7.26,0.0
2021-02-12,8.82,13.82,4.98,54.55,0.0,1.37,0.0,8.92,7.96,6.49,0.0,2,43,2021,7.748571428571429,0.10857142857142857,9.55,0.0,0.01,4.91,0.0,6.9,0.0
2021-02-13,8.92,14.41,5.58,54.37,0.0,1.36,0.0,8.41,8.82,4.99,0.0,2,44,2021,8.31,0.02,8.51,0.0,0.62,3.44,0.0,7.47,0.0
2021-02-14,8.41,13.99,5.23,54.5,0.0,1.47,0.03,7.91,8.92,5.81,0.0,2,45,2021,8.68142857142857,0.004285714285714286,7.96,0.0,0.11,5.02,0.0,8.54,0.0
2021-02-15,7.91,13.81,4.16,55.37,0.03,1.59,0.24,7.82,8.41,8.6,0.0,2,46,2021,8.582857142857144,0.004285714285714286,8.82,0.0,0.03,5.02,0.0,7.61,0.0
2021-02-16,7.82,13.78,3.82,47.72,0.24,1.61,0.08,7.79,7.91,9.55,0.03,2,47,2021,8.335714285714285,0.038571428571428576,8.92,0.0,0.0,6.28,0.0,7.81,0.0
2021-02-17,7.79,14.34,3.28,48.58,0.08,1.46,1.22,7.1,7.82,8.51,0.24,2,48,2021,8.232857142857144,0.049999999999999996,8.41,0.0,0.0,6.46,0.0,8.28,0.0
2021-02-18,7.1,12.26,2.85,59.02,1.22,1.27,1.3,7.24,7.79,7.96,0.08,2,49,2021,8.110000000000001,0.22428571428571425,7.91,0.03,0.0,6.82,0.0,6.13,0.06
2021-02-19,7.24,12.28,3.17,68.31,1.3,1.27,0.0,8.95,7.1,8.82,1.22,2,50,2021,7.884285714285714,0.41000000000000003,7.82,0.24,0.0,6.49,0.01,5.51,0.0
2021-02-20,8.95,15.2,4.54,53.26,0.0,1.58,0.0,10.35,7.24,8.92,1.3,2,51,2021,7.888571428571429,0.41000000000000003,7.79,0.08,0.0,4.99,0.62,6.46,0.0
2021-02-21,10.35,16.56,6.43,44.07,0.0,1.6,0.0,10.59,8.95,8.41,0.0,2,52,2021,8.165714285714285,0.41000000000000003,7.1,1.22,0.0,5.81,0.11,7.28,0.0
2021-02-22,10.59,16.61,7.22,46.79,0.0,1.6,0.0,10.41,10.35,7.91,0.0,2,53,2021,8.548571428571428,0.40571428571428575,7.24,1.3,0.03,8.6,0.03,7.41,0.0
2021-02-23,10.41,16.37,6.93,51.99,0.0,1.6,0.0,10.07,10.59,7.82,0.0,2,54,2021,8.918571428571429,0.37142857142857144,8.95,0.0,0.24,9.55,0.0,6.06,0.0
2021-02-24,10.07,16.34,6.09,50.46,0.0,1.86,0.0,10.17,10.41,7.79,0.0,2,55,2021,9.244285714285713,0.36,10.35,0.0,0.08,8.51,0.0,5.09,0.0
2021-02-25,10.17,16.97,6.0,43.55,0.0,1.76,0.17,11.07,10.07,7.1,0.0,2,56,2021,9.682857142857143,0.18571428571428572,10.59,0.0,1.22,7.96,0.0,5.2,0.0
2021-02-26,11.07,17.66,6.47,43.36,0.17,1.72,0.75,10.34,10.17,7.24,0.0,2,57,2021,10.23,0.02428571428571429,10.41,0.0,1.3,8.82,0.0,5.83,0.0
2021-02-27,10.34,16.85,6.03,48.57,0.75,1.73,0.25,10.83,11.07,8.95,0.17,2,58,2021,10.428571428571429,0.13142857142857142,10.07,0.0,0.0,8.92,0.0,6.08,0.0
2021-02-28,10.83,17.83,4.88,51.32,0.25,2.07,0.08,10.97,10.34,10.35,0.75,2,59,2021,10.497142857142858,0.16714285714285712,10.17,0.0,0.0,8.41,0.0,4.91,0.0
2021-03-01,10.97,18.37,5.69,42.6,0.08,1.97,0.0,9.43,10.83,10.59,0.25,3,60,2021,10.551428571428572,0.17857142857142858,11.07,0.17,0.0,7.91,0.03,3.44,0.0
2021-03-02,9.43,16.42,3.77,29.23,0.0,1.69,0.0,10.22,10.97,10.41,0.08,3,61,2021,10.411428571428571,0.17857142857142858,10.34,0.75,0.0,7.82,0.24,5.02,0.0
2021-03-03,10.22,16.42,6.04,32.91,0.0,1.48,0.06,9.34,9.43,10.07,0.0,3,62,2021,10.432857142857143,0.17857142857142858,10.83,0.25,0.0,7.79,0.08,5.02,0.0
2021-03-04,9.34,15.55,4.99,43.12,0.06,1.83,0.44,9.54,10.22,10.17,0.0,3,63,2021,10.314285714285715,0.18714285714285714,10.97,0.08,0.0,7.1,1.22,6.28,0.0
2021-03-05,9.54,16.32,4.74,43.3,0.44,2.25,0.37,10.05,9.34,11.07,0.06,3,64,2021,10.095714285714285,0.22571428571428573,9.43,0.0,0.17,7.24,1.3,6.46,0.0
2021-03-06,10.05,16.63,6.15,41.02,0.37,1.87,0.01,10.22,9.54,10.34,0.44,3,65,2021,10.054285714285713,0.17142857142857143,10.22,0.0,0.75,8.95,0.0,6.82,0.0
2021-03-07,10.22,16.48,5.95,44.56,0.01,1.63,0.12,10.39,10.05,10.83,0.37,3,66,2021,9.967142857142859,0.13714285714285715,9.34,0.06,0.25,10.35,0.0,6.49,0.01
2021-03-08,10.39,17.03,5.37,45.85,0.12,1.79,0.8,11.22,10.22,10.97,0.01,3,67,2021,9.884285714285713,0.14285714285714285,9.54,0.44,0.08,10.59,0.0,4.99,0.62
2021-03-09,11.22,18.16,6.39,44.45,0.8,2.08,1.84,11.52,10.39,9.43,0.12,3,68,2021,10.14,0.2571428571428572,10.05,0.37,0.0,10.41,0.0,5.81,0.11
2021-03-10,11.52,18.25,6.83,45.34,1.84,2.02,2.18,11.08,11.22,10.22,0.8,3,69,2021,10.325714285714286,0.52,10.22,0.01,0.0,10.07,0.0,8.6,0.03
2021-03-11,11.08,18.26,6.04,47.64,2.18,1.91,0.09,12.05,11.52,9.34,1.84,3,70,2021,10.574285714285717,0.8228571428571428,10.39,0.12,0.06,10.17,0.0,9.55,0.0
2021-03-12,12.05,19.35,6.89,39.86,0.09,1.81,0.11,11.89,11.08,9.54,2.18,3,71,2021,10.932857142857143,0.7728571428571429,11.22,0.8,0.44,11.07,0.17,8.51,0.0
2021-03-13,11.89,18.43,6.7,41.31,0.11,1.79,0.58,11.42,12.05,10.05,0.09,3,72,2021,11.195714285714287,0.7357142857142858,11.52,1.84,0.37,10.34,0.75,7.96,0.0
2021-03-14,11.42,17.98,6.99,56.13,0.58,1.98,0.03,12.21,11.89,10.22,0.11,3,73,2021,11.367142857142857,0.8171428571428571,11.08,2.18,0.01,10.83,0.25,8.82,0.0
2021-03-15,12.21,18.99,7.19,46.08,0.03,1.85,0.0,12.25,11.42,10.39,0.58,3,74,2021,11.627142857142857,0.8042857142857143,12.05,0.09,0.12,10.97,0.08,8.92,0.0
2021-03-16,12.25,19.28,7.36,39.55,0.0,1.85,0.0,12.46,12.21,11.22,0.03,3,75,2021,11.774285714285714,0.6900000000000001,11.89,0.11,0.8,9.43,0.0,8.41,0.0
2021-03-17,12.46,19.47,7.17,41.06,0.0,1.83,0.0,12.47,12.25,11.52,0.0,3,76,2021,11.908571428571431,0.42714285714285716,11.42,0.58,1.84,10.22,0.0,7.91,0.03
2021-03-18,12.47,19.38,6.83,43.83,0.0,1.76,0.0,13.34,12.46,11.08,0.0,3,77,2021,12.107142857142858,0.1157142857142857,12.21,0.03,2.18,9.34,0.06,7.82,0.24
2021-03-19,13.34,20.78,7.59,43.05,0.0,2.09,0.0,13.52,12.47,12.05,0.0,3,78,2021,12.29142857142857,0.10285714285714286,12.25,0.0,0.09,9.54,0.44,7.79,0.08
2021-03-20,13.52,20.92,8.36,43.27,0.0,2.17,0.0,13.04,13.34,11.89,0.0,3,79,2021,12.524285714285714,0.08714285714285715,12.46,0.0,0.11,10.05,0.37,7.1,1.22
2021-03-21,13.04,20.01,7.27,46.18,0.0,1.9,0.0,13.41,13.52,11.42,0.0,3,80,2021,12.755714285714285,0.004285714285714286,12.47,0.0,0.58,10.22,0.01,7.24,1.3
2021-03-22,13.41,20.37,7.85,42.76,0.0,1.96,0.01,14.08,13.04,12.21,0.0,3,81,2021,12.927142857142858,0.0,13.34,0.0,0.03,10.39,0.12,8.95,0.0
2021-03-23,14.08,21.73,8.58,40.44,0.01,2.01,0.03,13.66,13.41,12.25,0.0,3,82,2021,13.18857142857143,0.0014285714285714286,13.52,0.0,0.0,11.22,0.8,10.35,0.0
2021-03-24,13.66,20.56,7.96,44.47,0.03,2.43,0.0,12.29,14.08,12.46,0.01,3,83,2021,13.36,0.005714285714285714,13.04,0.0,0.0,11.52,1.84,10.59,0.0
2021-03-25,12.29,19.96,6.44,36.43,0.0,2.19,0.0,13.79,13.66,12.47,0.03,3,84,2021,13.334285714285713,0.005714285714285714,13.41,0.0,0.0,11.08,2.18,10.41,0.0
2021-03-26,13.79,21.41,7.33,31.42,0.0,2.15,0.0,14.63,12.29,13.34,0.0,3,85,2021,13.39857142857143,0.005714285714285714,14.08,0.01,0.0,12.05,0.09,10.07,0.0
2021-03-27,14.63,21.24,10.13,31.84,0.0,1.68,0.0,13.9,13.79,13.52,0.0,3,86,2021,13.557142857142855,0.005714285714285714,13.66,0.03,0.0,11.89,0.11,10.17,0.0
2021-03-28,13.9,20.02,8.98,39.39,0.0,1.84,0.11,13.64,14.63,13.04,0.0,3,87,2021,13.680000000000001,0.005714285714285714,12.29,0.0,0.0,11.42,0.58,11.07,0.17
2021-03-29,13.64,19.13,9.32,47.33,0.11,1.64,2.34,13.91,13.9,13.41,0.0,3,88,2021,13.712857142857143,0.02142857142857143,13.79,0.0,0.0,12.21,0.03,10.34,0.75
2021-03-30,13.91,20.15,9.28,49.61,2.34,1.92,5.3,14.03,13.64,14.08,0.11,3,89,2021,13.688571428571427,0.35428571428571426,14.63,0.0,0.01,12.25,0.0,10.83,0.25
2021-03-31,14.03,20.55,8.82,42.09,5.3,1.82,1.6,12.62,13.91,13.66,2.34,3,90,2021,13.741428571428571,1.1071428571428572,13.9,0.0,0.03,12.46,0.0,10.97,0.08
2021-04-01,12.62,19.64,6.84,33.94,1.6,1.77,0.06,12.54,14.03,12.29,5.3,4,91,2021,13.78857142857143,1.3357142857142856,13.64,0.11,0.0,12.47,0.0,9.43,0.0
2021-04-02,12.54,19.44,7.27,25.15,0.06,1.8,0.0,12.0,12.62,13.79,1.6,4,92,2021,13.61,1.3442857142857143,13.91,2.34,0.0,13.34,0.0,10.22,0.0
2021-04-03,12.0,20.09,4.69,24.56,0.0,1.92,0.0,12.51,12.54,14.63,0.06,4,93,2021,13.234285714285715,1.3442857142857143,14.03,5.3,0.0,13.52,0.0,9.34,0.06
2021-04-04,12.51,20.25,4.74,22.14,0.0,1.9,0.0,14.11,12.0,13.9,0.0,4,94,2021,13.035714285714286,1.3442857142857143,12.62,1.6,0.0,13.04,0.0,9.54,0.44
2021-04-05,14.11,20.93,9.48,21.06,0.0,1.71,0.0,14.53,12.51,13.64,0.0,4,95,2021,13.102857142857143,1.3285714285714287,12.54,0.06,0.11,13.41,0.0,10.05,0.37
2021-04-06,14.53,20.86,9.04,26.77,0.0,1.75,0.1,15.47,14.11,13.91,0.0,4,96,2021,13.191428571428572,0.9942857142857143,12.0,0.0,2.34,14.08,0.01,10.22,0.01
2021-04-07,15.47,22.24,9.65,32.46,0.1,1.89,0.12,15.49,14.53,14.03,0.0,4,97,2021,13.397142857142857,0.25142857142857145,12.51,0.0,5.3,13.66,0.03,10.39,0.12
2021-04-08,15.49,22.81,9.91,33.37,0.12,2.02,0.05,14.72,15.47,12.62,0.1,4,98,2021,13.807142857142855,0.04,14.11,0.0,1.6,12.29,0.0,11.22,0.8
2021-04-09,14.72,22.63,7.59,30.16,0.05,2.21,0.06,14.84,15.49,12.54,0.12,4,99,2021,14.118571428571428,0.038571428571428576,14.53,0.0,0.06,13.79,0.0,11.52,1.84
2021-04-10,14.84,23.0,8.1,26.4,0.06,2.51,0.02,15.43,14.72,12.0,0.05,4,100,2021,14.524285714285714,0.047142857142857146,15.47,0.1,0.0,14.63,0.0,11.08,2.18
2021-04-11,15.43,23.45,8.74,21.2,0.02,2.15,0.0,15.57,14.84,12.51,0.06,4,101,2021,14.941428571428572,0.049999999999999996,15.49,0.12,0.0,13.9,0.0,12.05,0.09
2021-04-12,15.57,23.1,9.44,23.66,0.0,2.03,0.0,15.47,15.43,14.11,0.02,4,102,2021,15.15,0.049999999999999996,14.72,0.05,0.0,13.64,0.11,11.89,0.11
2021-04-13,15.47,22.36,9.97,32.92,0.0,2.02,0.09,16.43,15.57,14.53,0.0,4,103,2021,15.284285714285714,0.049999999999999996,14.84,0.06,0.0,13.91,2.34,11.42,0.58
2021-04-14,16.43,23.61,10.62,35.68,0.09,1.81,0.06,15.75,15.47,15.47,0.0,4,104,2021,15.421428571428569,0.048571428571428564,15.43,0.02,0.1,14.03,5.3,12.21,0.03
2021-04-15,15.75,23.42,8.84,37.7,0.06,2.22,9.98,15.42,16.43,15.49,0.09,4,105,2021,15.45857142857143,0.04,15.57,0.0,0.12,12.62,1.6,12.25,0.0
2021-04-16,15.42,21.35,10.35,46.75,9.98,1.73,2.14,14.5,15.75,14.72,0.06,4,106,2021,15.558571428571428,1.4585714285714286,15.47,0.0,0.05,12.54,0.06,12.46,0.0
2021-04-17,14.5,20.42,9.28,49.99,2.14,1.97,1.11,13.99,15.42,14.84,9.98,4,107,2021,15.51,1.7557142857142858,16.43,0.09,0.06,12.0,0.0,12.47,0.0
2021-04-18,13.99,20.65,9.0,46.33,1.11,2.33,0.58,14.53,14.5,15.43,2.14,4,108,2021,15.304285714285713,1.9114285714285715,15.75,0.06,0.02,12.51,0.0,13.34,0.0
2021-04-19,14.53,21.57,7.59,45.73,0.58,2.08,0.01,15.66,13.99,15.57,1.11,4,109,2021,15.155714285714286,1.9942857142857144,15.42,9.98,0.0,14.11,0.0,13.52,0.0
2021-04-20,15.66,23.32,7.48,37.87,0.01,1.98,2.43,15.77,14.53,15.47,0.58,4,110,2021,15.182857142857143,1.9957142857142858,14.5,2.14,0.0,14.53,0.0,13.04,0.0
2021-04-21,15.77,22.88,9.02,44.86,2.43,1.73,7.37,13.64,15.66,16.43,0.01,4,111,2021,15.088571428571427,2.3300000000000005,13.99,1.11,0.09,15.47,0.1,13.41,0.0
2021-04-22,13.64,18.24,9.49,65.83,7.37,1.5,0.02,14.52,15.77,15.75,2.43,4,112,2021,14.787142857142857,3.374285714285715,14.53,0.58,0.06,15.49,0.12,14.08,0.01
2021-04-23,14.52,22.25,6.84,45.92,0.02,2.02,0.0,15.87,13.64,15.42,7.37,4,113,2021,14.65857142857143,1.9514285714285715,15.66,0.01,9.98,14.72,0.05,13.66,0.03
2021-04-24,15.87,23.37,9.27,37.96,0.0,2.15,0.0,16.45,14.52,14.5,0.02,4,114,2021,14.854285714285714,1.6457142857142857,15.77,2.43,2.14,14.84,0.06,12.29,0.0
2021-04-25,16.45,24.66,9.66,31.65,0.0,2.3,0.0,16.61,15.87,13.99,0.0,4,115,2021,15.205714285714285,1.487142857142857,13.64,7.37,1.11,15.43,0.02,13.79,0.0
2021-04-26,16.61,23.92,9.75,26.89,0.0,2.1,0.01,17.07,16.45,14.53,0.0,4,116,2021,15.502857142857142,1.4042857142857144,14.52,0.02,0.58,15.57,0.0,14.63,0.0
2021-04-27,17.07,24.3,11.05,33.31,0.01,1.92,0.72,16.95,16.61,15.66,0.0,4,117,2021,15.704285714285714,1.4042857142857144,15.87,0.0,0.01,15.47,0.0,13.9,0.0
2021-04-28,16.95,23.6,10.39,37.94,0.72,1.61,2.21,16.64,17.07,15.77,0.01,4,118,2021,15.872857142857143,1.1600000000000001,16.45,0.0,2.43,16.43,0.09,13.64,0.11
2021-04-29,16.64,22.92,10.67,46.91,2.21,1.65,1.23,15.93,16.95,13.64,0.72,4,119,2021,16.30142857142857,0.4228571428571429,16.61,0.0,7.37,15.75,0.06,13.91,2.34
2021-04-30,15.93,21.61,11.02,57.68,1.23,1.72,3.35,14.82,16.64,14.52,2.21,4,120,2021,16.502857142857145,0.5957142857142858,17.07,0.01,0.02,15.42,9.98,14.03,5.3
2021-05-01,14.82,18.59,11.28,67.71,3.35,1.18,2.93,15.28,15.93,15.87,1.23,5,121,2021,16.352857142857143,1.0742857142857143,16.95,0.72,0.0,14.5,2.14,12.62,1.6
2021-05-02,15.28,19.08,11.56,72.15,2.93,1.59,2.9,15.41,14.82,16.45,3.35,5,122,2021,16.185714285714287,1.4928571428571427,16.64,2.21,0.0,13.99,1.11,12.54,0.06
2021-05-03,15.41,21.04,11.1,61.1,2.9,2.07,11.23,12.93,15.28,16.61,2.93,5,123,2021,16.014285714285712,1.907142857142857,15.93,1.23,0.0,14.53,0.58,12.0,0.0
2021-05-04,12.93,16.18,9.66,77.4,11.23,1.34,2.21,12.8,15.41,17.07,2.9,5,124,2021,15.422857142857143,3.5100000000000002,14.82,3.35,0.01,15.66,0.01,12.51,0.0
2021-05-05,12.8,16.04,9.63,78.63,2.21,1.3,5.54,13.77,12.93,16.95,11.23,5,125,2021,14.83,3.7228571428571433,15.28,2.93,0.72,15.77,2.43,14.11,0.0
2021-05-06,13.77,18.63,9.5,76.23,5.54,1.56,3.39,14.79,12.8,16.64,2.21,5,126,2021,14.42,4.198571428571428,15.41,2.9,2.21,13.64,7.37,14.53,0.0
2021-05-07,14.79,19.88,10.27,74.66,3.39,1.47,1.21,15.52,13.77,15.93,5.54,5,127,2021,14.257142857142856,4.507142857142857,12.93,11.23,1.23,14.52,0.02,15.47,0.1
2021-05-08,15.52,21.57,10.54,62.7,1.21,2.0,3.31,14.39,14.79,14.82,3.39,5,128,2021,14.357142857142858,4.201428571428571,12.8,2.21,3.35,15.87,0.0,15.49,0.12
2021-05-09,14.39,19.16,9.57,65.89,3.31,1.65,3.41,14.87,15.52,15.28,1.21,5,129,2021,14.23,4.255714285714285,13.77,5.54,2.93,16.45,0.0,14.72,0.05
2021-05-10,14.87,20.83,10.1,64.63,3.41,2.05,4.37,14.11,14.39,15.41,3.31,5,130,2021,14.152857142857142,4.328571428571428,14.79,3.39,2.9,16.61,0.0,14.84,0.06
2021-05-11,14.11,18.21,10.56,70.52,4.37,1.71,13.54,12.86,14.87,12.93,3.41,5,131,2021,14.321428571428571,3.3485714285714288,15.52,1.21,11.23,17.07,0.01,15.43,0.02
2021-05-12,12.86,17.11,9.55,76.51,13.54,1.55,1.02,13.55,14.11,12.8,4.37,5,132,2021,14.33,4.967142857142856,14.39,3.31,2.21,16.95,0.72,15.57,0.0
2021-05-13,13.55,19.16,8.17,68.06,1.02,1.62,0.37,14.49,12.86,13.77,13.54,5,133,2021,14.29857142857143,4.321428571428571,14.87,3.41,5.54,16.64,2.21,15.47,0.0
2021-05-14,14.49,19.83,8.76,61.72,0.37,2.12,0.03,16.56,13.55,14.79,1.02,5,134,2021,14.255714285714285,3.89,14.11,4.37,3.39,15.93,1.23,16.43,0.09
2021-05-15,16.56,22.97,10.85,56.88,0.03,2.26,0.2,17.65,14.49,15.52,0.37,5,135,2021,14.404285714285715,3.7214285714285715,12.86,13.54,1.21,14.82,3.35,15.75,0.06
2021-05-16,17.65,24.17,11.77,52.34,0.2,2.26,0.29,18.42,16.56,14.39,0.03,5,136,2021,14.870000000000001,3.277142857142857,13.55,1.02,3.31,15.28,2.93,15.42,9.98
2021-05-17,18.42,25.09,12.0,48.63,0.29,2.1,0.37,18.49,17.65,14.87,0.2,5,137,2021,15.377142857142855,2.8314285714285714,14.49,0.37,3.41,15.41,2.9,14.5,2.14
2021-05-18,18.49,24.86,13.04,47.0,0.37,2.2,1.65,17.72,18.42,14.11,0.29,5,138,2021,16.002857142857145,2.26,16.56,0.03,4.37,12.93,11.23,13.99,1.11
2021-05-19,17.72,24.0,12.54,56.39,1.65,2.14,10.87,16.92,18.49,12.86,0.37,5,139,2021,16.697142857142858,0.5614285714285714,17.65,0.2,13.54,12.8,2.21,14.53,0.58
2021-05-20,16.92,23.0,13.21,74.21,10.87,1.82,1.13,18.54,17.72,13.55,1.65,5,140,2021,17.178571428571427,1.9685714285714284,18.42,0.29,1.02,13.77,5.54,15.66,0.01
2021-05-21,18.54,24.19,13.64,69.4,1.13,1.8,0.02,19.11,16.92,14.49,10.87,5,141,2021,17.757142857142856,2.077142857142857,18.49,0.37,0.37,14.79,3.39,15.77,2.43
2021-05-22,19.11,25.49,13.42,59.41,0.02,1.88,0.04,19.43,18.54,16.56,1.13,5,142,2021,18.12142857142857,2.0757142857142856,17.72,1.65,0.03,15.52,1.21,13.64,7.37
2021-05-23,19.43,26.02,13.81,55.66,0.04,2.02,0.32,20.11,19.11,17.65,0.02,5,143,2021,18.375714285714285,2.052857142857143,16.92,10.87,0.2,14.39,3.31,14.52,0.02
2021-05-24,20.11,26.34,14.79,55.53,0.32,1.82,1.32,18.85,19.43,18.42,0.04,5,144,2021,18.617142857142856,2.057142857142857,18.54,1.13,0.29,14.87,3.41,15.87,0.0
2021-05-25,18.85,24.13,14.37,64.37,1.32,1.51,8.33,18.58,20.11,18.49,0.32,5,145,2021,18.66857142857143,2.1928571428571426,19.11,0.02,0.37,14.11,4.37,16.45,0.0
2021-05-26,18.58,23.15,15.42,77.18,8.33,1.47,30.56,18.19,18.85,17.72,1.32,5,146,2021,18.791428571428572,3.1471428571428572,19.43,0.04,1.65,12.86,13.54,16.61,0.0
2021-05-27,18.19,22.83,14.88,84.32,30.56,2.13,27.5,17.41,18.58,16.92,8.33,5,147,2021,18.972857142857144,5.96,20.11,0.32,10.87,13.55,1.02,17.07,0.01
2021-05-28,17.41,20.76,14.91,86.08,27.5,3.22,11.6,17.88,18.19,18.54,30.56,5,148,2021,18.81142857142857,9.727142857142857,18.85,1.32,1.13,14.49,0.37,16.95,0.72
2021-05-29,17.88,22.72,13.61,80.79,11.6,1.58,2.94,18.29,17.41,19.11,27.5,5,149,2021,18.635714285714283,11.381428571428572,18.58,8.33,0.02,16.56,0.03,16.64,2.21
2021-05-30,18.29,23.11,14.63,79.41,2.94,1.57,1.89,18.13,17.88,19.43,11.6,5,150,2021,18.472857142857144,11.795714285714284,18.19,30.56,0.04,17.65,0.2,15.93,1.23
2021-05-31,18.13,22.63,15.06,80.9,1.89,1.51,3.01,17.83,18.29,20.11,2.94,5,151,2021,18.19,12.02,17.41,27.5,0.32,18.42,0.29,14.82,3.35
2021-06-01,17.83,22.48,13.51,78.12,3.01,1.8,0.64,17.33,18.13,18.85,1.89,6,152,2021,18.044285714285714,12.26142857142857,17.88,11.6,1.32,18.49,0.37,15.28,2.93
2021-06-02,17.33,23.41,12.25,68.53,0.64,1.86,0.02,18.48,17.83,18.58,3.01,6,153,2021,17.865714285714287,11.162857142857144,18.29,2.94,8.33,17.72,1.65,15.41,2.9
2021-06-03,18.48,24.01,13.95,61.86,0.02,1.95,0.41,18.71,17.33,18.19,0.64,6,154,2021,17.907142857142855,6.8,18.13,1.89,30.56,16.92,10.87,12.93,11.23
2021-06-04,18.71,23.39,14.57,67.16,0.41,1.89,0.26,19.08,18.48,17.41,0.02,6,155,2021,18.09285714285714,2.9299999999999997,17.83,3.01,27.5,18.54,1.13,12.8,2.21
2021-06-05,19.08,24.71,14.94,71.49,0.26,2.04,0.44,19.1,18.71,17.88,0.41,6,156,2021,18.264285714285712,1.31,17.33,0.64,11.6,19.11,0.02,13.77,5.54
2021-06-06,19.1,23.59,14.99,75.11,0.44,2.5,0.93,19.43,19.08,18.29,0.26,6,157,2021,18.38,0.9528571428571428,18.48,0.02,2.94,19.43,0.04,14.79,3.39
2021-06-07,19.43,24.76,15.4,75.34,0.93,2.05,10.12,18.57,19.1,18.13,0.44,6,158,2021,18.565714285714282,0.8157142857142857,18.71,0.41,1.89,20.11,0.32,15.52,1.21
2021-06-08,18.57,23.22,14.8,78.02,10.12,2.0,12.74,18.32,19.43,17.83,0.93,6,159,2021,18.67142857142857,1.8314285714285714,19.08,0.26,3.01,18.85,1.32,14.39,3.31
2021-06-09,18.32,22.99,14.74,86.0,12.74,1.78,4.12,17.58,18.57,17.33,10.12,6,160,2021,18.812857142857144,3.5599999999999996,19.1,0.44,0.64,18.58,8.33,14.87,3.41
2021-06-10,17.58,20.49,15.16,88.24,4.12,1.84,8.75,17.7,18.32,18.48,12.74,6,161,2021,18.684285714285718,4.145714285714286,19.43,0.93,0.02,18.19,30.56,14.11,4.37
2021-06-11,17.7,20.98,15.32,87.88,8.75,1.65,8.17,18.48,17.58,18.71,4.12,6,162,2021,18.54,5.337142857142857,18.57,10.12,0.41,17.41,27.5,12.86,13.54
2021-06-12,18.48,22.32,15.33,84.43,8.17,1.61,3.35,18.02,17.7,19.08,8.75,6,163,2021,18.454285714285714,6.467142857142858,18.32,12.74,0.26,17.88,11.6,13.55,1.02
2021-06-13,18.02,21.19,15.52,86.1,3.35,1.41,8.16,18.93,18.48,19.1,8.17,6,164,2021,18.3,6.882857142857143,17.58,4.12,0.44,18.29,2.94,14.49,0.37
2021-06-14,18.93,22.92,15.48,85.79,8.16,2.0,7.55,18.44,18.02,19.43,3.35,6,165,2021,18.228571428571428,7.9157142857142855,17.7,8.75,0.93,18.13,1.89,16.56,0.03
2021-06-15,18.44,21.89,15.2,87.16,7.55,2.18,4.76,18.4,18.93,18.57,8.16,6,166,2021,18.21,7.548571428571428,18.48,8.17,10.12,17.83,3.01,17.65,0.2
2021-06-16,18.4,20.81,15.85,89.89,4.76,1.33,3.24,18.78,18.44,18.32,7.55,6,167,2021,18.22142857142857,6.408571428571428,18.02,3.35,12.74,17.33,0.64,18.42,0.29
2021-06-17,18.78,22.87,15.33,87.73,3.24,2.67,0.76,18.46,18.4,17.58,4.76,6,168,2021,18.392857142857142,6.282857142857142,18.93,8.16,4.12,18.48,0.02,18.49,0.37
2021-06-18,18.46,22.65,14.21,84.64,0.76,3.07,2.59,17.92,18.78,17.7,3.24,6,169,2021,18.50142857142857,5.1414285714285715,18.44,7.55,8.75,18.71,0.41,17.72,1.65
2021-06-19,17.92,21.58,14.71,86.78,2.59,2.08,2.9,17.7,18.46,18.48,0.76,6,170,2021,18.421428571428574,4.344285714285713,18.4,4.76,8.17,19.08,0.26,16.92,10.87
2021-06-20,17.7,21.4,14.64,87.74,2.9,2.08,0.79,18.68,17.92,18.02,2.59,6,171,2021,18.375714285714285,4.28,18.78,3.24,3.35,19.1,0.44,18.54,1.13
2021-06-21,18.68,22.58,15.26,86.92,0.79,1.87,1.72,19.03,17.7,18.93,2.9,6,172,2021,18.34,3.2271428571428573,18.46,0.76,8.16,19.43,0.93,19.11,0.02
2021-06-22,19.03,23.21,16.1,85.64,1.72,2.0,4.84,18.93,18.68,18.44,0.79,6,173,2021,18.424285714285713,2.394285714285714,17.92,2.59,7.55,18.57,10.12,19.43,0.04
2021-06-23,18.93,22.81,15.68,85.99,4.84,1.22,3.38,18.69,19.03,18.4,1.72,6,174,2021,18.5,2.4057142857142857,17.7,2.9,4.76,18.32,12.74,20.11,0.32
2021-06-24,18.69,22.8,15.57,85.55,3.38,1.62,5.31,18.33,18.93,18.78,4.84,6,175,2021,18.487142857142857,2.4257142857142853,18.68,0.79,3.24,17.58,4.12,18.85,1.32
2021-06-25,18.33,21.83,15.64,85.62,5.31,1.06,9.86,17.76,18.69,18.46,3.38,6,176,2021,18.46857142857143,3.075714285714286,19.03,1.72,0.76,17.7,8.75,18.58,8.33
2021-06-26,17.76,20.02,15.94,87.31,9.86,1.01,3.34,18.6,18.33,17.92,5.31,6,177,2021,18.445714285714285,4.114285714285715,18.93,4.84,2.59,18.48,8.17,18.19,30.56
2021-06-27,18.6,22.19,15.77,85.17,3.34,1.57,3.15,19.22,17.76,17.7,9.86,6,178,2021,18.574285714285715,4.177142857142857,18.69,3.38,2.9,18.02,3.35,17.41,27.5
2021-06-28,19.22,23.17,15.61,87.17,3.15,2.18,8.84,18.24,18.6,18.68,3.34,6,179,2021,18.65142857142857,4.514285714285714,18.33,5.31,0.79,18.93,8.16,17.88,11.6
2021-06-29,18.24,20.06,16.11,95.4,8.84,2.05,14.17,17.42,19.22,19.03,3.15,6,180,2021,18.538571428571426,5.531428571428571,17.76,9.86,1.72,18.44,7.55,18.29,2.94
2021-06-30,17.42,19.93,15.25,91.84,14.17,1.25,26.77,17.88,18.24,18.93,8.84,6,181,2021,18.322857142857142,6.864285714285714,18.6,3.34,4.84,18.4,4.76,18.13,1.89
2021-07-01,17.88,20.35,15.36,92.62,26.77,1.99,25.69,18.33,17.42,18.69,14.17,7,182,2021,18.20714285714286,10.205714285714285,19.22,3.15,3.38,18.78,3.24,17.83,3.01
2021-07-02,18.33,20.19,16.71,94.25,25.69,2.49,16.6,18.45,17.88,18.33,26.77,7,183,2021,18.20714285714286,13.117142857142856,18.24,8.84,5.31,18.46,0.76,17.33,0.64
2021-07-03,18.45,21.57,15.69,92.05,16.6,1.54,3.1,18.5,18.33,17.76,25.69,7,184,2021,18.305714285714284,14.08,17.42,14.17,9.86,17.92,2.59,18.48,0.02
2021-07-04,18.5,22.21,16.07,90.55,3.1,1.62,4.23,18.74,18.45,18.6,16.6,7,185,2021,18.291428571428572,14.045714285714284,17.88,26.77,3.34,17.7,2.9,18.71,0.41
2021-07-05,18.74,21.95,16.28,91.45,4.23,1.89,15.16,18.95,18.5,19.22,3.1,7,186,2021,18.22285714285714,14.200000000000001,18.33,25.69,3.15,18.68,0.79,19.08,0.26
2021-07-06,18.95,22.03,16.44,92.92,15.16,2.27,3.22,18.24,18.74,18.24,4.23,7,187,2021,18.32428571428571,15.102857142857143,18.45,16.6,8.84,19.03,1.72,19.1,0.44
2021-07-07,18.24,20.46,16.21,94.64,3.22,1.41,28.8,18.03,18.95,17.42,15.16,7,188,2021,18.44142857142857,13.538571428571428,18.5,3.1,14.17,18.93,4.84,19.43,0.93
2021-07-08,18.03,20.16,16.39,93.9,28.8,1.5,4.3,18.96,18.24,17.88,3.22,7,189,2021,18.462857142857143,13.828571428571431,18.74,4.23,26.77,18.69,3.38,18.57,10.12
2021-07-09,18.96,22.66,16.14,86.92,4.3,1.72,12.27,17.95,18.03,18.33,28.8,7,190,2021,18.552857142857142,10.772857142857145,18.95,15.16,25.69,18.33,5.31,18.32,12.74
2021-07-10,17.95,20.11,16.35,93.85,12.27,1.28,2.01,17.82,18.96,18.45,4.3,7,191,2021,18.481428571428573,10.154285714285715,18.24,3.22,16.6,17.76,9.86,17.58,4.12
2021-07-11,17.82,20.3,15.67,91.06,2.01,1.54,4.53,18.24,17.95,18.5,12.27,7,192,2021,18.384285714285713,9.998571428571429,18.03,28.8,3.1,18.6,3.34,17.7,8.75
2021-07-12,18.24,21.37,15.85,89.57,4.53,1.59,24.21,18.97,17.82,18.74,2.01,7,193,2021,18.312857142857144,10.041428571428572,18.96,4.3,4.23,19.22,3.15,18.48,8.17
2021-07-13,18.97,22.9,15.66,86.5,24.21,2.17,21.82,18.09,18.24,18.95,4.53,7,194,2021,18.315714285714286,11.334285714285715,17.95,12.27,15.16,18.24,8.84,18.02,3.35
2021-07-14,18.09,21.23,15.46,92.18,21.82,1.85,3.6,18.33,18.97,18.24,24.21,7,195,2021,18.294285714285714,13.991428571428571,17.82,2.01,3.22,17.42,14.17,18.93,8.16
2021-07-15,18.33,20.87,16.32,92.07,3.6,1.91,5.01,18.41,18.09,18.03,21.82,7,196,2021,18.337142857142858,10.391428571428573,18.24,4.53,28.8,17.88,26.77,18.44,7.55
2021-07-16,18.41,20.95,16.34,93.21,5.01,1.96,11.58,17.72,18.33,18.96,3.6,7,197,2021,18.258571428571425,10.492857142857144,18.97,24.21,4.3,18.33,25.69,18.4,4.76
2021-07-17,17.72,19.83,15.88,93.55,11.58,1.56,3.73,18.45,18.41,17.95,5.01,7,198,2021,18.225714285714282,10.394285714285713,18.09,21.82,12.27,18.45,16.6,18.78,3.24
2021-07-18,18.45,20.61,16.27,94.02,3.73,2.01,11.33,18.78,17.72,17.82,11.58,7,199,2021,18.315714285714282,10.64,18.33,3.6,2.01,18.5,3.1,18.46,0.76
2021-07-19,18.78,21.55,16.53,93.62,11.33,2.27,31.58,18.72,18.45,18.24,3.73,7,200,2021,18.392857142857142,11.611428571428572,18.41,5.01,4.53,18.74,4.23,17.92,2.59
2021-07-20,18.72,21.78,16.05,91.47,31.58,1.91,7.57,18.59,18.78,18.97,11.33,7,201,2021,18.357142857142858,12.664285714285713,17.72,11.58,24.21,18.95,15.16,17.7,2.9
2021-07-21,18.59,21.56,16.01,90.06,7.57,1.63,2.4,18.83,18.72,18.09,31.58,7,202,2021,18.428571428571427,10.62857142857143,18.45,3.73,21.82,18.24,3.22,18.68,0.79
2021-07-22,18.83,22.5,16.05,89.74,2.4,1.75,2.66,19.66,18.59,18.33,7.57,7,203,2021,18.5,10.457142857142856,18.78,11.33,3.6,18.03,28.8,19.03,1.72
2021-07-23,19.66,23.43,16.17,89.33,2.66,2.23,1.55,19.93,18.83,18.41,2.4,7,204,2021,18.678571428571427,10.121428571428572,18.72,31.58,5.01,18.96,4.3,18.93,4.84
2021-07-24,19.93,23.57,15.98,85.3,1.55,1.97,4.88,19.4,19.66,17.72,2.66,7,205,2021,18.994285714285716,8.688571428571429,18.59,7.57,11.58,17.95,12.27,18.69,3.38
2021-07-25,19.4,21.84,17.27,94.27,4.88,1.95,19.5,19.53,19.93,18.45,1.55,7,206,2021,19.13,8.852857142857143,18.83,2.4,3.73,17.82,2.01,18.33,5.31
2021-07-26,19.53,22.94,17.12,92.68,19.5,1.57,17.83,19.08,19.4,18.78,4.88,7,207,2021,19.237142857142857,10.02,19.66,2.66,11.33,18.24,4.53,17.76,9.86
2021-07-27,19.08,22.24,16.92,90.59,17.83,1.7,11.81,19.03,19.53,18.72,19.5,7,208,2021,19.288571428571426,8.055714285714286,19.93,1.55,31.58,18.97,24.21,18.6,3.34
2021-07-28,19.03,21.96,16.57,89.08,11.81,1.66,13.89,18.39,19.08,18.59,17.83,7,209,2021,19.351428571428567,8.661428571428571,19.4,4.88,7.57,18.09,21.82,19.22,3.15
2021-07-29,18.39,21.22,15.77,91.76,13.89,1.72,3.62,18.81,19.03,18.83,11.81,7,210,2021,19.288571428571426,10.30285714285714,19.53,19.5,2.4,18.33,3.6,18.24,8.84
2021-07-30,18.81,22.5,15.99,87.44,3.62,1.71,3.05,18.58,18.39,19.66,13.89,7,211,2021,19.167142857142856,10.44,19.08,17.83,2.66,18.41,5.01,17.42,14.17
2021-07-31,18.58,21.75,15.74,90.93,3.05,2.15,2.34,18.91,18.81,19.93,3.62,7,212,2021,18.974285714285713,10.654285714285715,19.03,11.81,1.55,17.72,11.58,17.88,26.77
2021-08-01,18.91,22.47,15.86,91.31,2.34,1.86,2.76,19.01,18.58,19.4,3.05,8,213,2021,18.904285714285713,10.29142857142857,18.39,13.89,4.88,18.45,3.73,18.33,25.69
2021-08-02,19.01,22.59,15.77,91.16,2.76,1.94,22.28,18.42,18.91,19.53,2.34,8,214,2021,18.830000000000002,7.8999999999999995,18.81,3.62,19.5,18.78,11.33,18.45,16.6
2021-08-03,18.42,22.03,15.68,89.05,22.28,1.68,15.06,17.63,19.01,19.08,2.76,8,215,2021,18.735714285714288,8.535714285714286,18.58,3.05,17.83,18.72,31.58,18.5,3.1
2021-08-04,17.63,20.58,15.18,89.03,15.06,1.43,2.63,18.89,18.42,19.03,22.28,8,216,2021,18.535714285714285,9.0,18.91,2.34,11.81,18.59,7.57,18.74,4.23
2021-08-05,18.89,22.77,15.69,83.1,2.63,1.48,10.0,19.27,17.63,18.39,15.06,8,217,2021,18.607142857142858,7.391428571428571,19.01,2.76,13.89,18.83,2.4,18.95,15.16
2021-08-06,19.27,22.97,16.48,84.4,10.0,1.55,14.09,18.38,18.89,18.81,2.63,8,218,2021,18.672857142857143,8.302857142857144,18.42,22.28,3.62,19.66,2.66,18.24,3.22
2021-08-07,18.38,20.81,16.64,92.54,14.09,1.74,26.77,18.4,19.27,18.58,10.0,8,219,2021,18.64428571428571,9.879999999999999,17.63,15.06,3.05,19.93,1.55,18.03,28.8
2021-08-08,18.4,21.36,15.81,92.04,26.77,1.74,2.65,18.73,18.38,18.91,14.09,8,220,2021,18.571428571428573,13.370000000000001,18.89,2.63,2.34,19.4,4.88,18.96,4.3
2021-08-09,18.73,21.89,15.1,89.68,2.65,1.93,1.7,19.22,18.4,19.01,26.77,8,221,2021,18.53142857142857,13.354285714285712,19.27,10.0,2.76,19.53,19.5,17.95,12.27
2021-08-10,19.22,22.35,16.72,93.4,1.7,1.84,2.27,19.2,18.73,18.42,2.65,8,222,2021,18.645714285714284,10.414285714285713,18.38,14.09,22.28,19.08,17.83,17.82,2.01
2021-08-11,19.2,22.34,17.3,92.57,2.27,1.0,5.67,18.99,19.22,17.63,1.7,8,223,2021,18.87,8.587142857142856,18.4,26.77,15.06,19.03,11.81,18.24,4.53
2021-08-12,18.99,22.17,16.99,94.16,5.67,1.95,6.27,18.99,19.2,18.89,2.27,8,224,2021,18.884285714285713,9.021428571428572,18.73,2.65,2.63,18.39,13.89,18.97,24.21
2021-08-13,18.99,22.02,16.28,88.43,6.27,1.94,27.85,18.5,18.99,19.27,5.67,8,225,2021,18.844285714285714,8.48857142857143,19.22,1.7,10.0,18.81,3.62,18.09,21.82
2021-08-14,18.5,21.79,16.19,92.82,27.85,1.89,14.16,18.56,18.99,18.38,6.27,8,226,2021,18.861428571428572,10.454285714285716,19.2,2.27,14.09,18.58,3.05,18.33,3.6
2021-08-15,18.56,21.61,15.95,93.41,14.16,1.61,7.35,19.08,18.5,18.4,27.85,8,227,2021,18.884285714285713,8.652857142857144,18.99,5.67,26.77,18.91,2.34,18.41,5.01
2021-08-16,19.08,21.86,16.89,92.96,7.35,1.56,6.51,18.58,18.56,18.73,14.16,8,228,2021,18.934285714285714,9.324285714285713,18.99,6.27,2.65,19.01,2.76,17.72,11.58
2021-08-17,18.58,20.39,17.2,96.72,6.51,2.28,12.65,17.97,19.08,19.22,7.35,8,229,2021,18.842857142857138,10.01142857142857,18.5,27.85,1.7,18.42,22.28,18.45,3.73
2021-08-18,17.97,19.91,15.86,96.5,12.65,1.86,16.29,18.0,18.58,19.2,6.51,8,230,2021,18.667142857142856,11.494285714285715,18.56,14.16,2.27,17.63,15.06,18.78,11.33
2021-08-19,18.0,21.61,15.29,91.43,16.29,1.9,5.76,17.37,17.97,18.99,12.65,8,231,2021,18.525714285714283,13.011428571428572,19.08,7.35,5.67,18.89,2.63,18.72,31.58
2021-08-20,17.37,20.2,14.68,92.96,5.76,1.76,6.39,17.06,18.0,18.99,16.29,8,232,2021,18.294285714285714,12.938571428571427,18.58,6.51,6.27,19.27,10.0,18.59,7.57
2021-08-21,17.06,19.08,15.28,95.33,6.39,1.62,3.97,17.74,17.37,18.5,5.76,8,233,2021,18.088571428571427,9.872857142857143,17.97,12.65,27.85,18.38,14.09,18.83,2.4
2021-08-22,17.74,20.45,15.31,92.87,3.97,1.81,12.15,17.67,17.06,18.56,6.39,8,234,2021,17.971428571428568,8.417142857142858,18.0,16.29,14.16,18.4,26.77,19.66,2.66
2021-08-23,17.67,20.31,15.7,93.89,12.15,2.22,6.28,17.94,17.74,19.08,3.97,8,235,2021,17.77,9.102857142857143,17.37,5.76,7.35,18.73,2.65,19.93,1.55
2021-08-24,17.94,21.63,14.79,92.93,6.28,1.89,8.28,18.44,17.67,18.58,12.15,8,236,2021,17.678571428571427,9.069999999999999,17.06,6.39,6.51,19.22,1.7,19.4,4.88
2021-08-25,18.44,21.98,15.56,94.75,8.28,1.87,25.51,18.18,17.94,17.97,6.28,8,237,2021,17.745714285714286,8.445714285714285,17.74,3.97,12.65,19.2,2.27,19.53,19.5
2021-08-26,18.18,20.33,16.55,96.41,25.51,2.2,17.41,17.28,18.44,18.0,8.28,8,238,2021,17.771428571428572,9.762857142857143,17.67,12.15,16.29,18.99,5.67,19.08,17.83
2021-08-27,17.28,18.92,15.47,97.53,17.41,1.69,11.55,17.41,18.18,17.37,25.51,8,239,2021,17.75857142857143,11.427142857142858,17.94,6.28,5.76,18.99,6.27,19.03,11.81
2021-08-28,17.41,19.72,15.83,96.44,11.55,1.67,6.75,17.22,17.28,17.06,17.41,8,240,2021,17.80857142857143,12.164285714285715,18.44,8.28,6.39,18.5,27.85,18.39,13.89
2021-08-29,17.22,19.67,15.03,93.58,6.75,1.31,5.28,16.51,17.41,17.74,11.55,8,241,2021,17.734285714285715,12.561428571428573,18.18,25.51,3.97,18.56,14.16,18.81,3.62
2021-08-30,16.51,18.02,14.71,93.18,5.28,0.9,3.39,17.2,17.22,17.67,6.75,8,242,2021,17.568571428571428,11.58,17.28,17.41,12.15,19.08,7.35,18.58,3.05
2021-08-31,17.2,19.36,15.31,94.82,3.39,1.64,4.03,17.82,16.51,17.94,5.28,8,243,2021,17.462857142857143,11.167142857142858,17.41,11.55,6.28,18.58,6.51,18.91,2.34
2021-09-01,17.82,20.91,15.13,92.37,4.03,1.68,9.73,17.96,17.2,18.44,3.39,9,244,2021,17.374285714285715,10.560000000000002,17.22,6.75,8.28,17.97,12.65,19.01,2.76
2021-09-02,17.96,20.57,15.21,95.5,9.73,2.57,5.08,17.6,17.82,18.18,4.03,9,245,2021,17.34285714285714,8.305714285714286,16.51,5.28,25.51,18.0,16.29,18.42,22.28
2021-09-03,17.6,19.45,15.77,97.63,5.08,2.2,2.51,18.02,17.96,17.28,9.73,9,246,2021,17.38857142857143,6.5442857142857145,17.2,3.39,17.41,17.37,5.76,17.63,15.06
2021-09-04,18.02,21.8,14.83,88.9,2.51,1.34,12.79,18.58,17.6,17.41,5.08,9,247,2021,17.475714285714286,5.252857142857144,17.82,4.03,11.55,17.06,6.39,18.89,2.63
2021-09-05,18.58,21.92,15.55,92.88,12.79,1.39,22.23,17.46,18.02,17.22,2.51,9,248,2021,17.669999999999998,6.115714285714286,17.96,9.73,6.75,17.74,3.97,19.27,10.0
2021-09-06,17.46,19.7,15.85,92.14,22.23,1.08,5.15,16.96,18.58,16.51,12.79,9,249,2021,17.805714285714288,8.537142857142857,17.6,5.08,5.28,17.67,12.15,18.38,14.09
2021-09-07,16.96,19.31,14.93,93.78,5.15,1.36,5.84,16.96,17.46,17.2,22.23,9,250,2021,17.771428571428572,8.788571428571428,18.02,2.51,3.39,17.94,6.28,18.4,26.77
2021-09-08,16.96,19.93,14.21,93.14,5.84,1.5,2.06,17.11,16.96,17.82,5.15,9,251,2021,17.648571428571426,9.047142857142857,18.58,12.79,4.03,18.44,8.28,18.73,2.65
2021-09-09,17.11,20.02,14.04,92.35,2.06,1.43,1.12,17.6,16.96,17.96,5.84,9,252,2021,17.527142857142856,7.951428571428571,17.46,22.23,9.73,18.18,25.51,19.22,1.7
2021-09-10,17.6,21.13,14.72,88.87,1.12,1.09,0.52,17.6,17.11,17.6,2.06,9,253,2021,17.527142857142856,7.385714285714286,16.96,5.15,5.08,17.28,17.41,19.2,2.27
2021-09-11,17.6,20.94,14.66,88.65,0.52,1.3,0.16,18.11,17.6,18.02,1.12,9,254,2021,17.467142857142857,7.1014285714285705,16.96,5.84,2.51,17.41,11.55,18.99,5.67
2021-09-12,18.11,21.76,14.64,88.64,0.16,1.39,0.97,18.18,17.6,18.58,0.52,9,255,2021,17.400000000000002,5.297142857142857,17.11,2.06,12.79,17.22,6.75,18.99,6.27
2021-09-13,18.18,22.24,14.64,89.12,0.97,1.41,1.63,16.93,18.11,17.46,0.16,9,256,2021,17.502857142857142,2.2600000000000002,17.6,1.12,22.23,16.51,5.28,18.5,27.85
2021-09-14,16.93,20.12,14.54,88.98,1.63,1.94,4.83,16.41,18.18,16.96,0.97,9,257,2021,17.49857142857143,1.7571428571428573,17.6,0.52,5.15,17.2,3.39,18.56,14.16
2021-09-15,16.41,19.16,14.65,89.89,4.83,1.75,1.71,16.59,16.93,16.96,1.63,9,258,2021,17.419999999999998,1.6128571428571428,18.11,0.16,5.84,17.82,4.03,19.08,7.35
2021-09-16,16.59,19.62,14.5,87.53,1.71,1.19,2.4,16.83,16.41,17.11,4.83,9,259,2021,17.345714285714287,1.5628571428571427,18.18,0.97,2.06,17.96,9.73,18.58,6.51
2021-09-17,16.83,20.05,13.62,90.13,2.4,1.21,0.71,18.09,16.59,17.6,1.71,9,260,2021,17.235714285714288,1.7457142857142858,16.93,1.63,1.12,17.6,5.08,17.97,12.65
2021-09-18,18.09,22.01,14.88,91.19,0.71,1.61,0.41,18.46,16.83,17.6,2.4,9,261,2021,17.305714285714284,1.7728571428571427,16.41,4.83,0.52,18.02,2.51,18.0,16.29
2021-09-19,18.46,21.98,15.95,92.16,0.41,1.54,4.31,18.19,18.09,18.11,0.71,9,262,2021,17.35571428571429,1.8085714285714285,16.59,1.71,0.16,18.58,12.79,17.37,5.76
2021-09-20,18.19,21.74,15.71,92.15,4.31,1.79,3.79,17.54,18.46,18.18,0.41,9,263,2021,17.357142857142858,2.2857142857142856,16.83,2.4,0.97,17.46,22.23,17.06,6.39
2021-09-21,17.54,20.6,15.04,91.03,3.79,1.28,7.99,16.6,18.19,16.93,4.31,9,264,2021,17.444285714285712,2.5942857142857143,18.09,0.71,1.63,16.96,5.15,17.74,3.97
2021-09-22,16.6,19.32,13.81,92.48,7.99,1.15,1.76,16.9,17.54,16.41,3.79,9,265,2021,17.47142857142857,3.045714285714286,18.46,0.41,4.83,16.96,5.84,17.67,12.15
2021-09-23,16.9,20.03,14.43,92.81,1.76,1.45,0.52,17.45,16.6,16.59,7.99,9,266,2021,17.51571428571429,3.0528571428571425,18.19,4.31,1.71,17.11,2.06,17.94,6.28
2021-09-24,17.45,21.17,13.66,90.95,0.52,1.34,2.64,17.51,16.9,16.83,1.76,9,267,2021,17.604285714285712,2.7842857142857143,17.54,3.79,2.4,17.6,1.12,18.44,8.28
2021-09-25,17.51,20.58,14.53,92.02,2.64,1.6,2.56,16.96,17.45,18.09,0.52,9,268,2021,17.521428571428572,3.0599999999999996,16.6,7.99,0.71,17.6,0.52,18.18,25.51
2021-09-26,16.96,20.33,13.83,88.97,2.56,1.17,3.6,17.34,17.51,18.46,2.64,9,269,2021,17.307142857142857,3.3671428571428565,16.9,1.76,0.41,18.11,0.16,17.28,17.41
2021-09-27,17.34,20.76,14.65,87.33,3.6,1.61,3.9,16.57,16.96,18.19,2.56,9,270,2021,17.185714285714287,3.2657142857142856,17.45,0.52,4.31,18.18,0.97,17.41,11.55
2021-09-28,16.57,19.41,13.92,91.86,3.9,1.1,3.82,16.35,17.34,17.54,3.6,9,271,2021,17.047142857142855,3.281428571428571,17.51,2.64,3.79,16.93,1.63,17.22,6.75
2021-09-29,16.35,19.25,13.99,92.88,3.82,1.21,1.02,16.32,16.57,16.6,3.9,9,272,2021,17.01142857142857,2.685714285714286,16.96,2.56,7.99,16.41,4.83,16.51,5.28
2021-09-30,16.32,20.16,12.67,90.88,1.02,1.38,1.51,16.4,16.35,16.9,3.82,9,273,2021,16.92857142857143,2.5799999999999996,17.34,3.6,1.76,16.59,1.71,17.2,3.39
2021-10-01,16.4,19.59,13.7,88.72,1.51,1.31,3.78,15.85,16.32,17.45,1.02,10,274,2021,16.77857142857143,2.721428571428571,16.57,3.9,0.52,16.83,2.4,17.82,4.03
2021-10-02,15.85,18.49,13.97,92.91,3.78,1.27,10.99,15.98,16.4,17.51,1.51,10,275,2021,16.541428571428572,2.884285714285714,16.35,3.82,2.64,18.09,0.71,17.96,9.73
2021-10-03,15.98,19.5,13.83,89.21,10.99,1.08,5.71,16.63,15.85,16.96,3.78,10,276,2021,16.40142857142857,4.088571428571428,16.32,1.02,2.56,18.46,0.41,17.6,5.08
2021-10-04,16.63,20.1,14.23,92.29,5.71,1.35,4.94,16.81,15.98,17.34,10.99,10,277,2021,16.3,4.39,16.4,1.51,3.6,18.19,4.31,18.02,2.51
2021-10-05,16.81,21.02,13.39,86.1,4.94,1.41,0.81,16.59,16.63,16.57,5.71,10,278,2021,16.334285714285713,4.538571428571428,15.85,3.78,3.9,17.54,3.79,18.58,12.79
2021-10-06,16.59,20.09,13.96,92.89,0.81,1.07,0.69,17.21,16.81,16.35,4.94,10,279,2021,16.36857142857143,4.1085714285714285,15.98,10.99,3.82,16.6,7.99,17.46,22.23
2021-10-07,17.21,20.87,14.43,92.08,0.69,1.6,1.46,17.16,16.59,16.32,0.81,10,280,2021,16.495714285714286,4.061428571428571,16.63,5.71,1.02,16.9,1.76,16.96,5.15
2021-10-08,17.16,21.2,14.5,93.08,1.46,1.44,2.21,16.72,17.21,16.4,0.69,10,281,2021,16.604285714285716,4.054285714285714,16.81,4.94,1.51,17.45,0.52,16.96,5.84
2021-10-09,16.72,20.55,13.49,92.49,2.21,1.25,0.09,16.91,17.16,15.85,1.46,10,282,2021,16.728571428571428,3.8300000000000005,16.59,0.81,3.78,17.51,2.64,17.11,2.06
2021-10-10,16.91,20.87,13.99,91.1,0.09,1.03,0.0,16.61,16.72,15.98,2.21,10,283,2021,16.861428571428572,2.2728571428571427,17.21,0.69,10.99,16.96,2.56,17.6,1.12
2021-10-11,16.61,21.02,14.55,84.98,0.0,0.89,0.0,17.65,16.91,16.63,0.09,10,284,2021,16.85857142857143,1.457142857142857,17.16,1.46,5.71,17.34,3.6,17.6,0.52
2021-10-12,17.65,22.72,13.96,71.78,0.0,1.15,0.0,17.86,16.61,16.81,0.0,10,285,2021,16.978571428571428,0.7514285714285714,16.72,2.21,4.94,16.57,3.9,18.11,0.16
2021-10-13,17.86,22.32,14.68,64.66,0.0,1.04,0.0,17.59,17.65,16.59,0.0,10,286,2021,17.16,0.6357142857142856,16.91,0.09,0.81,16.35,3.82,18.18,0.97
2021-10-14,17.59,22.37,13.52,71.96,0.0,1.08,0.08,17.31,17.86,17.21,0.0,10,287,2021,17.21428571428571,0.5371428571428571,16.61,0.0,0.69,16.32,1.02,16.93,1.63
2021-10-15,17.31,20.66,14.99,88.16,0.08,1.04,6.06,16.96,17.59,17.16,0.0,10,288,2021,17.235714285714284,0.33999999999999997,17.65,0.0,1.46,16.4,1.51,16.41,4.83
2021-10-16,16.96,20.43,14.37,90.15,6.06,1.13,16.24,16.33,17.31,16.72,0.08,10,289,2021,17.27,0.8899999999999999,17.86,0.0,2.21,15.85,3.78,16.59,1.71
2021-10-17,16.33,19.27,14.66,94.92,16.24,0.91,13.46,15.43,16.96,16.91,6.06,10,290,2021,17.187142857142856,3.197142857142857,17.59,0.0,0.09,15.98,10.99,16.83,2.4
2021-10-18,15.43,17.63,13.9,94.83,13.46,1.33,51.16,13.84,16.33,16.61,16.24,10,291,2021,17.018571428571427,5.12,17.31,0.08,0.0,16.63,5.71,18.09,0.71
2021-10-19,13.84,16.06,11.91,94.96,51.16,1.87,10.13,15.27,15.43,17.65,13.46,10,292,2021,16.474285714285713,12.428571428571429,16.96,6.06,0.0,16.81,4.94,18.46,0.41
2021-10-20,15.27,19.43,11.82,92.88,10.13,1.09,0.19,14.63,13.84,17.86,51.16,10,293,2021,16.104285714285716,13.875714285714285,16.33,16.24,0.0,16.59,0.81,18.19,4.31
2021-10-21,14.63,19.51,11.45,79.91,0.19,1.19,0.28,14.26,15.27,17.59,10.13,10,294,2021,15.68142857142857,13.902857142857144,15.43,13.46,0.0,17.21,0.69,17.54,3.79
2021-10-22,14.26,18.07,12.11,89.27,0.28,1.26,0.33,13.52,14.63,17.31,0.19,10,295,2021,15.245714285714286,13.93142857142857,13.84,51.16,0.08,17.16,1.46,16.6,7.99
2021-10-23,13.52,16.48,11.47,93.39,0.33,0.96,0.16,13.85,14.26,16.96,0.28,10,296,2021,14.754285714285713,13.112857142857143,15.27,10.13,6.06,16.72,2.21,16.9,1.76
2021-10-24,13.85,17.45,11.24,88.47,0.16,1.0,0.49,12.5,13.52,16.33,0.33,10,297,2021,14.4,10.815714285714288,14.63,0.19,16.24,16.91,0.09,17.45,0.52
2021-10-25,12.5,15.8,10.34,85.55,0.49,0.86,0.38,12.93,13.85,15.43,0.16,10,298,2021,13.981428571428571,8.962857142857143,14.26,0.28,13.46,16.61,0.0,17.51,2.64
2021-10-26,12.93,17.22,9.85,80.58,0.38,1.21,0.0,12.52,12.5,13.84,0.49,10,299,2021,13.85142857142857,1.7085714285714286,13.52,0.33,51.16,17.65,0.0,16.96,2.56
2021-10-27,12.52,17.06,9.2,73.43,0.0,1.08,0.0,12.85,12.93,15.27,0.38,10,300,2021,13.458571428571428,0.26142857142857145,13.85,0.16,10.13,17.86,0.0,17.34,3.6
2021-10-28,12.85,17.41,9.14,73.9,0.0,1.23,0.0,12.75,12.52,14.63,0.0,10,301,2021,13.204285714285716,0.2342857142857143,12.5,0.49,0.19,17.59,0.0,16.57,3.9
2021-10-29,12.75,17.48,9.64,79.32,0.0,1.21,0.0,12.44,12.85,14.26,0.0,10,302,2021,12.98857142857143,0.1942857142857143,12.93,0.38,0.28,17.31,0.08,16.35,3.82
2021-10-30,12.44,17.41,9.11,70.56,0.0,1.32,0.0,11.92,12.75,13.52,0.0,10,303,2021,12.834285714285715,0.14714285714285716,12.52,0.0,0.33,16.96,6.06,16.32,1.02
2021-10-31,11.92,16.55,8.95,87.15,0.0,1.33,0.0,11.44,12.44,13.85,0.0,10,304,2021,12.558571428571428,0.12428571428571429,12.85,0.0,0.16,16.33,16.24,16.4,1.51
2021-11-01,11.44,15.98,8.61,81.63,0.0,1.13,0.0,11.02,11.92,12.5,0.0,11,305,2021,12.407142857142857,0.054285714285714284,12.75,0.0,0.49,15.43,13.46,15.85,3.78
2021-11-02,11.02,15.66,8.1,78.4,0.0,1.23,0.0,10.86,11.44,12.93,0.0,11,306,2021,12.134285714285713,0.0,12.44,0.0,0.38,13.84,51.16,15.98,10.99
2021-11-03,10.86,15.66,7.85,67.94,0.0,1.25,0.0,10.09,11.02,12.52,0.0,11,307,2021,11.897142857142857,0.0,11.92,0.0,0.0,15.27,10.13,16.63,5.71
2021-11-04,10.09,15.3,6.04,64.75,0.0,1.4,0.0,10.55,10.86,12.85,0.0,11,308,2021,11.502857142857142,0.0,11.44,0.0,0.0,14.63,0.19,16.81,4.94
2021-11-05,10.55,15.39,7.15,65.27,0.0,1.24,0.0,11.05,10.09,12.75,0.0,11,309,2021,11.188571428571427,0.0,11.02,0.0,0.0,14.26,0.28,16.59,0.81
2021-11-06,11.05,15.97,7.68,69.96,0.0,1.25,0.0,11.46,10.55,12.44,0.0,11,310,2021,10.989999999999998,0.0,10.86,0.0,0.0,13.52,0.33,17.21,0.69
2021-11-07,11.46,16.42,8.44,69.72,0.0,1.04,0.0,11.38,11.05,11.92,0.0,11,311,2021,10.924285714285714,0.0,10.09,0.0,0.0,13.85,0.16,17.16,1.46
2021-11-08,11.38,16.57,8.05,64.16,0.0,1.15,0.0,11.68,11.46,11.44,0.0,11,312,2021,10.915714285714285,0.0,10.55,0.0,0.0,12.5,0.49,16.72,2.21
2021-11-09,11.68,16.74,8.14,70.03,0.0,1.06,0.0,12.08,11.38,11.02,0.0,11,313,2021,11.010000000000002,0.0,11.05,0.0,0.0,12.93,0.38,16.91,0.09
2021-11-10,12.08,16.75,9.08,83.05,0.0,1.06,0.0,11.93,11.68,10.86,0.0,11,314,2021,11.184285714285716,0.0,11.46,0.0,0.0,12.52,0.0,16.61,0.0
2021-11-11,11.93,16.58,8.73,86.22,0.0,1.17,0.0,11.54,12.08,10.09,0.0,11,315,2021,11.447142857142856,0.0,11.38,0.0,0.0,12.85,0.0,17.65,0.0
2021-11-12,11.54,16.66,8.47,68.27,0.0,1.26,0.0,11.19,11.93,10.55,0.0,11,316,2021,11.588571428571429,0.0,11.68,0.0,0.0,12.75,0.0,17.86,0.0
2021-11-13,11.19,16.31,7.75,67.91,0.0,1.37,0.13,11.32,11.54,11.05,0.0,11,317,2021,11.608571428571429,0.0,12.08,0.0,0.0,12.44,0.0,17.59,0.0
2021-11-14,11.32,16.75,8.15,61.94,0.13,1.1,0.05,10.15,11.19,11.46,0.0,11,318,2021,11.588571428571429,0.018571428571428572,11.93,0.0,0.0,11.92,0.0,17.31,0.08
2021-11-15,10.15,15.48,7.23,65.24,0.05,1.08,0.0,10.03,11.32,11.38,0.13,11,319,2021,11.412857142857144,0.025714285714285714,11.54,0.0,0.0,11.44,0.0,16.96,6.06
2021-11-16,10.03,15.37,6.21,71.87,0.0,1.29,0.0,11.41,10.15,11.68,0.05,11,320,2021,11.177142857142856,0.025714285714285714,11.19,0.0,0.0,11.02,0.0,16.33,16.24
2021-11-17,11.41,16.48,8.3,76.19,0.0,1.02,0.0,12.14,10.03,12.08,0.0,11,321,2021,11.081428571428571,0.025714285714285714,11.32,0.13,0.0,10.86,0.0,15.43,13.46
2021-11-18,12.14,16.62,9.67,75.95,0.0,1.1,0.05,11.87,11.41,11.93,0.0,11,322,2021,11.111428571428572,0.025714285714285714,10.15,0.05,0.0,10.09,0.0,13.84,51.16
2021-11-19,11.87,16.91,9.06,78.12,0.05,1.36,0.28,11.84,12.14,11.54,0.0,11,323,2021,11.15857142857143,0.032857142857142856,10.03,0.0,0.0,10.55,0.0,15.27,10.13
2021-11-20,11.84,17.2,8.66,74.45,0.28,1.52,0.0,11.01,11.87,11.19,0.05,11,324,2021,11.251428571428573,0.07285714285714286,11.41,0.0,0.0,11.05,0.0,14.63,0.19
2021-11-21,11.01,16.89,7.4,75.67,0.0,1.5,0.0,10.18,11.84,11.32,0.28,11,325,2021,11.207142857142856,0.054285714285714284,12.14,0.0,0.13,11.46,0.0,14.26,0.28
2021-11-22,10.18,15.83,6.84,74.41,0.0,1.35,0.0,9.9,11.01,10.15,0.0,11,326,2021,11.211428571428572,0.047142857142857146,11.87,0.05,0.05,11.38,0.0,13.52,0.33
2021-11-23,9.9,14.67,6.77,69.61,0.0,1.07,0.0,9.23,10.18,10.03,0.0,11,327,2021,11.192857142857141,0.047142857142857146,11.84,0.28,0.0,11.68,0.0,13.85,0.16
2021-11-24,9.23,13.51,7.09,81.72,0.0,0.99,0.0,8.86,9.9,11.41,0.0,11,328,2021,10.881428571428572,0.047142857142857146,11.01,0.0,0.0,12.08,0.0,12.5,0.49
2021-11-25,8.86,13.04,6.12,85.77,0.0,1.0,0.0,8.71,9.23,12.14,0.0,11,329,2021,10.412857142857144,0.047142857142857146,10.18,0.0,0.0,11.93,0.0,12.93,0.38
2021-11-26,8.71,12.82,6.32,89.06,0.0,0.84,0.0,8.75,8.86,11.87,0.0,11,330,2021,9.961428571428572,0.04,9.9,0.0,0.05,11.54,0.0,12.52,0.0
2021-11-27,8.75,12.55,6.52,84.37,0.0,0.97,0.0,9.53,8.71,11.84,0.0,11,331,2021,9.52,0.0,9.23,0.0,0.28,11.19,0.0,12.85,0.0
2021-11-28,9.53,14.27,5.97,77.01,0.0,1.07,0.0,9.77,8.75,11.01,0.0,11,332,2021,9.308571428571428,0.0,8.86,0.0,0.0,11.32,0.13,12.75,0.0
2021-11-29,9.77,14.49,6.51,73.11,0.0,1.12,0.0,10.7,9.53,10.18,0.0,11,333,2021,9.25,0.0,8.71,0.0,0.0,10.15,0.05,12.44,0.0
2021-11-30,10.7,15.92,7.81,75.22,0.0,0.94,0.0,11.39,9.77,9.9,0.0,11,334,2021,9.364285714285714,0.0,8.75,0.0,0.0,10.03,0.0,11.92,0.0
2021-12-01,11.39,15.41,8.67,71.84,0.0,0.88,0.01,12.08,10.7,9.23,0.0,12,335,2021,9.672857142857143,0.0,9.53,0.0,0.0,11.41,0.0,11.44,0.0
2021-12-02,12.08,17.05,9.42,75.94,0.01,1.07,0.26,11.1,11.39,8.86,0.0,12,336,2021,10.132857142857144,0.0014285714285714286,9.77,0.0,0.0,12.14,0.0,11.02,0.0
2021-12-03,11.1,15.15,8.72,82.68,0.26,1.21,0.09,11.55,12.08,8.71,0.01,12,337,2021,10.474285714285713,0.038571428571428576,10.7,0.0,0.0,11.87,0.05,10.86,0.0
2021-12-04,11.55,16.17,9.06,78.08,0.09,1.08,0.05,11.19,11.1,8.75,0.26,12,338,2021,10.874285714285715,0.05142857142857143,11.39,0.0,0.0,11.84,0.28,10.09,0.0
2021-12-05,11.19,16.08,7.81,72.33,0.05,0.9,0.0,10.21,11.55,9.53,0.09,12,339,2021,11.111428571428572,0.05857142857142857,12.08,0.01,0.0,11.01,0.0,10.55,0.0
2021-12-06,10.21,15.13,6.79,68.87,0.0,1.05,0.0,9.1,11.19,9.77,0.05,12,340,2021,11.174285714285714,0.05857142857142857,11.1,0.26,0.0,10.18,0.0,11.05,0.0
2021-12-07,9.1,14.02,5.73,73.04,0.0,1.24,0.0,9.98,10.21,10.7,0.0,12,341,2021,10.945714285714287,0.05857142857142857,11.55,0.09,0.0,9.9,0.0,11.46,0.0
2021-12-08,9.98,14.78,7.29,56.64,0.0,1.15,0.0,9.1,9.1,11.39,0.0,12,342,2021,10.744285714285715,0.05857142857142857,11.19,0.05,0.0,9.23,0.0,11.38,0.0
2021-12-09,9.1,13.88,5.89,51.12,0.0,1.08,0.0,7.49,9.98,12.08,0.0,12,343,2021,10.31857142857143,0.05714285714285715,10.21,0.0,0.01,8.86,0.0,11.68,0.0
2021-12-10,7.49,12.66,4.29,59.12,0.0,1.24,0.0,7.44,9.1,11.1,0.0,12,344,2021,9.802857142857144,0.02,9.1,0.0,0.26,8.71,0.0,12.08,0.0
2021-12-11,7.44,13.49,2.72,63.45,0.0,1.16,0.0,7.18,7.49,11.55,0.0,12,345,2021,9.215714285714286,0.0071428571428571435,9.98,0.0,0.09,8.75,0.0,11.93,0.0
2021-12-12,7.18,11.81,3.28,64.39,0.0,0.99,0.0,7.51,7.44,11.19,0.0,12,346,2021,8.642857142857142,0.0,9.1,0.0,0.05,9.53,0.0,11.54,0.0
2021-12-13,7.51,12.71,4.03,52.44,0.0,1.03,0.0,7.59,7.18,10.21,0.0,12,347,2021,8.257142857142856,0.0,7.49,0.0,0.0,9.77,0.0,11.19,0.0
2021-12-14,7.59,13.51,3.6,57.46,0.0,1.3,0.0,7.29,7.51,9.1,0.0,12,348,2021,8.041428571428572,0.0,7.44,0.0,0.0,10.7,0.0,11.32,0.13
2021-12-15,7.29,14.03,3.32,50.97,0.0,1.35,0.0,7.2,7.59,9.98,0.0,12,349,2021,7.6571428571428575,0.0,7.18,0.0,0.0,11.39,0.0,10.15,0.05
2021-12-16,7.2,13.75,2.9,47.67,0.0,1.35,0.0,7.69,7.29,9.1,0.0,12,350,2021,7.385714285714285,0.0,7.51,0.0,0.0,12.08,0.01,10.03,0.0
2021-12-17,7.69,14.23,3.62,41.6,0.0,1.25,0.0,6.62,7.2,7.49,0.0,12,351,2021,7.414285714285714,0.0,7.59,0.0,0.0,11.1,0.26,11.41,0.0
2021-12-18,6.62,12.49,3.15,49.62,0.0,1.21,0.0,5.45,7.69,7.44,0.0,12,352,2021,7.297142857142857,0.0,7.29,0.0,0.0,11.55,0.09,12.14,0.0
2021-12-19,5.45,10.75,1.89,53.27,0.0,1.02,0.0,5.49,6.62,7.18,0.0,12,353,2021,7.05,0.0,7.2,0.0,0.0,11.19,0.05,11.87,0.05
2021-12-20,5.49,11.58,0.97,61.76,0.0,1.29,0.0,5.85,5.45,7.51,0.0,12,354,2021,6.761428571428572,0.0,7.69,0.0,0.0,10.21,0.0,11.84,0.28
2021-12-21,5.85,11.47,2.79,62.04,0.0,1.2,0.0,5.56,5.49,7.59,0.0,12,355,2021,6.5128571428571425,0.0,6.62,0.0,0.0,9.1,0.0,11.01,0.0
2021-12-22,5.56,10.61,2.0,65.15,0.0,1.23,0.0,5.67,5.85,7.29,0.0,12,356,2021,6.265714285714286,0.0,5.45,0.0,0.0,9.98,0.0,10.18,0.0
2021-12-23,5.67,10.88,2.12,79.62,0.0,1.15,0.64,5.27,5.56,7.2,0.0,12,357,2021,6.047142857142858,0.0,5.49,0.0,0.0,9.1,0.0,9.9,0.0
2021-12-24,5.27,9.5,2.45,81.58,0.64,1.11,0.22,4.1,5.67,7.69,0.0,12,358,2021,5.701428571428571,0.09142857142857143,5.85,0.0,0.0,7.49,0.0,9.23,0.0
2021-12-25,4.1,7.57,1.1,89.63,0.22,0.92,0.14,4.58,5.27,6.62,0.64,12,359,2021,5.341428571428572,0.12285714285714286,5.56,0.0,0.0,7.44,0.0,8.86,0.0
2021-12-26,4.58,9.31,0.89,86.37,0.14,0.99,0.13,4.82,4.1,5.45,0.22,12,360,2021,5.217142857142856,0.14285714285714285,5.67,0.0,0.0,7.18,0.0,8.71,0.0
2021-12-27,4.82,9.77,1.17,80.66,0.13,1.15,0.69,5.09,4.58,5.49,0.14,12,361,2021,5.121428571428572,0.16142857142857145,5.27,0.64,0.0,7.51,0.0,8.75,0.0
2021-12-28,5.09,10.33,1.73,74.21,0.69,0.98,12.82,3.07,4.82,5.85,0.13,12,362,2021,5.0128571428571425,0.25999999999999995,4.1,0.22,0.0,7.59,0.0,9.53,0.0
2021-12-29,3.07,6.64,1.32,92.38,12.82,1.48,7.04,3.66,5.09,5.56,0.69,12,363,2021,4.6571428571428575,2.0914285714285716,4.58,0.14,0.0,7.29,0.0,9.77,0.0
2021-12-30,3.66,8.57,0.53,74.78,7.04,1.07,0.0,5.1,3.07,5.67,12.82,12,364,2021,4.37,3.097142857142857,4.82,0.13,0.0,7.2,0.0,10.7,0.0
2021-12-31,5.1,10.01,1.46,61.95,0.0,1.11,0.0,5.77,3.66,5.27,7.04,12,365,2021,4.345714285714286,3.005714285714286,5.09,0.69,0.64,7.69,0.0,11.39,0.0
2022-01-01,5.77,10.97,2.72,68.69,0.0,1.25,0.0,5.94,5.1,4.1,0.0,1,1,2022,4.584285714285714,2.974285714285714,3.07,12.82,0.22,6.62,0.0,12.08,0.01
2022-01-02,5.94,11.21,2.56,60.56,0.0,1.17,0.0,6.06,5.77,4.58,0.0,1,2,2022,4.778571428571429,2.954285714285714,3.66,7.04,0.14,5.45,0.0,11.1,0.26
2022-01-03,6.06,11.56,2.56,62.67,0.0,1.32,0.0,6.74,5.94,4.82,0.0,1,3,2022,4.9557142857142855,2.935714285714286,5.1,0.0,0.13,5.49,0.0,11.55,0.09
2022-01-04,6.74,12.52,2.82,60.31,0.0,1.14,0.0,6.79,6.06,5.09,0.0,1,4,2022,5.191428571428572,2.837142857142857,5.77,0.0,0.69,5.85,0.0,11.19,0.05
2022-01-05,6.79,12.02,3.37,71.04,0.0,1.08,0.02,6.79,6.74,3.07,0.0,1,5,2022,5.722857142857143,1.0057142857142858,5.94,0.0,12.82,5.56,0.0,10.21,0.0
2022-01-06,6.79,11.02,3.56,77.65,0.02,1.27,0.02,7.37,6.79,3.66,0.0,1,6,2022,6.17,0.002857142857142857,6.06,0.0,7.04,5.67,0.0,9.1,0.0
2022-01-07,7.37,12.19,4.02,74.01,0.02,1.13,0.0,8.17,6.79,5.1,0.02,1,7,2022,6.494285714285715,0.005714285714285714,6.74,0.0,0.0,5.27,0.64,9.98,0.0
2022-01-08,8.17,13.62,4.98,72.68,0.0,1.35,0.0,7.99,7.37,5.77,0.02,1,8,2022,6.837142857142857,0.005714285714285714,6.79,0.0,0.0,4.1,0.22,9.1,0.0
2022-01-09,7.99,12.91,3.9,67.95,0.0,1.4,0.0,7.03,8.17,5.94,0.0,1,9,2022,7.130000000000001,0.005714285714285714,6.79,0.02,0.0,4.58,0.14,7.49,0.0
2022-01-10,7.03,10.55,4.36,77.62,0.0,0.92,0.11,6.61,7.99,6.06,0.0,1,10,2022,7.268571428571429,0.005714285714285714,7.37,0.02,0.0,4.82,0.13,7.44,0.0
2022-01-11,6.61,12.19,2.52,63.44,0.11,1.14,0.39,5.78,7.03,6.74,0.0,1,11,2022,7.25,0.02142857142857143,8.17,0.0,0.0,5.09,0.69,7.18,0.0
2022-01-12,5.78,10.51,2.63,74.52,0.39,1.22,0.24,4.56,6.61,6.79,0.11,1,12,2022,7.105714285714286,0.07714285714285715,7.99,0.0,0.0,3.07,12.82,7.51,0.0
2022-01-13,4.56,9.9,0.49,77.16,0.24,1.36,0.02,4.93,5.78,6.79,0.39,1,13,2022,6.7871428571428565,0.10857142857142857,7.03,0.0,0.02,3.66,7.04,7.59,0.0
2022-01-14,4.93,10.22,1.31,63.78,0.02,1.16,0.0,4.38,4.56,7.37,0.24,1,14,2022,6.438571428571429,0.10857142857142857,6.61,0.11,0.02,5.1,0.0,7.29,0.0
2022-01-15,4.38,10.03,0.41,70.85,0.0,1.32,0.0,4.92,4.93,8.17,0.02,1,15,2022,5.897142857142858,0.10857142857142857,5.78,0.39,0.0,5.77,0.0,7.2,0.0
2022-01-16,4.92,12.44,-1.96,62.63,0.0,1.41,0.0,6.21,4.38,7.99,0.0,1,16,2022,5.458571428571429,0.10857142857142857,4.56,0.24,0.0,5.94,0.0,7.69,0.0
2022-01-17,6.21,10.41,2.57,57.74,0.0,0.93,0.0,6.28,4.92,7.03,0.0,1,17,2022,5.341428571428572,0.10857142857142857,4.93,0.02,0.0,6.06,0.0,6.62,0.0
2022-01-18,6.28,11.4,3.25,66.68,0.0,1.19,0.0,5.34,6.21,6.61,0.0,1,18,2022,5.2942857142857145,0.09285714285714286,4.38,0.0,0.11,6.74,0.0,5.45,0.0
2022-01-19,5.34,10.54,1.86,77.09,0.0,1.28,1.58,4.7,6.28,5.78,0.0,1,19,2022,5.231428571428571,0.037142857142857144,4.92,0.0,0.39,6.79,0.0,5.49,0.0
2022-01-20,4.7,8.4,2.59,81.59,1.58,1.24,1.97,4.13,5.34,4.56,0.0,1,20,2022,5.251428571428571,0.2285714285714286,6.21,0.0,0.24,6.79,0.02,5.85,0.0
2022-01-21,4.13,8.58,1.84,86.1,1.97,1.23,0.3,4.03,4.7,4.93,1.58,1,21,2022,5.137142857142857,0.5071428571428571,6.28,0.0,0.02,7.37,0.02,5.56,0.0
2022-01-22,4.03,9.06,0.82,83.0,0.3,1.24,0.17,3.65,4.13,4.38,1.97,1,22,2022,5.087142857142857,0.55,5.34,0.0,0.0,8.17,0.0,5.67,0.0
2022-01-23,3.65,8.51,0.15,84.79,0.17,0.95,0.09,3.98,4.03,4.92,0.3,1,23,2022,4.905714285714287,0.5742857142857144,4.7,1.58,0.0,7.99,0.0,5.27,0.64
2022-01-24,3.98,8.36,1.69,82.72,0.09,0.97,0.16,4.25,3.65,6.21,0.17,1,24,2022,4.587142857142857,0.5871428571428572,4.13,1.97,0.0,7.03,0.0,4.1,0.22
2022-01-25,4.25,9.27,0.96,73.31,0.16,1.15,0.6,2.85,3.98,6.28,0.09,1,25,2022,4.297142857142857,0.6100000000000001,4.03,0.3,0.0,6.61,0.11,4.58,0.14
2022-01-26,2.85,7.48,0.12,73.99,0.6,1.09,0.0,2.26,4.25,5.34,0.16,1,26,2022,3.9414285714285713,0.6957142857142857,3.65,0.17,0.0,5.78,0.39,4.82,0.13
2022-01-27,2.26,7.61,-1.23,72.68,0.0,1.23,0.0,2.69,2.85,4.7,0.6,1,27,2022,3.5928571428571425,0.47000000000000003,3.98,0.09,1.58,4.56,0.24,5.09,0.69
2022-01-28,2.69,8.05,-1.32,76.84,0.0,1.52,0.0,4.55,2.26,4.13,0.0,1,28,2022,3.3871428571428575,0.18857142857142856,4.25,0.16,1.97,4.93,0.02,3.07,12.82
2022-01-29,4.55,11.08,0.32,60.28,0.0,1.45,0.0,5.56,2.69,4.03,0.0,1,29,2022,3.4614285714285713,0.1457142857142857,2.85,0.6,0.3,4.38,0.0,3.66,7.04
2022-01-30,5.56,12.07,1.8,69.37,0.0,1.32,0.08,4.98,4.55,3.65,0.0,1,30,2022,3.7342857142857144,0.12142857142857143,2.26,0.0,0.17,4.92,0.0,5.1,0.0
2022-01-31,4.98,10.53,1.48,76.69,0.08,1.26,0.21,3.69,5.56,3.98,0.0,1,31,2022,3.8771428571428572,0.12,2.69,0.0,0.09,6.21,0.0,5.77,0.0
2022-02-01,3.69,8.16,0.27,84.36,0.21,1.68,0.08,4.92,4.98,4.25,0.08,2,32,2022,3.7971428571428576,0.12714285714285714,4.55,0.0,0.16,6.28,0.0,5.94,0.0
2022-02-02,4.92,10.59,0.94,65.65,0.08,1.36,5.06,4.43,3.69,2.85,0.21,2,33,2022,4.0928571428571425,0.05285714285714286,5.56,0.0,0.6,5.34,0.0,6.06,0.0
2022-02-03,4.43,9.98,0.15,74.94,5.06,1.21,16.7,2.64,4.92,2.26,0.08,2,34,2022,4.402857142857143,0.7757142857142857,4.98,0.08,0.0,4.7,1.58,6.74,0.0
2022-02-04,2.64,4.83,0.02,93.53,16.7,2.05,3.64,0.79,4.43,2.69,5.06,2,35,2022,4.395714285714286,3.1614285714285715,3.69,0.21,0.0,4.13,1.97,6.79,0.0
2022-02-05,0.79,4.89,-1.99,90.59,3.64,1.27,0.0,2.8,2.64,4.55,16.7,2,36,2022,3.858571428571428,3.6814285714285715,4.92,0.08,0.0,4.03,0.3,6.79,0.02
2022-02-06,2.8,9.93,-4.01,72.13,0.0,1.42,0.0,4.67,0.79,5.56,3.64,2,37,2022,3.4642857142857144,3.6814285714285715,4.43,5.06,0.0,3.65,0.17,7.37,0.02
2022-02-07,4.67,10.71,0.93,76.43,0.0,1.51,0.0,4.42,2.8,4.98,0.0,2,38,2022,3.4199999999999995,3.6700000000000004,2.64,16.7,0.08,3.98,0.09,8.17,0.0
2022-02-08,4.42,8.89,0.55,83.46,0.0,1.49,0.0,4.54,4.67,3.69,0.0,2,39,2022,3.524285714285714,3.64,0.79,3.64,0.21,4.25,0.16,7.99,0.0
2022-02-09,4.54,9.71,0.69,77.06,0.0,1.46,0.12,4.47,4.42,4.92,0.0,2,40,2022,3.4699999999999998,3.6285714285714286,2.8,0.0,0.08,2.85,0.6,7.03,0.0
2022-02-10,4.47,9.47,0.93,83.89,0.12,1.28,0.1,3.93,4.54,4.43,0.0,2,41,2022,3.4757142857142855,2.922857142857143,4.67,0.0,5.06,2.26,0.0,6.61,0.11
2022-02-11,3.93,9.5,-0.89,78.2,0.1,1.65,0.0,4.63,4.47,2.64,0.12,2,42,2022,3.66,0.5514285714285715,4.42,0.0,16.7,2.69,0.0,5.78,0.39
2022-02-12,4.63,12.22,-2.52,60.1,0.0,1.65,0.0,6.48,3.93,0.79,0.1,2,43,2022,4.208571428571429,0.03142857142857143,4.54,0.0,3.64,4.55,0.0,4.56,0.24
2022-02-13,6.48,11.6,2.93,70.01,0.0,1.21,0.0,6.84,4.63,2.8,0.0,2,44,2022,4.734285714285714,0.03142857142857143,4.47,0.12,0.0,5.56,0.0,4.93,0.02
2022-02-14,6.84,12.77,2.05,69.5,0.0,1.26,0.0,6.68,6.48,4.67,0.0,2,45,2022,5.0442857142857145,0.03142857142857143,3.93,0.1,0.0,4.98,0.08,4.38,0.0
2022-02-15,6.68,12.86,1.42,76.66,0.0,1.44,0.0,6.26,6.84,4.42,0.0,2,46,2022,5.367142857142857,0.03142857142857143,4.63,0.0,0.0,3.69,0.21,4.92,0.0
2022-02-16,6.26,10.87,3.21,79.02,0.0,1.56,0.0,6.18,6.68,4.54,0.0,2,47,2022,5.612857142857143,0.03142857142857143,6.48,0.0,0.0,4.92,0.08,6.21,0.0
2022-02-17,6.18,11.87,2.09,71.35,0.0,1.62,0.0,6.85,6.26,4.47,0.0,2,48,2022,5.857142857142857,0.014285714285714287,6.84,0.0,0.12,4.43,5.06,6.28,0.0
2022-02-18,6.85,12.86,2.75,65.19,0.0,1.48,0.02,5.58,6.18,3.93,0.0,2,49,2022,6.274285714285715,0.0,6.68,0.0,0.1,2.64,16.7,5.34,0.0
2022-02-19,5.58,11.7,0.69,67.63,0.02,1.82,0.84,4.69,6.85,4.63,0.0,2,50,2022,6.409999999999999,0.002857142857142857,6.26,0.0,0.0,0.79,3.64,4.7,1.58
2022-02-20,4.69,9.72,1.46,67.6,0.84,1.85,0.14,4.29,5.58,6.48,0.02,2,51,2022,6.154285714285715,0.12285714285714286,6.18,0.0,0.0,2.8,0.0,4.13,1.97
2022-02-21,4.29,9.87,-0.27,68.55,0.14,1.67,0.0,6.17,4.69,6.84,0.84,2,52,2022,5.79,0.14285714285714285,6.85,0.0,0.0,4.67,0.0,4.03,0.3
2022-02-22,6.17,12.25,1.66,59.28,0.0,1.41,0.0,7.68,4.29,6.68,0.14,2,53,2022,5.717142857142856,0.14285714285714285,5.58,0.02,0.0,4.42,0.0,3.65,0.17
2022-02-23,7.68,13.12,3.89,63.7,0.0,1.43,0.0,8.14,6.17,6.26,0.0,2,54,2022,5.92,0.14285714285714285,4.69,0.84,0.0,4.54,0.0,3.98,0.09
2022-02-24,8.14,14.71,2.36,63.61,0.0,1.61,0.15,7.06,7.68,6.18,0.0,2,55,2022,6.200000000000001,0.14285714285714285,4.29,0.14,0.0,4.47,0.12,4.25,0.16
2022-02-25,7.06,11.86,3.41,65.98,0.15,1.21,0.0,6.76,8.14,6.85,0.0,2,56,2022,6.2299999999999995,0.16428571428571428,6.17,0.0,0.0,3.93,0.1,2.85,0.6
2022-02-26,6.76,12.55,2.22,63.78,0.0,1.64,0.0,7.31,7.06,5.58,0.15,2,57,2022,6.398571428571429,0.16142857142857142,7.68,0.0,0.02,4.63,0.0,2.26,0.0
2022-02-27,7.31,13.57,2.65,63.73,0.0,1.93,0.0,8.05,6.76,4.69,0.0,2,58,2022,6.772857142857142,0.04142857142857143,8.14,0.0,0.84,6.48,0.0,2.69,0.0
2022-02-28,8.05,14.11,3.07,57.75,0.0,1.75,0.0,9.27,7.31,4.29,0.0,2,59,2022,7.3100000000000005,0.02142857142857143,7.06,0.15,0.14,6.84,0.0,4.55,0.0
2022-03-01,9.27,14.96,5.45,50.62,0.0,1.41,0.01,8.67,8.05,6.17,0.0,3,60,2022,7.752857142857143,0.02142857142857143,6.76,0.0,0.0,6.68,0.0,5.56,0.0
2022-03-02,8.67,13.65,4.31,62.97,0.01,1.64,0.0,9.37,9.27,7.68,0.0,3,61,2022,7.894285714285715,0.022857142857142857,7.31,0.0,0.0,6.26,0.0,4.98,0.08
2022-03-03,9.37,15.38,5.27,62.66,0.0,1.62,0.0,9.3,8.67,8.14,0.01,3,62,2022,8.07,0.022857142857142857,8.05,0.0,0.0,6.18,0.0,3.69,0.21
2022-03-04,9.3,16.09,2.97,59.47,0.0,1.96,0.0,9.78,9.37,7.06,0.0,3,63,2022,8.39,0.0014285714285714286,9.27,0.0,0.15,6.85,0.0,4.92,0.08
2022-03-05,9.78,16.3,4.76,56.65,0.0,1.79,0.0,11.65,9.3,6.76,0.0,3,64,2022,8.821428571428571,0.0014285714285714286,8.67,0.01,0.0,5.58,0.02,4.43,5.06
2022-03-06,11.65,18.49,6.17,51.34,0.0,1.56,0.0,12.66,9.78,7.31,0.0,3,65,2022,9.441428571428572,0.0014285714285714286,9.37,0.0,0.0,4.69,0.84,2.64,16.7
2022-03-07,12.66,19.23,7.85,50.14,0.0,1.55,0.0,12.59,11.65,8.05,0.0,3,66,2022,10.1,0.0014285714285714286,9.3,0.0,0.0,4.29,0.14,0.79,3.64
2022-03-08,12.59,19.33,7.6,45.15,0.0,1.66,0.0,12.65,12.66,9.27,0.0,3,67,2022,10.574285714285713,0.0014285714285714286,9.78,0.0,0.0,6.17,0.0,2.8,0.0
2022-03-09,12.65,18.77,8.56,48.22,0.0,1.6,0.0,12.51,12.59,8.67,0.0,3,68,2022,11.142857142857142,0.0,11.65,0.0,0.01,7.68,0.0,4.67,0.0
2022-03-10,12.51,18.72,8.45,48.07,0.0,1.48,0.0,12.07,12.65,9.37,0.0,3,69,2022,11.591428571428569,0.0,12.66,0.0,0.0,8.14,0.0,4.42,0.0
2022-03-11,12.07,18.34,7.69,49.3,0.0,1.49,0.0,12.14,12.51,9.3,0.0,3,70,2022,11.987142857142857,0.0,12.59,0.0,0.0,7.06,0.15,4.54,0.0
2022-03-12,12.14,18.3,7.16,51.85,0.0,1.55,0.0,13.07,12.07,9.78,0.0,3,71,2022,12.324285714285713,0.0,12.65,0.0,0.0,6.76,0.0,4.47,0.12
2022-03-13,13.07,19.04,8.88,57.77,0.0,1.63,0.0,14.89,12.14,11.65,0.0,3,72,2022,12.527142857142858,0.0,12.51,0.0,0.0,7.31,0.0,3.93,0.1
2022-03-14,14.89,21.28,10.17,53.86,0.0,1.6,0.01,14.8,13.07,12.66,0.0,3,73,2022,12.845714285714289,0.0,12.07,0.0,0.0,8.05,0.0,4.63,0.0
2022-03-15,14.8,20.6,10.33,57.65,0.01,1.58,0.53,14.36,14.89,12.59,0.0,3,74,2022,13.161428571428573,0.0014285714285714286,12.14,0.0,0.0,9.27,0.0,6.48,0.0
2022-03-16,14.36,19.84,10.1,64.57,0.53,1.7,0.23,15.47,14.8,12.65,0.01,3,75,2022,13.405714285714286,0.07714285714285715,13.07,0.0,0.0,8.67,0.01,6.84,0.0
2022-03-17,15.47,21.49,11.13,58.69,0.23,1.56,0.0,16.64,14.36,12.51,0.53,3,76,2022,13.828571428571431,0.11,14.89,0.0,0.0,9.37,0.0,6.68,0.0
2022-03-18,16.64,22.54,12.36,56.32,0.0,1.59,0.0,16.54,15.47,12.07,0.23,3,77,2022,14.481428571428571,0.11,14.8,0.01,0.0,9.3,0.0,6.26,0.0
2022-03-19,16.54,22.62,12.2,61.06,0.0,1.74,0.13,15.77,16.64,12.14,0.0,3,78,2022,15.110000000000001,0.11,14.36,0.53,0.0,9.78,0.0,6.18,0.0
2022-03-20,15.77,21.82,10.91,56.62,0.13,1.84,0.74,14.31,16.54,13.07,0.0,3,79,2022,15.495714285714287,0.1285714285714286,15.47,0.23,0.0,11.65,0.0,6.85,0.0
2022-03-21,14.31,20.27,8.19,60.37,0.74,1.56,6.26,14.96,15.77,14.89,0.13,3,80,2022,15.412857142857145,0.2342857142857143,16.64,0.0,0.0,12.66,0.0,5.58,0.02
2022-03-22,14.96,20.18,11.42,61.18,6.26,1.72,1.84,14.06,14.31,14.8,0.74,3,81,2022,15.435714285714285,1.127142857142857,16.54,0.0,0.01,12.59,0.0,4.69,0.84
2022-03-23,14.06,19.44,8.3,61.2,1.84,1.57,1.97,12.96,14.96,14.36,6.26,3,82,2022,15.392857142857142,1.3142857142857143,15.77,0.13,0.53,12.65,0.0,4.29,0.14
2022-03-24,12.96,19.3,8.1,57.63,1.97,1.96,0.36,12.73,14.06,15.47,1.84,3,83,2022,15.034285714285716,1.5628571428571427,14.31,0.74,0.23,12.51,0.0,6.17,0.0
2022-03-25,12.73,19.86,7.01,53.47,0.36,2.38,0.01,13.74,12.96,16.64,1.97,3,84,2022,14.475714285714286,1.614285714285714,14.96,6.26,0.0,12.07,0.0,7.68,0.0
2022-03-26,13.74,20.19,8.02,44.97,0.01,2.1,0.07,14.61,12.73,16.54,0.36,3,85,2022,14.075714285714286,1.6157142857142854,14.06,1.84,0.0,12.14,0.0,8.14,0.0
2022-03-27,14.61,20.77,9.65,45.75,0.07,1.79,0.06,14.33,13.74,15.77,0.01,3,86,2022,13.91,1.6071428571428572,12.96,1.97,0.13,13.07,0.0,7.06,0.15
2022-03-28,14.33,20.34,9.74,49.73,0.06,1.83,0.27,14.51,14.61,14.31,0.07,3,87,2022,13.912857142857144,1.51,12.73,0.36,0.74,14.89,0.0,6.76,0.0
2022-03-29,14.51,20.8,9.41,53.37,0.27,1.81,1.31,14.51,14.33,14.96,0.06,3,88,2022,13.848571428571429,0.6542857142857142,13.74,0.01,6.26,14.8,0.01,7.31,0.0
2022-03-30,14.51,20.53,9.66,64.27,1.31,1.64,3.37,14.59,14.51,14.06,0.27,3,89,2022,13.912857142857144,0.5785714285714286,14.61,0.07,1.84,14.36,0.53,8.05,0.0
2022-03-31,14.59,20.31,10.07,71.5,3.37,1.68,0.06,15.47,14.51,12.96,1.31,3,90,2022,14.145714285714288,0.7785714285714286,14.33,0.06,1.97,15.47,0.23,9.27,0.0
2022-04-01,15.47,21.52,10.05,60.08,0.06,1.77,2.66,16.08,14.59,12.73,3.37,4,91,2022,14.537142857142857,0.7357142857142857,14.51,0.27,0.36,16.64,0.0,8.67,0.01
2022-04-02,16.08,21.63,12.16,56.21,2.66,1.62,3.58,15.27,15.47,13.74,0.06,4,92,2022,14.87142857142857,1.1142857142857143,14.51,1.31,0.01,16.54,0.0,9.37,0.0
2022-04-03,15.27,20.55,10.91,68.15,3.58,1.67,0.25,15.99,16.08,14.61,2.66,4,93,2022,14.965714285714284,1.6157142857142859,14.59,3.37,0.07,15.77,0.13,9.3,0.0
2022-04-04,15.99,21.83,11.42,55.65,0.25,1.75,0.24,15.8,15.27,14.33,3.58,4,94,2022,15.202857142857143,1.642857142857143,15.47,0.06,0.06,14.31,0.74,9.78,0.0
2022-04-05,15.8,22.77,10.54,42.85,0.24,1.96,0.06,16.25,15.99,14.51,0.25,4,95,2022,15.387142857142859,1.6385714285714286,16.08,2.66,0.27,14.96,6.26,11.65,0.0
2022-04-06,16.25,22.68,11.37,42.54,0.06,1.77,0.42,15.63,15.8,14.51,0.24,4,96,2022,15.635714285714286,1.4599999999999997,15.27,3.58,1.31,14.06,1.84,12.66,0.0
2022-04-07,15.63,21.52,10.64,51.25,0.42,1.7,1.55,15.46,16.25,14.59,0.06,4,97,2022,15.784285714285714,1.0385714285714287,15.99,0.25,3.37,12.96,1.97,12.59,0.0
2022-04-08,15.46,21.09,10.47,56.69,1.55,1.81,3.57,15.05,15.63,15.47,0.42,4,98,2022,15.782857142857143,1.2514285714285716,15.8,0.24,0.06,12.73,0.36,12.65,0.0
2022-04-09,15.05,20.73,11.26,61.96,3.57,1.66,10.44,14.36,15.46,16.08,1.55,4,99,2022,15.635714285714286,1.3814285714285715,16.25,0.06,2.66,13.74,0.01,12.51,0.0
2022-04-10,14.36,20.37,10.13,67.45,10.44,1.62,0.62,16.47,15.05,15.27,3.57,4,100,2022,15.505714285714287,2.3614285714285717,15.63,0.42,3.58,14.61,0.07,12.07,0.0
2022-04-11,16.47,22.57,11.56,56.32,0.62,1.55,1.25,16.02,14.36,15.99,10.44,4,101,2022,15.574285714285713,2.414285714285714,15.46,1.55,0.25,14.33,0.06,12.14,0.0
2022-04-12,16.02,20.67,11.61,58.93,1.25,1.59,0.3,15.78,16.47,15.8,0.62,4,102,2022,15.605714285714285,2.5585714285714283,15.05,3.57,0.24,14.51,0.27,13.07,0.0
2022-04-13,15.78,21.68,11.37,57.42,0.3,1.56,0.49,16.11,16.02,16.25,1.25,4,103,2022,15.538571428571428,2.5928571428571425,14.36,10.44,0.06,14.51,1.31,14.89,0.0
2022-04-14,16.11,23.72,9.45,45.6,0.49,2.42,0.04,15.76,15.78,15.63,0.3,4,104,2022,15.607142857142858,2.6028571428571428,16.47,0.62,0.42,14.59,3.37,14.8,0.01
2022-04-15,15.76,22.81,9.47,40.58,0.04,1.99,0.01,15.42,16.11,15.46,0.49,4,105,2022,15.65,2.3871428571428575,16.02,1.25,1.55,15.47,0.06,14.36,0.53
2022-04-16,15.42,22.82,8.85,36.03,0.01,2.07,0.44,15.49,15.76,15.05,0.04,4,106,2022,15.702857142857141,1.8785714285714286,15.78,0.3,3.57,16.08,2.66,15.47,0.23
2022-04-17,15.49,22.84,7.81,36.09,0.44,1.94,0.41,16.69,15.42,14.36,0.01,4,107,2022,15.864285714285714,0.45,16.11,0.49,10.44,15.27,3.58,16.64,0.0
2022-04-18,16.69,23.64,11.07,38.66,0.41,1.76,1.6,16.43,15.49,16.47,0.44,4,108,2022,15.895714285714286,0.42,15.76,0.04,0.62,15.99,0.25,16.54,0.0
2022-04-19,16.43,22.55,11.53,50.69,1.6,1.81,5.06,15.9,16.69,16.02,0.41,4,109,2022,15.954285714285716,0.47000000000000003,15.42,0.01,1.25,15.8,0.24,15.77,0.13
2022-04-20,15.9,21.78,11.63,64.77,5.06,1.64,0.99,15.38,16.43,15.78,1.6,4,110,2022,15.971428571428572,1.1500000000000001,15.49,0.44,0.3,16.25,0.06,14.31,0.74
2022-04-21,15.38,20.44,11.1,70.38,0.99,1.6,0.63,16.18,15.9,16.11,5.06,4,111,2022,15.867142857142856,1.2214285714285713,16.69,0.41,0.49,15.63,0.42,14.96,6.26
2022-04-22,16.18,22.0,11.32,65.4,0.63,1.94,0.07,16.63,15.38,15.76,0.99,4,112,2022,15.927142857142856,1.3057142857142858,16.43,1.6,0.04,15.46,1.55,14.06,1.84
2022-04-23,16.63,23.42,9.76,48.54,0.07,2.14,0.0,17.4,16.18,15.42,0.63,4,113,2022,16.099999999999998,1.3142857142857143,15.9,5.06,0.01,15.05,3.57,12.96,1.97
2022-04-24,17.4,24.77,10.6,35.41,0.0,2.23,0.0,17.36,16.63,15.49,0.07,4,114,2022,16.372857142857143,1.2514285714285713,15.38,0.99,0.44,14.36,10.44,12.73,0.36
2022-04-25,17.36,24.55,10.35,33.96,0.0,2.02,0.69,17.06,17.4,16.69,0.0,4,115,2022,16.46857142857143,1.1928571428571428,16.18,0.63,0.41,16.47,0.62,13.74,0.01
2022-04-26,17.06,24.08,9.94,40.07,0.69,1.97,0.98,17.7,17.36,16.43,0.0,4,116,2022,16.55857142857143,1.0628571428571427,16.63,0.07,1.6,16.02,1.25,14.61,0.07
2022-04-27,17.7,23.8,12.91,37.73,0.98,2.0,3.3,17.71,17.06,15.9,0.69,4,117,2022,16.815714285714286,0.48,17.4,0.0,5.06,15.78,0.3,14.33,0.06
2022-04-28,17.71,23.99,12.61,39.57,3.3,1.71,0.76,17.44,17.7,15.38,0.98,4,118,2022,17.148571428571426,0.8099999999999999,17.36,0.0,0.99,16.11,0.49,14.51,0.27
2022-04-29,17.44,23.32,12.17,49.97,0.76,1.8,4.55,16.52,17.71,16.18,3.3,4,119,2022,17.32857142857143,0.8285714285714285,17.06,0.69,0.63,15.76,0.04,14.51,1.31
2022-04-30,16.52,22.75,11.32,60.81,4.55,1.53,0.66,16.83,17.44,16.63,0.76,4,120,2022,17.312857142857144,1.4685714285714284,17.7,0.98,0.07,15.42,0.01,14.59,3.37
2022-05-01,16.83,22.44,12.83,60.54,0.66,1.9,14.8,15.06,16.52,17.4,4.55,5,121,2022,17.23142857142857,1.5628571428571427,17.71,3.3,0.0,15.49,0.44,15.47,0.06
2022-05-02,15.06,20.19,11.72,75.7,14.8,1.28,3.47,15.58,16.83,17.36,0.66,5,122,2022,16.90285714285714,3.6771428571428575,17.44,0.76,0.0,16.69,0.41,16.08,2.66
2022-05-03,15.58,20.32,11.86,81.66,3.47,1.55,2.14,15.95,15.06,17.06,14.8,5,123,2022,16.69142857142857,4.074285714285714,16.52,4.55,0.69,16.43,1.6,15.27,3.58
2022-05-04,15.95,20.24,13.13,85.51,2.14,1.84,7.07,14.89,15.58,17.7,3.47,5,124,2022,16.44142857142857,4.24,16.83,0.66,0.98,15.9,5.06,15.99,0.25
2022-05-05,14.89,18.25,12.22,86.62,7.07,1.3,4.16,15.33,15.95,17.71,2.14,5,125,2022,16.038571428571426,4.778571428571429,15.06,14.8,3.3,15.38,0.99,15.8,0.24
2022-05-06,15.33,19.68,11.91,82.46,4.16,1.47,0.34,15.86,14.89,17.44,7.07,5,126,2022,15.737142857142857,5.264285714285714,15.58,3.47,0.76,16.18,0.63,16.25,0.06
2022-05-07,15.86,20.49,11.95,78.12,0.34,1.49,5.58,15.71,15.33,16.52,4.16,5,127,2022,15.642857142857142,4.662857142857143,15.95,2.14,4.55,16.63,0.07,15.63,0.42
2022-05-08,15.71,19.75,11.96,81.23,5.58,1.54,6.95,15.77,15.86,16.83,0.34,5,128,2022,15.482857142857144,5.365714285714286,14.89,7.07,0.66,17.4,0.0,15.46,1.55
2022-05-09,15.77,19.45,12.94,84.6,6.95,1.51,5.06,16.75,15.71,15.06,5.58,5,129,2022,15.584285714285715,4.244285714285715,15.33,4.16,14.8,17.36,0.0,15.05,3.57
2022-05-10,16.75,21.21,12.91,82.41,5.06,1.46,4.08,17.51,15.77,15.58,6.95,5,130,2022,15.751428571428573,4.4714285714285715,15.86,0.34,3.47,17.06,0.69,14.36,10.44
2022-05-11,17.51,21.78,13.81,81.21,4.08,1.65,1.27,17.91,16.75,15.95,5.06,5,131,2022,15.974285714285715,4.748571428571429,15.71,5.58,2.14,17.7,0.98,16.47,0.62
2022-05-12,17.91,22.37,14.05,77.84,1.27,1.86,5.39,17.63,17.51,14.89,4.08,5,132,2022,16.405714285714286,3.9199999999999995,15.77,6.95,7.07,17.71,3.3,16.02,1.25
2022-05-13,17.63,21.18,14.34,82.07,5.39,1.73,0.27,17.84,17.91,15.33,1.27,5,133,2022,16.734285714285715,4.095714285714285,16.75,5.06,4.16,17.44,0.76,15.78,0.3
2022-05-14,17.84,22.47,13.74,74.87,0.27,1.68,1.58,18.4,17.63,15.86,5.39,5,134,2022,17.017142857142858,4.085714285714285,17.51,4.08,0.34,16.52,4.55,16.11,0.49
2022-05-15,18.4,23.36,14.48,69.84,1.58,1.74,4.82,18.34,17.84,15.71,0.27,5,135,2022,17.40142857142857,3.5142857142857147,17.91,1.27,5.58,16.83,0.66,15.76,0.04
2022-05-16,18.34,24.41,13.75,69.83,4.82,1.66,0.93,18.09,18.4,15.77,1.58,5,136,2022,17.768571428571427,3.21,17.63,5.39,6.95,15.06,14.8,15.42,0.01
2022-05-17,18.09,23.69,12.86,68.01,0.93,2.12,0.51,17.6,18.34,16.75,4.82,5,137,2022,17.96,2.62,17.84,0.27,5.06,15.58,3.47,15.49,0.44
2022-05-18,17.6,23.54,10.77,56.0,0.51,1.92,2.04,17.63,18.09,17.51,0.93,5,138,2022,17.972857142857144,2.11,18.4,1.58,4.08,15.95,2.14,16.69,0.41
2022-05-19,17.63,23.09,12.61,58.72,2.04,2.21,4.91,17.76,17.6,17.91,0.51,5,139,2022,17.93285714285714,2.2199999999999998,18.34,4.82,1.27,14.89,7.07,16.43,1.6
2022-05-20,17.76,23.16,13.74,65.08,4.91,1.76,2.39,17.4,17.63,17.63,2.04,5,140,2022,17.951428571428572,2.1514285714285717,18.09,0.93,5.39,15.33,4.16,15.9,5.06
2022-05-21,17.4,22.9,13.2,63.11,2.39,2.05,7.67,16.45,17.76,17.84,4.91,5,141,2022,17.888571428571428,2.454285714285714,17.6,0.51,0.27,15.86,0.34,15.38,0.99
2022-05-22,16.45,22.24,11.18,61.23,7.67,2.01,2.18,15.94,17.4,18.4,2.39,5,142,2022,17.61,3.3242857142857147,17.63,2.04,1.58,15.71,5.58,16.18,0.63
2022-05-23,15.94,21.18,11.4,63.01,2.18,1.83,1.0,16.59,16.45,18.34,7.67,5,143,2022,17.267142857142858,2.9471428571428575,17.76,4.91,4.82,15.77,6.95,16.63,0.07
2022-05-24,16.59,21.67,12.55,69.48,1.0,1.6,8.77,16.7,15.94,18.09,2.18,5,144,2022,17.052857142857142,2.9571428571428577,17.4,2.39,0.93,16.75,5.06,17.4,0.0
2022-05-25,16.7,21.17,12.46,75.39,8.77,1.74,5.75,15.79,16.59,17.6,1.0,5,145,2022,16.924285714285713,4.137142857142857,16.45,7.67,0.51,17.51,4.08,17.36,0.0
2022-05-26,15.79,19.94,12.64,74.4,5.75,1.66,0.67,16.3,16.7,17.63,8.77,5,146,2022,16.66142857142857,4.667142857142857,15.94,2.18,2.04,17.91,1.27,17.06,0.69
2022-05-27,16.3,20.91,11.78,63.68,0.67,1.8,1.26,16.52,15.79,17.76,5.75,5,147,2022,16.452857142857145,4.061428571428571,16.59,1.0,4.91,17.63,5.39,17.7,0.98
2022-05-28,16.52,20.54,12.43,71.16,1.26,1.68,0.68,17.33,16.3,17.4,0.67,5,148,2022,16.327142857142857,3.9,16.7,8.77,2.39,17.84,0.27,17.71,3.3
2022-05-29,17.33,21.96,13.2,72.68,0.68,1.69,1.05,18.18,16.52,16.45,1.26,5,149,2022,16.45285714285714,2.9014285714285717,15.79,5.75,7.67,18.4,1.58,17.44,0.76
2022-05-30,18.18,22.84,14.31,72.19,1.05,1.79,2.0,18.69,17.33,15.94,0.68,5,150,2022,16.77285714285714,2.7399999999999998,16.3,0.67,2.18,18.34,4.82,16.52,4.55
2022-05-31,18.69,24.44,13.36,67.2,2.0,1.75,1.89,19.22,18.18,16.59,1.05,5,151,2022,17.072857142857142,2.882857142857143,16.52,1.26,1.0,18.09,0.93,16.83,0.66
2022-06-01,19.22,24.99,14.23,65.63,1.89,1.75,0.17,19.39,18.69,16.7,2.0,6,152,2022,17.43285714285714,1.9000000000000001,17.33,0.68,8.77,17.6,0.51,15.06,14.8
2022-06-02,19.39,25.23,14.96,61.37,0.17,1.72,3.17,18.83,19.22,15.79,1.89,6,153,2022,17.947142857142858,1.1028571428571428,18.18,1.05,5.75,17.63,2.04,15.58,3.47
2022-06-03,18.83,24.62,13.6,59.2,3.17,1.73,5.26,18.78,19.39,16.3,0.17,6,154,2022,18.30857142857143,1.4600000000000002,18.69,2.0,0.67,17.76,4.91,15.95,2.14
2022-06-04,18.78,24.75,13.85,63.38,5.26,1.85,4.01,18.88,18.83,16.52,3.17,6,155,2022,18.631428571428575,2.0314285714285716,19.22,1.89,1.26,17.4,2.39,14.89,7.07
2022-06-05,18.88,24.48,14.77,67.11,4.01,1.82,20.91,18.69,18.78,17.33,5.26,6,156,2022,18.852857142857143,2.507142857142857,19.39,0.17,0.68,16.45,7.67,15.33,4.16
2022-06-06,18.69,23.76,15.38,75.63,20.91,1.65,8.47,18.9,18.88,18.18,4.01,6,157,2022,18.925714285714285,5.344285714285713,18.83,3.17,1.05,15.94,2.18,15.86,0.34
2022-06-07,18.9,23.68,14.53,72.83,8.47,1.76,8.81,18.63,18.69,18.69,20.91,6,158,2022,18.955714285714286,6.268571428571429,18.78,5.26,2.0,16.59,1.0,15.71,5.58
2022-06-08,18.63,23.39,14.96,73.17,8.81,1.73,10.88,18.65,18.9,19.22,8.47,6,159,2022,18.87142857142857,7.257142857142857,18.88,4.01,1.89,16.7,8.77,15.77,6.95
2022-06-09,18.65,23.71,14.69,78.11,10.88,1.78,2.32,18.68,18.63,19.39,8.81,6,160,2022,18.765714285714285,8.787142857142857,18.69,20.91,0.17,15.79,5.75,16.75,5.06
2022-06-10,18.68,23.41,14.69,69.34,2.32,2.0,2.98,18.28,18.65,18.83,10.88,6,161,2022,18.744285714285716,8.665714285714285,18.9,8.47,3.17,16.3,0.67,17.51,4.08
2022-06-11,18.28,23.12,14.3,67.55,2.98,1.84,3.93,18.8,18.68,18.78,2.32,6,162,2022,18.672857142857143,8.34,18.63,8.81,5.26,16.52,1.26,17.91,1.27
2022-06-12,18.8,23.17,14.75,71.57,3.93,1.77,2.84,19.09,18.28,18.88,2.98,6,163,2022,18.66142857142857,8.32857142857143,18.65,10.88,4.01,17.33,0.68,17.63,5.39
2022-06-13,19.09,23.48,15.43,70.76,2.84,1.91,6.17,18.72,18.8,18.69,3.93,6,164,2022,18.71857142857143,5.747142857142856,18.68,2.32,20.91,18.18,1.05,17.84,0.27
2022-06-14,18.72,22.89,15.78,76.01,6.17,1.65,19.61,19.02,19.09,18.9,2.84,6,165,2022,18.692857142857143,5.418571428571428,18.28,2.98,8.47,18.69,2.0,18.4,1.58
2022-06-15,19.02,23.45,15.66,80.11,19.61,1.85,11.72,18.56,18.72,18.63,6.17,6,166,2022,18.74857142857143,6.961428571428572,18.8,3.93,8.81,19.22,1.89,18.34,4.82
2022-06-16,18.56,22.76,15.96,87.05,11.72,1.59,9.28,17.99,19.02,18.65,19.61,6,167,2022,18.735714285714288,7.081428571428572,19.09,2.84,10.88,19.39,0.17,18.09,0.93
2022-06-17,17.99,21.87,14.51,88.73,9.28,2.2,9.92,18.49,18.56,18.68,11.72,6,168,2022,18.63714285714286,8.075714285714286,18.72,6.17,2.32,18.83,3.17,17.6,0.51
2022-06-18,18.49,22.14,15.35,85.84,9.92,2.04,6.76,18.49,17.99,18.28,9.28,6,169,2022,18.667142857142856,9.067142857142857,19.02,19.61,2.98,18.78,5.26,17.63,2.04
2022-06-19,18.49,22.22,15.32,83.04,6.76,2.1,8.66,18.11,18.49,18.8,9.92,6,170,2022,18.62285714285714,9.471428571428572,18.56,11.72,3.93,18.88,4.01,17.76,4.91
2022-06-20,18.11,22.89,14.17,78.16,8.66,1.66,2.36,17.49,18.49,19.09,6.76,6,171,2022,18.482857142857142,10.302857142857144,17.99,9.28,2.84,18.69,20.91,17.4,2.39
2022-06-21,17.49,21.9,13.45,78.3,2.36,1.73,0.64,18.25,18.11,18.72,8.66,6,172,2022,18.307142857142857,9.758571428571429,18.49,9.92,6.17,18.9,8.47,16.45,7.67
2022-06-22,18.25,22.87,14.11,81.84,0.64,1.69,2.0,18.74,17.49,19.02,2.36,6,173,2022,18.197142857142854,7.048571428571428,18.49,6.76,19.61,18.63,8.81,15.94,2.18
2022-06-23,18.74,22.27,15.44,86.67,2.0,2.02,5.54,18.89,18.25,18.56,0.64,6,174,2022,18.222857142857144,5.659999999999999,18.11,8.66,11.72,18.65,10.88,16.59,1.0
2022-06-24,18.89,22.67,15.87,89.27,5.54,1.95,4.03,18.48,18.74,17.99,2.0,6,175,2022,18.351428571428567,5.125714285714286,17.49,2.36,9.28,18.68,2.32,16.7,8.77
2022-06-25,18.48,22.16,15.97,88.66,4.03,1.79,11.15,18.0,18.89,18.49,5.54,6,176,2022,18.349999999999998,4.284285714285714,18.25,0.64,9.92,18.28,2.98,15.79,5.75
2022-06-26,18.0,21.47,15.11,87.16,11.15,1.5,11.05,18.21,18.48,18.49,4.03,6,177,2022,18.279999999999998,4.911428571428572,18.74,2.0,6.76,18.8,3.93,16.3,0.67
2022-06-27,18.21,21.4,15.76,91.84,11.05,2.12,18.33,17.85,18.0,18.11,11.15,6,178,2022,18.294285714285714,5.252857142857144,18.89,5.54,8.66,19.09,2.84,16.52,1.26
2022-06-28,17.85,20.03,15.99,94.8,18.33,2.06,2.46,17.18,18.21,17.49,11.05,6,179,2022,18.345714285714287,7.534285714285715,18.48,4.03,2.36,18.72,6.17,17.33,0.68
2022-06-29,17.18,19.26,15.6,94.76,2.46,1.73,1.01,17.45,17.85,18.25,18.33,6,180,2022,18.192857142857143,7.7942857142857145,18.0,11.15,0.64,19.02,19.61,18.18,1.05
2022-06-30,17.45,20.64,14.98,90.11,1.01,1.18,9.32,18.68,17.18,18.74,2.46,6,181,2022,18.00857142857143,7.652857142857143,18.21,11.05,2.0,18.56,11.72,18.69,2.0
2022-07-01,18.68,23.01,15.38,88.78,9.32,2.02,9.55,18.66,17.45,18.89,1.01,7,182,2022,17.978571428571428,8.192857142857143,17.85,18.33,5.54,17.99,9.28,19.22,1.89
2022-07-02,18.66,22.74,16.07,87.61,9.55,1.75,2.4,18.85,18.68,18.48,9.32,7,183,2022,18.004285714285714,8.981428571428571,17.18,2.46,4.03,18.49,9.92,19.39,0.17
2022-07-03,18.85,22.95,15.8,87.54,2.4,1.45,3.41,19.63,18.66,18.0,9.55,7,184,2022,18.125714285714288,7.731428571428572,17.45,1.01,11.15,18.49,6.76,18.83,3.17
2022-07-04,19.63,23.73,16.69,89.75,3.41,1.93,0.49,19.31,18.85,18.21,2.4,7,185,2022,18.32857142857143,6.64,18.68,9.32,11.05,18.11,8.66,18.78,5.26
2022-07-05,19.31,22.2,17.07,91.01,0.49,1.62,1.52,20.09,19.63,17.85,3.41,7,186,2022,18.537142857142857,4.091428571428572,18.66,9.55,18.33,17.49,2.36,18.88,4.01
2022-07-06,20.09,24.61,16.33,85.25,1.52,1.81,4.64,19.9,19.31,17.18,0.49,7,187,2022,18.95285714285714,3.957142857142857,18.85,2.4,2.46,18.25,0.64,18.69,20.91
2022-07-07,19.9,23.68,16.72,88.74,4.64,1.7,16.54,19.29,20.09,17.45,1.52,7,188,2022,19.302857142857142,4.475714285714286,19.63,3.41,1.01,18.74,2.0,18.9,8.47
2022-07-08,19.29,22.75,17.39,91.62,16.54,2.0,2.78,18.93,19.9,18.68,4.64,7,189,2022,19.389999999999997,5.507142857142857,19.31,0.49,9.32,18.89,5.54,18.63,8.81
2022-07-09,18.93,22.9,15.64,86.87,2.78,1.95,2.13,19.28,19.29,18.66,16.54,7,190,2022,19.428571428571427,4.54,20.09,1.52,9.55,18.48,4.03,18.65,10.88
2022-07-10,19.28,23.48,15.14,84.93,2.13,2.01,3.68,19.22,18.93,18.85,2.78,7,191,2022,19.490000000000002,4.501428571428571,19.9,4.64,2.4,18.0,11.15,18.68,2.32
2022-07-11,19.22,23.14,15.48,88.61,3.68,1.92,3.09,19.65,19.28,19.63,2.13,7,192,2022,19.43142857142857,4.54,19.29,16.54,3.41,18.21,11.05,18.28,2.98
2022-07-12,19.65,23.43,16.59,87.78,3.09,1.89,1.37,18.87,19.22,19.31,3.68,7,193,2022,19.479999999999997,4.911428571428571,18.93,2.78,0.49,17.85,18.33,18.8,3.93
2022-07-13,18.87,22.37,16.11,86.48,1.37,1.68,0.77,19.35,19.65,20.09,3.09,7,194,2022,19.305714285714284,4.89,19.28,2.13,1.52,17.18,2.46,19.09,2.84
2022-07-14,19.35,23.62,16.27,86.79,0.77,1.89,0.07,18.86,18.87,19.9,1.37,7,195,2022,19.22714285714286,4.337142857142857,19.22,3.68,4.64,17.45,1.01,18.72,6.17
2022-07-15,18.86,22.51,15.26,83.48,0.07,1.49,0.18,19.63,19.35,19.29,0.77,7,196,2022,19.165714285714284,1.9842857142857144,19.65,3.09,16.54,18.68,9.32,19.02,19.61
2022-07-16,19.63,23.34,16.42,84.7,0.18,1.75,1.79,19.95,18.86,18.93,0.07,7,197,2022,19.26571428571429,1.612857142857143,18.87,1.37,2.78,18.66,9.55,18.56,11.72
2022-07-17,19.95,24.25,16.23,84.17,1.79,1.81,15.0,19.15,19.63,19.28,0.18,7,198,2022,19.361428571428572,1.5642857142857143,19.35,0.77,2.13,18.85,2.4,17.99,9.28
2022-07-18,19.15,22.66,15.89,89.08,15.0,1.87,6.56,18.97,19.95,19.22,1.79,7,199,2022,19.351428571428574,3.1814285714285715,18.86,0.07,3.68,19.63,3.41,18.49,9.92
2022-07-19,18.97,22.82,16.37,91.16,6.56,1.68,13.75,18.77,19.15,19.65,15.0,7,200,2022,19.254285714285714,3.677142857142857,19.63,0.18,3.09,19.31,0.49,18.49,6.76
2022-07-20,18.77,21.38,16.92,89.4,13.75,1.1,17.1,18.44,18.97,18.87,6.56,7,201,2022,19.240000000000002,5.445714285714286,19.95,1.79,1.37,20.09,1.52,18.11,8.66
2022-07-21,18.44,20.92,16.39,91.66,17.1,1.54,8.64,18.73,18.77,19.35,13.75,7,202,2022,19.109999999999996,7.778571428571429,19.15,15.0,0.77,19.9,4.64,17.49,2.36
2022-07-22,18.73,22.48,15.43,87.89,8.64,1.69,14.73,18.21,18.44,18.86,17.1,7,203,2022,19.09142857142857,9.002857142857144,18.97,6.56,0.07,19.29,16.54,18.25,0.64
2022-07-23,18.21,21.24,15.74,88.44,14.73,1.53,7.3,17.77,18.73,19.63,8.64,7,204,2022,18.888571428571428,11.081428571428573,18.77,13.75,0.18,18.93,2.78,18.74,2.0
2022-07-24,17.77,21.44,15.64,87.65,7.3,1.62,10.72,17.35,18.21,19.95,14.73,7,205,2022,18.577142857142857,11.868571428571428,18.44,17.1,1.79,19.28,2.13,18.89,5.54
2022-07-25,17.35,21.0,14.68,91.06,10.72,1.56,19.26,17.51,17.77,19.15,7.3,7,206,2022,18.32,11.257142857142856,18.73,8.64,15.0,19.22,3.68,18.48,4.03
2022-07-26,17.51,20.59,14.67,88.79,19.26,1.59,8.53,17.93,17.35,18.97,10.72,7,207,2022,18.111428571428572,13.071428571428571,18.21,14.73,6.56,19.65,3.09,18.0,11.15
2022-07-27,17.93,21.52,15.05,90.6,8.53,1.83,4.37,17.76,17.51,18.77,19.26,7,208,2022,17.99142857142857,12.325714285714286,17.77,7.3,13.75,18.87,1.37,18.21,11.05
2022-07-28,17.76,20.89,15.19,89.07,4.37,1.7,8.59,18.24,17.93,18.44,8.53,7,209,2022,17.894285714285715,10.507142857142856,17.35,10.72,17.1,19.35,0.77,17.85,18.33
2022-07-29,18.24,22.21,15.15,85.1,8.59,1.49,9.3,18.34,17.76,18.73,4.37,7,210,2022,17.824285714285715,10.5,17.51,19.26,8.64,18.86,0.07,17.18,2.46
2022-07-30,18.34,22.01,15.54,87.03,9.3,1.65,16.28,18.38,18.24,18.21,8.59,7,211,2022,17.842857142857145,9.724285714285713,17.93,8.53,14.73,19.63,0.18,17.45,1.01
2022-07-31,18.38,21.82,15.41,89.95,16.28,2.09,14.85,17.71,18.34,17.77,9.3,7,212,2022,17.93,11.007142857142856,17.76,4.37,7.3,19.95,1.79,18.68,9.32
2022-08-01,17.71,19.52,16.43,95.9,14.85,2.1,8.65,17.66,18.38,17.35,16.28,8,213,2022,17.981428571428573,11.597142857142858,18.24,8.59,10.72,19.15,15.0,18.66,9.55
2022-08-02,17.66,20.29,15.86,93.79,8.65,1.76,1.36,18.5,17.71,17.51,14.85,8,214,2022,18.002857142857145,10.081428571428571,18.34,9.3,19.26,18.97,6.56,18.85,2.4
2022-08-03,18.5,21.77,15.29,88.31,1.36,1.45,3.3,18.38,17.66,17.93,8.65,8,215,2022,18.084285714285716,9.057142857142859,18.38,16.28,8.53,18.77,13.75,19.63,3.41
2022-08-04,18.38,20.38,16.41,93.63,3.3,1.97,2.43,18.99,18.5,17.76,1.36,8,216,2022,18.172857142857143,8.904285714285715,17.71,14.85,4.37,18.44,17.1,19.31,0.49
2022-08-05,18.99,22.97,15.65,87.88,2.43,1.69,14.95,18.22,18.38,18.24,3.3,8,217,2022,18.279999999999998,8.024285714285714,17.66,8.65,8.59,18.73,8.64,20.09,1.52
2022-08-06,18.22,20.91,16.15,91.28,14.95,1.09,1.75,19.32,18.99,18.34,2.43,8,218,2022,18.26285714285714,8.831428571428573,18.5,1.36,9.3,18.21,14.73,19.9,4.64
2022-08-07,19.32,22.78,16.28,89.21,1.75,1.75,1.15,19.5,18.22,18.38,14.95,8,219,2022,18.397142857142857,6.755714285714286,18.38,3.3,16.28,17.77,7.3,19.29,16.54
2022-08-08,19.5,23.62,15.86,87.62,1.15,2.16,1.22,19.94,19.32,17.71,1.75,8,220,2022,18.65285714285714,4.798571428571429,18.99,2.43,14.85,17.35,10.72,18.93,2.78
2022-08-09,19.94,24.24,15.74,87.24,1.22,1.95,4.18,18.76,19.5,17.66,1.15,8,221,2022,18.978571428571428,3.737142857142857,18.22,14.95,8.65,17.51,19.26,19.28,2.13
2022-08-10,18.76,22.91,15.3,88.81,4.18,2.34,0.28,19.08,19.94,18.5,1.22,8,222,2022,19.015714285714285,4.14,19.32,1.75,1.36,17.93,8.53,19.22,3.68
2022-08-11,19.08,23.4,14.87,86.76,0.28,2.45,0.05,19.45,18.76,18.38,4.18,8,223,2022,19.115714285714287,3.708571428571428,19.5,1.15,3.3,17.76,4.37,19.65,3.09
2022-08-12,19.45,23.96,15.16,87.1,0.05,1.82,2.61,19.27,19.08,18.99,0.28,8,224,2022,19.181428571428572,3.3685714285714283,19.94,1.22,2.43,18.24,8.59,18.87,1.37
2022-08-13,19.27,23.29,16.82,92.35,2.61,1.8,7.66,18.73,19.45,18.22,0.05,8,225,2022,19.33142857142857,1.6057142857142856,18.76,4.18,14.95,18.34,9.3,19.35,0.77
2022-08-14,18.73,23.13,15.49,86.61,7.66,2.28,0.51,18.48,19.27,19.32,2.61,8,226,2022,19.247142857142855,2.4499999999999997,19.08,0.28,1.75,18.38,16.28,18.86,0.07
2022-08-15,18.48,22.6,14.43,87.55,0.51,2.52,1.08,18.76,18.73,19.5,7.66,8,227,2022,19.101428571428574,2.358571428571429,19.45,0.05,1.15,17.71,14.85,19.63,0.18
2022-08-16,18.76,22.78,15.47,88.64,1.08,1.53,3.4,18.74,18.48,19.94,0.51,8,228,2022,18.93285714285714,2.3385714285714285,19.27,2.61,1.22,17.66,8.65,19.95,1.79
2022-08-17,18.74,22.06,15.8,91.21,3.4,1.57,4.9,19.43,18.76,18.76,1.08,8,229,2022,18.93,2.2271428571428573,18.73,7.66,4.18,18.5,1.36,19.15,15.0
2022-08-18,19.43,22.89,17.01,90.21,4.9,1.11,9.21,18.27,18.74,19.08,3.4,8,230,2022,18.979999999999997,2.8871428571428575,18.48,0.51,0.28,18.38,3.3,18.97,6.56
2022-08-19,18.27,20.88,16.01,90.64,9.21,1.56,4.11,18.8,19.43,19.45,4.9,8,231,2022,18.81142857142857,4.195714285714286,18.76,1.08,0.05,18.99,2.43,18.77,13.75
2022-08-20,18.8,22.71,15.34,84.51,4.11,1.98,0.75,18.59,18.27,19.27,9.21,8,232,2022,18.744285714285716,4.41,18.74,3.4,2.61,18.22,14.95,18.44,17.1
2022-08-21,18.59,22.63,15.79,89.72,0.75,2.05,0.3,18.99,18.8,18.73,4.11,8,233,2022,18.724285714285713,3.422857142857143,19.43,4.9,7.66,19.32,1.75,18.73,8.64
2022-08-22,18.99,23.44,14.9,86.45,0.3,1.71,4.32,18.5,18.59,18.48,0.75,8,234,2022,18.79714285714286,3.392857142857143,18.27,9.21,0.51,19.5,1.15,18.21,14.73
2022-08-23,18.5,21.83,16.18,90.28,4.32,1.6,2.16,18.39,18.99,18.76,0.3,8,235,2022,18.759999999999998,3.855714285714286,18.8,4.11,1.08,19.94,1.22,17.77,7.3
2022-08-24,18.39,21.2,16.28,87.47,2.16,1.2,2.3,18.53,18.5,18.74,4.32,8,236,2022,18.71,3.6785714285714293,18.59,0.75,3.4,18.76,4.18,17.35,10.72
2022-08-25,18.53,21.96,16.28,92.36,2.3,1.26,5.08,18.81,18.39,19.43,2.16,8,237,2022,18.58142857142857,3.3071428571428574,18.99,0.3,4.9,19.08,0.28,17.51,19.26
2022-08-26,18.81,22.57,16.31,90.96,5.08,1.55,17.39,18.19,18.53,18.27,2.3,8,238,2022,18.65857142857143,2.717142857142857,18.5,4.32,9.21,19.45,0.05,17.93,8.53
2022-08-27,18.19,20.33,16.51,93.44,17.39,1.42,19.96,17.89,18.81,18.8,5.08,8,239,2022,18.571428571428573,4.614285714285714,18.39,2.16,4.11,19.27,2.61,17.76,4.37
2022-08-28,17.89,20.26,15.83,92.5,19.96,1.78,1.33,17.92,18.19,18.59,17.39,8,240,2022,18.47142857142857,7.358571428571429,18.53,2.3,0.75,18.73,7.66,18.24,8.59
2022-08-29,17.92,20.72,15.55,92.33,1.33,1.49,2.84,18.29,17.89,18.99,19.96,8,241,2022,18.31857142857143,7.505714285714285,18.81,5.08,0.3,18.48,0.51,18.34,9.3
2022-08-30,18.29,21.18,16.2,92.54,2.84,1.92,6.74,18.21,17.92,18.5,1.33,8,242,2022,18.28857142857143,7.294285714285714,18.19,17.39,4.32,18.76,1.08,18.38,16.28
2022-08-31,18.21,20.79,15.76,94.16,6.74,2.01,20.13,17.76,18.29,18.39,2.84,8,243,2022,18.262857142857143,7.948571428571428,17.89,19.96,2.16,18.74,3.4,17.71,14.85
2022-09-01,17.76,20.19,16.42,95.27,20.13,1.48,4.84,18.2,18.21,18.53,6.74,9,244,2022,18.152857142857144,10.495714285714286,17.92,1.33,2.3,19.43,4.9,17.66,8.65
2022-09-02,18.2,21.71,15.3,93.8,4.84,1.99,4.81,18.24,17.76,18.81,20.13,9,245,2022,18.065714285714286,10.461428571428572,18.29,2.84,5.08,18.27,9.21,18.5,1.36
2022-09-03,18.24,21.83,15.52,91.18,4.81,1.94,5.28,18.24,18.2,18.19,4.84,9,246,2022,18.072857142857142,8.664285714285715,18.21,6.74,17.39,18.8,4.11,18.38,3.3
2022-09-04,18.24,22.37,14.96,89.96,5.28,1.56,10.44,17.69,18.24,17.89,4.81,9,247,2022,18.122857142857143,6.567142857142857,17.76,20.13,19.96,18.59,0.75,18.99,2.43
2022-09-05,17.69,21.07,15.22,88.65,10.44,1.27,18.56,18.03,18.24,17.92,5.28,9,248,2022,18.09,7.868571428571428,18.2,4.84,1.33,18.99,0.3,18.22,14.95
2022-09-06,18.03,21.57,15.36,92.59,18.56,1.45,4.77,17.87,17.69,18.29,10.44,9,249,2022,18.052857142857142,10.114285714285714,18.24,4.81,2.84,18.5,4.32,19.32,1.75
2022-09-07,17.87,20.95,15.76,93.95,4.77,1.48,7.46,17.45,18.03,18.21,18.56,9,250,2022,18.004285714285714,9.832857142857142,18.24,5.28,6.74,18.39,2.16,19.5,1.15
2022-09-08,17.45,19.76,15.17,94.11,7.46,1.64,4.58,16.39,17.87,17.76,4.77,9,251,2022,17.96,8.022857142857141,17.69,10.44,20.13,18.53,2.3,19.94,1.22
2022-09-09,16.39,19.06,14.15,91.03,4.58,1.09,10.41,16.96,17.45,18.2,7.46,9,252,2022,17.701428571428572,7.985714285714286,18.03,18.56,4.84,18.81,5.08,18.76,4.18
2022-09-10,16.96,20.32,14.59,92.21,10.41,1.35,4.09,16.89,16.39,18.24,4.58,9,253,2022,17.518571428571427,8.785714285714285,17.87,4.77,4.81,18.19,17.39,19.08,0.28
2022-09-11,16.89,20.16,13.76,89.56,4.09,1.4,2.43,16.61,16.96,18.24,10.41,9,254,2022,17.325714285714287,8.615714285714287,17.45,7.46,5.28,17.89,19.96,19.45,0.05
2022-09-12,16.61,20.18,14.12,90.23,2.43,1.84,2.01,16.19,16.89,17.69,4.09,9,255,2022,17.171428571428574,7.471428571428571,16.39,4.58,10.44,17.92,1.33,19.27,2.61
2022-09-13,16.19,19.32,13.83,90.18,2.01,1.53,3.28,16.59,16.61,18.03,2.43,9,256,2022,16.90857142857143,5.107142857142857,16.96,10.41,18.56,18.29,2.84,18.73,7.66
2022-09-14,16.59,20.08,13.92,90.76,3.28,1.46,7.52,17.14,16.19,17.87,2.01,9,257,2022,16.725714285714286,4.894285714285714,16.89,4.09,4.77,18.21,6.74,18.48,0.51
2022-09-15,17.14,20.79,14.18,91.22,7.52,1.57,9.4,17.4,16.59,17.45,3.28,9,258,2022,16.681428571428572,4.902857142857143,16.61,2.43,7.46,17.76,20.13,18.76,1.08
2022-09-16,17.4,21.27,14.63,89.49,9.4,1.35,2.78,17.63,17.14,16.39,7.52,9,259,2022,16.825714285714287,5.591428571428572,16.19,2.01,4.58,18.2,4.84,18.74,3.4
2022-09-17,17.63,21.11,14.92,88.94,2.78,1.07,0.37,17.62,17.4,16.96,9.4,9,260,2022,16.92142857142857,4.501428571428572,16.59,3.28,10.41,18.24,4.81,19.43,4.9
2022-09-18,17.62,20.35,15.81,92.94,0.37,1.11,0.95,17.75,17.63,16.89,2.78,9,261,2022,17.025714285714287,3.9699999999999998,17.14,7.52,4.09,18.24,5.28,18.27,9.21
2022-09-19,17.75,21.19,14.8,90.94,0.95,1.47,0.74,17.78,17.62,16.61,0.37,9,262,2022,17.18857142857143,3.758571428571429,17.4,9.4,2.43,17.69,10.44,18.8,4.11
2022-09-20,17.78,21.25,14.91,85.68,0.74,1.38,0.64,18.15,17.75,16.19,0.95,9,263,2022,17.415714285714284,3.577142857142857,17.63,2.78,2.01,18.03,18.56,18.59,0.75
2022-09-21,18.15,22.23,15.03,89.23,0.64,1.27,0.75,17.82,17.78,16.59,0.74,9,264,2022,17.638571428571428,3.2,17.62,0.37,3.28,17.87,4.77,18.99,0.3
2022-09-22,17.82,21.81,14.76,87.46,0.75,1.1,3.89,17.53,18.15,17.14,0.64,9,265,2022,17.735714285714288,2.232857142857143,17.75,0.95,7.52,17.45,7.46,18.5,4.32
2022-09-23,17.53,21.04,14.83,84.73,3.89,1.03,3.23,17.67,17.82,17.4,0.75,9,266,2022,17.754285714285714,1.445714285714286,17.78,0.74,9.4,16.39,4.58,18.39,2.16
2022-09-24,17.67,21.22,15.24,92.27,3.23,1.14,6.57,16.88,17.53,17.63,3.89,9,267,2022,17.76,1.51,18.15,0.64,2.78,16.96,10.41,18.53,2.3
2022-09-25,16.88,19.15,15.05,94.9,6.57,1.19,2.51,16.79,17.67,17.62,3.23,9,268,2022,17.654285714285713,2.3957142857142855,17.82,0.75,0.37,16.89,4.09,18.81,5.08
2022-09-26,16.79,20.32,14.11,90.19,2.51,1.41,4.1,16.92,16.88,17.75,6.57,9,269,2022,17.517142857142858,2.6185714285714283,17.53,3.89,0.95,16.61,2.43,18.19,17.39
2022-09-27,16.92,20.56,13.87,91.45,4.1,1.49,3.64,16.9,16.79,17.78,2.51,9,270,2022,17.394285714285715,3.0985714285714288,17.67,3.23,0.74,16.19,2.01,17.89,19.96
2022-09-28,16.9,20.92,13.81,88.84,3.64,1.39,0.14,16.72,16.92,18.15,4.1,9,271,2022,17.215714285714288,3.527142857142857,16.88,6.57,0.64,16.59,3.28,17.92,1.33
2022-09-29,16.72,21.25,13.52,82.42,0.14,1.29,0.05,16.92,16.9,17.82,3.64,9,272,2022,17.05857142857143,3.4400000000000004,16.79,2.51,0.75,17.14,7.52,18.29,2.84
2022-09-30,16.92,21.55,13.49,80.85,0.05,1.36,0.05,17.12,16.72,17.53,0.14,9,273,2022,16.97142857142857,2.891428571428572,16.92,4.1,3.89,17.4,9.4,18.21,6.74
2022-10-01,17.12,21.51,13.58,78.32,0.05,1.32,0.91,17.64,16.92,17.67,0.05,10,274,2022,16.892857142857142,2.437142857142857,16.9,3.64,3.23,17.63,2.78,17.76,20.13
2022-10-02,17.64,22.09,14.1,73.17,0.91,1.29,9.71,17.73,17.12,16.88,0.05,10,275,2022,17.001428571428573,1.6285714285714286,16.72,0.14,6.57,17.62,0.37,18.2,4.84
2022-10-03,17.73,21.82,14.48,82.72,9.71,1.24,11.49,16.2,17.64,16.79,0.91,10,276,2022,17.135714285714286,2.6571428571428575,16.92,0.05,2.51,17.75,0.95,18.24,4.81
2022-10-04,16.2,19.3,14.13,93.5,11.49,1.3,14.91,15.11,17.73,16.92,9.71,10,277,2022,17.032857142857143,3.712857142857143,17.12,0.05,4.1,17.78,0.74,18.24,5.28
2022-10-05,15.11,17.95,12.74,89.64,14.91,0.81,6.68,15.43,16.2,16.9,11.49,10,278,2022,16.777142857142856,5.322857142857144,17.64,0.91,3.64,18.15,0.64,17.69,10.44
2022-10-06,15.43,19.67,11.98,84.93,6.68,0.94,2.81,16.09,15.11,16.72,14.91,10,279,2022,16.592857142857145,6.257142857142857,17.73,9.71,0.14,17.82,0.75,18.03,18.56
2022-10-07,16.09,19.03,14.1,90.42,2.81,1.11,1.81,16.27,15.43,16.92,6.68,10,280,2022,16.474285714285717,6.651428571428572,16.2,11.49,0.05,17.53,3.89,17.87,4.77
2022-10-08,16.27,19.75,13.42,89.94,1.81,1.26,5.76,16.14,16.09,17.12,2.81,10,281,2022,16.352857142857143,6.902857142857143,15.11,14.91,0.05,17.67,3.23,17.45,7.46
2022-10-09,16.14,19.72,14.04,89.36,5.76,1.18,2.21,15.66,16.27,17.64,1.81,10,282,2022,16.138571428571428,7.595714285714286,15.43,6.68,0.91,16.88,6.57,16.39,4.58
2022-10-10,15.66,19.15,13.38,83.89,2.21,1.21,5.92,15.74,16.14,17.73,5.76,10,283,2022,15.842857142857142,6.524285714285715,16.09,2.81,9.71,16.79,2.51,16.96,10.41
2022-10-11,15.74,20.36,12.44,84.3,5.92,1.27,6.46,14.73,15.66,16.2,2.21,10,284,2022,15.777142857142858,5.728571428571429,16.27,1.81,11.49,16.92,4.1,16.89,4.09
2022-10-12,14.73,18.72,11.84,82.64,6.46,1.11,0.2,14.2,15.74,15.11,5.92,10,285,2022,15.722857142857142,4.521428571428571,16.14,5.76,14.91,16.9,3.64,16.61,2.43
2022-10-13,14.2,19.12,10.88,66.78,0.2,1.1,0.06,13.87,14.73,15.43,6.46,10,286,2022,15.547142857142857,3.5957142857142856,15.66,2.21,6.68,16.72,0.14,16.19,2.01
2022-10-14,13.87,18.71,10.33,61.79,0.06,1.24,0.0,13.89,14.2,16.09,0.2,10,287,2022,15.23,3.2028571428571433,15.74,5.92,2.81,16.92,0.05,16.59,3.28
2022-10-15,13.89,19.17,10.49,62.99,0.0,1.19,0.0,14.17,13.87,16.27,0.06,10,288,2022,14.89,2.9442857142857144,14.73,6.46,1.81,17.12,0.05,17.14,7.52
2022-10-16,14.17,19.41,10.82,57.78,0.0,1.18,0.0,13.53,13.89,16.14,0.0,10,289,2022,14.608571428571429,2.1214285714285714,14.2,0.2,5.76,17.64,0.91,17.4,9.4
2022-10-17,13.53,18.74,9.21,54.32,0.0,1.18,0.0,12.71,14.17,15.66,0.0,10,290,2022,14.304285714285713,1.8057142857142858,13.87,0.06,2.21,17.73,9.71,17.63,2.78
2022-10-18,12.71,17.79,9.22,67.0,0.0,1.29,0.0,11.99,13.53,15.74,0.0,10,291,2022,13.87142857142857,0.96,13.89,0.0,5.92,16.2,11.49,17.62,0.37
2022-10-19,11.99,16.59,9.12,69.67,0.0,1.08,0.0,11.94,12.71,14.73,0.0,10,292,2022,13.48,0.037142857142857144,14.17,0.0,6.46,15.11,14.91,17.75,0.95
2022-10-20,11.94,16.97,8.22,68.44,0.0,1.15,0.0,12.45,11.99,14.2,0.0,10,293,2022,13.157142857142857,0.008571428571428572,13.53,0.0,0.2,15.43,6.68,17.78,0.74
2022-10-21,12.45,17.39,9.04,63.45,0.0,1.14,0.0,12.45,11.94,13.87,0.0,10,294,2022,12.954285714285714,0.0,12.71,0.0,0.06,16.09,2.81,18.15,0.64
2022-10-22,12.45,17.41,8.24,69.41,0.0,1.32,0.0,12.46,12.45,13.89,0.0,10,295,2022,12.748571428571427,0.0,11.99,0.0,0.0,16.27,1.81,17.82,0.75
2022-10-23,12.46,18.34,7.61,61.65,0.0,1.48,0.0,12.95,12.45,14.17,0.0,10,296,2022,12.504285714285714,0.0,11.94,0.0,0.0,16.14,5.76,17.53,3.89
2022-10-24,12.95,18.07,9.58,73.67,0.0,1.28,0.0,12.25,12.46,13.53,0.0,10,297,2022,12.421428571428569,0.0,12.45,0.0,0.0,15.66,2.21,17.67,3.23
2022-10-25,12.25,17.15,8.61,86.35,0.0,1.39,0.0,12.0,12.95,12.71,0.0,10,298,2022,12.355714285714285,0.0,12.45,0.0,0.0,15.74,5.92,16.88,6.57
2022-10-26,12.0,16.62,8.8,72.15,0.0,1.1,0.0,11.98,12.25,11.99,0.0,10,299,2022,12.357142857142858,0.0,12.46,0.0,0.0,14.73,6.46,16.79,2.51
2022-10-27,11.98,16.46,9.09,80.95,0.0,1.16,0.0,12.0,12.0,11.94,0.0,10,300,2022,12.362857142857143,0.0,12.95,0.0,0.0,14.2,0.2,16.92,4.1
2022-10-28,12.0,16.66,8.58,76.9,0.0,1.08,0.0,12.42,11.98,12.45,0.0,10,301,2022,12.29857142857143,0.0,12.25,0.0,0.0,13.87,0.06,16.9,3.64
2022-10-29,12.42,16.74,9.5,78.65,0.0,1.12,0.0,12.56,12.0,12.45,0.0,10,302,2022,12.294285714285715,0.0,12.0,0.0,0.0,13.89,0.0,16.72,0.14
2022-10-30,12.56,17.22,9.08,76.48,0.0,1.19,0.0,13.08,12.42,12.46,0.0,10,303,2022,12.308571428571428,0.0,11.98,0.0,0.0,14.17,0.0,16.92,0.05
2022-10-31,13.08,17.9,9.85,73.06,0.0,1.16,0.0,12.55,12.56,12.95,0.0,10,304,2022,12.327142857142858,0.0,12.0,0.0,0.0,13.53,0.0,17.12,0.05
2022-11-01,12.55,17.2,9.56,66.37,0.0,1.19,0.0,11.94,13.08,12.25,0.0,11,305,2022,12.370000000000001,0.0,12.42,0.0,0.0,12.71,0.0,17.64,0.91
2022-11-02,11.94,17.24,8.55,66.95,0.0,1.21,0.0,11.96,12.55,12.0,0.0,11,306,2022,12.361428571428572,0.0,12.56,0.0,0.0,11.99,0.0,17.73,9.71
2022-11-03,11.96,17.0,8.34,81.26,0.0,1.23,0.0,12.56,11.94,11.98,0.0,11,307,2022,12.358571428571429,0.0,13.08,0.0,0.0,11.94,0.0,16.2,11.49
2022-11-04,12.56,17.46,9.41,81.27,0.0,1.14,0.0,12.74,11.96,12.0,0.0,11,308,2022,12.43857142857143,0.0,12.55,0.0,0.0,12.45,0.0,15.11,14.91
2022-11-05,12.74,17.36,8.44,82.29,0.0,1.14,0.0,11.97,12.56,12.42,0.0,11,309,2022,12.484285714285715,0.0,11.94,0.0,0.0,12.45,0.0,15.43,6.68
2022-11-06,11.97,16.72,8.57,70.44,0.0,1.1,0.0,12.09,12.74,12.56,0.0,11,310,2022,12.4,0.0,11.96,0.0,0.0,12.46,0.0,16.09,2.81
2022-11-07,12.09,16.28,9.39,79.9,0.0,1.21,0.0,11.77,11.97,13.08,0.0,11,311,2022,12.258571428571429,0.0,12.56,0.0,0.0,12.95,0.0,16.27,1.81
2022-11-08,11.77,16.02,9.32,78.17,0.0,1.03,0.0,11.23,12.09,12.55,0.0,11,312,2022,12.147142857142857,0.0,12.74,0.0,0.0,12.25,0.0,16.14,5.76
2022-11-09,11.23,15.85,8.23,67.86,0.0,1.07,0.0,10.31,11.77,11.94,0.0,11,313,2022,12.045714285714286,0.0,11.97,0.0,0.0,12.0,0.0,15.66,2.21
2022-11-10,10.31,15.63,7.08,66.57,0.0,1.1,0.0,9.59,11.23,11.96,0.0,11,314,2022,11.81,0.0,12.09,0.0,0.0,11.98,0.0,15.74,5.92
2022-11-11,9.59,14.89,6.05,66.29,0.0,1.28,0.0,9.35,10.31,12.56,0.0,11,315,2022,11.385714285714284,0.0,11.77,0.0,0.0,12.0,0.0,14.73,6.46
2022-11-12,9.35,15.05,5.72,65.8,0.0,1.43,0.0,10.01,9.59,12.74,0.0,11,316,2022,10.901428571428571,0.0,11.23,0.0,0.0,12.42,0.0,14.2,0.2
2022-11-13,10.01,15.18,6.55,66.35,0.0,1.2,0.0,10.43,9.35,11.97,0.0,11,317,2022,10.62142857142857,0.0,10.31,0.0,0.0,12.56,0.0,13.87,0.06
2022-11-14,10.43,15.49,7.33,56.92,0.0,1.17,0.0,10.11,10.01,12.09,0.0,11,318,2022,10.384285714285713,0.0,9.59,0.0,0.0,13.08,0.0,13.89,0.0
2022-11-15,10.11,15.71,6.31,68.52,0.0,1.3,0.35,9.71,10.43,11.77,0.0,11,319,2022,10.147142857142857,0.0,9.35,0.0,0.0,12.55,0.0,14.17,0.0
2022-11-16,9.71,14.76,6.81,74.87,0.35,1.22,0.0,8.9,10.11,11.23,0.0,11,320,2022,9.929999999999998,0.049999999999999996,10.01,0.0,0.0,11.94,0.0,13.53,0.0
2022-11-17,8.9,13.29,5.89,72.45,0.0,1.23,0.0,9.63,9.71,10.31,0.35,11,321,2022,9.728571428571428,0.049999999999999996,10.43,0.0,0.0,11.96,0.0,12.71,0.0
2022-11-18,9.63,14.59,6.65,73.82,0.0,1.19,0.0,10.98,8.9,9.59,0.0,11,322,2022,9.734285714285715,0.049999999999999996,10.11,0.0,0.0,12.56,0.0,11.99,0.0
2022-11-19,10.98,16.3,7.69,67.92,0.0,1.09,0.0,11.11,9.63,9.35,0.0,11,323,2022,9.967142857142857,0.049999999999999996,9.71,0.35,0.0,12.74,0.0,11.94,0.0
2022-11-20,11.11,16.56,7.62,59.15,0.0,1.2,0.0,10.74,10.98,10.01,0.0,11,324,2022,10.124285714285715,0.049999999999999996,8.9,0.0,0.0,11.97,0.0,12.45,0.0
2022-11-21,10.74,16.86,6.55,63.85,0.0,1.45,0.0,10.82,11.11,10.43,0.0,11,325,2022,10.168571428571429,0.049999999999999996,9.63,0.0,0.0,12.09,0.0,12.45,0.0
2022-11-22,10.82,16.68,7.46,63.76,0.0,1.44,0.0,10.37,10.74,10.11,0.0,11,326,2022,10.27,0.049999999999999996,10.98,0.0,0.0,11.77,0.0,12.46,0.0
2022-11-23,10.37,15.67,7.38,59.9,0.0,1.42,0.0,10.42,10.82,9.71,0.0,11,327,2022,10.364285714285714,0.0,11.11,0.0,0.35,11.23,0.0,12.95,0.0
2022-11-24,10.42,16.72,6.01,54.24,0.0,1.17,0.0,12.64,10.37,8.9,0.0,11,328,2022,10.581428571428573,0.0,10.74,0.0,0.0,10.31,0.0,12.25,0.0
2022-11-25,12.64,17.88,9.52,49.92,0.0,1.05,0.0,11.96,10.42,9.63,0.0,11,329,2022,11.01142857142857,0.0,10.82,0.0,0.0,9.59,0.0,12.0,0.0
2022-11-26,11.96,17.08,8.65,59.44,0.0,1.18,0.0,10.64,12.64,10.98,0.0,11,330,2022,11.151428571428571,0.0,10.37,0.0,0.0,9.35,0.0,11.98,0.0
2022-11-27,10.64,15.75,7.37,70.18,0.0,1.1,0.0,10.54,11.96,11.11,0.0,11,331,2022,11.084285714285715,0.0,10.42,0.0,0.0,10.01,0.0,12.0,0.0
2022-11-28,10.54,15.63,7.24,67.47,0.0,1.06,0.0,11.24,10.64,10.74,0.0,11,332,2022,11.055714285714286,0.0,12.64,0.0,0.0,10.43,0.0,12.42,0.0
2022-11-29,11.24,16.0,8.53,61.13,0.0,1.09,0.0,10.74,10.54,10.82,0.0,11,333,2022,11.115714285714287,0.0,11.96,0.0,0.0,10.11,0.0,12.56,0.0
2022-11-30,10.74,16.04,8.01,58.24,0.0,1.21,0.0,10.1,11.24,10.37,0.0,11,334,2022,11.168571428571427,0.0,10.64,0.0,0.0,9.71,0.35,13.08,0.0
2022-12-01,10.1,15.51,6.67,57.25,0.0,1.25,0.0,10.29,10.74,10.42,0.0,12,335,2022,11.122857142857143,0.0,10.54,0.0,0.0,8.9,0.0,12.55,0.0
2022-12-02,10.29,15.79,6.83,58.56,0.0,1.15,0.0,10.05,10.1,12.64,0.0,12,336,2022,10.787142857142856,0.0,11.24,0.0,0.0,9.63,0.0,11.94,0.0
2022-12-03,10.05,15.48,7.12,52.09,0.0,1.16,0.0,9.89,10.29,11.96,0.0,12,337,2022,10.514285714285714,0.0,10.74,0.0,0.0,10.98,0.0,11.96,0.0
2022-12-04,9.89,15.76,6.24,50.98,0.0,1.26,0.0,9.71,10.05,10.64,0.0,12,338,2022,10.407142857142857,0.0,10.1,0.0,0.0,11.11,0.0,12.56,0.0
2022-12-05,9.71,15.27,6.38,54.06,0.0,1.21,0.0,9.36,9.89,10.54,0.0,12,339,2022,10.28857142857143,0.0,10.29,0.0,0.0,10.74,0.0,12.74,0.0
2022-12-06,9.36,15.3,5.43,50.77,0.0,1.19,0.0,9.56,9.71,11.24,0.0,12,340,2022,10.02,0.0,10.05,0.0,0.0,10.82,0.0,11.97,0.0
2022-12-07,9.56,15.59,6.14,57.87,0.0,1.18,0.0,9.45,9.36,10.74,0.0,12,341,2022,9.85142857142857,0.0,9.89,0.0,0.0,10.37,0.0,12.09,0.0
2022-12-08,9.45,14.77,6.19,57.13,0.0,1.14,0.0,9.99,9.56,10.1,0.0,12,342,2022,9.758571428571429,0.0,9.71,0.0,0.0,10.42,0.0,11.77,0.0
2022-12-09,9.99,15.2,6.95,54.13,0.0,1.13,0.0,9.89,9.45,10.29,0.0,12,343,2022,9.715714285714284,0.0,9.36,0.0,0.0,12.64,0.0,11.23,0.0
2022-12-10,9.89,15.53,6.45,56.34,0.0,1.32,0.0,10.39,9.99,10.05,0.0,12,344,2022,9.692857142857141,0.0,9.56,0.0,0.0,11.96,0.0,10.31,0.0
2022-12-11,10.39,16.29,6.34,52.53,0.0,1.18,0.0,10.73,9.89,9.89,0.0,12,345,2022,9.764285714285714,0.0,9.45,0.0,0.0,10.64,0.0,9.59,0.0
2022-12-12,10.73,16.61,7.8,50.6,0.0,1.15,0.0,10.21,10.39,9.71,0.0,12,346,2022,9.91,0.0,9.99,0.0,0.0,10.54,0.0,9.35,0.0
2022-12-13,10.21,16.25,6.51,51.96,0.0,1.31,0.0,9.77,10.73,9.36,0.0,12,347,2022,10.031428571428572,0.0,9.89,0.0,0.0,11.24,0.0,10.01,0.0
2022-12-14,9.77,15.42,6.4,55.46,0.0,1.03,0.0,8.81,10.21,9.56,0.0,12,348,2022,10.061428571428573,0.0,10.39,0.0,0.0,10.74,0.0,10.43,0.0
2022-12-15,8.81,14.07,4.97,61.84,0.0,1.21,0.0,8.85,9.77,9.45,0.0,12,349,2022,9.97,0.0,10.73,0.0,0.0,10.1,0.0,10.11,0.0
2022-12-16,8.85,14.09,5.62,64.06,0.0,1.06,0.0,9.12,8.81,9.99,0.0,12,350,2022,9.807142857142859,0.0,10.21,0.0,0.0,10.29,0.0,9.71,0.35
2022-12-17,9.12,13.78,6.49,61.27,0.0,1.08,0.0,9.12,8.85,9.89,0.0,12,351,2022,9.697142857142856,0.0,9.77,0.0,0.0,10.05,0.0,8.9,0.0
2022-12-18,9.12,13.78,6.25,73.3,0.0,1.02,0.0,8.61,9.12,10.39,0.0,12,352,2022,9.515714285714285,0.0,8.81,0.0,0.0,9.89,0.0,9.63,0.0
2022-12-19,8.61,13.69,5.38,79.86,0.0,1.15,0.0,8.87,9.12,10.73,0.0,12,353,2022,9.212857142857143,0.0,8.85,0.0,0.0,9.71,0.0,10.98,0.0
2022-12-20,8.87,14.12,5.81,74.6,0.0,1.09,0.0,8.66,8.61,10.21,0.0,12,354,2022,9.02142857142857,0.0,9.12,0.0,0.0,9.36,0.0,11.11,0.0
2022-12-21,8.66,14.79,5.45,73.86,0.0,1.32,0.0,7.86,8.87,9.77,0.0,12,355,2022,8.862857142857143,0.0,9.12,0.0,0.0,9.56,0.0,10.74,0.0
2022-12-22,7.86,14.24,4.18,54.79,0.0,1.43,0.0,8.17,8.66,8.81,0.0,12,356,2022,8.727142857142857,0.0,8.61,0.0,0.0,9.45,0.0,10.82,0.0
2022-12-23,8.17,14.67,3.62,44.71,0.0,1.25,0.0,5.9,7.86,8.85,0.0,12,357,2022,8.629999999999999,0.0,8.87,0.0,0.0,9.99,0.0,10.37,0.0
2022-12-24,5.9,11.49,1.93,55.64,0.0,1.12,0.0,6.92,8.17,9.12,0.0,12,358,2022,8.17,0.0,8.66,0.0,0.0,9.89,0.0,10.42,0.0
2022-12-25,6.92,12.42,3.5,65.55,0.0,1.39,0.0,6.26,5.9,9.12,0.0,12,359,2022,7.855714285714285,0.0,7.86,0.0,0.0,10.39,0.0,12.64,0.0
2022-12-26,6.26,12.23,2.54,58.69,0.0,1.33,0.0,5.6,6.92,8.61,0.0,12,360,2022,7.5200000000000005,0.0,8.17,0.0,0.0,10.73,0.0,11.96,0.0
2022-12-27,5.6,12.11,0.66,64.71,0.0,1.6,0.0,5.49,6.26,8.87,0.0,12,361,2022,7.052857142857143,0.0,5.9,0.0,0.0,10.21,0.0,10.64,0.0
2022-12-28,5.49,11.34,2.06,63.68,0.0,1.33,0.0,4.98,5.6,8.66,0.0,12,362,2022,6.6,0.0,6.92,0.0,0.0,9.77,0.0,10.54,0.0
2022-12-29,4.98,11.28,0.89,62.76,0.0,1.16,0.0,5.65,5.49,7.86,0.0,12,363,2022,6.188571428571429,0.0,6.26,0.0,0.0,8.81,0.0,11.24,0.0
2022-12-30,5.65,11.27,1.86,68.36,0.0,1.16,0.0,5.15,4.98,8.17,0.0,12,364,2022,5.828571428571429,0.0,5.6,0.0,0.0,8.85,0.0,10.74,0.0
2022-12-31,5.15,10.01,2.35,74.0,0.0,1.21,0.0,4.93,5.65,5.9,0.0,12,365,2022,5.721428571428571,0.0,5.49,0.0,0.0,9.12,0.0,10.1,0.0
2023-01-01,4.93,10.07,2.02,74.09,0.0,1.08,0.0,4.49,5.15,6.92,0.0,1,1,2023,5.437142857142857,0.0,4.98,0.0,0.0,9.12,0.0,10.29,0.0
2023-01-02,4.49,10.49,-0.06,72.01,0.0,1.31,0.0,3.78,4.93,6.26,0.0,1,2,2023,5.184285714285714,0.0,5.65,0.0,0.0,8.61,0.0,10.05,0.0
2023-01-03,3.78,11.37,-1.56,56.96,0.0,1.48,0.0,3.68,4.49,5.6,0.0,1,3,2023,4.924285714285714,0.0,5.15,0.0,0.0,8.87,0.0,9.89,0.0
2023-01-04,3.68,10.94,-0.98,34.37,0.0,1.32,0.0,4.73,3.78,5.49,0.0,1,4,2023,4.6657142857142855,0.0,4.93,0.0,0.0,8.66,0.0,9.71,0.0
2023-01-05,4.73,11.59,-1.2,37.27,0.0,1.35,0.0,7.01,3.68,4.98,0.0,1,5,2023,4.630000000000001,0.0,4.49,0.0,0.0,7.86,0.0,9.36,0.0
2023-01-06,7.01,13.36,1.58,35.37,0.0,1.31,0.0,8.26,4.73,5.65,0.0,1,6,2023,4.824285714285715,0.0,3.78,0.0,0.0,8.17,0.0,9.56,0.0
2023-01-07,8.26,14.56,3.14,32.44,0.0,1.23,0.0,8.46,7.01,5.15,0.0,1,7,2023,5.268571428571429,0.0,3.68,0.0,0.0,5.9,0.0,9.45,0.0
2023-01-08,8.46,14.54,5.08,35.37,0.0,1.21,0.0,8.85,8.26,4.93,0.0,1,8,2023,5.772857142857143,0.0,4.73,0.0,0.0,6.92,0.0,9.99,0.0
2023-01-09,8.85,14.75,5.79,36.55,0.0,1.25,0.0,8.06,8.46,4.49,0.0,1,9,2023,6.395714285714286,0.0,7.01,0.0,0.0,6.26,0.0,9.89,0.0
2023-01-10,8.06,14.33,4.18,45.96,0.0,1.28,0.0,7.08,8.85,3.78,0.0,1,10,2023,7.007142857142857,0.0,8.26,0.0,0.0,5.6,0.0,10.39,0.0
2023-01-11,7.08,14.56,1.9,49.53,0.0,1.28,0.0,6.56,8.06,3.68,0.0,1,11,2023,7.492857142857143,0.0,8.46,0.0,0.0,5.49,0.0,10.73,0.0
2023-01-12,6.56,13.23,2.33,53.98,0.0,1.41,0.0,5.16,7.08,4.73,0.0,1,12,2023,7.7542857142857144,0.0,8.85,0.0,0.0,4.98,0.0,10.21,0.0
2023-01-13,5.16,12.31,0.22,56.97,0.0,1.68,0.0,4.91,6.56,7.01,0.0,1,13,2023,7.49,0.0,8.06,0.0,0.0,5.65,0.0,9.77,0.0
2023-01-14,4.91,12.11,-0.41,65.13,0.0,1.87,0.0,5.53,5.16,8.26,0.0,1,14,2023,7.011428571428572,0.0,7.08,0.0,0.0,5.15,0.0,8.81,0.0
2023-01-15,5.53,12.33,1.59,61.89,0.0,1.56,0.0,5.26,4.91,8.46,0.0,1,15,2023,6.5928571428571425,0.0,6.56,0.0,0.0,4.93,0.0,8.85,0.0
2023-01-16,5.26,11.97,1.58,60.09,0.0,1.56,0.0,4.27,5.53,8.85,0.0,1,16,2023,6.08,0.0,5.16,0.0,0.0,4.49,0.0,9.12,0.0
2023-01-17,4.27,10.76,0.16,55.61,0.0,1.58,0.0,4.32,5.26,8.06,0.0,1,17,2023,5.538571428571428,0.0,4.91,0.0,0.0,3.78,0.0,9.12,0.0
2023-01-18,4.32,10.76,0.17,52.24,0.0,1.5,0.0,5.07,4.27,7.08,0.0,1,18,2023,5.144285714285714,0.0,5.53,0.0,0.0,3.68,0.0,8.61,0.0
2023-01-19,5.07,10.84,1.52,53.75,0.0,1.42,0.0,6.41,4.32,6.56,0.0,1,19,2023,4.931428571428571,0.0,5.26,0.0,0.0,4.73,0.0,8.87,0.0
2023-01-20,6.41,12.8,2.83,57.89,0.0,1.58,0.0,6.42,5.07,5.16,0.0,1,20,2023,5.109999999999999,0.0,4.27,0.0,0.0,7.01,0.0,8.66,0.0
2023-01-21,6.42,13.44,2.02,50.89,0.0,1.86,0.0,6.31,6.41,4.91,0.0,1,21,2023,5.325714285714286,0.0,4.32,0.0,0.0,8.26,0.0,7.86,0.0
2023-01-22,6.31,13.83,1.53,43.07,0.0,1.71,0.0,6.78,6.42,5.53,0.0,1,22,2023,5.437142857142857,0.0,5.07,0.0,0.0,8.46,0.0,8.17,0.0
2023-01-23,6.78,15.13,0.76,43.63,0.0,1.97,0.0,7.42,6.31,5.26,0.0,1,23,2023,5.654285714285714,0.0,6.41,0.0,0.0,8.85,0.0,5.9,0.0
2023-01-24,7.42,15.34,1.87,48.1,0.0,1.63,0.0,8.86,6.78,4.27,0.0,1,24,2023,6.104285714285715,0.0,6.42,0.0,0.0,8.06,0.0,6.92,0.0
2023-01-25,8.86,16.27,4.5,49.63,0.0,1.75,0.0,9.34,7.42,4.32,0.0,1,25,2023,6.752857142857143,0.0,6.31,0.0,0.0,7.08,0.0,6.26,0.0
2023-01-26,9.34,17.02,3.97,55.46,0.0,1.96,0.0,9.7,8.86,5.07,0.0,1,26,2023,7.362857142857144,0.0,6.78,0.0,0.0,6.56,0.0,5.6,0.0
2023-01-27,9.7,16.86,5.76,43.76,0.0,1.79,0.0,9.26,9.34,6.41,0.0,1,27,2023,7.832857142857143,0.0,7.42,0.0,0.0,5.16,0.0,5.49,0.0
2023-01-28,9.26,16.39,4.23,40.32,0.0,1.48,0.0,10.15,9.7,6.42,0.0,1,28,2023,8.238571428571428,0.0,8.86,0.0,0.0,4.91,0.0,4.98,0.0
2023-01-29,10.15,16.06,5.95,43.12,0.0,1.25,0.0,11.18,9.26,6.31,0.0,1,29,2023,8.787142857142857,0.0,9.34,0.0,0.0,5.53,0.0,5.65,0.0
2023-01-30,11.18,17.27,6.89,37.7,0.0,1.49,0.0,10.91,10.15,6.78,0.0,1,30,2023,9.415714285714285,0.0,9.7,0.0,0.0,5.26,0.0,5.15,0.0
2023-01-31,10.91,17.45,6.68,34.98,0.0,1.45,0.0,8.91,11.18,7.42,0.0,1,31,2023,9.914285714285715,0.0,9.26,0.0,0.0,4.27,0.0,4.93,0.0
2023-02-01,8.91,15.97,4.19,36.55,0.0,1.39,0.0,8.31,10.91,8.86,0.0,2,32,2023,9.921428571428573,0.0,10.15,0.0,0.0,4.32,0.0,4.49,0.0
2023-02-02,8.31,17.03,0.39,40.37,0.0,1.66,0.0,9.18,8.91,9.34,0.0,2,33,2023,9.774285714285714,0.0,11.18,0.0,0.0,5.07,0.0,3.78,0.0
2023-02-03,9.18,15.51,4.42,40.42,0.0,1.38,0.0,8.78,8.31,9.7,0.0,2,34,2023,9.700000000000001,0.0,10.91,0.0,0.0,6.41,0.0,3.68,0.0
2023-02-04,8.78,14.87,4.41,51.03,0.0,1.29,0.0,8.21,9.18,9.26,0.0,2,35,2023,9.631428571428572,0.0,8.91,0.0,0.0,6.42,0.0,4.73,0.0
2023-02-05,8.21,14.4,3.74,56.49,0.0,1.37,0.0,7.86,8.78,10.15,0.0,2,36,2023,9.354285714285712,0.0,8.31,0.0,0.0,6.31,0.0,7.01,0.0
2023-02-06,7.86,14.42,3.91,57.13,0.0,1.52,0.0,7.19,8.21,11.18,0.0,2,37,2023,8.88,0.0,9.18,0.0,0.0,6.78,0.0,8.26,0.0
2023-02-07,7.19,12.77,3.39,59.1,0.0,1.64,0.03,7.58,7.86,10.91,0.0,2,38,2023,8.348571428571429,0.0,8.78,0.0,0.0,7.42,0.0,8.46,0.0
2023-02-08,7.58,13.68,3.37,66.54,0.03,1.52,0.03,7.46,7.19,8.91,0.0,2,39,2023,8.15857142857143,0.004285714285714286,8.21,0.0,0.0,8.86,0.0,8.85,0.0
2023-02-09,7.46,13.49,2.67,69.86,0.03,1.44,0.0,8.18,7.58,8.31,0.03,2,40,2023,8.037142857142857,0.008571428571428572,7.86,0.0,0.0,9.34,0.0,8.06,0.0
2023-02-10,8.18,14.72,3.82,56.7,0.0,1.82,0.0,8.84,7.46,9.18,0.03,2,41,2023,7.894285714285715,0.008571428571428572,7.19,0.0,0.0,9.7,0.0,7.08,0.0
2023-02-11,8.84,15.74,4.51,51.34,0.0,2.11,0.0,6.71,8.18,8.78,0.0,2,42,2023,7.902857142857143,0.008571428571428572,7.58,0.03,0.0,9.26,0.0,6.56,0.0
2023-02-12,6.71,13.48,2.12,55.4,0.0,2.26,0.0,8.61,8.84,8.21,0.0,2,43,2023,7.688571428571429,0.008571428571428572,7.46,0.03,0.0,10.15,0.0,5.16,0.0
2023-02-13,8.61,18.53,0.98,36.11,0.0,1.65,0.0,9.18,6.71,7.86,0.0,2,44,2023,7.795714285714285,0.008571428571428572,8.18,0.0,0.0,11.18,0.0,4.91,0.0
2023-02-14,9.18,16.31,4.21,35.41,0.0,1.43,0.0,9.2,8.61,7.19,0.0,2,45,2023,8.08,0.008571428571428572,8.84,0.0,0.0,10.91,0.0,5.53,0.0
2023-02-15,9.2,16.97,3.99,36.98,0.0,1.23,0.0,10.4,9.18,7.58,0.0,2,46,2023,8.31142857142857,0.004285714285714286,6.71,0.0,0.03,8.91,0.0,5.26,0.0
2023-02-16,10.4,17.75,5.51,43.03,0.0,1.4,0.0,10.64,9.2,7.46,0.0,2,47,2023,8.731428571428571,0.0,8.61,0.0,0.03,8.31,0.0,4.27,0.0
2023-02-17,10.64,17.19,5.81,51.36,0.0,1.55,0.0,11.09,10.4,8.18,0.0,2,48,2023,9.082857142857142,0.0,9.18,0.0,0.0,9.18,0.0,4.32,0.0
2023-02-18,11.09,18.37,5.52,50.22,0.0,1.55,0.04,11.26,10.64,8.84,0.0,2,49,2023,9.404285714285715,0.0,9.2,0.0,0.0,8.78,0.0,5.07,0.0
2023-02-19,11.26,17.78,6.98,53.51,0.04,1.52,0.0,11.26,11.09,6.71,0.0,2,50,2023,10.054285714285713,0.005714285714285714,10.4,0.0,0.0,8.21,0.0,6.41,0.0
2023-02-20,11.26,17.18,7.07,60.24,0.0,1.46,0.39,10.9,11.26,8.61,0.04,2,51,2023,10.432857142857143,0.005714285714285714,10.64,0.0,0.0,7.86,0.0,6.42,0.0
2023-02-21,10.9,17.4,6.28,62.48,0.39,1.65,0.67,10.17,11.26,9.18,0.0,2,52,2023,10.678571428571429,0.06142857142857143,11.09,0.0,0.0,7.19,0.0,6.31,0.0
2023-02-22,10.17,16.45,5.87,51.66,0.67,1.75,0.03,10.11,10.9,9.2,0.39,2,53,2023,10.817142857142857,0.15714285714285717,11.26,0.04,0.0,7.58,0.03,6.78,0.0
2023-02-23,10.11,17.3,5.41,48.09,0.03,1.78,0.01,10.44,10.17,10.4,0.67,2,54,2023,10.775714285714287,0.16142857142857142,11.26,0.0,0.0,7.46,0.03,7.42,0.0
2023-02-24,10.44,17.44,5.91,34.93,0.01,1.7,0.03,9.44,10.11,10.64,0.03,2,55,2023,10.747142857142858,0.16285714285714284,10.9,0.39,0.0,8.18,0.0,8.86,0.0
2023-02-25,9.44,15.79,5.39,42.63,0.03,1.61,1.57,9.05,10.44,11.09,0.01,2,56,2023,10.51142857142857,0.16714285714285712,10.17,0.67,0.0,8.84,0.0,9.34,0.0
2023-02-26,9.05,15.42,4.92,47.05,1.57,1.56,1.38,8.79,9.44,11.26,0.03,2,57,2023,10.195714285714285,0.38571428571428573,10.11,0.03,0.04,6.71,0.0,9.7,0.0
2023-02-27,8.79,14.53,5.27,52.39,1.38,1.55,0.01,9.5,9.05,11.26,1.57,2,58,2023,9.842857142857142,0.5828571428571429,10.44,0.01,0.0,8.61,0.0,9.26,0.0
2023-02-28,9.5,16.04,4.37,51.16,0.01,1.72,0.0,10.4,8.79,10.9,1.38,2,59,2023,9.642857142857142,0.5285714285714286,9.44,0.03,0.39,9.18,0.0,10.15,0.0
2023-03-01,10.4,17.07,5.63,48.93,0.0,1.82,0.01,10.7,9.5,10.17,0.01,3,60,2023,9.675714285714283,0.43285714285714283,9.05,1.57,0.67,9.2,0.0,11.18,0.0
2023-03-02,10.7,16.75,6.25,47.46,0.01,1.76,0.01,11.67,10.4,10.11,0.0,3,61,2023,9.76,0.43,8.79,1.38,0.03,10.4,0.0,10.91,0.0
2023-03-03,11.67,17.83,7.49,48.62,0.01,1.74,0.03,11.9,10.7,10.44,0.01,3,62,2023,9.935714285714285,0.43,9.5,0.01,0.01,10.64,0.0,8.91,0.0
2023-03-04,11.9,18.22,7.33,51.75,0.03,1.62,0.04,11.71,11.67,9.44,0.01,3,63,2023,10.287142857142857,0.43,10.4,0.0,0.03,11.09,0.0,8.31,0.0
2023-03-05,11.71,18.56,7.27,46.65,0.04,1.75,0.08,11.57,11.9,9.05,0.03,3,64,2023,10.667142857142858,0.21142857142857138,10.7,0.01,1.57,11.26,0.04,9.18,0.0
2023-03-06,11.57,18.78,6.48,44.57,0.08,1.84,0.59,11.88,11.71,8.79,0.04,3,65,2023,11.064285714285715,0.025714285714285683,11.67,0.01,1.38,11.26,0.0,8.78,0.0
2023-03-07,11.88,19.27,6.18,40.72,0.59,1.84,0.6,11.33,11.57,9.5,0.08,3,66,2023,11.404285714285717,0.10857142857142854,11.9,0.03,0.01,10.9,0.39,8.21,0.0
2023-03-08,11.33,17.42,7.24,44.83,0.6,1.54,0.04,10.92,11.88,10.4,0.59,3,67,2023,11.537142857142857,0.19428571428571423,11.71,0.04,0.0,10.17,0.67,7.86,0.0
2023-03-09,10.92,17.68,5.92,47.37,0.04,1.72,0.0,11.5,11.33,10.7,0.6,3,68,2023,11.56857142857143,0.19857142857142854,11.57,0.08,0.01,10.11,0.03,7.19,0.0
2023-03-10,11.5,18.01,6.68,45.22,0.0,1.71,0.0,11.46,10.92,11.67,0.04,3,69,2023,11.544285714285715,0.1971428571428571,11.88,0.59,0.01,10.44,0.01,7.58,0.03
2023-03-11,11.46,17.71,6.52,48.29,0.0,1.73,0.06,13.03,11.5,11.9,0.0,3,70,2023,11.481428571428571,0.1928571428571428,11.33,0.6,0.03,9.44,0.03,7.46,0.03
2023-03-12,13.03,19.46,8.25,50.25,0.06,1.59,0.29,12.58,11.46,11.71,0.0,3,71,2023,11.67,0.19571428571428567,10.92,0.04,0.04,9.05,1.57,8.18,0.0
2023-03-13,12.58,19.13,8.25,51.31,0.29,1.7,0.12,11.86,13.03,11.57,0.06,3,72,2023,11.814285714285715,0.22571428571428567,11.5,0.0,0.08,8.79,1.38,8.84,0.0
2023-03-14,11.86,18.12,7.03,54.0,0.12,1.62,1.41,11.55,12.58,11.88,0.29,3,73,2023,11.81142857142857,0.15857142857142853,11.46,0.0,0.59,9.5,0.01,6.71,0.0
2023-03-15,11.55,17.64,6.92,50.51,1.41,1.83,0.67,11.21,11.86,11.33,0.12,3,74,2023,11.842857142857142,0.2742857142857142,13.03,0.06,0.6,10.4,0.0,8.61,0.0
2023-03-16,11.21,17.36,6.26,53.11,0.67,1.69,1.93,10.87,11.55,10.92,1.41,3,75,2023,11.884285714285713,0.36428571428571427,12.58,0.29,0.04,10.7,0.01,9.18,0.0
2023-03-17,10.87,16.07,6.94,60.21,1.93,1.46,5.5,10.64,11.21,11.5,0.67,3,76,2023,11.794285714285715,0.6399999999999999,11.86,0.12,0.0,11.67,0.01,9.2,0.0
2023-03-18,10.64,15.74,6.46,67.92,5.5,1.45,2.62,9.68,10.87,11.46,1.93,3,77,2023,11.677142857142858,1.4257142857142857,11.55,1.41,0.0,11.9,0.03,10.4,0.0
2023-03-19,9.68,12.6,7.35,87.29,2.62,1.38,11.2,8.12,10.64,13.03,5.5,3,78,2023,11.198571428571428,1.7914285714285714,11.21,0.67,0.06,11.71,0.04,10.64,0.0
2023-03-20,8.12,11.16,5.78,88.31,11.2,1.59,6.46,8.28,9.68,12.58,2.62,3,79,2023,10.561428571428573,3.35,10.87,1.93,0.29,11.57,0.08,11.09,0.0
2023-03-21,8.28,12.57,5.09,81.98,6.46,1.17,0.76,9.02,8.12,11.86,11.2,3,80,2023,10.049999999999999,4.255714285714285,10.64,5.5,0.12,11.88,0.59,11.26,0.04
2023-03-22,9.02,14.85,4.52,71.87,0.76,1.76,0.7,10.15,8.28,11.55,6.46,3,81,2023,9.688571428571427,4.162857142857143,9.68,2.62,1.41,11.33,0.6,11.26,0.0
2023-03-23,10.15,15.73,5.34,67.81,0.7,1.75,0.48,11.25,9.02,11.21,0.76,3,82,2023,9.537142857142856,4.167142857142857,8.12,11.2,0.67,10.92,0.04,10.9,0.39
2023-03-24,11.25,16.69,7.22,64.86,0.48,1.62,0.29,12.52,10.15,10.87,0.7,3,83,2023,9.59142857142857,3.96,8.28,6.46,1.93,11.5,0.0,10.17,0.67
2023-03-25,12.52,18.5,6.97,60.24,0.29,1.82,0.0,12.82,11.25,10.64,0.48,3,84,2023,9.86,3.2157142857142857,9.02,0.76,5.5,11.46,0.0,10.11,0.03
2023-03-26,12.82,20.09,7.64,52.58,0.0,2.06,0.0,12.24,12.52,9.68,0.29,3,85,2023,10.308571428571428,2.8414285714285716,10.15,0.7,2.62,13.03,0.06,10.44,0.01
2023-03-27,12.24,19.26,6.58,45.78,0.0,1.94,0.01,11.62,12.82,8.12,0.0,3,86,2023,10.897142857142857,1.2414285714285713,11.25,0.48,11.2,12.58,0.29,9.44,0.03
2023-03-28,11.62,18.12,6.05,45.74,0.01,2.02,0.0,12.03,12.24,8.28,0.0,3,87,2023,11.374285714285714,0.31999999999999995,12.52,0.29,6.46,11.86,0.12,9.05,1.57
2023-03-29,12.03,19.21,5.45,41.97,0.0,1.92,0.36,12.16,11.62,9.02,0.01,3,88,2023,11.804285714285713,0.21142857142857144,12.82,0.0,0.76,11.55,1.41,8.79,1.38
2023-03-30,12.16,19.19,5.69,43.7,0.36,1.93,7.97,11.19,12.03,10.15,0.0,3,89,2023,12.09142857142857,0.16285714285714284,12.24,0.0,0.7,11.21,0.67,9.5,0.01
2023-03-31,11.19,17.12,7.1,55.86,7.97,1.6,5.76,9.99,12.16,11.25,0.36,3,90,2023,12.082857142857142,1.2328571428571427,11.62,0.01,0.48,10.87,1.93,10.4,0.0
2023-04-01,9.99,15.23,6.32,64.92,5.76,1.33,1.56,9.27,11.19,12.52,7.97,4,91,2023,11.721428571428572,2.0142857142857147,12.03,0.0,0.29,10.64,5.5,10.7,0.01
2023-04-02,9.27,13.73,5.1,66.91,1.56,1.75,0.86,11.83,9.99,12.82,5.76,4,92,2023,11.214285714285714,2.237142857142857,12.16,0.36,0.0,9.68,2.62,11.67,0.01
2023-04-03,11.83,17.61,6.86,63.5,0.86,1.82,2.68,12.86,9.27,12.24,1.56,4,93,2023,11.155714285714284,2.36,11.19,7.97,0.0,8.12,11.2,11.9,0.03
2023-04-04,12.86,19.41,7.05,58.6,2.68,2.2,1.18,12.68,11.83,11.62,0.86,4,94,2023,11.332857142857142,2.741428571428571,9.99,5.76,0.01,8.28,6.46,11.71,0.04
2023-04-05,12.68,19.64,6.39,52.37,1.18,1.84,0.03,13.31,12.86,12.03,2.68,4,95,2023,11.425714285714287,2.9099999999999997,9.27,1.56,0.0,9.02,0.76,11.57,0.08
2023-04-06,13.31,20.86,7.34,41.29,0.03,1.93,0.0,13.84,12.68,12.16,1.18,4,96,2023,11.59,2.8628571428571425,11.83,0.86,0.36,10.15,0.7,11.88,0.59
2023-04-07,13.84,21.36,7.29,38.64,0.0,1.92,0.0,14.35,13.31,11.19,0.03,4,97,2023,11.968571428571428,1.7242857142857144,12.86,2.68,7.97,11.25,0.48,11.33,0.6
2023-04-08,14.35,22.05,8.57,36.58,0.0,1.85,0.01,14.85,13.84,9.99,0.0,4,98,2023,12.59142857142857,0.9014285714285714,12.68,1.18,5.76,12.52,0.29,10.92,0.04
2023-04-09,14.85,22.3,9.35,38.05,0.01,2.02,0.0,14.23,14.35,9.27,0.0,4,99,2023,13.388571428571428,0.68,13.31,0.03,1.56,12.82,0.0,11.5,0.0
2023-04-10,14.23,21.75,7.57,37.91,0.0,2.31,0.0,15.28,14.85,11.83,0.01,4,100,2023,13.731428571428571,0.5571428571428572,13.84,0.0,0.86,12.24,0.0,11.46,0.0
2023-04-11,15.28,22.9,8.16,34.82,0.0,2.04,0.0,15.86,14.23,12.86,0.0,4,101,2023,14.077142857142858,0.1742857142857143,14.35,0.0,2.68,11.62,0.01,13.03,0.06
2023-04-12,15.86,23.27,9.58,35.41,0.0,1.99,0.0,16.02,15.28,12.68,0.0,4,102,2023,14.531428571428572,0.005714285714285714,14.85,0.01,1.18,12.03,0.0,12.58,0.29
2023-04-13,16.02,23.53,9.53,38.87,0.0,1.92,0.0,16.85,15.86,13.31,0.0,4,103,2023,14.918571428571427,0.0014285714285714286,14.23,0.0,0.03,12.16,0.36,11.86,0.12
2023-04-14,16.85,24.27,9.55,37.96,0.0,1.83,0.0,17.83,16.02,13.84,0.0,4,104,2023,15.348571428571429,0.0014285714285714286,15.28,0.0,0.0,11.19,7.97,11.55,1.41
2023-04-15,17.83,25.17,11.55,38.25,0.0,1.79,0.0,18.16,16.85,14.35,0.0,4,105,2023,15.845714285714283,0.0014285714285714286,15.86,0.0,0.0,9.99,5.76,11.21,0.67
2023-04-16,18.16,25.15,12.92,38.12,0.0,1.97,0.0,17.6,17.83,14.85,0.0,4,106,2023,16.318571428571428,0.0,16.02,0.0,0.01,9.27,1.56,10.87,1.93
2023-04-17,17.6,25.14,10.18,40.67,0.0,2.13,0.01,18.06,18.16,14.23,0.0,4,107,2023,16.8,0.0,16.85,0.0,0.0,11.83,0.86,10.64,5.5
2023-04-18,18.06,25.42,11.18,40.64,0.01,2.23,0.03,18.1,17.6,15.28,0.0,4,108,2023,17.197142857142858,0.0014285714285714286,17.83,0.0,0.0,12.86,2.68,9.68,2.62
2023-04-19,18.1,26.07,9.93,41.98,0.03,2.17,0.29,18.47,18.06,15.86,0.01,4,109,2023,17.517142857142858,0.005714285714285714,18.16,0.0,0.0,12.68,1.18,8.12,11.2
2023-04-20,18.47,25.17,12.91,42.84,0.29,2.46,2.46,16.33,18.1,16.02,0.03,4,110,2023,17.867142857142856,0.04714285714285714,17.6,0.0,0.0,13.31,0.03,8.28,6.46
2023-04-21,16.33,23.56,10.67,45.4,2.46,2.07,4.8,14.0,18.47,16.85,0.29,4,111,2023,17.792857142857144,0.3985714285714286,18.06,0.01,0.0,13.84,0.0,9.02,0.76
2023-04-22,14.0,19.42,8.65,50.62,4.8,1.63,5.26,13.04,16.33,17.83,2.46,4,112,2023,17.245714285714286,1.0842857142857143,18.1,0.03,0.0,14.35,0.0,10.15,0.7
2023-04-23,13.04,19.47,7.36,58.75,5.26,1.5,1.52,13.02,14.0,18.16,4.8,4,113,2023,16.514285714285712,1.8357142857142856,18.47,0.29,0.0,14.85,0.01,11.25,0.48
2023-04-24,13.02,18.67,8.9,62.35,1.52,1.68,0.66,12.99,13.04,17.6,5.26,4,114,2023,15.86,2.052857142857143,16.33,2.46,0.0,14.23,0.0,12.52,0.29
2023-04-25,12.99,18.82,6.92,54.99,0.66,1.79,1.15,14.22,13.02,18.06,1.52,4,115,2023,15.135714285714286,2.1457142857142855,14.0,4.8,0.01,15.28,0.0,12.82,0.0
2023-04-26,14.22,20.22,8.28,52.75,1.15,1.89,0.07,14.15,12.99,18.1,0.66,4,116,2023,14.581428571428571,2.3057142857142856,13.04,5.26,0.03,15.86,0.0,12.24,0.0
2023-04-27,14.15,21.42,7.83,49.37,0.07,1.94,1.39,14.66,14.22,18.47,1.15,4,117,2023,13.964285714285712,2.2742857142857145,13.02,1.52,0.29,16.02,0.0,11.62,0.01
2023-04-28,14.66,20.9,8.55,49.83,1.39,2.08,4.45,14.59,14.15,16.33,0.07,4,118,2023,13.725714285714286,2.1214285714285714,12.99,0.66,2.46,16.85,0.0,12.03,0.0
2023-04-29,14.59,19.8,9.06,59.41,4.45,1.85,3.48,12.2,14.66,14.0,1.39,4,119,2023,13.81,2.0714285714285716,14.22,1.15,4.8,17.83,0.0,12.16,0.36
2023-04-30,12.2,15.49,10.03,77.09,3.48,0.99,0.04,12.49,14.59,13.04,4.45,4,120,2023,13.69,1.8171428571428572,14.15,0.07,5.26,18.16,0.0,11.19,7.97
2023-05-01,12.49,16.47,9.44,67.34,0.04,1.03,0.0,12.78,12.2,13.02,3.48,5,121,2023,13.614285714285716,1.6057142857142856,14.66,1.39,1.52,17.6,0.0,9.99,5.76
2023-05-02,12.78,16.9,9.04,59.98,0.0,1.45,0.86,14.03,12.49,12.99,0.04,5,122,2023,13.584285714285713,1.5114285714285713,14.59,4.45,0.66,18.06,0.01,9.27,1.56
2023-05-03,14.03,19.58,9.78,69.42,0.86,1.67,12.69,13.01,12.78,14.22,0.0,5,123,2023,13.557142857142855,1.4700000000000002,12.2,3.48,1.15,18.1,0.03,11.83,0.86
2023-05-04,13.01,17.11,9.51,80.75,12.69,1.4,0.01,14.6,14.03,14.15,0.86,5,124,2023,13.394285714285715,3.2728571428571427,12.49,0.04,0.07,18.47,0.29,12.86,2.68
2023-05-05,14.6,21.24,8.16,60.89,0.01,1.9,0.03,15.99,13.01,14.66,12.69,5,125,2023,13.385714285714284,3.075714285714286,12.78,0.0,1.39,16.33,2.46,12.68,1.18
2023-05-06,15.99,22.46,10.08,54.23,0.03,2.12,0.15,15.93,14.6,14.59,0.01,5,126,2023,13.585714285714287,2.4442857142857144,14.03,0.86,4.45,14.0,4.8,13.31,0.03
2023-05-07,15.93,22.13,10.64,55.83,0.15,1.71,0.67,16.47,15.99,12.2,0.03,5,127,2023,14.118571428571428,1.9685714285714284,13.01,12.69,3.48,13.04,5.26,13.84,0.0
2023-05-08,16.47,24.38,9.18,47.89,0.67,2.16,0.11,16.33,15.93,12.49,0.15,5,128,2023,14.687142857142858,2.0585714285714287,14.6,0.01,0.04,13.02,1.52,14.35,0.0
2023-05-09,16.33,23.78,10.17,37.28,0.11,2.33,0.0,16.15,16.47,12.78,0.67,5,129,2023,15.194285714285714,2.0742857142857143,15.99,0.03,0.0,12.99,0.66,14.85,0.01
2023-05-10,16.15,23.38,10.27,36.48,0.0,1.79,0.0,15.64,16.33,14.03,0.11,5,130,2023,15.497142857142856,1.9514285714285715,15.93,0.15,0.86,14.22,1.15,14.23,0.0
2023-05-11,15.64,22.89,8.43,28.76,0.0,1.96,0.0,16.37,16.15,13.01,0.0,5,131,2023,15.872857142857141,0.1385714285714286,16.47,0.67,12.69,14.15,0.07,15.28,0.0
2023-05-12,16.37,23.08,9.57,42.72,0.0,1.99,0.29,17.96,15.64,14.6,0.0,5,132,2023,16.125714285714285,0.13714285714285715,16.33,0.11,0.01,14.66,1.39,15.86,0.0
2023-05-13,17.96,24.34,12.55,51.67,0.29,1.89,2.98,17.9,16.37,15.99,0.0,5,133,2023,16.407142857142855,0.1742857142857143,16.15,0.0,0.03,14.59,4.45,16.02,0.0
2023-05-14,17.9,23.91,12.94,57.04,2.98,1.85,10.34,15.8,17.96,15.93,0.29,5,134,2023,16.68857142857143,0.5785714285714285,15.64,0.0,0.15,12.2,3.48,16.85,0.0
2023-05-15,15.8,20.77,11.37,67.23,10.34,1.83,6.75,15.02,17.9,16.47,2.98,5,135,2023,16.592857142857145,1.9599999999999997,16.37,0.0,0.67,12.49,0.04,17.83,0.0
2023-05-16,15.02,20.8,9.15,67.16,6.75,1.75,6.64,16.21,15.8,16.33,10.34,5,136,2023,16.405714285714286,2.9085714285714284,17.96,0.29,0.11,12.78,0.0,18.16,0.0
2023-05-17,16.21,22.15,11.71,66.86,6.64,1.84,2.33,16.34,15.02,16.15,6.75,5,137,2023,16.414285714285715,3.857142857142857,17.9,2.98,0.0,14.03,0.86,17.6,0.0
2023-05-18,16.34,22.39,11.85,71.67,2.33,2.02,0.87,16.61,16.21,15.64,6.64,5,138,2023,16.514285714285712,4.1899999999999995,15.8,10.34,0.0,13.01,12.69,18.06,0.01
2023-05-19,16.61,22.47,12.02,61.37,0.87,1.96,0.26,16.34,16.34,16.37,2.33,5,139,2023,16.548571428571428,4.314285714285714,15.02,6.75,0.0,14.6,0.01,18.1,0.03
2023-05-20,16.34,22.44,9.9,51.12,0.26,1.94,1.9,16.81,16.61,17.96,0.87,5,140,2023,16.31714285714286,4.3100000000000005,16.21,6.64,0.29,15.99,0.03,18.47,0.29
2023-05-21,16.81,22.21,11.98,51.79,1.9,1.91,2.37,18.24,16.34,17.9,0.26,5,141,2023,16.16142857142857,4.155714285714286,16.34,2.33,2.98,15.93,0.15,16.33,2.46
2023-05-22,18.24,24.3,12.8,55.92,2.37,1.88,4.83,17.5,16.81,15.8,1.9,5,142,2023,16.509999999999998,3.0171428571428573,16.61,0.87,10.34,16.47,0.67,14.0,4.8
2023-05-23,17.5,23.5,13.4,68.1,4.83,1.73,0.43,17.51,18.24,15.02,2.37,5,143,2023,16.864285714285714,2.7428571428571424,16.34,0.26,6.75,16.33,0.11,13.04,5.26
2023-05-24,17.51,22.39,13.34,70.9,0.43,1.85,3.27,16.15,17.5,16.21,4.83,5,144,2023,17.05,1.8557142857142852,16.81,1.9,6.64,16.15,0.0,13.02,1.52
2023-05-25,16.15,21.07,12.38,72.57,3.27,2.05,4.84,15.52,17.51,16.34,0.43,5,145,2023,17.02285714285714,1.9899999999999995,18.24,2.37,2.33,15.64,0.0,12.99,0.66
2023-05-26,15.52,21.37,11.22,67.21,4.84,1.97,11.5,14.97,16.15,16.61,3.27,5,146,2023,16.867142857142856,2.557142857142857,17.5,4.83,0.87,16.37,0.0,14.22,1.15
2023-05-27,14.97,20.4,10.48,67.76,11.5,1.76,2.62,15.3,15.52,16.34,4.84,5,147,2023,16.67142857142857,4.162857142857143,17.51,0.43,0.26,17.96,0.29,14.15,0.07
2023-05-28,15.3,20.47,9.31,75.07,2.62,1.75,0.12,17.7,14.97,16.81,11.5,5,148,2023,16.455714285714286,4.265714285714286,16.15,3.27,1.9,17.9,2.98,14.66,1.39
2023-05-29,17.7,23.02,12.95,65.5,0.12,1.75,0.0,19.29,15.3,18.24,2.62,5,149,2023,16.37857142857143,3.9442857142857135,15.52,4.84,2.37,15.8,10.34,14.59,4.45
2023-05-30,19.29,25.73,13.71,50.71,0.0,1.92,0.0,20.32,17.7,17.5,0.12,5,150,2023,16.634285714285713,3.254285714285714,14.97,11.5,4.83,15.02,6.75,12.2,3.48
2023-05-31,20.32,26.98,14.13,44.15,0.0,1.96,0.0,19.93,19.29,17.51,0.0,5,151,2023,17.035714285714285,3.1928571428571426,15.3,2.62,0.43,16.21,6.64,12.49,0.04
2023-06-01,19.93,27.2,13.45,44.97,0.0,1.99,0.01,19.42,20.32,16.15,0.0,6,152,2023,17.575714285714287,2.7257142857142855,17.7,0.12,3.27,16.34,2.33,12.78,0.0
2023-06-02,19.42,25.75,13.76,42.83,0.01,1.97,0.02,19.23,19.93,15.52,0.0,6,153,2023,18.132857142857144,2.0357142857142856,19.29,0.0,4.84,16.61,0.87,14.03,0.86
2023-06-03,19.23,25.36,13.05,45.49,0.02,1.91,0.0,19.82,19.42,14.97,0.01,6,154,2023,18.74142857142857,0.39571428571428574,20.32,0.0,11.5,16.34,0.26,13.01,12.69
2023-06-04,19.82,25.97,13.12,46.59,0.0,1.98,0.15,19.14,19.23,15.3,0.02,6,155,2023,19.38714285714286,0.02142857142857143,19.93,0.0,2.62,16.81,1.9,14.6,0.01
2023-06-05,19.14,24.43,13.46,51.66,0.15,1.79,0.99,19.19,19.82,17.7,0.0,6,156,2023,19.592857142857145,0.025714285714285714,19.42,0.01,0.12,18.24,2.37,15.99,0.03
2023-06-06,19.19,24.44,14.19,50.28,0.99,1.78,1.44,19.77,19.14,19.29,0.15,6,157,2023,19.57857142857143,0.16714285714285712,19.23,0.02,0.0,17.5,4.83,15.93,0.15
2023-06-07,19.77,25.21,14.18,52.75,1.44,1.83,0.02,20.85,19.19,20.32,0.99,6,158,2023,19.5,0.37285714285714283,19.82,0.0,0.0,17.51,0.43,16.47,0.67
2023-06-08,20.85,26.71,14.71,49.82,0.02,1.75,0.0,20.89,19.77,19.93,1.44,6,159,2023,19.631428571428575,0.3757142857142857,19.14,0.15,0.0,16.15,3.27,16.33,0.11
2023-06-09,20.89,27.08,15.0,48.59,0.0,1.76,0.15,20.14,20.85,19.42,0.02,6,160,2023,19.841428571428573,0.3742857142857143,19.19,0.99,0.01,15.52,4.84,16.15,0.0
2023-06-10,20.14,26.01,14.12,58.39,0.15,1.82,7.96,19.83,20.89,19.23,0.0,6,161,2023,19.97142857142857,0.39285714285714285,19.77,1.44,0.02,14.97,11.5,15.64,0.0
2023-06-11,19.83,24.84,15.09,66.67,7.96,1.93,7.94,19.97,20.14,19.82,0.15,6,162,2023,19.972857142857144,1.53,20.85,0.02,0.0,15.3,2.62,16.37,0.0
2023-06-12,19.97,25.23,16.12,71.14,7.94,1.7,16.11,19.17,19.83,19.14,7.96,6,163,2023,20.091428571428573,2.642857142857143,20.89,0.0,0.15,17.7,0.12,17.96,0.29
2023-06-13,19.17,23.76,15.22,79.67,16.11,1.83,21.76,19.19,19.97,19.19,7.94,6,164,2023,20.08857142857143,4.802857142857143,20.14,0.15,0.99,19.29,0.0,17.9,2.98
2023-06-14,19.19,23.67,15.8,77.21,21.76,2.01,10.44,19.91,19.17,19.77,16.11,6,165,2023,20.005714285714284,7.705714285714286,19.83,7.96,1.44,20.32,0.0,15.8,10.34
2023-06-15,19.91,24.96,16.06,71.12,10.44,2.4,1.99,20.14,19.19,20.85,21.76,6,166,2023,19.87142857142857,9.194285714285714,19.97,7.94,0.02,19.93,0.0,15.02,6.75
2023-06-16,20.14,25.28,15.71,68.37,1.99,2.34,8.07,21.13,19.91,20.89,10.44,6,167,2023,19.764285714285712,9.478571428571428,19.17,16.11,0.0,19.42,0.01,16.21,6.64
2023-06-17,21.13,25.78,16.74,62.25,8.07,1.96,16.59,19.78,20.14,20.14,1.99,6,168,2023,19.905714285714286,10.61,19.19,21.76,0.15,19.23,0.02,16.34,2.33
2023-06-18,19.78,23.95,15.01,74.16,16.59,2.02,11.93,19.82,21.13,19.83,8.07,6,169,2023,19.898571428571433,11.842857142857143,19.91,10.44,7.96,19.82,0.0,16.61,0.87
2023-06-19,19.82,23.79,15.85,76.86,11.93,1.95,0.97,19.9,19.78,19.97,16.59,6,170,2023,19.87714285714286,12.412857142857144,20.14,1.99,7.94,19.14,0.15,16.34,0.26
2023-06-20,19.9,24.46,15.14,70.26,0.97,1.92,2.84,19.22,19.82,19.17,11.93,6,171,2023,19.981428571428573,10.25,21.13,8.07,16.11,19.19,0.99,16.81,1.9
2023-06-21,19.22,23.94,15.43,71.5,2.84,1.91,3.07,19.7,19.9,19.19,0.97,6,172,2023,19.985714285714288,7.547142857142857,19.78,16.59,21.76,19.77,1.44,18.24,2.37
2023-06-22,19.7,25.07,14.43,76.76,3.07,1.95,0.07,20.57,19.22,19.91,2.84,6,173,2023,19.955714285714286,6.494285714285715,19.82,11.93,10.44,20.85,0.02,17.5,4.83
2023-06-23,20.57,25.78,15.84,80.06,0.07,2.18,0.09,19.99,19.7,20.14,3.07,6,174,2023,20.017142857142858,6.22,19.9,0.97,1.99,20.89,0.0,17.51,0.43
2023-06-24,19.99,23.69,17.4,84.48,0.09,1.92,0.48,19.7,20.57,21.13,0.07,6,175,2023,19.854285714285712,5.08,19.22,2.84,8.07,20.14,0.15,16.15,3.27
2023-06-25,19.7,23.13,17.02,81.97,0.48,1.56,0.32,20.22,19.99,19.78,0.09,6,176,2023,19.842857142857145,2.7785714285714285,19.7,3.07,16.59,19.83,7.96,15.52,4.84
2023-06-26,20.22,25.25,15.92,77.79,0.32,2.07,3.96,19.51,19.7,19.82,0.48,6,177,2023,19.900000000000002,1.1199999999999999,20.57,0.07,11.93,19.97,7.94,14.97,11.5
2023-06-27,19.51,24.28,15.36,81.62,3.96,2.82,5.79,18.99,20.22,19.9,0.32,6,178,2023,19.844285714285714,1.5471428571428572,19.99,0.09,0.97,19.17,16.11,15.3,2.62
2023-06-28,18.99,23.06,15.22,82.9,5.79,2.54,10.37,18.82,19.51,19.22,3.96,6,179,2023,19.81142857142857,1.9685714285714284,19.7,0.48,2.84,19.19,21.76,17.7,0.12
2023-06-29,18.82,22.61,15.75,86.81,10.37,2.2,3.81,18.47,18.99,19.7,5.79,6,180,2023,19.685714285714283,3.011428571428571,20.22,0.32,3.07,19.91,10.44,19.29,0.0
2023-06-30,18.47,21.55,16.38,88.37,3.81,1.67,13.84,18.15,18.82,20.57,10.37,6,181,2023,19.385714285714283,3.5457142857142854,19.51,3.96,0.07,20.14,1.99,20.32,0.0
2023-07-01,18.15,20.64,15.51,90.19,13.84,1.23,4.31,19.61,18.47,19.99,3.81,7,182,2023,19.12285714285714,5.51,18.99,5.79,0.09,21.13,8.07,19.93,0.0
2023-07-02,19.61,23.71,16.87,87.52,4.31,1.75,12.73,18.66,18.15,19.7,13.84,7,183,2023,19.110000000000003,6.057142857142857,18.82,10.37,0.48,19.78,16.59,19.42,0.01
2023-07-03,18.66,21.26,16.61,92.35,12.73,1.76,24.67,18.19,19.61,20.22,4.31,7,184,2023,18.88714285714286,7.83,18.47,3.81,0.32,19.82,11.93,19.23,0.02
2023-07-04,18.19,20.58,16.3,92.61,24.67,1.49,8.53,18.21,18.66,19.51,12.73,7,185,2023,18.698571428571427,10.78857142857143,18.15,13.84,3.96,19.9,0.97,19.82,0.0
2023-07-05,18.21,20.84,16.2,90.22,8.53,1.32,1.29,19.11,18.19,18.99,24.67,7,186,2023,18.587142857142858,11.179999999999998,19.61,4.31,5.79,19.22,2.84,19.14,0.15
2023-07-06,19.11,23.16,15.77,85.88,1.29,1.76,2.53,19.13,18.21,18.82,8.53,7,187,2023,18.62857142857143,9.882857142857144,18.66,12.73,10.37,19.7,3.07,19.19,0.99
2023-07-07,19.13,22.97,15.59,86.27,2.53,2.07,0.82,19.56,19.11,18.47,1.29,7,188,2023,18.722857142857144,9.700000000000001,18.19,24.67,3.81,20.57,0.07,19.77,1.44
2023-07-08,19.56,23.08,16.23,88.91,0.82,2.17,1.33,19.94,19.13,18.15,2.53,7,189,2023,18.924285714285713,7.840000000000001,18.21,8.53,13.84,19.99,0.09,20.85,0.02
2023-07-09,19.94,23.73,16.7,89.71,1.33,2.2,3.64,19.25,19.56,19.61,0.82,7,190,2023,18.97142857142857,7.4142857142857155,19.11,1.29,4.31,19.7,0.48,20.89,0.0
2023-07-10,19.25,21.53,17.65,92.28,3.64,1.98,2.76,19.32,19.94,18.66,1.33,7,191,2023,19.055714285714288,6.115714285714286,19.13,2.53,12.73,20.22,0.32,20.14,0.15
2023-07-11,19.32,22.3,17.11,90.95,2.76,1.53,6.81,19.72,19.25,18.19,3.64,7,192,2023,19.217142857142854,2.9857142857142853,19.56,0.82,24.67,19.51,3.96,19.83,7.96
2023-07-12,19.72,23.65,17.32,90.49,6.81,2.33,15.52,18.44,19.32,18.21,2.76,7,193,2023,19.43285714285714,2.7399999999999998,19.94,1.33,8.53,18.99,5.79,19.97,7.94
2023-07-13,18.44,20.73,16.72,93.64,15.52,1.84,15.46,18.14,19.72,19.11,6.81,7,194,2023,19.337142857142858,4.772857142857142,19.25,3.64,1.29,18.82,10.37,19.17,16.11
2023-07-14,18.14,20.92,15.78,92.04,15.46,1.92,20.24,19.48,18.44,19.13,15.52,7,195,2023,19.195714285714285,6.62,19.32,2.76,2.53,18.47,3.81,19.19,21.76
2023-07-15,19.48,23.25,16.49,91.05,20.24,2.14,4.46,19.02,18.14,19.56,15.46,7,196,2023,19.184285714285718,9.394285714285713,19.72,6.81,0.82,18.15,13.84,19.91,10.44
2023-07-16,19.02,22.09,16.47,88.46,4.46,1.71,13.92,19.03,19.48,19.94,20.24,7,197,2023,19.052857142857142,9.84142857142857,18.44,15.52,1.33,19.61,4.31,20.14,1.99
2023-07-17,19.03,22.85,16.14,88.58,13.92,1.94,11.05,18.28,19.02,19.25,4.46,7,198,2023,19.021428571428572,11.31,18.14,15.46,3.64,18.66,12.73,21.13,8.07
2023-07-18,18.28,21.36,15.33,86.54,11.05,1.57,1.54,19.2,19.03,19.32,13.92,7,199,2023,18.872857142857146,12.494285714285713,19.48,20.24,2.76,18.19,24.67,19.78,16.59
2023-07-19,19.2,23.36,15.71,84.08,1.54,1.61,3.07,20.06,18.28,19.72,11.05,7,200,2023,18.798571428571428,11.741428571428573,19.02,4.46,6.81,18.21,8.53,19.82,11.93
2023-07-20,20.06,24.2,16.06,87.68,3.07,1.79,2.89,19.38,19.2,18.44,1.54,7,201,2023,19.03,9.962857142857143,19.03,13.92,15.52,19.11,1.29,19.9,0.97
2023-07-21,19.38,22.9,16.24,86.21,2.89,1.89,15.28,19.44,20.06,18.14,3.07,7,202,2023,19.207142857142856,8.167142857142858,18.28,11.05,15.46,19.13,2.53,19.22,2.84
2023-07-22,19.44,23.64,16.05,86.05,15.28,1.84,19.59,19.16,19.38,19.48,2.89,7,203,2023,19.201428571428572,7.458571428571429,19.2,1.54,20.24,19.56,0.82,19.7,3.07
2023-07-23,19.16,23.23,16.01,88.3,19.59,1.9,12.46,17.52,19.44,19.02,15.28,7,204,2023,19.22142857142857,9.620000000000001,20.06,3.07,4.46,19.94,1.33,20.57,0.07
2023-07-24,17.52,20.13,15.14,89.7,12.46,1.22,21.74,17.87,19.16,19.03,19.59,7,205,2023,19.005714285714284,9.411428571428571,19.38,2.89,13.92,19.25,3.64,19.99,0.09
2023-07-25,17.87,20.78,15.76,91.5,21.74,1.6,5.42,17.85,17.52,18.28,12.46,7,206,2023,18.947142857142858,10.938571428571427,19.44,15.28,11.05,19.32,2.76,19.7,0.48
2023-07-26,17.85,21.09,15.02,89.74,5.42,1.47,6.56,18.14,17.87,19.2,21.74,7,207,2023,18.754285714285714,11.492857142857142,19.16,19.59,1.54,19.72,6.81,20.22,0.32
2023-07-27,18.14,21.0,15.8,89.42,6.56,1.22,8.52,18.74,17.85,20.06,5.42,7,208,2023,18.48,11.991428571428571,17.52,12.46,3.07,18.44,15.52,19.51,3.96
2023-07-28,18.74,21.89,16.14,91.85,8.52,1.44,25.55,18.35,18.14,19.38,6.56,7,209,2023,18.388571428571428,12.795714285714284,17.87,21.74,2.89,18.14,15.46,18.99,5.79
2023-07-29,18.35,20.57,16.9,95.42,25.55,1.78,10.84,18.43,18.74,19.44,8.52,7,210,2023,18.232857142857146,14.262857142857143,17.85,5.42,15.28,19.48,20.24,18.82,10.37
2023-07-30,18.43,22.07,15.93,90.95,10.84,1.56,15.76,19.41,18.35,19.16,25.55,7,211,2023,18.128571428571426,13.012857142857142,18.14,6.56,19.59,19.02,4.46,18.47,3.81
2023-07-31,19.41,23.25,16.59,91.03,15.76,1.81,5.61,20.0,18.43,17.52,10.84,7,212,2023,18.398571428571426,13.484285714285715,18.74,8.52,12.46,19.03,13.92,18.15,13.84
2023-08-01,20.0,23.96,16.84,85.38,5.61,1.66,4.51,19.95,19.41,17.87,15.76,8,213,2023,18.70285714285714,11.180000000000001,18.35,25.55,21.74,18.28,11.05,19.61,4.31
2023-08-02,19.95,23.6,17.22,89.39,4.51,1.7,1.88,19.57,20.0,17.85,5.61,8,214,2023,19.002857142857145,11.05,18.43,10.84,5.42,19.2,1.54,18.66,12.73
2023-08-03,19.57,23.86,16.38,88.53,1.88,2.02,3.18,18.13,19.95,18.14,4.51,8,215,2023,19.207142857142856,10.381428571428572,19.41,15.76,6.56,20.06,3.07,18.19,24.67
2023-08-04,18.13,20.36,15.83,92.4,3.18,1.47,4.71,18.5,19.57,18.74,1.88,8,216,2023,19.12,9.618571428571428,20.0,5.61,8.52,19.38,2.89,18.21,8.53
2023-08-05,18.5,21.85,16.44,91.79,4.71,1.61,10.69,18.75,18.13,18.35,3.18,8,217,2023,19.141428571428573,6.6414285714285715,19.95,4.51,25.55,19.44,15.28,19.11,1.29
2023-08-06,18.75,21.73,16.52,91.34,10.69,1.36,30.77,18.58,18.5,18.43,4.71,8,218,2023,19.187142857142856,6.62,19.57,1.88,10.84,19.16,19.59,19.13,2.53
2023-08-07,18.58,21.22,16.59,95.2,30.77,2.13,26.52,19.1,18.75,19.41,10.69,8,219,2023,19.06857142857143,8.764285714285714,18.13,3.18,15.76,17.52,12.46,19.56,0.82
2023-08-08,19.1,22.66,16.0,92.07,26.52,1.7,9.43,18.98,18.58,20.0,30.77,8,220,2023,18.94,11.751428571428571,18.5,4.71,5.61,17.87,21.74,19.94,1.33
2023-08-09,18.98,21.4,17.06,93.61,9.43,1.61,2.49,19.44,19.1,19.95,26.52,8,221,2023,18.801428571428573,12.454285714285714,18.75,10.69,4.51,17.85,5.42,19.25,3.64
2023-08-10,19.44,23.1,16.58,92.17,2.49,1.97,6.63,18.92,18.98,19.57,9.43,8,222,2023,18.782857142857143,12.54142857142857,18.58,30.77,1.88,18.14,6.56,19.32,2.76
2023-08-11,18.92,21.54,16.79,93.68,6.63,1.67,33.14,19.45,19.44,18.13,2.49,8,223,2023,18.895714285714288,13.034285714285716,19.1,26.52,3.18,18.74,8.52,19.72,6.81
2023-08-12,19.45,23.03,16.98,93.02,33.14,2.43,16.83,17.94,18.92,18.5,6.63,8,224,2023,19.03142857142857,17.095714285714283,18.98,9.43,4.71,18.35,25.55,18.44,15.52
2023-08-13,17.94,20.02,16.22,95.6,16.83,1.41,1.67,18.81,19.45,18.75,33.14,8,225,2023,18.915714285714284,17.972857142857144,19.44,2.49,10.69,18.43,10.84,18.14,15.46
2023-08-14,18.81,22.36,16.1,92.0,1.67,1.71,1.32,18.74,17.94,18.58,16.83,8,226,2023,18.94857142857143,13.815714285714284,18.92,6.63,30.77,19.41,15.76,19.48,20.24
2023-08-15,18.74,22.13,16.87,91.56,1.32,1.43,7.16,19.56,18.81,19.1,1.67,8,227,2023,18.897142857142857,10.215714285714286,19.45,33.14,26.52,20.0,5.61,19.02,4.46
2023-08-16,19.56,22.71,16.94,88.11,7.16,1.78,7.31,19.52,18.74,18.98,1.32,8,228,2023,18.98,9.891428571428571,17.94,16.83,9.43,19.95,4.51,19.03,13.92
2023-08-17,19.52,22.66,17.12,91.27,7.31,1.7,4.48,19.66,19.56,19.44,7.16,8,229,2023,18.99142857142857,10.58,18.81,1.67,2.49,19.57,1.88,18.28,11.05
2023-08-18,19.66,22.75,16.88,90.53,4.48,1.89,2.91,19.42,19.52,18.92,7.31,8,230,2023,19.097142857142853,10.272857142857143,18.74,1.32,6.63,18.13,3.18,19.2,1.54
2023-08-19,19.42,23.43,16.09,88.3,2.91,1.92,7.28,18.36,19.66,19.45,4.48,8,231,2023,19.092857142857145,5.954285714285715,19.56,7.16,33.14,18.5,4.71,20.06,3.07
2023-08-20,18.36,21.22,16.12,92.28,7.28,1.49,8.41,18.56,19.42,17.94,2.91,8,232,2023,19.15285714285714,4.590000000000001,19.52,7.31,16.83,18.75,10.69,19.38,2.89
2023-08-21,18.56,21.83,16.25,93.1,8.41,1.75,9.87,18.76,18.36,18.81,7.28,8,233,2023,19.117142857142856,5.5528571428571425,19.66,4.48,1.67,18.58,30.77,19.44,15.28
2023-08-22,18.76,21.95,16.7,92.7,9.87,1.82,12.25,18.14,18.56,18.74,8.41,8,234,2023,19.12,6.774285714285715,19.42,2.91,1.32,19.1,26.52,19.16,19.59
2023-08-23,18.14,20.7,15.61,94.66,12.25,2.02,28.39,18.32,18.76,19.56,9.87,8,235,2023,18.91714285714286,7.501428571428572,18.36,7.28,7.16,18.98,9.43,17.52,12.46
2023-08-24,18.32,20.25,16.61,96.89,28.39,2.23,35.81,17.33,18.14,19.52,12.25,8,236,2023,18.745714285714286,10.512857142857143,18.56,8.41,7.31,19.44,2.49,17.87,21.74
2023-08-25,17.33,19.38,15.34,96.72,35.81,1.69,13.93,17.44,18.32,19.66,28.39,8,237,2023,18.412857142857142,14.98857142857143,18.76,9.87,4.48,18.92,6.63,17.85,5.42
2023-08-26,17.44,20.08,15.22,90.89,13.93,1.09,7.3,18.83,17.33,19.42,35.81,8,238,2023,18.13,16.562857142857144,18.14,12.25,2.91,19.45,33.14,18.14,6.56
2023-08-27,18.83,22.32,16.09,92.93,7.3,2.42,1.29,17.92,17.44,18.36,13.93,8,239,2023,18.197142857142858,16.565714285714286,18.32,28.39,7.28,17.94,16.83,18.74,8.52
2023-08-28,17.92,21.33,15.43,91.71,1.29,2.01,1.65,17.73,18.83,18.56,7.3,8,240,2023,18.105714285714285,15.54857142857143,17.33,35.81,8.41,18.81,1.67,18.35,25.55
2023-08-29,17.73,21.64,14.35,88.8,1.65,1.41,0.13,18.38,17.92,18.76,1.29,8,241,2023,17.958571428571428,14.374285714285715,17.44,13.93,9.87,18.74,1.32,18.43,10.84
2023-08-30,18.38,22.15,14.96,89.95,0.13,1.58,0.72,18.56,17.73,18.14,1.65,8,242,2023,17.992857142857144,12.642857142857142,18.83,7.3,12.25,19.56,7.16,19.41,15.76
2023-08-31,18.56,22.21,15.88,92.62,0.72,1.83,2.24,18.66,18.38,18.32,0.13,8,243,2023,18.027142857142856,8.69,17.92,1.29,28.39,19.52,7.31,20.0,5.61
2023-09-01,18.66,21.9,15.97,93.09,2.24,1.72,2.05,18.51,18.56,17.33,0.72,9,244,2023,18.217142857142857,3.894285714285714,17.73,1.65,35.81,19.66,4.48,19.95,4.51
2023-09-02,18.51,20.34,16.83,95.95,2.05,1.1,8.11,19.09,18.66,17.44,2.24,9,245,2023,18.37,2.197142857142857,18.38,0.13,13.93,19.42,2.91,19.57,1.88
2023-09-03,19.09,21.7,17.36,87.85,8.11,0.85,10.66,18.7,18.51,18.83,2.05,9,246,2023,18.407142857142855,2.3128571428571427,18.56,0.72,7.3,18.36,7.28,18.13,3.18
2023-09-04,18.7,22.13,16.32,83.39,10.66,1.15,0.55,18.12,19.09,17.92,8.11,9,247,2023,18.518571428571427,3.6514285714285712,18.66,2.24,1.29,18.56,8.41,18.5,4.71
2023-09-05,18.12,21.11,15.37,88.54,0.55,1.23,0.57,18.67,18.7,17.73,10.66,9,248,2023,18.57428571428571,3.494285714285714,18.51,2.05,1.65,18.76,9.87,18.75,10.69
2023-09-06,18.67,22.02,16.44,84.99,0.57,1.37,2.07,18.02,18.12,18.38,0.55,9,249,2023,18.615714285714287,3.557142857142857,19.09,8.11,0.13,18.14,12.25,18.58,30.77
2023-09-07,18.02,21.65,15.43,86.39,2.07,1.17,6.31,17.27,18.67,18.56,0.57,9,250,2023,18.53857142857143,3.75,18.7,10.66,0.72,18.32,28.39,19.1,26.52
2023-09-08,17.27,19.62,15.47,91.31,6.31,1.54,4.47,17.19,18.02,18.66,2.07,9,251,2023,18.34,4.331428571428571,18.12,0.55,2.24,17.33,35.81,18.98,9.43
2023-09-09,17.19,20.07,15.05,92.01,4.47,1.57,0.79,18.15,17.27,18.51,6.31,9,252,2023,18.15142857142857,4.677142857142857,18.67,0.57,2.05,17.44,13.93,19.44,2.49
2023-09-10,18.15,22.14,15.12,88.31,0.79,1.21,6.16,18.54,17.19,19.09,4.47,9,253,2023,18.017142857142854,3.6314285714285717,18.02,2.07,8.11,18.83,7.3,18.92,6.63
2023-09-11,18.54,21.66,15.79,88.52,6.16,1.96,9.93,18.5,18.15,18.7,0.79,9,254,2023,17.994285714285716,2.988571428571429,17.27,6.31,10.66,17.92,1.29,19.45,33.14
2023-09-12,18.5,22.12,16.24,91.58,9.93,1.61,6.58,18.91,18.54,18.12,6.16,9,255,2023,18.048571428571428,4.328571428571428,17.19,4.47,0.55,17.73,1.65,17.94,16.83
2023-09-13,18.91,22.64,15.8,87.41,6.58,1.56,2.4,18.86,18.5,18.67,9.93,9,256,2023,18.082857142857144,5.187142857142858,18.15,0.79,0.57,18.38,0.13,18.81,1.67
2023-09-14,18.86,22.82,15.76,90.94,2.4,1.37,0.27,18.29,18.91,18.02,6.58,9,257,2023,18.202857142857145,5.234285714285714,18.54,6.16,2.07,18.56,0.72,18.74,1.32
2023-09-15,18.29,22.03,15.84,91.77,0.27,1.63,0.1,18.51,18.86,17.27,2.4,9,258,2023,18.34857142857143,4.371428571428572,18.5,9.93,6.31,18.66,2.24,19.56,7.16
2023-09-16,18.51,22.26,15.66,86.65,0.1,1.15,0.75,18.33,18.29,17.19,0.27,9,259,2023,18.537142857142857,3.7471428571428573,18.91,6.58,4.47,18.51,2.05,19.52,7.31
2023-09-17,18.33,22.12,14.97,87.47,0.75,1.49,5.88,18.06,18.51,18.15,0.1,9,260,2023,18.562857142857144,3.741428571428571,18.86,2.4,0.79,19.09,8.11,19.66,4.48
2023-09-18,18.06,21.63,14.86,85.49,5.88,1.55,9.31,17.41,18.33,18.54,0.75,9,261,2023,18.494285714285713,3.7014285714285715,18.29,0.27,6.16,18.7,10.66,19.42,2.91
2023-09-19,17.41,20.45,15.26,93.35,9.31,1.69,5.38,17.39,18.06,18.5,5.88,9,262,2023,18.33857142857143,3.6128571428571425,18.51,0.1,9.93,18.12,0.55,18.36,7.28
2023-09-20,17.39,21.18,14.36,88.66,5.38,1.36,4.72,16.83,17.41,18.91,9.31,9,263,2023,18.12142857142857,3.4414285714285717,18.33,0.75,6.58,18.67,0.57,18.56,8.41
2023-09-21,16.83,20.42,14.53,92.15,4.72,1.18,8.71,16.39,17.39,18.86,5.38,9,264,2023,17.83142857142857,3.7728571428571427,18.06,5.88,2.4,18.02,2.07,18.76,9.87
2023-09-22,16.39,19.12,14.1,91.83,8.71,1.22,18.85,16.39,16.83,18.29,4.72,9,265,2023,17.56,4.978571428571429,17.41,9.31,0.27,17.27,6.31,18.14,12.25
2023-09-23,16.39,19.1,14.31,92.33,18.85,1.21,1.53,16.64,16.39,18.51,8.71,9,266,2023,17.257142857142856,7.6571428571428575,17.39,5.38,0.1,17.19,4.47,18.32,28.39
2023-09-24,16.64,19.97,14.29,91.2,1.53,1.14,0.78,16.84,16.39,18.33,18.85,9,267,2023,17.015714285714285,7.768571428571429,16.83,4.72,0.75,18.15,0.79,17.33,35.81
2023-09-25,16.84,20.56,14.32,88.66,0.78,1.08,1.42,17.39,16.64,18.06,1.53,9,268,2023,16.841428571428573,7.040000000000001,16.39,8.71,5.88,18.54,6.16,17.44,13.93
2023-09-26,17.39,20.93,13.83,87.06,1.42,1.34,2.33,17.64,16.84,17.41,0.78,9,269,2023,16.83857142857143,5.912857142857143,16.39,18.85,9.31,18.5,9.93,18.83,7.3
2023-09-27,17.64,20.85,15.0,92.04,2.33,1.35,2.36,17.9,17.39,17.39,1.42,9,270,2023,16.874285714285715,5.477142857142858,16.64,1.53,5.38,18.91,6.58,17.92,1.29
2023-09-28,17.9,21.8,14.61,86.74,2.36,1.28,0.52,18.42,17.64,16.83,2.33,9,271,2023,17.027142857142856,5.140000000000001,16.84,0.78,4.72,18.86,2.4,17.73,1.65
2023-09-29,18.42,22.18,15.03,79.8,0.52,1.09,4.77,16.83,17.9,16.39,2.36,9,272,2023,17.31714285714286,3.97,17.39,1.42,8.71,18.29,0.27,18.38,0.13
2023-09-30,16.83,19.76,14.07,89.15,4.77,0.78,3.78,17.24,18.42,16.39,0.52,9,273,2023,17.38,1.9585714285714284,17.64,2.33,18.85,18.51,0.1,18.56,0.72
2023-10-01,17.24,20.08,15.46,89.4,3.78,0.94,4.17,17.0,16.83,16.64,4.77,10,274,2023,17.465714285714288,2.28,17.9,2.36,1.53,18.33,0.75,18.66,2.24
2023-10-02,17.0,19.06,14.8,92.57,4.17,0.93,6.19,17.35,17.24,16.84,3.78,10,275,2023,17.48857142857143,2.764285714285714,18.42,0.52,0.78,18.06,5.88,18.51,2.05
2023-10-03,17.35,20.41,15.2,93.69,6.19,1.21,8.92,16.3,17.0,17.39,4.17,10,276,2023,17.482857142857142,3.4457142857142857,16.83,4.77,1.42,17.41,9.31,19.09,8.11
2023-10-04,16.3,19.43,14.37,92.65,8.92,1.41,1.7,16.85,17.35,17.64,6.19,10,277,2023,17.291428571428572,4.387142857142857,17.24,3.78,2.33,17.39,5.38,18.7,10.66
2023-10-05,16.85,20.61,13.46,90.56,1.7,1.15,1.73,17.1,16.3,17.9,8.92,10,278,2023,17.14142857142857,4.292857142857143,17.0,4.17,2.36,16.83,4.72,18.12,0.55
2023-10-06,17.1,21.1,14.37,90.69,1.73,1.48,0.69,16.6,16.85,18.42,1.7,10,279,2023,16.95285714285714,4.465714285714285,17.35,6.19,0.52,16.39,8.71,18.67,0.57
2023-10-07,16.6,20.47,14.05,93.18,0.69,1.36,0.23,16.55,17.1,16.83,1.73,10,280,2023,16.92,3.882857142857143,16.3,8.92,4.77,16.39,18.85,18.02,2.07
2023-10-08,16.55,20.51,13.96,89.18,0.23,1.17,0.53,16.26,16.6,17.24,0.69,10,281,2023,16.821428571428573,3.3757142857142854,16.85,1.7,3.78,16.64,1.53,17.27,6.31
2023-10-09,16.26,20.38,13.28,89.07,0.53,1.35,0.18,16.48,16.55,17.0,0.23,10,282,2023,16.715714285714288,2.8557142857142854,17.1,1.73,4.17,16.84,0.78,17.19,4.47
2023-10-10,16.48,20.43,13.33,89.72,0.18,1.23,0.37,15.12,16.26,17.35,0.53,10,283,2023,16.591428571428573,1.9971428571428569,16.6,0.69,6.19,17.39,1.42,18.15,0.79
2023-10-11,15.12,19.64,11.89,70.44,0.37,1.14,1.15,14.76,16.48,16.3,0.18,10,284,2023,16.422857142857143,0.7757142857142857,16.55,0.23,8.92,17.64,2.33,18.54,6.16
2023-10-12,14.76,18.76,11.9,82.98,1.15,1.27,0.08,15.1,15.12,16.85,0.37,10,285,2023,16.124285714285715,0.6971428571428572,16.26,0.53,1.7,17.9,2.36,18.5,9.93
2023-10-13,15.1,19.28,12.34,82.27,0.08,1.17,0.28,13.88,14.76,17.1,1.15,10,286,2023,15.838571428571429,0.4614285714285714,16.48,0.18,1.73,18.42,0.52,18.91,6.58
2023-10-14,13.88,17.86,11.08,85.73,0.28,1.19,0.01,13.78,15.1,16.6,0.08,10,287,2023,15.450000000000001,0.4028571428571429,15.12,0.37,0.69,16.83,4.77,18.86,2.4
2023-10-15,13.78,18.32,10.54,85.23,0.01,1.1,0.87,13.7,13.88,16.55,0.28,10,288,2023,15.054285714285715,0.3714285714285714,14.76,1.15,0.23,17.24,3.78,18.29,0.27
2023-10-16,13.7,17.12,10.92,83.8,0.87,0.91,1.06,13.26,13.78,16.26,0.01,10,289,2023,14.688571428571427,0.42,15.1,0.08,0.53,17.0,4.17,18.51,0.1
2023-10-17,13.26,17.35,10.43,78.92,1.06,1.1,0.01,12.52,13.7,16.48,0.87,10,290,2023,14.228571428571428,0.5457142857142857,13.88,0.28,0.18,17.35,6.19,18.33,0.75
2023-10-18,12.52,17.2,9.45,68.83,0.01,1.27,0.0,12.0,13.26,15.12,1.06,10,291,2023,13.857142857142858,0.4942857142857143,13.78,0.01,0.37,16.3,8.92,18.06,5.88
2023-10-19,12.0,16.89,8.69,69.46,0.0,1.29,0.01,11.91,12.52,14.76,0.01,10,292,2023,13.462857142857143,0.32999999999999996,13.7,0.87,1.15,16.85,1.7,17.41,9.31
2023-10-20,11.91,16.35,8.84,69.43,0.01,1.19,0.0,11.97,12.0,15.1,0.0,10,293,2023,13.007142857142858,0.32,13.26,1.06,0.08,17.1,1.73,17.39,5.38
2023-10-21,11.97,16.53,9.17,72.61,0.0,1.18,0.0,12.2,11.91,13.88,0.01,10,294,2023,12.734285714285715,0.27999999999999997,12.52,0.01,0.28,16.6,0.69,16.83,4.72
2023-10-22,12.2,17.02,9.13,68.26,0.0,1.3,0.0,12.52,11.97,13.78,0.0,10,295,2023,12.508571428571427,0.2785714285714286,12.0,0.0,0.01,16.55,0.23,16.39,8.71
2023-10-23,12.52,17.32,9.25,62.0,0.0,1.24,0.0,12.62,12.2,13.7,0.0,10,296,2023,12.340000000000002,0.1542857142857143,11.91,0.01,0.87,16.26,0.53,16.39,18.85
2023-10-24,12.62,17.35,9.31,65.46,0.0,1.22,0.0,12.71,12.52,13.26,0.0,10,297,2023,12.248571428571427,0.002857142857142857,11.97,0.0,1.06,16.48,0.18,16.64,1.53
2023-10-25,12.71,17.56,9.1,66.8,0.0,1.3,0.0,12.35,12.62,12.52,0.0,10,298,2023,12.275714285714287,0.0014285714285714286,12.2,0.0,0.01,15.12,0.37,16.84,0.78
2023-10-26,12.35,17.03,9.18,69.18,0.0,1.27,0.0,11.88,12.71,12.0,0.0,10,299,2023,12.325714285714286,0.0014285714285714286,12.52,0.0,0.0,14.76,1.15,17.39,1.42
2023-10-27,11.88,15.67,9.55,84.26,0.0,1.2,0.0,12.21,12.35,11.91,0.0,10,300,2023,12.321428571428571,0.0,12.62,0.0,0.01,15.1,0.08,17.64,2.33
2023-10-28,12.21,16.31,9.61,82.51,0.0,1.16,0.0,12.38,11.88,11.97,0.0,10,301,2023,12.355714285714285,0.0,12.71,0.0,0.0,13.88,0.28,17.9,2.36
2023-10-29,12.38,16.9,9.37,81.01,0.0,1.07,0.0,13.04,12.21,12.2,0.0,10,302,2023,12.381428571428572,0.0,12.35,0.0,0.0,13.78,0.01,18.42,0.52
2023-10-30,13.04,17.53,10.2,71.48,0.0,1.25,0.0,13.2,12.38,12.52,0.0,10,303,2023,12.455714285714285,0.0,11.88,0.0,0.0,13.7,0.87,16.83,4.77
2023-10-31,13.2,17.84,10.16,71.52,0.0,1.05,0.0,12.8,13.04,12.62,0.0,10,304,2023,12.53857142857143,0.0,12.21,0.0,0.0,13.26,1.06,17.24,3.78
2023-11-01,12.8,16.73,10.44,67.89,0.0,1.04,0.0,12.94,13.2,12.71,0.0,11,305,2023,12.551428571428572,0.0,12.38,0.0,0.0,12.52,0.01,17.0,4.17
2023-11-02,12.94,17.53,10.0,70.55,0.0,1.25,0.0,11.94,12.8,12.35,0.0,11,306,2023,12.635714285714286,0.0,13.04,0.0,0.0,12.0,0.0,17.35,6.19
2023-11-03,11.94,16.32,9.38,74.49,0.0,1.22,0.02,10.94,12.94,11.88,0.0,11,307,2023,12.644285714285713,0.0,13.2,0.0,0.0,11.91,0.01,16.3,8.92
2023-11-04,10.94,15.29,7.99,75.17,0.02,1.24,0.31,11.1,11.94,12.21,0.0,11,308,2023,12.462857142857143,0.002857142857142857,12.8,0.0,0.0,11.97,0.0,16.85,1.7
2023-11-05,11.1,15.4,8.52,79.21,0.31,1.1,0.01,10.61,10.94,12.38,0.02,11,309,2023,12.280000000000001,0.047142857142857146,12.94,0.0,0.0,12.2,0.0,17.1,1.73
2023-11-06,10.61,15.06,7.89,76.6,0.01,1.14,0.0,10.71,11.1,13.04,0.31,11,310,2023,11.932857142857143,0.04857142857142858,11.94,0.0,0.0,12.52,0.0,16.6,0.69
2023-11-07,10.71,15.24,7.98,76.23,0.0,1.24,0.0,10.43,10.61,13.2,0.01,11,311,2023,11.577142857142857,0.04857142857142858,10.94,0.02,0.0,12.62,0.0,16.55,0.23
2023-11-08,10.43,14.75,7.46,77.5,0.0,1.32,0.0,10.52,10.71,12.8,0.0,11,312,2023,11.23857142857143,0.04857142857142858,11.1,0.31,0.0,12.71,0.0,16.26,0.53
2023-11-09,10.52,14.91,7.65,68.56,0.0,1.15,0.0,10.74,10.43,12.94,0.0,11,313,2023,10.892857142857142,0.04857142857142858,10.61,0.01,0.0,12.35,0.0,16.48,0.18
2023-11-10,10.74,15.84,7.44,69.83,0.0,1.17,0.0,10.9,10.52,11.94,0.0,11,314,2023,10.721428571428572,0.04857142857142858,10.71,0.0,0.0,11.88,0.0,15.12,0.37
2023-11-11,10.9,15.75,7.99,71.09,0.0,1.18,0.0,10.63,10.74,10.94,0.0,11,315,2023,10.715714285714286,0.045714285714285714,10.43,0.0,0.02,12.21,0.0,14.76,1.15
2023-11-12,10.63,14.77,8.04,78.42,0.0,1.23,0.0,11.76,10.9,11.1,0.0,11,316,2023,10.64857142857143,0.0014285714285714286,10.52,0.0,0.31,12.38,0.0,15.1,0.08
2023-11-13,11.76,16.47,8.78,78.09,0.0,1.1,0.0,12.01,10.63,10.61,0.0,11,317,2023,10.812857142857142,0.0,10.74,0.0,0.01,13.04,0.0,13.88,0.28
2023-11-14,12.01,16.16,9.56,66.6,0.0,0.98,0.0,11.99,11.76,10.71,0.0,11,318,2023,10.998571428571427,0.0,10.9,0.0,0.0,13.2,0.0,13.78,0.01
2023-11-15,11.99,16.28,9.67,76.04,0.0,1.03,0.0,11.99,12.01,10.43,0.0,11,319,2023,11.221428571428572,0.0,10.63,0.0,0.0,12.8,0.0,13.7,0.87
2023-11-16,11.99,16.65,8.83,69.33,0.0,1.17,0.0,11.95,11.99,10.52,0.0,11,320,2023,11.431428571428572,0.0,11.76,0.0,0.0,12.94,0.0,13.26,1.06
2023-11-17,11.95,17.09,8.39,69.29,0.0,1.22,0.0,11.55,11.99,10.74,0.0,11,321,2023,11.604285714285712,0.0,12.01,0.0,0.0,11.94,0.0,12.52,0.01
2023-11-18,11.55,15.7,8.63,81.33,0.0,1.21,0.0,12.08,11.95,10.9,0.0,11,322,2023,11.69714285714286,0.0,11.99,0.0,0.0,10.94,0.02,12.0,0.0
2023-11-19,12.08,16.61,9.53,82.5,0.0,0.96,0.0,12.14,11.55,10.63,0.0,11,323,2023,11.904285714285715,0.0,11.99,0.0,0.0,11.1,0.31,11.91,0.01
2023-11-20,12.14,17.13,9.23,76.44,0.0,1.21,0.0,11.08,12.08,11.76,0.0,11,324,2023,11.95857142857143,0.0,11.95,0.0,0.0,10.61,0.01,11.97,0.0
2023-11-21,11.08,15.65,8.52,70.75,0.0,1.22,0.0,10.03,12.14,12.01,0.0,11,325,2023,11.825714285714286,0.0,11.55,0.0,0.0,10.71,0.0,12.2,0.0
2023-11-22,10.03,14.61,7.28,76.29,0.0,1.18,0.0,10.53,11.08,11.99,0.0,11,326,2023,11.545714285714286,0.0,12.08,0.0,0.0,10.43,0.0,12.52,0.0
2023-11-23,10.53,15.66,6.93,70.16,0.0,1.1,0.0,10.57,10.03,11.99,0.0,11,327,2023,11.337142857142856,0.0,12.14,0.0,0.0,10.52,0.0,12.62,0.0
2023-11-24,10.57,15.15,7.72,69.25,0.0,1.09,0.0,10.33,10.53,11.95,0.0,11,328,2023,11.139999999999999,0.0,11.08,0.0,0.0,10.74,0.0,12.71,0.0
2023-11-25,10.33,15.0,7.15,74.79,0.0,1.24,0.0,11.45,10.57,11.55,0.0,11,329,2023,10.965714285714284,0.0,10.03,0.0,0.0,10.9,0.0,12.35,0.0
2023-11-26,11.45,16.06,8.15,70.97,0.0,1.01,0.0,12.1,10.33,12.08,0.0,11,330,2023,10.875714285714285,0.0,10.53,0.0,0.0,10.63,0.0,11.88,0.0
2023-11-27,12.1,15.97,9.5,63.63,0.0,0.92,0.0,10.72,11.45,12.14,0.0,11,331,2023,10.870000000000001,0.0,10.57,0.0,0.0,11.76,0.0,12.21,0.0
2023-11-28,10.72,15.44,7.68,75.67,0.0,1.03,0.0,10.33,12.1,11.08,0.0,11,332,2023,10.81857142857143,0.0,10.33,0.0,0.0,12.01,0.0,12.38,0.0
2023-11-29,10.33,14.79,7.33,67.69,0.0,1.14,0.0,9.81,10.72,10.03,0.0,11,333,2023,10.861428571428572,0.0,11.45,0.0,0.0,11.99,0.0,13.04,0.0
2023-11-30,9.81,15.43,6.74,61.2,0.0,1.14,0.0,9.52,10.33,10.53,0.0,11,334,2023,10.758571428571429,0.0,12.1,0.0,0.0,11.99,0.0,13.2,0.0
2023-12-01,9.52,14.69,5.86,74.42,0.0,1.07,0.0,9.97,9.81,10.57,0.0,12,335,2023,10.608571428571429,0.0,10.72,0.0,0.0,11.95,0.0,12.8,0.0
2023-12-02,9.97,15.82,5.77,57.09,0.0,1.36,0.0,9.65,9.52,10.33,0.0,12,336,2023,10.557142857142859,0.0,10.33,0.0,0.0,11.55,0.0,12.94,0.0
2023-12-03,9.65,15.72,5.45,57.46,0.0,1.45,0.0,9.7,9.97,11.45,0.0,12,337,2023,10.3,0.0,9.81,0.0,0.0,12.08,0.0,11.94,0.0
2023-12-04,9.7,15.78,5.81,57.58,0.0,1.39,0.01,9.37,9.65,12.1,0.0,12,338,2023,9.957142857142857,0.0,9.52,0.0,0.0,12.14,0.0,10.94,0.02
2023-12-05,9.37,15.55,4.99,70.22,0.01,1.27,2.62,8.98,9.7,10.72,0.0,12,339,2023,9.764285714285714,0.0014285714285714286,9.97,0.0,0.0,11.08,0.0,11.1,0.31
2023-12-06,8.98,14.92,4.47,65.99,2.62,1.29,1.7,8.72,9.37,10.33,0.01,12,340,2023,9.571428571428571,0.3757142857142857,9.65,0.0,0.0,10.03,0.0,10.61,0.01
2023-12-07,8.72,12.84,5.93,60.66,1.7,0.92,0.06,8.15,8.98,9.81,2.62,12,341,2023,9.415714285714285,0.6185714285714285,9.7,0.0,0.0,10.53,0.0,10.71,0.0
2023-12-08,8.15,13.39,4.16,66.16,0.06,1.27,0.0,7.69,8.72,9.52,1.7,12,342,2023,9.219999999999999,0.6271428571428571,9.37,0.01,0.0,10.57,0.0,10.43,0.0
2023-12-09,7.69,12.73,4.65,60.82,0.0,1.04,0.0,7.04,8.15,9.97,0.06,12,343,2023,8.894285714285713,0.6271428571428571,8.98,2.62,0.0,10.33,0.0,10.52,0.0
2023-12-10,7.04,12.62,2.71,64.17,0.0,1.07,0.0,7.34,7.69,9.65,0.0,12,344,2023,8.521428571428572,0.6271428571428571,8.72,1.7,0.0,11.45,0.0,10.74,0.0
2023-12-11,7.34,12.49,4.27,63.63,0.0,1.03,0.0,6.35,7.04,9.7,0.0,12,345,2023,8.184285714285714,0.6271428571428571,8.15,0.06,0.0,12.1,0.0,10.9,0.0
2023-12-12,6.35,11.59,2.82,61.03,0.0,1.09,0.04,5.61,7.34,9.37,0.0,12,346,2023,7.752857142857144,0.6257142857142857,7.69,0.0,0.01,10.72,0.0,10.63,0.0
2023-12-13,5.61,9.84,2.85,69.41,0.04,1.14,0.0,6.98,6.35,8.98,0.0,12,347,2023,7.271428571428572,0.2571428571428572,7.04,0.0,2.62,10.33,0.0,11.76,0.0
2023-12-14,6.98,12.2,3.5,67.85,0.0,1.19,0.0,8.57,5.61,8.72,0.04,12,348,2023,7.022857142857142,0.014285714285714287,7.34,0.0,1.7,9.81,0.0,12.01,0.0
2023-12-15,8.57,13.65,5.87,58.82,0.0,0.92,0.0,8.63,6.98,8.15,0.0,12,349,2023,7.082857142857143,0.005714285714285714,6.35,0.0,0.06,9.52,0.0,11.99,0.0
2023-12-16,8.63,14.77,4.83,56.55,0.0,1.06,0.0,7.63,8.57,7.69,0.0,12,350,2023,7.217142857142858,0.005714285714285714,5.61,0.04,0.0,9.97,0.0,11.99,0.0
2023-12-17,7.63,13.62,3.95,48.04,0.0,1.14,0.0,6.92,8.63,7.04,0.0,12,351,2023,7.3014285714285725,0.005714285714285714,6.98,0.0,0.0,9.65,0.0,11.95,0.0
2023-12-18,6.92,13.33,2.89,42.83,0.0,1.31,0.0,7.07,7.63,7.34,0.0,12,352,2023,7.241428571428572,0.005714285714285714,8.57,0.0,0.0,9.7,0.0,11.55,0.0
2023-12-19,7.07,12.72,3.28,48.63,0.0,1.15,0.0,9.02,6.92,6.35,0.0,12,353,2023,7.344285714285715,0.005714285714285714,8.63,0.0,0.0,9.37,0.01,12.08,0.0
2023-12-20,9.02,14.72,3.68,53.46,0.0,0.96,0.0,10.47,7.07,5.61,0.0,12,354,2023,7.831428571428572,0.0,7.63,0.0,0.04,8.98,2.62,12.14,0.0
2023-12-21,10.47,14.65,8.42,54.74,0.0,0.9,0.0,9.8,9.02,6.98,0.0,12,355,2023,8.33,0.0,6.92,0.0,0.0,8.72,1.7,11.08,0.0
2023-12-22,9.8,13.68,7.75,63.73,0.0,0.86,0.0,9.49,10.47,8.57,0.0,12,356,2023,8.505714285714285,0.0,7.07,0.0,0.0,8.15,0.06,10.03,0.0
2023-12-23,9.49,14.39,6.35,73.23,0.0,0.96,0.0,8.66,9.8,8.63,0.0,12,357,2023,8.62857142857143,0.0,9.02,0.0,0.0,7.69,0.0,10.53,0.0
2023-12-24,8.66,13.0,6.15,74.49,0.0,1.24,0.0,8.48,9.49,7.63,0.0,12,358,2023,8.775714285714285,0.0,10.47,0.0,0.0,7.04,0.0,10.57,0.0
2023-12-25,8.48,13.47,5.7,72.75,0.0,1.18,0.0,8.56,8.66,6.92,0.0,12,359,2023,8.998571428571427,0.0,9.8,0.0,0.0,7.34,0.0,10.33,0.0
2023-12-26,8.56,14.04,5.38,72.32,0.0,1.16,0.0,8.73,8.48,7.07,0.0,12,360,2023,9.211428571428572,0.0,9.49,0.0,0.0,6.35,0.0,11.45,0.0
2023-12-27,8.73,13.62,6.18,75.91,0.0,1.04,0.0,8.08,8.56,9.02,0.0,12,361,2023,9.17,0.0,8.66,0.0,0.0,5.61,0.04,12.1,0.0
2023-12-28,8.08,12.93,5.67,78.82,0.0,1.08,0.0,8.07,8.73,10.47,0.0,12,362,2023,8.82857142857143,0.0,8.48,0.0,0.0,6.98,0.0,10.72,0.0
2023-12-29,8.07,13.78,4.33,63.08,0.0,1.19,0.0,7.72,8.08,9.8,0.0,12,363,2023,8.581428571428571,0.0,8.56,0.0,0.0,8.57,0.0,10.33,0.0
2023-12-30,7.72,12.97,4.33,56.97,0.0,1.2,0.0,7.64,8.07,9.49,0.0,12,364,2023,8.328571428571427,0.0,8.73,0.0,0.0,8.63,0.0,9.81,0.0
2023-12-31,7.64,12.69,5.03,54.33,0.0,1.09,0.0,6.58,7.72,8.66,0.0,12,365,2023,8.182857142857143,0.0,8.08,0.0,0.0,7.63,0.0,9.52,0.0
2024-01-01,6.58,12.13,3.17,59.77,0.0,1.35,0.0,5.87,7.64,8.48,0.0,1,1,2024,7.911428571428571,0.0,8.07,0.0,0.0,6.92,0.0,9.97,0.0
2024-01-02,5.87,11.06,2.07,62.64,0.0,1.25,0.0,5.75,6.58,8.56,0.0,1,2,2024,7.527142857142858,0.0,7.72,0.0,0.0,7.07,0.0,9.65,0.0
2024-01-03,5.75,11.28,2.02,63.14,0.0,1.22,0.0,5.4,5.87,8.73,0.0,1,3,2024,7.101428571428571,0.0,7.64,0.0,0.0,9.02,0.0,9.7,0.0
2024-01-04,5.4,11.05,1.08,60.63,0.0,1.33,0.0,5.79,5.75,8.08,0.0,1,4,2024,6.718571428571429,0.0,6.58,0.0,0.0,10.47,0.0,9.37,0.01
2024-01-05,5.79,11.2,2.03,59.43,0.0,1.28,0.0,5.9,5.4,8.07,0.0,1,5,2024,6.392857142857143,0.0,5.87,0.0,0.0,9.8,0.0,8.98,2.62
2024-01-06,5.9,11.06,2.53,59.97,0.0,1.17,0.0,6.38,5.79,7.72,0.0,1,6,2024,6.132857142857143,0.0,5.75,0.0,0.0,9.49,0.0,8.72,1.7
2024-01-07,6.38,11.32,3.46,73.84,0.0,1.19,0.0,6.28,5.9,7.64,0.0,1,7,2024,5.952857142857143,0.0,5.4,0.0,0.0,8.66,0.0,8.15,0.06
2024-01-08,6.28,11.84,2.04,68.34,0.0,1.3,0.0,6.96,6.38,6.58,0.0,1,8,2024,5.910000000000001,0.0,5.79,0.0,0.0,8.48,0.0,7.69,0.0
2024-01-09,6.96,12.75,3.62,58.28,0.0,1.39,0.0,6.72,6.28,5.87,0.0,1,9,2024,6.065714285714286,0.0,5.9,0.0,0.0,8.56,0.0,7.04,0.0
2024-01-10,6.72,13.34,2.08,61.35,0.0,1.44,0.0,6.4,6.96,5.75,0.0,1,10,2024,6.204285714285715,0.0,6.38,0.0,0.0,8.73,0.0,7.34,0.0
2024-01-11,6.4,12.95,1.45,59.7,0.0,1.25,0.0,7.32,6.72,5.4,0.0,1,11,2024,6.347142857142857,0.0,6.28,0.0,0.0,8.08,0.0,6.35,0.0
2024-01-12,7.32,13.64,2.62,50.1,0.0,1.16,0.0,8.63,6.4,5.79,0.0,1,12,2024,6.565714285714286,0.0,6.96,0.0,0.0,8.07,0.0,5.61,0.04
2024-01-13,8.63,14.84,4.31,47.35,0.0,1.18,0.0,8.01,7.32,5.9,0.0,1,13,2024,6.955714285714286,0.0,6.72,0.0,0.0,7.72,0.0,6.98,0.0
2024-01-14,8.01,13.52,4.73,55.18,0.0,1.19,0.0,6.57,8.63,6.38,0.0,1,14,2024,7.188571428571429,0.0,6.4,0.0,0.0,7.64,0.0,8.57,0.0
2024-01-15,6.57,11.51,3.62,63.74,0.0,1.15,0.01,5.28,8.01,6.28,0.0,1,15,2024,7.2299999999999995,0.0,7.32,0.0,0.0,6.58,0.0,8.63,0.0
2024-01-16,5.28,10.48,2.21,69.62,0.01,1.28,0.03,4.34,6.57,6.96,0.0,1,16,2024,6.99,0.0014285714285714286,8.63,0.0,0.0,5.87,0.0,7.63,0.0
2024-01-17,4.34,9.67,1.44,66.67,0.03,1.2,0.0,3.84,5.28,6.72,0.01,1,17,2024,6.6499999999999995,0.005714285714285714,8.01,0.0,0.0,5.75,0.0,6.92,0.0
2024-01-18,3.84,9.56,-0.09,67.02,0.0,1.31,0.0,4.42,4.34,6.4,0.03,1,18,2024,6.284285714285715,0.005714285714285714,6.57,0.0,0.0,5.4,0.0,7.07,0.0
2024-01-19,4.42,9.98,0.79,60.82,0.0,1.23,0.0,4.54,3.84,7.32,0.0,1,19,2024,5.87,0.005714285714285714,5.28,0.01,0.0,5.79,0.0,9.02,0.0
2024-01-20,4.54,10.82,0.74,57.26,0.0,1.2,0.03,3.6,4.42,8.63,0.0,1,20,2024,5.285714285714286,0.005714285714285714,4.34,0.03,0.0,5.9,0.0,10.47,0.0
2024-01-21,3.6,9.57,-0.64,53.29,0.03,1.4,0.02,4.44,4.54,8.01,0.0,1,21,2024,4.655714285714287,0.01,3.84,0.0,0.0,6.38,0.0,9.8,0.0
2024-01-22,4.44,11.07,-1.3,56.17,0.02,1.06,0.01,4.71,3.6,6.57,0.03,1,22,2024,4.351428571428571,0.012857142857142857,4.42,0.0,0.0,6.28,0.0,9.49,0.0
2024-01-23,4.71,10.42,1.5,54.38,0.01,1.24,0.0,4.11,4.44,5.28,0.02,1,23,2024,4.2700000000000005,0.012857142857142859,4.54,0.0,0.01,6.96,0.0,8.66,0.0
2024-01-24,4.11,9.89,0.71,59.38,0.0,1.29,0.0,3.28,4.71,4.34,0.01,1,24,2024,4.2371428571428575,0.008571428571428572,3.6,0.03,0.03,6.72,0.0,8.48,0.0
2024-01-25,3.28,8.94,-0.81,58.96,0.0,1.33,0.08,3.7,4.11,3.84,0.0,1,25,2024,4.1571428571428575,0.008571428571428572,4.44,0.02,0.0,6.4,0.0,8.56,0.0
2024-01-26,3.7,9.35,0.35,58.6,0.08,1.31,0.0,3.87,3.28,4.42,0.0,1,26,2024,4.054285714285714,0.02,4.71,0.01,0.0,7.32,0.0,8.73,0.0
2024-01-27,3.87,9.97,-0.4,59.28,0.0,1.49,0.0,4.86,3.7,4.54,0.08,1,27,2024,3.958571428571429,0.02,4.11,0.0,0.0,8.63,0.0,8.08,0.0
2024-01-28,4.86,11.76,0.1,56.19,0.0,1.35,0.1,5.4,3.87,3.6,0.0,1,28,2024,4.138571428571429,0.015714285714285715,3.28,0.0,0.03,8.01,0.0,8.07,0.0
2024-01-29,5.4,11.12,2.24,57.01,0.1,1.23,0.08,4.42,4.86,4.44,0.0,1,29,2024,4.275714285714286,0.027142857142857142,3.7,0.08,0.02,6.57,0.0,7.72,0.0
2024-01-30,4.42,10.09,0.73,64.6,0.08,1.32,0.04,4.65,5.4,4.71,0.1,1,30,2024,4.234285714285714,0.037142857142857144,3.87,0.0,0.01,5.28,0.01,7.64,0.0
2024-01-31,4.65,10.48,0.88,65.01,0.04,1.25,0.07,4.14,4.42,4.11,0.08,1,31,2024,4.311428571428571,0.04285714285714286,4.86,0.0,0.0,4.34,0.03,6.58,0.0
2024-02-01,4.14,10.43,-0.28,62.07,0.07,1.4,0.1,4.38,4.65,3.28,0.04,2,32,2024,4.434285714285714,0.05285714285714286,5.4,0.1,0.0,3.84,0.0,5.87,0.0
2024-02-02,4.38,10.48,0.51,62.91,0.1,1.85,0.0,6.14,4.14,3.7,0.07,2,33,2024,4.531428571428571,0.055714285714285716,4.42,0.08,0.08,4.42,0.0,5.75,0.0
2024-02-03,6.14,13.56,1.07,48.47,0.0,1.58,0.25,5.32,4.38,3.87,0.1,2,34,2024,4.855714285714286,0.055714285714285716,4.65,0.04,0.0,4.54,0.0,5.4,0.0
2024-02-04,5.32,10.66,0.92,59.34,0.25,1.05,0.07,4.57,6.14,4.86,0.0,2,35,2024,4.921428571428572,0.09142857142857143,4.14,0.07,0.0,3.6,0.03,5.79,0.0
2024-02-05,4.57,10.94,0.23,72.73,0.07,1.52,0.0,4.89,5.32,5.4,0.25,2,36,2024,4.802857142857143,0.08714285714285716,4.38,0.1,0.1,4.44,0.02,5.9,0.0
2024-02-06,4.89,11.68,0.63,59.09,0.0,1.89,0.02,5.09,4.57,4.42,0.07,2,37,2024,4.87,0.07571428571428572,6.14,0.0,0.08,4.71,0.01,6.38,0.0
2024-02-07,5.09,13.06,0.33,49.37,0.02,2.11,0.02,4.99,4.89,4.65,0.0,2,38,2024,4.932857142857143,0.07285714285714286,5.32,0.25,0.04,4.11,0.0,6.28,0.0
2024-02-08,4.99,12.41,0.27,41.01,0.02,1.93,0.01,5.67,5.09,4.14,0.02,2,39,2024,5.054285714285714,0.06571428571428571,4.57,0.07,0.07,3.28,0.0,6.96,0.0
2024-02-09,5.67,13.18,-0.29,39.08,0.01,1.54,0.0,7.22,4.99,4.38,0.02,2,40,2024,5.238571428571428,0.05285714285714286,4.89,0.0,0.1,3.7,0.08,6.72,0.0
2024-02-10,7.22,14.69,2.2,37.51,0.0,1.46,0.0,7.21,5.67,6.14,0.01,2,41,2024,5.392857142857143,0.05285714285714286,5.09,0.02,0.0,3.87,0.0,6.4,0.0
2024-02-11,7.21,14.27,1.84,35.24,0.0,1.57,0.01,7.57,7.22,5.32,0.0,2,42,2024,5.662857142857143,0.017142857142857144,4.99,0.02,0.25,4.86,0.0,7.32,0.0
2024-02-12,7.57,14.03,2.16,43.0,0.01,1.62,0.02,8.41,7.21,4.57,0.0,2,43,2024,6.091428571428572,0.008571428571428572,5.67,0.01,0.07,5.4,0.1,8.63,0.0
2024-02-13,8.41,13.84,4.87,46.02,0.02,1.4,0.55,7.27,7.57,4.89,0.01,2,44,2024,6.594285714285713,0.011428571428571429,7.22,0.0,0.0,4.42,0.08,8.01,0.0
2024-02-14,7.27,11.27,4.88,57.2,0.55,1.02,0.21,7.83,8.41,5.09,0.02,2,45,2024,6.905714285714285,0.08714285714285716,7.21,0.0,0.02,4.65,0.04,6.57,0.0
2024-02-15,7.83,13.12,3.99,65.23,0.21,1.49,0.01,9.04,7.27,4.99,0.55,2,46,2024,7.311428571428571,0.1142857142857143,7.57,0.01,0.02,4.14,0.07,5.28,0.01
2024-02-16,9.04,15.2,5.06,52.43,0.01,1.56,0.1,8.76,7.83,5.67,0.21,2,47,2024,7.792857142857143,0.1142857142857143,8.41,0.02,0.01,4.38,0.1,4.34,0.03
2024-02-17,8.76,14.83,4.99,54.76,0.1,1.65,0.04,8.53,9.04,7.22,0.01,2,48,2024,8.012857142857143,0.1285714285714286,7.27,0.55,0.0,6.14,0.0,3.84,0.0
2024-02-18,8.53,14.19,4.77,52.81,0.04,1.36,0.0,8.64,8.76,7.21,0.1,2,49,2024,8.20142857142857,0.13428571428571429,7.83,0.21,0.0,5.32,0.25,4.42,0.0
2024-02-19,8.64,14.83,4.94,53.14,0.0,1.47,0.17,8.6,8.53,7.57,0.04,2,50,2024,8.354285714285714,0.13285714285714287,9.04,0.01,0.01,4.57,0.07,4.54,0.0
2024-02-20,8.6,14.44,4.68,57.57,0.17,2.01,0.75,7.21,8.64,8.41,0.0,2,51,2024,8.38142857142857,0.1542857142857143,8.76,0.1,0.02,4.89,0.0,3.6,0.03
2024-02-21,7.21,12.9,3.25,66.08,0.75,1.72,0.06,6.38,8.6,7.27,0.17,2,52,2024,8.372857142857143,0.18285714285714288,8.53,0.04,0.55,5.09,0.02,4.44,0.02
2024-02-22,6.38,11.34,2.44,68.48,0.06,1.62,0.06,5.18,7.21,7.83,0.75,2,53,2024,8.165714285714285,0.16142857142857145,8.64,0.0,0.21,4.99,0.02,4.71,0.01
2024-02-23,5.18,11.67,-0.22,47.78,0.06,1.61,0.0,4.86,6.38,9.04,0.06,2,54,2024,7.614285714285714,0.1685714285714286,8.6,0.17,0.01,5.67,0.01,4.11,0.0
2024-02-24,4.86,11.38,0.03,37.59,0.0,1.49,0.0,5.19,5.18,8.76,0.06,2,55,2024,7.057142857142857,0.1542857142857143,7.21,0.75,0.1,7.22,0.0,3.28,0.0
2024-02-25,5.19,12.0,-0.06,40.19,0.0,1.56,0.0,7.98,4.86,8.53,0.0,2,56,2024,6.58,0.14857142857142858,6.38,0.06,0.04,7.21,0.0,3.7,0.08
2024-02-26,7.98,14.8,2.07,40.12,0.0,1.73,0.0,9.19,5.19,8.64,0.0,2,57,2024,6.485714285714287,0.14857142857142858,5.18,0.06,0.0,7.57,0.01,3.87,0.0
2024-02-27,9.19,15.89,4.97,44.26,0.0,2.01,0.01,9.19,7.98,8.6,0.0,2,58,2024,6.57,0.1242857142857143,4.86,0.0,0.17,8.41,0.02,4.86,0.0
2024-02-28,9.19,15.76,4.9,57.06,0.01,2.03,0.08,9.55,9.19,7.21,0.0,2,59,2024,6.852857142857142,0.01857142857142859,5.19,0.0,0.75,7.27,0.55,5.4,0.1
2024-02-29,9.55,15.77,5.0,57.47,0.08,1.58,0.0,10.41,9.19,6.38,0.01,2,60,2024,7.305714285714286,0.021428571428571443,7.98,0.0,0.06,7.83,0.21,4.42,0.08
2024-03-01,10.41,16.44,6.12,53.48,0.0,1.56,0.0,10.33,9.55,5.18,0.08,3,61,2024,8.052857142857142,0.012857142857142873,9.19,0.0,0.06,9.04,0.01,4.65,0.04
2024-03-02,10.33,16.55,6.47,49.48,0.0,1.76,0.31,9.7,10.41,4.86,0.0,3,62,2024,8.834285714285715,0.012857142857142873,9.19,0.01,0.0,8.76,0.1,4.14,0.07
2024-03-03,9.7,16.22,5.94,60.64,0.31,1.61,0.01,9.23,10.33,5.19,0.0,3,63,2024,9.478571428571428,0.05714285714285716,9.55,0.08,0.0,8.53,0.04,4.38,0.1
2024-03-04,9.23,16.11,4.01,53.79,0.01,2.02,0.0,9.08,9.7,7.98,0.31,3,64,2024,9.657142857142857,0.05857142857142859,10.41,0.0,0.0,8.64,0.0,6.14,0.0
2024-03-05,9.08,16.57,3.63,39.38,0.0,2.13,0.0,10.41,9.23,9.19,0.01,3,65,2024,9.641428571428571,0.05857142857142859,10.33,0.0,0.0,8.6,0.17,5.32,0.25
2024-03-06,10.41,16.64,6.23,36.9,0.0,1.84,0.0,10.17,9.08,9.19,0.0,3,66,2024,9.815714285714288,0.057142857142857155,9.7,0.31,0.01,7.21,0.75,4.57,0.07
2024-03-07,10.17,16.86,5.67,41.21,0.0,1.76,0.0,10.11,10.41,9.55,0.0,3,67,2024,9.904285714285715,0.04571428571428572,9.23,0.01,0.08,6.38,0.06,4.89,0.0
2024-03-08,10.11,16.62,6.18,40.66,0.0,1.78,0.0,10.05,10.17,10.41,0.0,3,68,2024,9.861428571428572,0.04571428571428572,9.08,0.0,0.0,5.18,0.06,5.09,0.02
2024-03-09,10.05,16.46,5.52,44.58,0.0,1.73,0.0,11.41,10.11,10.33,0.0,3,69,2024,9.821428571428571,0.04571428571428572,10.41,0.0,0.0,4.86,0.0,4.99,0.02
2024-03-10,11.41,18.37,5.59,39.11,0.0,1.61,0.01,11.68,10.05,9.7,0.0,3,70,2024,10.065714285714284,0.0014285714285714444,10.17,0.0,0.31,5.19,0.0,5.67,0.01
2024-03-11,11.68,18.38,7.26,41.46,0.01,1.59,0.01,11.3,11.41,9.23,0.0,3,71,2024,10.415714285714285,0.0014285714285714444,10.11,0.0,0.01,7.98,0.0,7.22,0.0
2024-03-12,11.3,18.74,5.53,43.76,0.01,1.96,0.0,11.78,11.68,9.08,0.01,3,72,2024,10.732857142857144,0.002857142857142873,10.05,0.0,0.0,9.19,0.0,7.21,0.0
2024-03-13,11.78,18.99,6.11,44.74,0.0,1.95,0.0,10.56,11.3,10.41,0.01,3,73,2024,10.928571428571429,0.002857142857142873,11.41,0.0,0.0,9.19,0.01,7.57,0.01
2024-03-14,10.56,18.03,4.98,42.3,0.0,1.96,0.05,12.22,11.78,10.17,0.0,3,74,2024,10.984285714285715,0.002857142857142873,11.68,0.01,0.0,9.55,0.08,8.41,0.02
2024-03-15,12.22,18.96,7.58,40.05,0.05,1.84,0.01,11.45,10.56,10.11,0.0,3,75,2024,11.285714285714286,0.010000000000000018,11.3,0.01,0.0,10.41,0.0,7.27,0.55
2024-03-16,11.45,18.17,6.93,35.65,0.01,1.87,0.03,11.63,12.22,10.05,0.05,3,76,2024,11.485714285714284,0.011428571428571444,11.78,0.0,0.0,10.33,0.0,7.83,0.21
2024-03-17,11.63,18.85,6.07,29.87,0.03,1.89,0.08,12.25,11.45,11.41,0.01,3,77,2024,11.517142857142858,0.015714285714285733,10.56,0.0,0.0,9.7,0.31,9.04,0.01
2024-03-18,12.25,19.21,7.25,28.74,0.08,1.67,3.89,11.29,11.63,11.68,0.03,3,78,2024,11.59857142857143,0.025714285714285728,12.22,0.05,0.01,9.23,0.01,8.76,0.1
2024-03-19,11.29,18.73,4.91,38.54,3.89,1.74,24.74,8.48,12.25,11.3,0.08,3,79,2024,11.597142857142856,0.5800000000000001,11.45,0.01,0.01,9.08,0.0,8.53,0.04
2024-03-20,8.48,11.54,6.48,70.96,24.74,1.07,5.32,7.83,11.29,11.78,3.89,3,80,2024,11.125714285714286,4.114285714285714,11.63,0.03,0.0,10.41,0.0,8.64,0.0
2024-03-21,7.83,10.97,5.61,89.19,5.32,1.24,3.16,9.43,8.48,10.56,24.74,3,81,2024,10.735714285714286,4.8742857142857146,12.25,0.08,0.0,10.17,0.0,8.6,0.17
2024-03-22,9.43,14.36,5.74,80.89,3.16,1.76,2.09,9.97,7.83,12.22,5.32,3,82,2024,10.337142857142856,5.318571428571429,11.29,3.89,0.05,10.11,0.0,7.21,0.75
2024-03-23,9.97,13.73,7.02,75.12,2.09,1.62,0.33,11.71,9.43,11.45,3.16,3,83,2024,10.125714285714285,5.615714285714286,8.48,24.74,0.01,10.05,0.0,6.38,0.06
2024-03-24,11.71,18.19,6.7,55.29,0.33,1.78,2.48,10.64,9.97,11.63,2.09,3,84,2024,10.137142857142859,5.658571428571428,7.83,5.32,0.03,11.41,0.0,5.18,0.06
2024-03-25,10.64,15.66,6.85,65.59,2.48,1.67,0.05,11.68,11.71,12.25,0.33,3,85,2024,9.907142857142858,6.001428571428571,9.43,3.16,0.08,11.68,0.01,4.86,0.0
2024-03-26,11.68,16.44,7.91,67.83,0.05,1.58,0.14,11.81,10.64,11.29,2.48,3,86,2024,9.962857142857144,5.452857142857143,9.97,2.09,3.89,11.3,0.01,5.19,0.0
2024-03-27,11.81,16.99,8.11,63.93,0.14,1.7,0.0,12.7,11.68,8.48,0.05,3,87,2024,10.438571428571427,1.938571428571429,11.71,0.33,24.74,11.78,0.0,7.98,0.0
2024-03-28,12.7,18.3,7.89,62.53,0.0,1.7,0.01,13.93,11.81,7.83,0.14,3,88,2024,11.134285714285713,1.178571428571429,10.64,2.48,5.32,10.56,0.0,9.19,0.0
2024-03-29,13.93,19.17,10.11,66.62,0.01,1.62,0.11,14.74,12.7,9.43,0.0,3,89,2024,11.777142857142858,0.728571428571429,11.68,0.05,3.16,12.22,0.05,9.19,0.01
2024-03-30,14.74,21.34,8.98,64.55,0.11,1.88,0.26,14.75,13.93,9.97,0.01,3,90,2024,12.458571428571428,0.44571428571428623,11.81,0.14,2.09,11.45,0.01,9.55,0.08
2024-03-31,14.75,21.9,9.19,54.8,0.26,2.57,0.0,14.37,14.74,11.71,0.11,3,91,2024,12.892857142857142,0.4357142857142862,12.7,0.0,0.33,11.63,0.03,10.41,0.0
2024-04-01,14.37,21.99,8.33,47.09,0.0,2.48,0.0,14.66,14.75,10.64,0.26,4,92,2024,13.425714285714287,0.08142857142857195,13.93,0.01,2.48,12.25,0.08,10.33,0.0
2024-04-02,14.66,21.61,9.79,42.73,0.0,1.99,0.0,15.13,14.37,11.68,0.0,4,93,2024,13.85142857142857,0.0742857142857148,14.74,0.11,0.05,11.29,3.89,9.7,0.31
2024-04-03,15.13,22.48,9.59,37.27,0.0,1.97,0.0,15.77,14.66,11.81,0.0,4,94,2024,14.325714285714286,0.05428571428571479,14.75,0.26,0.14,8.48,24.74,9.23,0.01
2024-04-04,15.77,22.83,11.16,40.5,0.0,2.44,0.0,15.63,15.13,12.7,0.0,4,95,2024,14.764285714285716,0.05428571428571479,14.37,0.0,0.0,7.83,5.32,9.08,0.0
2024-04-05,15.63,22.35,10.74,45.21,0.0,1.97,0.0,14.85,15.77,13.93,0.0,4,96,2024,15.007142857142856,0.052857142857143366,14.66,0.0,0.01,9.43,3.16,10.41,0.0
2024-04-06,14.85,21.36,10.61,46.77,0.0,1.86,0.0,15.17,15.63,14.74,0.0,4,97,2024,15.022857142857143,0.03714285714285765,15.13,0.0,0.11,9.97,2.09,10.17,0.0
2024-04-07,15.17,22.59,9.05,40.14,0.0,2.34,0.0,14.21,14.85,14.75,0.0,4,98,2024,15.082857142857142,0.0,15.77,0.0,0.26,11.71,0.33,10.11,0.0
2024-04-08,14.21,22.01,7.34,29.78,0.0,2.27,0.0,13.94,15.17,14.37,0.0,4,99,2024,15.06,0.0,15.63,0.0,0.0,10.64,2.48,10.05,0.0
2024-04-09,13.94,21.2,6.81,29.39,0.0,1.97,0.0,14.57,14.21,14.66,0.0,4,100,2024,14.957142857142857,0.0,14.85,0.0,0.0,11.68,0.05,11.41,0.0
2024-04-10,14.57,21.47,8.64,32.14,0.0,2.01,0.8,14.2,13.94,15.13,0.0,4,101,2024,14.877142857142857,0.0,15.17,0.0,0.0,11.81,0.14,11.68,0.01
2024-04-11,14.2,21.5,8.12,36.97,0.8,1.98,5.05,13.5,14.57,15.77,0.0,4,102,2024,14.652857142857142,0.1142857142857148,14.21,0.0,0.0,12.7,0.0,11.3,0.01
2024-04-12,13.5,19.75,8.21,41.71,5.05,1.85,0.34,14.16,14.2,15.63,0.8,4,103,2024,14.348571428571429,0.8357142857142862,13.94,0.0,0.0,13.93,0.01,11.78,0.0
2024-04-13,14.16,20.68,8.94,46.09,0.34,1.81,1.23,15.4,13.5,14.85,5.05,4,104,2024,14.25,0.8842857142857147,14.57,0.0,0.0,14.74,0.11,10.56,0.0
2024-04-14,15.4,22.26,9.69,48.72,1.23,2.04,1.37,16.29,14.16,15.17,0.34,4,105,2024,14.282857142857143,1.0600000000000005,14.2,0.8,0.0,14.75,0.26,12.22,0.05
2024-04-15,16.29,23.33,9.34,49.71,1.37,2.19,2.18,16.77,15.4,14.21,1.23,4,106,2024,14.58,1.255714285714286,13.5,5.05,0.0,14.37,0.0,11.45,0.01
2024-04-16,16.77,22.3,10.24,54.51,2.18,1.73,0.78,16.27,16.29,13.94,1.37,4,107,2024,14.984285714285715,1.5671428571428574,14.16,0.34,0.0,14.66,0.0,11.63,0.03
2024-04-17,16.27,22.71,8.73,52.77,0.78,1.9,0.08,16.64,16.77,14.57,2.18,4,108,2024,15.227142857142857,1.678571428571429,15.4,1.23,0.0,15.13,0.0,12.25,0.08
2024-04-18,16.64,22.95,11.12,48.0,0.08,1.81,0.1,17.24,16.27,14.2,0.78,4,109,2024,15.575714285714286,1.575714285714286,16.29,1.37,0.8,15.77,0.0,11.29,3.89
2024-04-19,17.24,24.16,11.7,42.74,0.1,1.93,0.28,18.17,16.64,13.5,0.08,4,110,2024,16.11,0.8685714285714291,16.77,2.18,5.05,15.63,0.0,8.48,24.74
2024-04-20,18.17,25.73,12.58,35.84,0.28,2.59,0.04,17.14,17.24,14.16,0.1,4,111,2024,16.68285714285714,0.8600000000000005,16.27,0.78,0.34,14.85,0.0,7.83,5.32
2024-04-21,17.14,24.68,10.39,31.31,0.04,2.66,0.06,17.96,18.17,15.4,0.28,4,112,2024,16.931428571428572,0.6900000000000005,16.64,0.08,1.23,15.17,0.0,9.43,3.16
2024-04-22,17.96,25.79,12.81,32.42,0.06,2.23,0.0,16.6,17.14,16.29,0.04,4,113,2024,17.169999999999998,0.5028571428571433,17.24,0.1,1.37,14.21,0.0,9.97,2.09
2024-04-23,16.6,24.23,10.34,37.51,0.0,2.49,0.0,15.91,17.96,16.77,0.06,4,114,2024,17.145714285714284,0.19142857142857195,18.17,0.28,2.18,13.94,0.0,11.71,0.33
2024-04-24,15.91,23.18,8.76,41.24,0.0,2.5,0.0,16.98,16.6,16.27,0.0,4,115,2024,17.094285714285714,0.08000000000000052,17.14,0.04,0.78,14.57,0.0,10.64,2.48
2024-04-25,16.98,24.47,9.86,32.64,0.0,2.13,0.0,17.82,15.91,16.64,0.0,4,116,2024,17.142857142857142,0.06857142857142907,17.96,0.06,0.08,14.2,0.8,11.68,0.05
2024-04-26,17.82,24.48,11.85,28.21,0.0,1.97,0.03,18.02,16.98,17.24,0.0,4,117,2024,17.225714285714286,0.05428571428571479,16.6,0.0,0.1,13.5,5.05,11.81,0.14
2024-04-27,18.02,25.23,11.87,35.07,0.03,1.99,0.02,18.18,17.82,18.17,0.0,4,118,2024,17.204285714285714,0.01857142857142908,15.91,0.0,0.28,14.16,0.34,12.7,0.0
2024-04-28,18.18,25.54,10.88,39.98,0.02,2.59,0.0,18.49,18.02,17.14,0.03,4,119,2024,17.352857142857143,0.01571428571428622,16.98,0.0,0.04,15.4,1.23,13.93,0.01
2024-04-29,18.49,25.95,12.33,33.21,0.0,2.47,0.0,18.74,18.18,17.96,0.02,4,120,2024,17.428571428571427,0.007142857142857651,17.82,0.0,0.06,16.29,1.37,14.74,0.11
2024-04-30,18.74,26.66,11.47,32.06,0.0,2.7,0.0,17.6,18.49,16.6,0.0,4,121,2024,17.734285714285715,0.007142857142857651,18.02,0.03,0.0,16.77,2.18,14.75,0.26
2024-05-01,17.6,25.36,11.84,27.81,0.0,2.66,0.0,15.64,18.74,15.91,0.0,5,122,2024,17.975714285714282,0.007142857142857651,18.18,0.02,0.0,16.27,0.78,14.37,0.0
2024-05-02,15.64,22.67,8.65,24.79,0.0,2.35,0.0,17.96,17.6,16.98,0.0,5,123,2024,17.784285714285716,0.007142857142857651,18.49,0.0,0.0,16.64,0.08,14.66,0.0
2024-05-03,17.96,24.91,12.27,22.22,0.0,1.86,0.04,16.42,15.64,17.82,0.0,5,124,2024,17.804285714285715,0.007142857142857651,18.74,0.0,0.0,17.24,0.1,15.13,0.0
2024-05-04,16.42,23.23,11.27,29.74,0.04,1.61,0.99,15.92,17.96,18.02,0.0,5,125,2024,17.575714285714287,0.008571428571429078,17.6,0.0,0.03,18.17,0.28,15.77,0.0
2024-05-05,15.92,22.49,10.14,35.36,0.99,1.82,1.8,16.37,16.42,18.18,0.04,5,126,2024,17.252857142857142,0.14714285714285766,15.64,0.0,0.02,17.14,0.04,15.63,0.0
2024-05-06,16.37,22.99,10.64,49.19,1.8,1.81,5.06,13.97,15.92,18.49,0.99,5,127,2024,16.95,0.4042857142857148,17.96,0.0,0.0,17.96,0.06,14.85,0.0
2024-05-07,13.97,18.24,11.2,81.19,5.06,1.82,12.11,12.93,16.37,18.74,1.8,5,128,2024,16.26857142857143,1.1271428571428577,16.42,0.04,0.0,16.6,0.0,15.17,0.0
2024-05-08,12.93,16.13,10.74,81.61,12.11,1.08,4.91,12.76,13.97,17.6,5.06,5,129,2024,15.60142857142857,2.8571428571428577,15.92,0.99,0.0,15.91,0.0,14.21,0.0
2024-05-09,12.76,16.25,10.45,86.07,4.91,1.32,1.45,15.42,12.93,15.64,12.11,5,130,2024,15.19,3.558571428571429,16.37,1.8,0.0,16.98,0.0,13.94,0.0
2024-05-10,15.42,21.3,10.44,74.77,1.45,1.79,2.14,16.9,12.76,17.96,4.91,5,131,2024,14.827142857142858,3.765714285714286,13.97,5.06,0.0,17.82,0.0,14.57,0.0
2024-05-11,16.9,21.87,12.87,78.33,2.14,2.01,16.31,15.69,15.42,16.42,1.45,5,132,2024,14.895714285714286,4.065714285714287,12.93,12.11,0.04,18.02,0.03,14.2,0.8
2024-05-12,15.69,19.8,12.64,85.22,16.31,1.66,0.97,15.82,16.9,15.92,2.14,5,133,2024,14.862857142857141,6.2542857142857144,12.76,4.91,0.99,18.18,0.02,13.5,5.05
2024-05-13,15.82,20.24,12.31,79.88,0.97,1.5,0.5,17.34,15.69,16.37,16.31,5,134,2024,14.784285714285714,6.135714285714286,15.42,1.45,1.8,18.49,0.0,14.16,0.34
2024-05-14,17.34,22.95,11.3,66.32,0.5,1.72,3.82,17.91,15.82,13.97,0.97,5,135,2024,15.265714285714283,5.484285714285714,16.9,2.14,5.06,18.74,0.0,15.4,1.23
2024-05-15,17.91,22.3,14.07,69.98,3.82,1.31,0.38,18.54,17.34,12.93,0.5,5,136,2024,15.977142857142857,4.3,15.69,16.31,12.11,17.6,0.0,16.29,1.37
2024-05-16,18.54,23.45,14.08,63.84,0.38,1.53,0.09,19.15,17.91,12.76,3.82,5,137,2024,16.802857142857142,3.6528571428571435,15.82,0.97,4.91,15.64,0.0,16.77,2.18
2024-05-17,19.15,24.69,14.28,51.18,0.09,1.97,2.6,19.21,18.54,15.42,0.38,5,138,2024,17.335714285714285,3.458571428571429,17.34,0.5,1.45,17.96,0.0,16.27,0.78
2024-05-18,19.21,24.41,15.64,52.12,2.6,1.55,10.12,18.28,19.15,16.9,0.09,5,139,2024,17.665714285714284,3.5242857142857145,17.91,3.82,2.14,16.42,0.04,16.64,0.08
2024-05-19,18.28,24.45,13.76,64.62,10.12,1.71,3.46,17.28,19.21,15.69,2.6,5,140,2024,18.035714285714285,2.6400000000000006,18.54,0.38,16.31,15.92,0.99,17.24,0.1
2024-05-20,17.28,22.93,12.82,71.01,3.46,1.72,1.44,17.84,18.28,15.82,10.12,5,141,2024,18.244285714285713,2.9957142857142864,19.15,0.09,0.97,16.37,1.8,18.17,0.28
2024-05-21,17.84,23.35,13.12,75.28,1.44,1.91,5.36,17.46,17.28,17.34,3.46,5,142,2024,18.315714285714286,3.1300000000000003,19.21,2.6,0.5,13.97,5.06,17.14,0.04
2024-05-22,17.46,21.8,13.66,80.2,5.36,2.09,0.47,18.34,17.84,17.91,1.44,5,143,2024,18.25142857142857,3.3500000000000005,18.28,10.12,3.82,12.93,12.11,17.96,0.06
2024-05-23,18.34,23.72,13.2,73.54,0.47,1.9,1.42,19.64,17.46,18.54,5.36,5,144,2024,18.222857142857144,3.3628571428571434,17.28,3.46,0.38,12.76,4.91,16.6,0.0
2024-05-24,19.64,25.07,14.07,68.84,1.42,1.82,8.38,19.48,18.34,19.15,0.47,5,145,2024,18.292857142857144,3.552857142857143,17.84,1.44,0.09,15.42,1.45,15.91,0.0
2024-05-25,19.48,23.43,16.11,77.9,8.38,1.7,1.31,20.73,19.64,19.21,1.42,5,146,2024,18.33142857142857,4.378571428571429,17.46,5.36,2.6,16.9,2.14,16.98,0.0
2024-05-26,20.73,26.44,15.37,71.15,1.31,1.61,1.76,20.54,19.48,18.28,8.38,5,147,2024,18.681428571428572,3.1200000000000006,18.34,0.47,10.12,15.69,16.31,17.82,0.0
2024-05-27,20.54,25.92,16.84,72.99,1.76,1.98,0.91,20.15,20.73,17.28,1.31,5,148,2024,19.147142857142857,2.8771428571428577,19.64,1.42,3.46,15.82,0.97,18.02,0.03
2024-05-28,20.15,24.71,16.16,71.26,0.91,2.2,0.45,20.69,20.54,17.84,1.76,5,149,2024,19.47714285714286,2.8014285714285725,19.48,8.38,1.44,17.34,0.5,18.18,0.02
2024-05-29,20.69,27.44,13.23,47.67,0.45,2.03,3.49,20.63,20.15,17.46,0.91,5,150,2024,19.93857142857143,2.1000000000000005,20.73,1.31,5.36,17.91,3.82,18.49,0.0
2024-05-30,20.63,27.38,13.89,54.5,3.49,1.89,1.26,20.28,20.69,18.34,0.45,5,151,2024,20.26571428571429,2.5314285714285725,20.54,1.76,0.47,18.54,0.38,18.74,0.0
2024-05-31,20.28,26.08,14.71,61.74,1.26,2.08,3.69,19.08,20.63,19.64,3.49,5,152,2024,20.357142857142858,2.5085714285714293,20.15,0.91,1.42,19.15,0.09,17.6,0.0
2024-06-01,19.08,24.16,14.17,68.72,3.69,1.97,1.2,19.09,20.28,19.48,1.26,6,153,2024,20.3,1.8385714285714292,20.69,0.45,8.38,19.21,2.6,15.64,0.0
2024-06-02,19.09,24.25,13.88,66.75,1.2,2.13,33.13,18.24,19.08,20.73,3.69,6,154,2024,20.065714285714282,1.8228571428571434,20.63,3.49,1.31,18.28,10.12,17.96,0.0
2024-06-03,18.24,23.3,13.93,66.15,33.13,1.84,11.38,16.9,19.09,20.54,1.2,6,155,2024,19.737142857142857,6.304285714285716,20.28,1.26,1.76,17.28,3.46,16.42,0.04
2024-06-04,16.9,21.63,12.41,73.05,11.38,1.51,3.16,17.43,18.24,20.15,33.13,6,156,2024,19.27285714285714,7.800000000000002,19.08,3.69,0.91,17.84,1.44,15.92,0.99
2024-06-05,17.43,22.56,11.98,71.64,3.16,1.78,1.52,18.58,16.9,20.69,11.38,6,157,2024,18.807142857142857,8.187142857142858,19.09,1.2,0.45,17.46,5.36,16.37,1.8
2024-06-06,18.58,23.43,14.09,72.59,1.52,1.98,0.22,18.37,17.43,20.63,3.16,6,158,2024,18.514285714285712,7.905714285714287,18.24,33.13,3.49,18.34,0.47,13.97,5.06
2024-06-07,18.37,22.59,14.51,64.65,0.22,1.79,1.29,19.34,18.58,20.28,1.52,6,159,2024,18.24142857142857,7.757142857142858,16.9,11.38,1.26,19.64,1.42,12.93,12.11
2024-06-08,19.34,24.58,13.76,61.41,1.29,2.06,0.95,20.16,18.37,19.08,0.22,6,160,2024,18.27857142857143,7.4142857142857155,17.43,3.16,3.69,19.48,8.38,12.76,4.91
2024-06-09,20.16,25.46,14.71,58.67,0.95,1.96,1.68,20.56,19.34,19.09,1.29,6,161,2024,18.43142857142857,7.378571428571429,18.58,1.52,1.2,20.73,1.31,15.42,1.45
2024-06-10,20.56,25.96,15.26,56.66,1.68,1.98,0.65,20.67,20.16,18.24,0.95,6,162,2024,18.762857142857143,2.8857142857142857,18.37,0.22,33.13,20.54,1.76,16.9,2.14
2024-06-11,20.67,25.99,16.27,54.73,0.65,1.92,3.87,20.15,20.56,16.9,1.68,6,163,2024,19.30142857142857,1.352857142857143,19.34,1.29,11.38,20.15,0.91,15.69,16.31
2024-06-12,20.15,25.74,15.35,64.45,3.87,1.88,2.9,20.68,20.67,17.43,0.65,6,164,2024,19.69,1.4542857142857142,20.16,0.95,3.16,20.69,0.45,15.82,0.97
2024-06-13,20.68,26.04,15.42,68.36,2.9,1.94,2.05,20.73,20.15,18.58,3.87,6,165,2024,19.990000000000002,1.6514285714285715,20.56,1.68,1.52,20.63,3.49,17.34,0.5
2024-06-14,20.73,25.61,16.01,65.48,2.05,1.8,1.65,20.67,20.68,18.37,2.9,6,166,2024,20.327142857142857,1.912857142857143,20.67,0.65,0.22,20.28,1.26,17.91,3.82
2024-06-15,20.67,25.37,16.43,71.85,1.65,2.06,6.43,20.74,20.73,19.34,2.05,6,167,2024,20.517142857142858,1.9642857142857142,20.15,3.87,1.29,19.08,3.69,18.54,0.38
2024-06-16,20.74,25.53,16.46,76.16,6.43,1.76,6.13,20.63,20.67,20.16,1.65,6,168,2024,20.599999999999998,2.747142857142857,20.68,2.9,0.95,19.09,1.2,19.15,0.09
2024-06-17,20.63,25.11,16.48,74.25,6.13,2.04,13.53,21.36,20.74,20.56,6.43,6,169,2024,20.609999999999996,3.382857142857143,20.73,2.05,1.68,18.24,33.13,19.21,2.6
2024-06-18,21.36,25.86,17.54,71.0,13.53,2.31,9.02,20.88,20.63,20.67,6.13,6,170,2024,20.708571428571425,5.222857142857143,20.67,1.65,0.65,16.9,11.38,18.28,10.12
2024-06-19,20.88,25.93,17.34,71.73,9.02,1.91,10.72,20.25,21.36,20.15,13.53,6,171,2024,20.812857142857144,5.958571428571427,20.74,6.43,3.87,17.43,3.16,17.28,3.46
2024-06-20,20.25,24.63,17.03,81.17,10.72,1.88,1.08,19.15,20.88,20.68,9.02,6,172,2024,20.75142857142857,7.075714285714285,20.63,6.13,2.9,18.58,1.52,17.84,1.44
2024-06-21,19.15,22.43,16.33,84.19,1.08,1.97,7.18,19.61,20.25,20.73,10.72,6,173,2024,20.525714285714287,6.937142857142858,21.36,13.53,2.05,18.37,0.22,17.46,5.36
2024-06-22,19.61,24.0,16.74,86.03,7.18,2.13,10.38,19.57,19.15,20.67,1.08,6,174,2024,20.374285714285712,7.727142857142858,20.88,9.02,1.65,19.34,1.29,18.34,0.47
2024-06-23,19.57,23.67,16.32,86.56,10.38,1.73,14.21,20.4,19.61,20.74,7.18,6,175,2024,20.207142857142856,8.291428571428572,20.25,10.72,6.43,20.16,0.95,19.64,1.42
2024-06-24,20.4,24.48,16.76,82.51,14.21,2.0,144.31,19.13,19.57,20.63,10.38,6,176,2024,20.174285714285713,9.445714285714287,19.15,1.08,6.13,20.56,1.68,19.48,8.38
2024-06-25,19.13,22.17,16.98,92.21,144.31,1.05,89.69,18.03,20.4,21.36,14.21,6,177,2024,19.85571428571429,28.12857142857143,19.61,7.18,13.53,20.67,0.65,20.73,1.31
2024-06-26,18.03,19.03,16.92,96.35,89.69,0.91,5.12,19.01,19.13,20.88,144.31,6,178,2024,19.448571428571427,39.652857142857144,19.57,10.38,9.02,20.15,3.87,20.54,1.76
2024-06-27,19.01,22.03,15.88,90.72,5.12,1.54,8.91,18.81,18.03,20.25,89.69,6,179,2024,19.271428571428572,38.85285714285715,20.4,14.21,10.72,20.68,2.9,20.15,0.91
2024-06-28,18.81,21.36,16.65,93.87,8.91,1.96,24.25,18.62,19.01,19.15,5.12,6,180,2024,19.222857142857144,39.97142857142857,19.13,144.31,1.08,20.73,2.05,20.69,0.45
2024-06-29,18.62,20.92,16.64,93.94,24.25,1.71,101.39,18.07,18.81,19.61,8.91,6,181,2024,19.08142857142857,42.410000000000004,18.03,89.69,7.18,20.67,1.65,20.63,3.49
2024-06-30,18.07,20.82,16.03,92.03,101.39,1.2,25.23,17.22,18.62,19.57,24.25,6,182,2024,18.867142857142856,55.41142857142857,19.01,5.12,10.38,20.74,6.43,20.28,1.26
2024-07-01,17.22,19.23,14.84,96.64,25.23,1.63,19.57,18.07,18.07,20.4,101.39,7,183,2024,18.412857142857142,56.98571428571428,18.81,8.91,14.21,20.63,6.13,19.08,3.69
2024-07-02,18.07,20.44,15.61,96.53,19.57,1.94,6.88,17.74,17.22,19.13,25.23,7,184,2024,18.26142857142857,39.16571428571429,18.62,24.25,144.31,21.36,13.53,19.09,1.2
2024-07-03,17.74,20.65,14.6,90.36,6.88,1.24,4.04,18.73,18.07,18.03,19.57,7,185,2024,18.22,27.335714285714285,18.07,101.39,89.69,20.88,9.02,18.24,33.13
2024-07-04,18.73,22.3,15.95,92.76,4.04,1.82,16.82,18.21,17.74,19.01,6.88,7,186,2024,18.18,27.181428571428572,17.22,25.23,5.12,20.25,10.72,16.9,11.38
2024-07-05,18.21,21.46,15.92,91.4,16.82,1.71,46.54,18.24,18.73,18.81,4.04,7,187,2024,18.094285714285714,28.31142857142857,18.07,19.57,8.91,19.15,1.08,17.43,3.16
2024-07-06,18.24,20.08,16.63,97.08,46.54,2.03,14.01,18.48,18.21,18.62,16.82,7,188,2024,18.04,31.495714285714286,17.74,6.88,24.25,19.61,7.18,18.58,1.52
2024-07-07,18.48,20.3,16.88,96.2,14.01,1.86,4.09,19.3,18.24,18.07,46.54,7,189,2024,18.09857142857143,19.012857142857143,18.73,4.04,101.39,19.57,10.38,18.37,0.22
2024-07-08,19.3,22.19,16.76,93.48,4.09,1.62,13.35,19.38,18.48,17.22,14.01,7,190,2024,18.395714285714284,15.992857142857142,18.21,16.82,25.23,20.4,14.21,19.34,1.29
2024-07-09,19.38,22.2,16.99,93.49,13.35,2.17,19.15,18.52,19.3,18.07,4.09,7,191,2024,18.582857142857144,15.104285714285714,18.24,46.54,19.57,19.13,144.31,20.16,0.95
2024-07-10,18.52,21.04,16.59,95.55,19.15,1.94,10.65,18.27,19.38,17.74,13.35,7,192,2024,18.694285714285712,16.857142857142854,18.48,14.01,6.88,18.03,89.69,20.56,1.68
2024-07-11,18.27,20.35,16.38,94.79,10.65,1.99,7.32,17.8,18.52,18.73,19.15,7,193,2024,18.62857142857143,17.80142857142857,19.3,4.09,4.04,19.01,5.12,20.67,0.65
2024-07-12,17.8,20.18,15.52,91.8,7.32,1.37,3.27,18.75,18.27,18.21,10.65,7,194,2024,18.57,16.444285714285712,19.38,13.35,16.82,18.81,8.91,20.15,3.87
2024-07-13,18.75,21.82,16.0,93.03,3.27,1.53,3.94,19.5,17.8,18.24,7.32,7,195,2024,18.642857142857142,10.262857142857143,18.52,19.15,46.54,18.62,24.25,20.68,2.9
2024-07-14,19.5,22.42,17.11,94.8,3.94,1.69,7.95,20.02,18.75,18.48,3.27,7,196,2024,18.788571428571426,8.824285714285715,18.27,10.65,14.01,18.07,101.39,20.73,2.05
2024-07-15,20.02,23.49,16.67,92.42,7.95,1.96,7.09,18.42,19.5,19.3,3.94,7,197,2024,18.891428571428573,9.375714285714285,17.8,7.32,4.09,17.22,25.23,20.67,1.65
2024-07-16,18.42,22.05,14.72,88.85,7.09,1.67,7.24,19.49,20.02,19.38,7.95,7,198,2024,18.754285714285714,8.481428571428571,18.75,3.27,13.35,18.07,19.57,20.74,6.43
2024-07-17,19.49,22.31,16.61,92.82,7.24,1.67,4.88,19.35,18.42,18.52,7.09,7,199,2024,18.892857142857142,6.779999999999999,19.5,3.94,19.15,17.74,6.88,20.63,6.13
2024-07-18,19.35,21.97,17.35,94.23,4.88,1.8,16.96,19.88,19.49,18.27,7.24,7,200,2024,19.047142857142855,5.9557142857142855,20.02,7.95,10.65,18.73,4.04,21.36,13.53
2024-07-19,19.88,22.76,17.62,92.6,16.96,1.08,4.24,19.7,19.35,17.8,4.88,7,201,2024,19.344285714285714,7.332857142857143,18.42,7.09,7.32,18.21,16.82,20.88,9.02
2024-07-20,19.7,22.96,16.67,91.86,4.24,1.76,7.58,18.91,19.88,18.75,16.96,7,202,2024,19.48,7.471428571428572,19.49,7.24,3.27,18.24,46.54,20.25,10.72
2024-07-21,18.91,22.0,16.62,93.4,7.58,1.55,15.88,19.05,19.7,19.5,4.24,7,203,2024,19.395714285714288,7.991428571428571,19.35,4.88,3.94,18.48,14.01,19.15,1.08
2024-07-22,19.05,22.47,16.09,86.32,15.88,1.65,18.28,18.67,18.91,20.02,7.58,7,204,2024,19.25714285714286,9.124285714285715,19.88,16.96,7.95,19.3,4.09,19.61,7.18
2024-07-23,18.67,21.67,16.0,92.35,18.28,1.33,8.67,19.31,19.05,18.42,15.88,7,205,2024,19.292857142857144,10.722857142857142,19.7,4.24,7.09,19.38,13.35,19.57,10.38
2024-07-24,19.31,22.73,15.98,92.33,8.67,1.7,4.0,19.58,18.67,19.49,18.28,7,206,2024,19.267142857142858,10.927142857142858,18.91,7.58,7.24,18.52,19.15,20.4,14.21
2024-07-25,19.58,22.92,16.65,87.2,4.0,1.66,6.66,20.19,19.31,19.35,8.67,7,207,2024,19.3,10.801428571428572,19.05,15.88,4.88,18.27,10.65,19.13,144.31
2024-07-26,20.19,23.29,17.18,88.14,6.66,1.38,7.45,20.95,19.58,19.88,4.0,7,208,2024,19.344285714285714,9.33,18.67,18.28,16.96,17.8,7.32,18.03,89.69
2024-07-27,20.95,24.44,17.75,89.7,7.45,1.82,0.93,20.37,20.19,19.7,6.66,7,209,2024,19.52285714285714,9.788571428571428,19.31,8.67,4.24,18.75,3.27,19.01,5.12
2024-07-28,20.37,23.81,17.42,86.18,0.93,1.63,1.98,20.28,20.95,18.91,7.45,7,210,2024,19.731428571428573,8.838571428571429,19.58,4.0,7.58,19.5,3.94,18.81,8.91
2024-07-29,20.28,23.88,17.39,89.61,1.98,1.74,20.08,20.46,20.37,19.05,0.93,7,211,2024,19.907142857142855,6.852857142857142,20.19,6.66,15.88,20.02,7.95,18.62,24.25
2024-07-30,20.46,24.06,17.44,91.11,20.08,2.03,37.79,19.3,20.28,18.67,1.98,7,212,2024,20.162857142857145,7.109999999999999,20.95,7.45,18.28,18.42,7.09,18.07,101.39
2024-07-31,19.3,21.8,16.94,94.69,37.79,1.5,19.43,19.07,20.46,19.31,20.08,7,213,2024,20.16142857142857,11.27,20.37,0.93,8.67,19.49,7.24,17.22,25.23
2024-08-01,19.07,22.53,15.58,87.8,19.43,1.95,4.69,18.37,19.3,19.58,37.79,8,214,2024,20.08857142857143,13.474285714285713,20.28,1.98,4.0,19.35,4.88,18.07,19.57
2024-08-02,18.37,22.12,15.54,85.83,4.69,2.41,3.88,17.98,19.07,20.19,19.43,8,215,2024,19.82857142857143,13.192857142857145,20.46,20.08,6.66,19.88,16.96,17.74,6.88
2024-08-03,17.98,20.82,15.02,92.22,3.88,2.65,1.46,18.43,18.37,20.95,4.69,8,216,2024,19.404285714285717,12.682857142857143,19.3,37.79,7.45,19.7,4.24,18.73,4.04
2024-08-04,18.43,21.71,15.08,92.25,1.46,1.71,10.47,18.77,17.98,20.37,3.88,8,217,2024,19.12714285714286,12.758571428571429,19.07,19.43,0.93,18.91,7.58,18.21,16.82
2024-08-05,18.77,21.08,17.0,95.5,10.47,1.67,47.35,17.87,18.43,20.28,1.46,8,218,2024,18.91142857142857,13.971428571428573,18.37,4.69,1.98,19.05,15.88,18.24,46.54
2024-08-06,17.87,20.42,15.91,95.25,47.35,1.68,23.94,18.16,18.77,20.46,10.47,8,219,2024,18.541428571428572,17.86714285714286,17.98,3.88,20.08,18.67,18.28,18.48,14.01
2024-08-07,18.16,21.08,15.57,92.61,23.94,1.71,12.86,18.32,17.87,19.3,47.35,8,220,2024,18.37857142857143,15.888571428571428,18.43,1.46,37.79,19.31,8.67,19.3,4.09
2024-08-08,18.32,21.45,15.51,91.79,12.86,1.6,11.16,17.29,18.16,19.07,23.94,8,221,2024,18.271428571428572,14.95,18.77,10.47,19.43,19.58,4.0,19.38,13.35
2024-08-09,17.29,19.08,15.99,96.5,11.16,1.57,8.54,17.87,18.32,18.37,12.86,8,222,2024,18.117142857142856,15.874285714285715,17.87,47.35,4.69,20.19,6.66,18.52,19.15
2024-08-10,17.87,20.56,15.11,90.87,8.54,1.44,28.77,18.43,17.29,17.98,11.16,8,223,2024,18.10142857142857,16.54,18.16,23.94,3.88,20.95,7.45,18.27,10.65
2024-08-11,18.43,21.39,16.35,94.02,28.77,1.42,8.86,18.62,17.87,18.43,8.54,8,224,2024,18.101428571428574,20.44142857142857,18.32,12.86,1.46,20.37,0.93,17.8,7.32
2024-08-12,18.62,21.48,16.35,94.75,8.86,1.79,7.85,18.63,18.43,18.77,28.77,8,225,2024,18.080000000000002,20.211428571428574,17.29,11.16,10.47,20.28,1.98,18.75,3.27
2024-08-13,18.63,21.57,16.71,94.12,7.85,1.65,36.38,18.52,18.62,17.87,8.86,8,226,2024,18.18857142857143,14.56857142857143,17.87,8.54,47.35,20.46,20.08,19.5,3.94
2024-08-14,18.52,20.83,16.59,91.34,36.38,1.16,12.69,19.54,18.63,18.16,7.85,8,227,2024,18.24,16.345714285714287,18.43,28.77,23.94,19.3,37.79,20.02,7.95
2024-08-15,19.54,23.01,16.92,92.37,12.69,2.13,3.55,18.96,18.52,18.32,36.38,8,228,2024,18.414285714285715,16.321428571428573,18.62,8.86,12.86,19.07,19.43,18.42,7.09
2024-08-16,18.96,22.19,15.45,90.01,3.55,2.1,14.24,18.7,19.54,17.29,12.69,8,229,2024,18.65285714285714,15.234285714285715,18.63,7.85,11.16,18.37,4.69,19.49,7.24
2024-08-17,18.7,21.83,15.8,91.09,14.24,1.79,4.72,18.87,18.96,17.87,3.55,8,230,2024,18.771428571428572,16.048571428571428,18.52,36.38,8.54,17.98,3.88,19.35,4.88
2024-08-18,18.87,22.22,15.45,86.99,4.72,1.81,1.83,18.17,18.7,18.43,14.24,8,231,2024,18.834285714285716,12.612857142857143,19.54,12.69,28.77,18.43,1.46,19.88,16.96
2024-08-19,18.17,20.83,16.4,92.76,1.83,1.78,0.18,17.74,18.87,18.62,4.72,8,232,2024,18.77,11.608571428571429,18.96,3.55,8.86,18.77,10.47,19.7,4.24
2024-08-20,17.74,20.98,14.74,89.96,0.18,1.66,0.94,17.7,18.17,18.63,1.83,8,233,2024,18.642857142857142,10.512857142857142,18.7,14.24,7.85,17.87,47.35,18.91,7.58
2024-08-21,17.7,20.54,15.38,88.97,0.94,1.44,4.01,18.25,17.74,18.52,0.18,8,234,2024,18.525714285714287,5.45,18.87,4.72,36.38,18.16,23.94,19.05,15.88
2024-08-22,18.25,21.71,15.13,88.13,4.01,1.39,1.88,18.43,17.7,19.54,0.94,8,235,2024,18.341428571428573,4.21,18.17,1.83,12.69,18.32,12.86,18.67,18.28
2024-08-23,18.43,22.09,15.55,91.19,1.88,1.59,0.7,18.46,18.25,18.96,4.01,8,236,2024,18.265714285714285,3.9714285714285715,17.74,0.18,3.55,17.29,11.16,19.31,8.67
2024-08-24,18.46,22.1,15.3,90.62,0.7,1.9,0.56,18.72,18.43,18.7,1.88,8,237,2024,18.231428571428573,2.037142857142857,17.7,0.94,14.24,17.87,8.54,19.58,4.0
2024-08-25,18.72,22.65,14.99,86.65,0.56,1.68,2.48,18.19,18.46,18.87,0.7,8,238,2024,18.21,1.4428571428571428,18.25,4.01,4.72,18.43,28.77,20.19,6.66
2024-08-26,18.19,21.3,15.57,93.39,2.48,1.69,1.79,17.87,18.72,18.17,0.56,8,239,2024,18.212857142857143,1.5357142857142858,18.43,1.88,1.83,18.62,8.86,20.95,7.45
2024-08-27,17.87,21.32,14.82,89.51,1.79,1.7,1.93,18.74,18.19,17.74,2.48,8,240,2024,18.231428571428573,1.7657142857142856,18.46,0.7,0.18,18.63,7.85,20.37,0.93
2024-08-28,18.74,22.43,15.95,92.02,1.93,1.72,6.92,18.57,17.87,17.7,1.79,8,241,2024,18.38,1.907142857142857,18.72,0.56,0.94,18.52,36.38,20.28,1.98
2024-08-29,18.57,21.9,15.0,89.31,6.92,1.77,0.68,19.58,18.74,18.25,1.93,8,242,2024,18.42571428571429,2.3228571428571425,18.19,2.48,4.01,19.54,12.69,20.46,20.08
2024-08-30,19.58,23.01,16.2,85.86,0.68,1.53,2.13,19.45,18.57,18.43,6.92,8,243,2024,18.59,2.1514285714285717,17.87,1.79,1.88,18.96,3.55,19.3,37.79
2024-08-31,19.45,22.84,16.43,92.59,2.13,1.84,0.28,17.67,19.58,18.46,0.68,8,244,2024,18.731428571428573,2.3557142857142854,18.74,1.93,0.7,18.7,14.24,19.07,19.43
2024-09-01,17.67,20.99,15.26,89.55,0.28,1.07,0.46,18.68,19.45,18.72,2.13,9,245,2024,18.58142857142857,2.315714285714286,18.57,6.92,0.56,18.87,4.72,18.37,4.69
2024-09-02,18.68,21.99,15.71,91.09,0.46,1.67,13.88,18.01,17.67,18.19,0.28,9,246,2024,18.65142857142857,2.027142857142857,19.58,0.68,2.48,18.17,1.83,17.98,3.88
2024-09-03,18.01,21.51,14.77,93.46,13.88,2.05,8.87,17.45,18.68,17.87,0.46,9,247,2024,18.67142857142857,3.7542857142857144,19.45,2.13,1.79,17.74,0.18,18.43,1.46
2024-09-04,17.45,21.23,14.71,87.21,8.87,1.44,4.03,18.05,18.01,18.74,13.88,9,248,2024,18.487142857142857,4.7457142857142856,17.67,0.28,1.93,17.7,0.94,18.77,10.47
2024-09-05,18.05,21.39,15.1,89.81,4.03,1.42,0.08,18.43,17.45,18.57,8.87,9,249,2024,18.412857142857145,4.332857142857143,18.68,0.46,6.92,18.25,4.01,17.87,47.35
2024-09-06,18.43,21.77,16.41,93.7,0.08,1.67,1.37,18.52,18.05,19.58,4.03,9,250,2024,18.24857142857143,4.247142857142857,18.01,13.88,0.68,18.43,1.88,18.16,23.94
2024-09-07,18.52,22.37,15.45,88.17,1.37,1.47,0.87,19.0,18.43,19.45,0.08,9,251,2024,18.115714285714287,4.138571428571429,17.45,8.87,2.13,18.46,0.7,18.32,12.86
2024-09-08,19.0,22.14,16.21,88.81,0.87,1.58,0.34,18.5,18.52,17.67,1.37,9,252,2024,18.305714285714284,4.222857142857142,18.05,4.03,0.28,18.72,0.56,17.29,11.16
2024-09-09,18.5,21.86,15.48,88.11,0.34,1.42,0.16,18.78,19.0,18.68,0.87,9,253,2024,18.279999999999998,4.2057142857142855,18.43,0.08,0.46,18.19,2.48,17.87,8.54
2024-09-10,18.78,22.57,16.26,87.25,0.16,1.26,2.07,18.65,18.5,18.01,0.34,9,254,2024,18.390000000000004,2.2457142857142856,18.52,1.37,13.88,17.87,1.79,18.43,28.77
2024-09-11,18.65,21.99,16.08,88.25,2.07,1.5,2.13,18.14,18.78,17.45,0.16,9,255,2024,18.56142857142857,1.2742857142857142,19.0,0.87,8.87,18.74,1.93,18.62,8.86
2024-09-12,18.14,21.11,16.06,92.06,2.13,1.36,1.75,18.33,18.65,18.05,2.07,9,256,2024,18.574285714285715,1.002857142857143,18.5,0.34,4.03,18.57,6.92,18.63,7.85
2024-09-13,18.33,21.63,16.47,85.55,1.75,1.41,12.29,18.64,18.14,18.43,2.13,9,257,2024,18.56,1.2414285714285713,18.78,0.16,0.08,19.58,0.68,18.52,36.38
2024-09-14,18.64,21.73,16.63,85.01,12.29,1.89,5.0,17.98,18.33,18.52,1.75,9,258,2024,18.577142857142857,2.801428571428571,18.65,2.07,1.37,19.45,2.13,19.54,12.69
2024-09-15,17.98,21.4,15.11,89.56,5.0,1.65,1.01,17.3,18.64,19.0,12.29,9,259,2024,18.431428571428572,3.391428571428571,18.14,2.13,0.87,17.67,0.28,18.96,3.55
2024-09-16,17.3,21.43,14.71,85.67,1.01,1.42,0.07,17.12,17.98,18.5,5.0,9,260,2024,18.259999999999998,3.487142857142857,18.33,1.75,0.34,18.68,0.46,18.7,14.24
2024-09-17,17.12,19.99,14.44,87.87,0.07,1.18,0.0,18.81,17.3,18.78,1.01,9,261,2024,18.02285714285714,3.4742857142857138,18.64,12.29,0.16,18.01,13.88,18.87,4.72
2024-09-18,18.81,22.72,16.02,83.93,0.0,1.25,0.38,18.72,17.12,18.65,0.07,9,262,2024,18.045714285714286,3.178571428571428,17.98,5.0,2.07,17.45,8.87,18.17,1.83
2024-09-19,18.72,21.68,16.4,92.98,0.38,1.39,0.38,18.46,18.81,18.14,0.0,9,263,2024,18.12857142857143,2.9285714285714284,17.3,1.01,2.13,18.05,4.03,17.74,0.18
2024-09-20,18.46,21.37,16.38,85.13,0.38,0.82,2.62,19.14,18.72,18.33,0.38,9,264,2024,18.147142857142857,2.7328571428571427,17.12,0.07,1.75,18.43,0.08,17.7,0.94
2024-09-21,19.14,22.43,16.84,81.62,2.62,1.18,2.47,19.45,18.46,18.64,0.38,9,265,2024,18.21857142857143,1.3514285714285716,18.81,0.0,12.29,18.52,1.37,18.25,4.01
2024-09-22,19.45,23.18,16.69,79.23,2.47,1.29,1.48,19.66,19.14,17.98,2.62,9,266,2024,18.428571428571427,0.99,18.72,0.38,5.0,19.0,0.87,18.43,1.88
2024-09-23,19.66,23.17,17.18,84.45,1.48,1.23,58.13,17.53,19.45,17.3,2.47,9,267,2024,18.765714285714285,1.0571428571428572,18.46,0.38,1.01,18.5,0.34,18.46,0.7
2024-09-24,17.53,20.17,13.33,92.2,58.13,1.27,36.74,14.86,19.66,17.12,1.48,9,268,2024,18.824285714285715,9.351428571428572,19.14,2.62,0.07,18.78,0.16,18.72,0.56
2024-09-25,14.86,17.77,12.77,91.02,36.74,1.11,21.93,15.57,17.53,18.81,58.13,9,269,2024,18.259999999999998,14.6,19.45,2.47,0.0,18.65,2.07,18.19,2.48
2024-09-26,15.57,18.21,13.56,92.66,21.93,1.69,59.3,14.15,14.86,18.72,36.74,9,270,2024,17.81,17.678571428571427,19.66,1.48,0.38,18.14,2.13,17.87,1.79
2024-09-27,14.15,16.23,12.53,94.54,59.3,1.59,67.93,13.36,15.57,18.46,21.93,9,271,2024,17.194285714285716,26.095714285714283,17.53,58.13,0.38,18.33,1.75,18.74,1.93
2024-09-28,13.36,15.32,10.98,96.4,67.93,1.46,0.35,17.03,14.15,19.14,59.3,9,272,2024,16.36857142857143,35.425714285714285,14.86,36.74,2.62,18.64,12.29,18.57,6.92
2024-09-29,17.03,20.61,13.38,89.93,0.35,1.45,0.52,18.08,13.36,19.45,67.93,9,273,2024,16.02285714285714,35.12285714285714,15.57,21.93,2.47,17.98,5.0,19.58,0.68
2024-09-30,18.08,21.6,15.45,93.68,0.52,1.5,0.97,18.33,17.03,19.66,0.35,9,274,2024,15.797142857142859,34.98571428571429,14.15,59.3,1.48,17.3,1.01,19.45,2.13
2024-10-01,18.33,21.75,15.83,92.72,0.97,1.46,4.3,18.11,18.08,17.53,0.52,10,275,2024,15.911428571428571,26.82,13.36,67.93,58.13,17.12,0.07,17.67,0.28
2024-10-02,18.11,21.45,15.12,93.16,4.3,1.32,14.03,16.84,18.33,14.86,0.97,10,276,2024,16.375714285714285,22.185714285714283,17.03,0.35,36.74,18.81,0.0,18.68,0.46
2024-10-03,16.84,18.6,15.13,91.61,14.03,0.48,5.17,16.9,18.11,15.57,4.3,10,277,2024,16.557142857142857,21.057142857142853,18.08,0.52,21.93,18.72,0.38,18.01,13.88
2024-10-04,16.9,21.09,13.1,90.39,5.17,1.27,0.9,16.41,16.84,14.15,14.03,10,278,2024,16.95,13.324285714285717,18.33,0.97,59.3,18.46,0.38,17.45,8.87
2024-10-05,16.41,20.12,14.32,86.84,0.9,0.91,0.09,16.58,16.9,13.36,5.17,10,279,2024,17.385714285714283,3.748571428571428,18.11,4.3,67.93,19.14,2.62,18.05,4.03
2024-10-06,16.58,21.03,13.31,76.92,0.09,1.14,0.07,16.06,16.41,17.03,0.9,10,280,2024,17.32142857142857,3.711428571428571,16.84,14.03,0.35,19.45,2.47,18.43,0.08
2024-10-07,16.06,19.77,12.8,81.7,0.07,1.19,0.1,16.1,16.58,18.08,0.09,10,281,2024,17.032857142857143,3.647142857142857,16.9,5.17,0.52,19.66,1.48,18.52,1.37
2024-10-08,16.1,20.16,12.98,85.8,0.1,1.25,0.2,16.15,16.06,18.33,0.07,10,282,2024,16.714285714285715,3.5228571428571422,16.41,0.9,0.97,17.53,58.13,19.0,0.87
2024-10-09,16.15,19.09,14.08,86.17,0.2,1.08,0.14,15.71,16.1,18.11,0.1,10,283,2024,16.434285714285714,2.937142857142857,16.58,0.09,4.3,14.86,36.74,18.5,0.34
2024-10-10,15.71,19.62,13.07,84.75,0.14,1.32,0.01,15.54,16.15,16.84,0.2,10,284,2024,16.27285714285714,0.9528571428571428,16.06,0.07,14.03,15.57,21.93,18.78,0.16
2024-10-11,15.54,19.49,12.76,80.74,0.01,1.37,0.0,15.66,15.71,16.9,0.14,10,285,2024,16.07857142857143,0.21571428571428572,16.1,0.1,5.17,14.15,59.3,18.65,2.07
2024-10-12,15.66,19.86,12.55,83.81,0.0,1.25,0.0,14.99,15.54,16.41,0.01,10,286,2024,15.971428571428572,0.08714285714285715,16.15,0.2,0.9,13.36,67.93,18.14,2.13
2024-10-13,14.99,18.36,11.96,87.44,0.0,1.29,0.0,14.55,15.66,16.58,0.0,10,287,2024,15.744285714285713,0.07428571428571429,15.71,0.14,0.09,17.03,0.35,18.33,1.75
2024-10-14,14.55,18.13,11.34,90.41,0.0,1.27,0.05,14.26,14.99,16.06,0.0,10,288,2024,15.528571428571428,0.0642857142857143,15.54,0.01,0.07,18.08,0.52,18.64,12.29
2024-10-15,14.26,18.06,11.05,89.12,0.05,1.32,0.11,14.16,14.55,16.1,0.0,10,289,2024,15.265714285714285,0.05714285714285715,15.66,0.0,0.1,18.33,0.97,17.98,5.0
2024-10-16,14.16,17.41,11.71,87.98,0.11,1.22,0.03,14.01,14.26,16.15,0.05,10,290,2024,14.981428571428571,0.044285714285714296,14.99,0.0,0.2,18.11,4.3,17.3,1.01
2024-10-17,14.01,18.06,10.89,83.94,0.03,0.97,0.01,13.71,14.16,15.71,0.11,10,291,2024,14.73857142857143,0.028571428571428574,14.55,0.0,0.14,16.84,14.03,17.12,0.07
2024-10-18,13.71,17.33,11.0,87.07,0.01,1.18,0.71,13.68,14.01,15.54,0.03,10,292,2024,14.477142857142857,0.028571428571428574,14.26,0.05,0.01,16.9,5.17,18.81,0.0
2024-10-19,13.68,17.5,10.77,90.6,0.71,1.32,2.32,12.81,13.71,15.66,0.01,10,293,2024,14.194285714285714,0.12999999999999998,14.16,0.11,0.0,16.41,0.9,18.72,0.38
2024-10-20,12.81,17.19,8.32,87.36,2.32,1.04,0.08,13.52,13.68,14.99,0.71,10,294,2024,13.882857142857144,0.46142857142857135,14.01,0.03,0.0,16.58,0.09,18.46,0.38
2024-10-21,13.52,16.38,11.68,89.47,0.08,0.96,0.0,14.11,12.81,14.55,2.32,10,295,2024,13.735714285714284,0.47285714285714286,13.71,0.01,0.0,16.06,0.07,19.14,2.62
2024-10-22,14.11,19.16,9.97,79.14,0.0,1.33,0.02,14.53,13.52,14.26,0.08,10,296,2024,13.714285714285714,0.46571428571428575,13.68,0.71,0.05,16.1,0.1,19.45,2.47
2024-10-23,14.53,19.18,10.84,76.06,0.02,1.27,0.08,13.77,14.11,14.16,0.0,10,297,2024,13.767142857142858,0.45285714285714285,12.81,2.32,0.11,16.15,0.2,19.66,1.48
2024-10-24,13.77,18.79,9.3,80.03,0.08,1.24,0.44,14.14,14.53,14.01,0.02,10,298,2024,13.732857142857142,0.46,13.52,0.08,0.03,15.71,0.14,17.53,58.13
2024-10-25,14.14,18.38,10.72,80.8,0.44,1.11,0.0,15.0,13.77,13.71,0.08,10,299,2024,13.794285714285712,0.5214285714285715,14.11,0.0,0.01,15.54,0.01,14.86,36.74
2024-10-26,15.0,19.42,11.31,87.35,0.0,1.09,0.0,15.12,14.14,13.68,0.44,10,300,2024,13.982857142857142,0.42000000000000004,14.53,0.02,0.71,15.66,0.0,15.57,21.93
2024-10-27,15.12,19.46,12.46,86.83,0.0,1.26,0.0,15.77,15.0,12.81,0.0,10,301,2024,14.312857142857142,0.08857142857142856,13.77,0.08,2.32,14.99,0.0,14.15,59.3
2024-10-28,15.77,19.97,13.27,86.01,0.0,1.07,0.26,15.17,15.12,13.52,0.0,10,302,2024,14.634285714285713,0.07714285714285715,14.14,0.44,0.08,14.55,0.0,13.36,67.93
2024-10-29,15.17,19.12,12.57,86.92,0.26,1.34,1.04,15.11,15.77,14.11,0.0,10,303,2024,14.785714285714286,0.1142857142857143,15.0,0.0,0.0,14.26,0.05,17.03,0.35
2024-10-30,15.11,18.64,13.11,91.32,1.04,1.39,0.1,15.11,15.17,14.53,0.26,10,304,2024,14.868571428571428,0.26,15.12,0.0,0.02,14.16,0.11,18.08,0.52
2024-10-31,15.11,18.95,12.4,93.45,0.1,1.31,0.02,14.84,15.11,13.77,1.04,10,305,2024,15.06,0.26285714285714284,15.77,0.0,0.08,14.01,0.03,18.33,0.97
2024-11-01,14.84,17.75,12.84,93.22,0.02,1.19,0.0,14.22,15.11,14.14,0.1,11,306,2024,15.16,0.20285714285714287,15.17,0.26,0.44,13.71,0.01,18.11,4.3
2024-11-02,14.22,17.45,11.93,91.73,0.0,1.2,0.08,14.42,14.84,15.0,0.02,11,307,2024,15.04857142857143,0.20285714285714287,15.11,1.04,0.0,13.68,0.71,16.84,14.03
2024-11-03,14.42,17.22,12.68,93.44,0.08,0.92,0.44,12.29,14.22,15.12,0.0,11,308,2024,14.948571428571428,0.21428571428571427,15.11,0.1,0.0,12.81,2.32,16.9,5.17
2024-11-04,12.29,15.91,7.84,92.81,0.44,1.25,0.01,11.93,14.42,15.77,0.08,11,309,2024,14.45142857142857,0.27714285714285714,14.84,0.02,0.0,13.52,0.08,16.41,0.9
2024-11-05,11.93,16.34,8.14,76.68,0.01,1.26,0.0,12.83,12.29,15.17,0.44,11,310,2024,13.98857142857143,0.2414285714285714,14.22,0.0,0.26,14.11,0.0,16.58,0.09
2024-11-06,12.83,17.87,9.16,84.45,0.0,1.18,0.04,13.55,11.93,15.11,0.01,11,311,2024,13.662857142857144,0.09285714285714286,14.42,0.08,1.04,14.53,0.02,16.06,0.07
2024-11-07,13.55,18.17,9.96,86.0,0.04,1.12,0.34,13.62,12.83,15.11,0.0,11,312,2024,13.44,0.0842857142857143,12.29,0.44,0.1,13.77,0.08,16.1,0.1
2024-11-08,13.62,17.44,11.15,88.73,0.34,1.12,0.0,12.84,13.55,14.84,0.04,11,313,2024,13.265714285714285,0.13,11.93,0.01,0.02,14.14,0.44,16.15,0.2
2024-11-09,12.84,15.8,10.57,92.42,0.0,0.95,0.0,12.79,13.62,14.22,0.34,11,314,2024,13.06857142857143,0.13,12.83,0.0,0.0,15.0,0.0,15.71,0.14
2024-11-10,12.79,15.46,10.96,95.17,0.0,0.97,0.0,12.65,12.84,14.42,0.0,11,315,2024,12.835714285714285,0.11857142857142858,13.55,0.04,0.08,15.12,0.0,15.54,0.01
2024-11-11,12.65,16.28,10.47,91.99,0.0,1.07,0.0,12.23,12.79,12.29,0.0,11,316,2024,12.887142857142859,0.055714285714285716,13.62,0.34,0.44,15.77,0.0,15.66,0.0
2024-11-12,12.23,16.1,9.84,90.21,0.0,1.19,0.0,12.27,12.65,11.93,0.0,11,317,2024,12.929999999999998,0.054285714285714284,12.84,0.0,0.01,15.17,0.26,14.99,0.0
2024-11-13,12.27,16.74,9.83,88.66,0.0,1.19,0.0,12.2,12.23,12.83,0.0,11,318,2024,12.85,0.054285714285714284,12.79,0.0,0.0,15.11,1.04,14.55,0.0
2024-11-14,12.2,16.44,9.24,81.31,0.0,1.17,0.0,12.55,12.27,13.55,0.0,11,319,2024,12.657142857142857,0.04857142857142858,12.65,0.0,0.04,15.11,0.1,14.26,0.05
2024-11-15,12.55,17.33,9.45,73.18,0.0,1.23,0.0,11.46,12.2,13.62,0.0,11,320,2024,12.504285714285714,0.0,12.23,0.0,0.34,14.84,0.02,14.16,0.11
2024-11-16,11.46,16.5,7.62,63.67,0.0,1.09,0.0,10.36,12.55,12.84,0.0,11,321,2024,12.307142857142855,0.0,12.27,0.0,0.0,14.22,0.0,14.01,0.03
2024-11-17,10.36,15.4,7.73,61.39,0.0,1.0,0.0,10.41,11.46,12.79,0.0,11,322,2024,11.959999999999999,0.0,12.2,0.0,0.0,14.42,0.08,13.71,0.01
2024-11-18,10.41,15.28,7.32,75.35,0.0,1.1,0.0,10.29,10.36,12.65,0.0,11,323,2024,11.639999999999999,0.0,12.55,0.0,0.0,12.29,0.44,13.68,0.71
2024-11-19,10.29,14.72,7.88,78.3,0.0,1.09,0.0,9.81,10.41,12.23,0.0,11,324,2024,11.362857142857143,0.0,11.46,0.0,0.0,11.93,0.01,12.81,2.32
2024-11-20,9.81,13.5,7.84,84.34,0.0,1.13,0.01,9.58,10.29,12.27,0.0,11,325,2024,11.01142857142857,0.0,10.36,0.0,0.0,12.83,0.0,13.52,0.08
2024-11-21,9.58,12.83,7.63,86.81,0.01,1.12,0.1,8.98,9.81,12.2,0.0,11,326,2024,10.637142857142857,0.0014285714285714286,10.41,0.0,0.0,13.55,0.04,14.11,0.0
2024-11-22,8.98,12.46,6.09,86.95,0.1,1.14,0.0,8.6,9.58,12.55,0.01,11,327,2024,10.127142857142857,0.015714285714285715,10.29,0.0,0.0,13.62,0.34,14.53,0.02
2024-11-23,8.6,13.08,5.92,80.66,0.0,1.14,0.0,8.51,8.98,11.46,0.1,11,328,2024,9.718571428571428,0.015714285714285715,9.81,0.0,0.0,12.84,0.0,13.77,0.08
2024-11-24,8.51,13.3,5.66,77.76,0.0,1.18,0.0,8.55,8.6,10.36,0.0,11,329,2024,9.454285714285716,0.015714285714285715,9.58,0.01,0.0,12.79,0.0,14.14,0.44
2024-11-25,8.55,13.14,6.0,82.38,0.0,0.97,0.0,8.16,8.51,10.41,0.0,11,330,2024,9.188571428571427,0.015714285714285715,8.98,0.1,0.0,12.65,0.0,15.0,0.0
2024-11-26,8.16,12.44,5.12,78.48,0.0,1.04,0.0,8.69,8.55,10.29,0.0,11,331,2024,8.884285714285713,0.015714285714285715,8.6,0.0,0.0,12.23,0.0,15.12,0.0
2024-11-27,8.69,12.9,6.23,80.5,0.0,0.98,0.0,8.67,8.16,9.81,0.0,11,332,2024,8.724285714285715,0.015714285714285715,8.51,0.0,0.0,12.27,0.0,15.77,0.0
2024-11-28,8.67,13.12,5.4,75.93,0.0,0.99,0.0,9.89,8.69,9.58,0.0,11,333,2024,8.594285714285714,0.014285714285714287,8.55,0.0,0.01,12.2,0.0,15.17,0.26
2024-11-29,9.89,14.67,6.51,78.72,0.0,1.03,0.0,9.63,8.67,8.98,0.0,11,334,2024,8.724285714285713,0.0,8.16,0.0,0.1,12.55,0.0,15.11,1.04
2024-11-30,9.63,14.31,6.89,70.19,0.0,1.15,0.0,9.25,9.89,8.6,0.0,11,335,2024,8.871428571428572,0.0,8.69,0.0,0.0,11.46,0.0,15.11,0.1
2024-12-01,9.25,14.43,6.32,72.18,0.0,1.22,0.0,8.76,9.63,8.51,0.0,12,336,2024,8.977142857142857,0.0,8.67,0.0,0.0,10.36,0.0,14.84,0.02
2024-12-02,8.76,14.23,5.74,67.11,0.0,1.27,0.0,8.77,9.25,8.55,0.0,12,337,2024,9.007142857142856,0.0,9.89,0.0,0.0,10.41,0.0,14.22,0.0
2024-12-03,8.77,14.7,4.61,59.57,0.0,1.45,0.0,9.07,8.76,8.16,0.0,12,338,2024,9.094285714285714,0.0,9.63,0.0,0.0,10.29,0.0,14.42,0.08
2024-12-04,9.07,14.87,5.63,55.37,0.0,1.34,0.0,8.02,8.77,8.69,0.0,12,339,2024,9.148571428571428,0.0,9.25,0.0,0.0,9.81,0.0,12.29,0.44
2024-12-05,8.02,13.46,4.79,66.95,0.0,1.4,0.0,7.46,9.07,8.67,0.0,12,340,2024,9.055714285714286,0.0,8.76,0.0,0.0,9.58,0.01,11.93,0.01
2024-12-06,7.46,12.8,4.05,71.82,0.0,1.26,0.0,6.98,8.02,9.89,0.0,12,341,2024,8.708571428571428,0.0,8.77,0.0,0.0,8.98,0.1,12.83,0.0
2024-12-07,6.98,13.13,3.61,66.59,0.0,1.14,0.0,6.12,7.46,9.63,0.0,12,342,2024,8.33,0.0,9.07,0.0,0.0,8.6,0.0,13.55,0.04
2024-12-08,6.12,12.02,2.38,52.41,0.0,1.14,0.0,4.46,6.98,9.25,0.0,12,343,2024,7.882857142857143,0.0,8.02,0.0,0.0,8.51,0.0,13.62,0.34
2024-12-09,4.46,10.77,0.4,72.16,0.0,1.15,0.0,5.02,6.12,8.76,0.0,12,344,2024,7.268571428571429,0.0,7.46,0.0,0.0,8.55,0.0,12.84,0.0
2024-12-10,5.02,10.77,0.18,68.09,0.0,1.39,0.0,6.63,4.46,8.77,0.0,12,345,2024,6.732857142857143,0.0,6.98,0.0,0.0,8.16,0.0,12.79,0.0
2024-12-11,6.63,12.55,2.93,56.46,0.0,1.34,0.0,7.04,5.02,9.07,0.0,12,346,2024,6.384285714285714,0.0,6.12,0.0,0.0,8.69,0.0,12.65,0.0
2024-12-12,7.04,13.29,3.24,54.29,0.0,1.52,0.0,6.83,6.63,8.02,0.0,12,347,2024,6.244285714285715,0.0,4.46,0.0,0.0,8.67,0.0,12.23,0.0
2024-12-13,6.83,13.45,2.57,45.32,0.0,1.41,0.0,7.09,7.04,7.46,0.0,12,348,2024,6.154285714285715,0.0,5.02,0.0,0.0,9.89,0.0,12.27,0.0
2024-12-14,7.09,12.55,3.05,48.02,0.0,1.16,0.0,8.58,6.83,6.98,0.0,12,349,2024,6.17,0.0,6.63,0.0,0.0,9.63,0.0,12.2,0.0
2024-12-15,8.58,15.01,3.07,54.64,0.0,1.02,0.0,10.84,7.09,6.12,0.0,12,350,2024,6.521428571428572,0.0,7.04,0.0,0.0,9.25,0.0,12.55,0.0
2024-12-16,10.84,15.72,7.9,59.96,0.0,0.95,0.0,9.84,8.58,4.46,0.0,12,351,2024,7.432857142857143,0.0,6.83,0.0,0.0,8.76,0.0,11.46,0.0
2024-12-17,9.84,15.35,6.21,68.4,0.0,1.14,0.0,8.99,10.84,5.02,0.0,12,352,2024,8.12142857142857,0.0,7.09,0.0,0.0,8.77,0.0,10.36,0.0
2024-12-18,8.99,14.15,5.67,63.61,0.0,1.26,0.0,8.8,9.84,6.63,0.0,12,353,2024,8.458571428571428,0.0,8.58,0.0,0.0,9.07,0.0,10.41,0.0
2024-12-19,8.8,13.93,5.96,64.72,0.0,1.14,0.0,7.72,8.99,7.04,0.0,12,354,2024,8.71,0.0,10.84,0.0,0.0,8.02,0.0,10.29,0.0
2024-12-20,7.72,12.98,4.44,63.33,0.0,1.26,0.0,5.98,8.8,6.83,0.0,12,355,2024,8.837142857142856,0.0,9.84,0.0,0.0,7.46,0.0,9.81,0.0
2024-12-21,5.98,11.5,2.31,63.61,0.0,1.19,0.0,6.43,7.72,7.09,0.0,12,356,2024,8.678571428571429,0.0,8.99,0.0,0.0,6.98,0.0,9.58,0.01
2024-12-22,6.43,12.03,2.82,70.47,0.0,1.18,0.0,6.97,5.98,8.58,0.0,12,357,2024,8.371428571428572,0.0,8.8,0.0,0.0,6.12,0.0,8.98,0.1
2024-12-23,6.97,12.39,4.33,57.06,0.0,1.07,0.0,6.52,6.43,10.84,0.0,12,358,2024,7.818571428571429,0.0,7.72,0.0,0.0,4.46,0.0,8.6,0.0
2024-12-24,6.52,11.93,3.53,62.46,0.0,1.17,0.0,6.53,6.97,9.84,0.0,12,359,2024,7.344285714285713,0.0,5.98,0.0,0.0,5.02,0.0,8.51,0.0
2024-12-25,6.53,11.73,3.46,76.1,0.0,1.33,0.0,7.12,6.52,8.99,0.0,12,360,2024,6.992857142857143,0.0,6.43,0.0,0.0,6.63,0.0,8.55,0.0
2024-12-26,7.12,12.3,2.82,73.31,0.0,1.29,0.0,9.52,6.53,8.8,0.0,12,361,2024,6.752857142857143,0.0,6.97,0.0,0.0,7.04,0.0,8.16,0.0
2024-12-27,9.52,15.05,6.09,62.68,0.0,1.09,0.0,8.62,7.12,7.72,0.0,12,362,2024,7.01,0.0,6.52,0.0,0.0,6.83,0.0,8.69,0.0
2024-12-28,8.62,12.81,5.74,58.82,0.0,0.84,0.0,7.77,9.52,5.98,0.0,12,363,2024,7.387142857142857,0.0,6.53,0.0,0.0,7.09,0.0,8.67,0.0
2024-12-29,7.77,12.28,4.84,75.6,0.0,1.2,0.0,7.38,8.62,6.43,0.0,12,364,2024,7.578571428571428,0.0,7.12,0.0,0.0,8.58,0.0,9.89,0.0
2024-12-30,7.38,11.71,4.08,82.85,0.0,1.16,0.0,7.58,7.77,6.97,0.0,12,365,2024,7.637142857142857,0.0,9.52,0.0,0.0,10.84,0.0,9.63,0.0
2024-12-31,7.58,12.08,4.89,80.16,0.0,1.2,0.0,7.92,7.38,6.52,0.0,12,366,2024,7.788571428571428,0.0,8.62,0.0,0.0,9.84,0.0,9.25,0.0
2025-01-01,7.92,12.8,4.5,68.96,0.0,1.16,0.0,8.34,7.58,6.53,0.0,1,1,2025,7.987142857142857,0.0,7.77,0.0,0.0,8.99,0.0,8.76,0.0
2025-01-02,8.34,13.96,4.22,59.13,0.0,1.13,0.0,9.35,7.92,7.12,0.0,1,2,2025,8.161428571428571,0.0,7.38,0.0,0.0,8.8,0.0,8.77,0.0
2025-01-03,9.35,15.55,5.74,56.49,0.0,1.1,0.0,9.74,8.34,9.52,0.0,1,3,2025,8.137142857142857,0.0,7.58,0.0,0.0,7.72,0.0,9.07,0.0
2025-01-04,9.74,16.38,5.13,56.37,0.0,1.09,0.0,9.79,9.35,8.62,0.0,1,4,2025,8.297142857142857,0.0,7.92,0.0,0.0,5.98,0.0,8.02,0.0
2025-01-05,9.79,13.71,7.45,56.26,0.0,0.84,0.0,8.95,9.74,7.77,0.0,1,5,2025,8.585714285714285,0.0,8.34,0.0,0.0,6.43,0.0,7.46,0.0
2025-01-06,8.95,13.95,4.78,70.25,0.0,1.18,1.9,5.93,9.79,7.38,0.0,1,6,2025,8.81,0.0,9.35,0.0,0.0,6.97,0.0,6.98,0.0
2025-01-07,5.93,10.06,3.1,77.33,1.9,1.19,0.12,5.21,8.95,7.58,0.0,1,7,2025,8.574285714285713,0.2714285714285714,9.74,0.0,0.0,6.52,0.0,6.12,0.0
2025-01-08,5.21,11.75,-0.66,65.3,0.12,1.39,0.22,5.54,5.93,7.92,1.9,1,8,2025,8.187142857142856,0.2885714285714286,9.79,0.0,0.0,6.53,0.0,4.46,0.0
2025-01-09,5.54,10.85,1.67,63.43,0.22,1.1,0.0,6.67,5.21,8.34,0.12,1,9,2025,7.787142857142858,0.31999999999999995,8.95,0.0,0.0,7.12,0.0,5.02,0.0
2025-01-10,6.67,12.59,2.8,64.85,0.0,1.1,0.0,7.68,5.54,9.35,0.22,1,10,2025,7.404285714285714,0.31999999999999995,5.93,1.9,0.0,9.52,0.0,6.63,0.0
2025-01-11,7.68,13.66,4.22,57.92,0.0,1.0,0.0,7.24,6.67,9.74,0.0,1,11,2025,7.109999999999999,0.31999999999999995,5.21,0.12,0.0,8.62,0.0,7.04,0.0
2025-01-12,7.24,12.56,4.27,64.57,0.0,1.15,0.0,5.9,7.68,9.79,0.0,1,12,2025,6.7457142857142856,0.31999999999999995,5.54,0.22,0.0,7.77,0.0,6.83,0.0
2025-01-13,5.9,9.92,2.76,73.02,0.0,1.2,0.0,6.94,7.24,8.95,0.0,1,13,2025,6.31,0.31999999999999995,6.67,0.0,0.0,7.38,0.0,7.09,0.0
2025-01-14,6.94,12.29,3.42,69.37,0.0,1.15,0.0,8.08,5.9,5.93,0.0,1,14,2025,6.454285714285715,0.048571428571428564,7.68,0.0,1.9,7.58,0.0,8.58,0.0
2025-01-15,8.08,13.79,4.7,65.12,0.0,1.08,0.0,8.44,6.94,5.21,0.0,1,15,2025,6.864285714285715,0.03142857142857143,7.24,0.0,0.12,7.92,0.0,10.84,0.0
2025-01-16,8.44,13.17,5.51,51.74,0.0,1.02,0.0,8.35,8.08,5.54,0.0,1,16,2025,7.278571428571429,0.0,5.9,0.0,0.22,8.34,0.0,9.84,0.0
2025-01-17,8.35,14.39,5.08,52.52,0.0,1.34,0.0,8.67,8.44,6.67,0.0,1,17,2025,7.518571428571429,0.0,6.94,0.0,0.0,9.35,0.0,8.99,0.0
2025-01-18,8.67,14.52,4.9,44.11,0.0,1.43,0.0,9.8,8.35,7.68,0.0,1,18,2025,7.660000000000001,0.0,8.08,0.0,0.0,9.74,0.0,8.8,0.0
2025-01-19,9.8,16.16,5.34,52.08,0.0,1.46,0.0,10.52,8.67,7.24,0.0,1,19,2025,8.025714285714285,0.0,8.44,0.0,0.0,9.79,0.0,7.72,0.0
2025-01-20,10.52,16.58,6.69,50.37,0.0,1.34,0.0,10.68,9.8,5.9,0.0,1,20,2025,8.685714285714287,0.0,8.35,0.0,0.0,8.95,0.0,5.98,0.0
2025-01-21,10.68,17.35,7.23,50.6,0.0,1.54,0.0,10.08,10.52,6.94,0.0,1,21,2025,9.219999999999999,0.0,8.67,0.0,0.0,5.93,1.9,6.43,0.0
2025-01-22,10.08,16.58,6.58,51.35,0.0,1.73,0.0,8.36,10.68,8.08,0.0,1,22,2025,9.505714285714285,0.0,9.8,0.0,0.0,5.21,0.12,6.97,0.0
2025-01-23,8.36,14.96,2.99,52.02,0.0,1.85,0.0,6.35,10.08,8.44,0.0,1,23,2025,9.494285714285715,0.0,10.52,0.0,0.0,5.54,0.22,6.52,0.0
2025-01-24,6.35,12.69,1.44,58.11,0.0,1.91,0.0,7.59,8.36,8.35,0.0,1,24,2025,9.208571428571428,0.0,10.68,0.0,0.0,6.67,0.0,6.53,0.0
2025-01-25,7.59,13.22,4.22,56.45,0.0,1.23,0.0,7.6,6.35,8.67,0.0,1,25,2025,9.054285714285713,0.0,10.08,0.0,0.0,7.68,0.0,7.12,0.0
2025-01-26,7.6,13.12,4.32,56.57,0.0,1.02,0.0,7.96,7.59,9.8,0.0,1,26,2025,8.74,0.0,8.36,0.0,0.0,7.24,0.0,9.52,0.0
2025-01-27,7.96,13.23,4.47,60.88,0.0,1.22,0.0,7.62,7.6,10.52,0.0,1,27,2025,8.374285714285714,0.0,6.35,0.0,0.0,5.9,0.0,8.62,0.0
2025-01-28,7.62,12.72,4.53,64.48,0.0,1.26,0.0,6.91,7.96,10.68,0.0,1,28,2025,7.937142857142857,0.0,7.59,0.0,0.0,6.94,0.0,7.77,0.0
2025-01-29,6.91,12.87,3.22,64.97,0.0,1.24,0.0,7.04,7.62,10.08,0.0,1,29,2025,7.484285714285714,0.0,7.6,0.0,0.0,8.08,0.0,7.38,0.0
2025-01-30,7.04,12.57,3.41,60.73,0.0,1.5,0.0,6.83,6.91,8.36,0.0,1,30,2025,7.295714285714285,0.0,7.96,0.0,0.0,8.44,0.0,7.58,0.0
2025-01-31,6.83,13.97,1.68,54.64,0.0,1.68,0.0,7.53,7.04,6.35,0.0,1,31,2025,7.364285714285714,0.0,7.62,0.0,0.0,8.35,0.0,7.92,0.0
2025-02-01,7.53,14.14,3.67,47.27,0.0,1.84,0.0,7.7,6.83,7.59,0.0,2,32,2025,7.355714285714286,0.0,6.91,0.0,0.0,8.67,0.0,8.34,0.0
2025-02-02,7.7,14.97,2.0,46.95,0.0,1.89,0.0,9.98,7.53,7.6,0.0,2,33,2025,7.37,0.0,7.04,0.0,0.0,9.8,0.0,9.35,0.0
2025-02-03,9.98,16.43,5.81,41.3,0.0,1.45,0.0,10.41,7.7,7.96,0.0,2,34,2025,7.658571428571428,0.0,6.83,0.0,0.0,10.52,0.0,9.74,0.0
2025-02-04,10.41,16.62,6.73,46.4,0.0,1.6,0.0,9.62,9.98,7.62,0.0,2,35,2025,8.057142857142859,0.0,7.53,0.0,0.0,10.68,0.0,9.79,0.0
2025-02-05,9.62,15.89,5.74,62.93,0.0,2.17,0.0,8.53,10.41,6.91,0.0,2,36,2025,8.444285714285714,0.0,7.7,0.0,0.0,10.08,0.0,8.95,0.0
2025-02-06,8.53,15.3,4.59,51.9,0.0,1.74,0.0,8.5,9.62,7.04,0.0,2,37,2025,8.657142857142857,0.0,9.98,0.0,0.0,8.36,0.0,5.93,1.9
2025-02-07,8.5,15.36,3.85,41.81,0.0,1.76,0.0,8.22,8.53,6.83,0.0,2,38,2025,8.895714285714286,0.0,10.41,0.0,0.0,6.35,0.0,5.21,0.12
2025-02-08,8.22,14.67,4.29,43.64,0.0,1.35,0.0,7.78,8.5,7.53,0.0,2,39,2025,8.994285714285715,0.0,9.62,0.0,0.0,7.59,0.0,5.54,0.22
2025-02-09,7.78,13.83,4.01,48.84,0.0,1.4,0.0,7.9,8.22,7.7,0.0,2,40,2025,9.005714285714285,0.0,8.53,0.0,0.0,7.6,0.0,6.67,0.0
2025-02-10,7.9,13.92,4.14,51.42,0.0,1.77,0.0,7.66,7.78,9.98,0.0,2,41,2025,8.708571428571428,0.0,8.5,0.0,0.0,7.96,0.0,7.68,0.0
2025-02-11,7.66,13.89,2.84,51.57,0.0,1.75,0.0,7.17,7.9,10.41,0.0,2,42,2025,8.315714285714284,0.0,8.22,0.0,0.0,7.62,0.0,7.24,0.0
2025-02-12,7.17,13.36,2.21,54.64,0.0,1.85,0.0,6.84,7.66,9.62,0.0,2,43,2025,7.965714285714285,0.0,7.78,0.0,0.0,6.91,0.0,5.9,0.0
2025-02-13,6.84,13.17,1.97,58.46,0.0,1.71,0.0,7.15,7.17,8.53,0.0,2,44,2025,7.724285714285715,0.0,7.9,0.0,0.0,7.04,0.0,6.94,0.0
2025-02-14,7.15,13.58,2.91,49.36,0.0,1.61,0.01,6.18,6.84,8.5,0.0,2,45,2025,7.531428571428572,0.0,7.66,0.0,0.0,6.83,0.0,8.08,0.0
2025-02-15,6.18,11.57,1.96,48.56,0.01,1.34,0.01,7.17,7.15,8.22,0.0,2,46,2025,7.24,0.0014285714285714286,7.17,0.0,0.0,7.53,0.0,8.44,0.0
2025-02-16,7.17,13.25,2.89,48.65,0.01,1.46,0.21,7.51,6.18,7.78,0.01,2,47,2025,7.152857142857143,0.002857142857142857,6.84,0.0,0.0,7.7,0.0,8.35,0.0
2025-02-17,7.51,13.32,3.01,56.09,0.21,1.42,0.32,7.19,7.17,7.9,0.01,2,48,2025,7.097142857142857,0.032857142857142856,7.15,0.0,0.0,9.98,0.0,8.67,0.0
2025-02-18,7.19,12.25,3.86,59.05,0.32,1.5,0.02,7.66,7.51,7.66,0.21,2,49,2025,7.03,0.07857142857142858,6.18,0.01,0.0,10.41,0.0,9.8,0.0
2025-02-19,7.66,13.81,2.99,56.6,0.02,1.58,0.13,8.11,7.19,7.17,0.32,2,50,2025,7.1000000000000005,0.08142857142857142,7.17,0.01,0.0,9.62,0.0,10.52,0.0
2025-02-20,8.11,14.19,2.96,58.27,0.13,1.44,0.34,7.88,7.66,6.84,0.02,2,51,2025,7.281428571428571,0.09999999999999999,7.51,0.21,0.0,8.53,0.0,10.68,0.0
2025-02-21,7.88,13.63,3.5,61.06,0.34,1.81,0.24,8.41,8.11,7.15,0.13,2,52,2025,7.385714285714285,0.14857142857142858,7.19,0.32,0.0,8.5,0.0,10.08,0.0
2025-02-22,8.41,14.14,4.16,62.15,0.24,1.68,0.45,7.38,7.88,6.18,0.34,2,53,2025,7.704285714285715,0.18142857142857144,7.66,0.02,0.01,8.22,0.0,8.36,0.0
2025-02-23,7.38,12.15,4.02,63.16,0.45,1.33,0.21,7.69,8.41,7.17,0.24,2,54,2025,7.734285714285714,0.24428571428571427,8.11,0.13,0.01,7.78,0.0,6.35,0.0
2025-02-24,7.69,12.5,4.57,73.29,0.21,1.41,0.03,8.85,7.38,7.51,0.45,2,55,2025,7.76,0.24428571428571427,7.88,0.34,0.21,7.9,0.0,7.59,0.0
2025-02-25,8.85,14.68,3.97,62.56,0.03,1.5,0.0,10.04,7.69,7.19,0.21,2,56,2025,7.997142857142857,0.20285714285714285,8.41,0.24,0.32,7.66,0.0,7.6,0.0
2025-02-26,10.04,15.79,6.02,54.56,0.0,1.55,0.0,9.36,8.85,7.66,0.03,2,57,2025,8.337142857142856,0.19999999999999998,7.38,0.45,0.02,7.17,0.0,7.96,0.0
2025-02-27,9.36,15.42,5.89,63.38,0.0,1.52,1.85,9.24,10.04,8.11,0.0,2,58,2025,8.515714285714285,0.18142857142857144,7.69,0.21,0.13,6.84,0.0,7.62,0.0
2025-02-28,9.24,15.34,5.8,70.47,1.85,1.72,316.43,4.94,9.36,7.88,0.0,2,59,2025,8.709999999999999,0.3971428571428572,8.85,0.03,0.34,7.15,0.0,6.91,0.0
2025-03-01,4.94,7.0,2.78,75.05,316.43,1.31,5.03,5.16,9.24,8.41,1.85,3,60,2025,8.214285714285714,45.56714285714286,10.04,0.0,0.24,6.18,0.01,7.04,0.0
2025-03-02,5.16,8.91,2.91,66.85,5.03,1.04,0.0,7.35,4.94,7.38,316.43,3,61,2025,7.897142857142856,46.221428571428575,9.36,0.0,0.45,7.17,0.01,6.83,0.0
2025-03-03,7.35,13.4,1.13,54.02,0.0,1.36,0.0,7.01,5.16,7.69,5.03,3,62,2025,7.848571428571428,46.19142857142857,9.24,1.85,0.21,7.51,0.21,7.53,0.0
2025-03-04,7.01,13.53,1.27,57.76,0.0,1.82,0.0,7.04,7.35,8.85,0.0,3,63,2025,7.5857142857142845,46.18714285714286,4.94,316.43,0.03,7.19,0.32,7.7,0.0
2025-03-05,7.04,13.13,1.6,59.58,0.0,1.41,0.0,7.13,7.01,10.04,0.0,3,64,2025,7.157142857142857,46.18714285714286,5.16,5.03,0.0,7.66,0.02,9.98,0.0
2025-03-06,7.13,13.37,0.4,52.24,0.0,1.1,0.06,7.05,7.04,9.36,0.0,3,65,2025,6.838571428571428,46.18714285714286,7.35,0.0,0.0,8.11,0.13,10.41,0.0
2025-03-07,7.05,13.04,1.9,64.99,0.06,1.26,0.49,7.36,7.13,9.24,0.0,3,66,2025,6.525714285714285,45.93142857142857,7.01,0.0,1.85,7.88,0.34,9.62,0.0
2025-03-08,7.36,12.2,3.0,72.69,0.49,1.33,0.0,8.28,7.05,4.94,0.06,3,67,2025,6.871428571428572,0.7971428571428572,7.04,0.0,316.43,8.41,0.24,8.53,0.0
2025-03-09,8.28,13.19,4.11,63.92,0.0,1.26,0.12,9.49,7.36,5.16,0.49,3,68,2025,7.317142857142857,0.07857142857142858,7.13,0.0,5.03,7.38,0.45,8.5,0.0
2025-03-10,9.49,14.3,4.25,66.31,0.12,1.15,0.04,9.96,8.28,7.35,0.0,3,69,2025,7.622857142857143,0.09571428571428571,7.05,0.06,0.0,7.69,0.21,8.22,0.0
2025-03-11,9.96,14.63,6.29,67.77,0.04,1.5,0.81,10.77,9.49,7.01,0.12,3,70,2025,8.044285714285715,0.10142857142857142,7.36,0.49,0.0,8.85,0.03,7.78,0.0
2025-03-12,10.77,15.39,6.76,64.51,0.81,1.34,3.33,9.84,9.96,7.04,0.04,3,71,2025,8.577142857142857,0.21714285714285714,8.28,0.0,0.0,10.04,0.0,7.9,0.0
2025-03-13,9.84,14.93,5.6,68.46,3.33,1.8,0.12,11.15,10.77,7.13,0.81,3,72,2025,8.964285714285714,0.6928571428571428,9.49,0.12,0.0,9.36,0.0,7.66,0.0
2025-03-14,11.15,17.57,5.36,62.11,0.12,1.9,0.2,11.94,9.84,7.05,3.33,3,73,2025,9.55,0.7014285714285714,9.96,0.04,0.06,9.24,1.85,7.17,0.0
2025-03-15,11.94,18.66,6.52,58.59,0.2,1.71,0.82,12.63,11.15,7.36,0.12,3,74,2025,10.204285714285714,0.66,10.77,0.81,0.49,4.94,316.43,6.84,0.0
2025-03-16,12.63,18.69,8.19,63.98,0.82,2.24,0.25,11.66,11.94,8.28,0.2,3,75,2025,10.825714285714286,0.7771428571428572,9.84,3.33,0.0,5.16,5.03,7.15,0.0
2025-03-17,11.66,18.2,6.19,61.53,0.25,2.26,0.0,10.55,12.63,9.49,0.82,3,76,2025,11.135714285714286,0.7957142857142857,11.15,0.12,0.12,7.35,0.0,6.18,0.01
2025-03-18,10.55,17.6,4.35,54.65,0.0,1.72,0.0,12.05,11.66,9.96,0.25,3,77,2025,11.219999999999999,0.79,11.94,0.2,0.04,7.01,0.0,7.17,0.01
2025-03-19,12.05,18.19,7.48,51.75,0.0,1.52,0.0,11.83,10.55,10.77,0.0,3,78,2025,11.402857142857142,0.6742857142857144,12.63,0.82,0.81,7.04,0.0,7.51,0.21
2025-03-20,11.83,18.7,6.71,53.31,0.0,1.93,0.34,10.56,12.05,9.84,0.0,3,79,2025,11.687142857142858,0.19857142857142857,11.66,0.25,3.33,7.13,0.0,7.19,0.32
2025-03-21,10.56,17.12,5.21,59.13,0.34,1.73,0.94,9.74,11.83,11.15,0.0,3,80,2025,11.602857142857143,0.23,10.55,0.0,0.12,7.05,0.06,7.66,0.02
2025-03-22,9.74,14.95,5.3,61.71,0.94,1.42,2.76,9.29,10.56,11.94,0.34,3,81,2025,11.28857142857143,0.3357142857142857,12.05,0.0,0.2,7.36,0.49,8.11,0.13
2025-03-23,9.29,14.26,5.37,68.17,2.76,1.58,0.16,11.57,9.74,12.63,0.94,3,82,2025,10.81142857142857,0.6128571428571428,11.83,0.0,0.82,8.28,0.0,7.88,0.34
2025-03-24,11.57,17.71,6.54,64.92,0.16,1.41,0.74,12.99,9.29,11.66,2.76,3,83,2025,10.79857142857143,0.5999999999999999,10.56,0.34,0.25,9.49,0.12,8.41,0.24
2025-03-25,12.99,19.67,7.28,57.1,0.74,1.69,0.19,13.93,11.57,10.55,0.16,3,84,2025,11.147142857142857,0.7057142857142856,9.74,0.94,0.0,9.96,0.04,7.38,0.45
2025-03-26,13.93,20.01,9.67,54.5,0.19,1.66,0.0,14.84,12.99,12.05,0.74,3,85,2025,11.415714285714285,0.7328571428571429,9.29,2.76,0.0,10.77,0.81,7.69,0.21
2025-03-27,14.84,21.34,10.2,53.17,0.0,1.73,0.0,14.91,13.93,11.83,0.19,3,86,2025,11.845714285714283,0.7328571428571429,11.57,0.16,0.0,9.84,3.33,8.85,0.03
2025-03-28,14.91,21.63,9.68,49.27,0.0,1.99,0.14,14.73,14.84,10.56,0.0,3,87,2025,12.467142857142857,0.6842857142857143,12.99,0.74,0.34,11.15,0.12,10.04,0.0
2025-03-29,14.73,21.44,9.3,43.47,0.14,1.7,0.07,14.62,14.91,9.74,0.0,3,88,2025,13.179999999999998,0.57,13.93,0.19,0.94,11.94,0.2,9.36,0.0
2025-03-30,14.62,21.12,9.98,39.58,0.07,1.57,0.0,14.08,14.73,9.29,0.14,3,89,2025,13.941428571428572,0.18571428571428567,14.84,0.0,2.76,12.63,0.82,9.24,1.85
2025-03-31,14.08,20.7,8.59,40.96,0.0,1.69,0.0,13.31,14.62,11.57,0.07,3,90,2025,14.299999999999999,0.1628571428571428,14.91,0.0,0.16,11.66,0.25,4.94,316.43
2025-04-01,13.31,20.69,6.98,41.46,0.0,1.75,0.0,14.06,14.08,12.99,0.0,4,91,2025,14.345714285714285,0.057142857142857086,14.73,0.14,0.74,10.55,0.0,5.16,5.03
2025-04-02,14.06,21.12,8.86,39.21,0.0,1.73,0.0,13.97,13.31,13.93,0.0,4,92,2025,14.364285714285714,0.02999999999999994,14.62,0.07,0.19,12.05,0.0,7.35,0.0
2025-04-03,13.97,19.86,7.91,38.88,0.0,1.74,0.0,14.18,14.06,14.84,0.0,4,93,2025,14.24,0.02999999999999994,14.08,0.0,0.0,11.83,0.0,7.01,0.0
2025-04-04,14.18,20.41,9.22,36.36,0.0,1.88,0.0,13.28,13.97,14.91,0.0,4,94,2025,14.135714285714286,0.02999999999999994,13.31,0.0,0.0,10.56,0.34,7.04,0.0
2025-04-05,13.28,20.07,6.91,43.36,0.0,1.81,0.0,14.63,14.18,14.73,0.0,4,95,2025,13.928571428571429,0.009999999999999938,14.06,0.0,0.14,9.74,0.94,7.13,0.0
2025-04-06,14.63,21.12,9.84,46.89,0.0,1.72,0.0,15.0,13.28,14.62,0.0,4,96,2025,13.930000000000001,0.0,13.97,0.0,0.07,9.29,2.76,7.05,0.06
2025-04-07,15.0,20.98,10.07,56.61,0.0,1.62,0.38,15.14,14.63,14.08,0.0,4,97,2025,14.061428571428573,0.0,14.18,0.0,0.0,11.57,0.16,7.36,0.49
2025-04-08,15.14,20.03,11.1,67.53,0.38,1.49,3.75,14.29,15.0,13.31,0.0,4,98,2025,14.322857142857144,0.05428571428571422,13.28,0.0,0.0,12.99,0.74,8.28,0.0
2025-04-09,14.29,17.56,11.41,83.3,3.75,1.02,19.29,12.43,15.14,14.06,0.38,4,99,2025,14.355714285714285,0.59,14.63,0.0,0.0,13.93,0.19,9.49,0.12
2025-04-10,12.43,15.27,9.76,90.52,19.29,0.88,6.61,12.13,14.29,13.97,3.75,4,100,2025,14.135714285714286,3.3457142857142856,15.0,0.0,0.0,14.84,0.0,9.96,0.04
2025-04-11,12.13,16.91,8.11,87.25,6.61,1.46,0.7,13.37,12.43,14.18,19.29,4,101,2025,13.842857142857142,4.29,15.14,0.38,0.0,14.91,0.0,10.77,0.81
2025-04-12,13.37,19.73,7.63,68.77,0.7,1.91,0.04,13.49,12.13,13.28,6.61,4,102,2025,13.855714285714287,4.39,14.29,3.75,0.0,14.73,0.14,9.84,3.33
2025-04-13,13.49,19.36,7.36,64.12,0.04,1.4,0.27,11.62,13.37,14.63,0.7,4,103,2025,13.692857142857141,4.395714285714286,12.43,19.29,0.0,14.62,0.07,11.15,0.12
2025-04-14,11.62,15.13,9.07,81.83,0.27,1.64,0.29,13.46,13.49,15.0,0.04,4,104,2025,13.209999999999999,4.434285714285714,12.13,6.61,0.0,14.08,0.0,11.94,0.2
2025-04-15,13.46,18.36,9.64,69.82,0.29,1.53,0.76,14.38,11.62,15.14,0.27,4,105,2025,12.969999999999999,4.421428571428572,13.37,0.7,0.38,13.31,0.0,12.63,0.82
2025-04-16,14.38,19.06,10.01,76.59,0.76,1.57,10.0,13.98,13.46,14.29,0.29,4,106,2025,12.982857142857144,3.994285714285714,13.49,0.04,3.75,14.06,0.0,11.66,0.25
2025-04-17,13.98,18.1,9.98,85.4,10.0,1.42,1.68,13.39,14.38,12.43,0.76,4,107,2025,13.204285714285716,2.6671428571428573,11.62,0.27,19.29,13.97,0.0,10.55,0.0
2025-04-18,13.39,17.14,9.75,86.51,1.68,1.44,0.76,14.63,13.98,12.13,10.0,4,108,2025,13.384285714285713,1.9628571428571429,13.46,0.29,6.61,14.18,0.0,12.05,0.0
2025-04-19,14.63,19.4,11.2,84.19,0.76,1.31,0.24,16.24,13.39,13.37,1.68,4,109,2025,13.564285714285715,1.9714285714285713,14.38,0.76,0.7,13.28,0.0,11.83,0.0
2025-04-20,16.24,21.53,11.08,72.33,0.24,1.68,0.04,17.21,14.63,13.49,0.76,4,110,2025,13.957142857142857,2.0,13.98,10.0,0.04,14.63,0.0,10.56,0.34
2025-04-21,17.21,22.64,11.56,64.73,0.04,1.74,0.04,17.75,16.24,11.62,0.24,4,111,2025,14.755714285714285,1.967142857142857,13.39,1.68,0.27,15.0,0.0,9.74,0.94
2025-04-22,17.75,24.05,12.04,57.98,0.04,1.79,1.06,17.23,17.21,13.46,0.04,4,112,2025,15.36857142857143,1.9314285714285713,14.63,0.76,0.29,15.14,0.38,9.29,2.76
2025-04-23,17.23,24.18,11.37,50.39,1.06,2.15,0.11,17.03,17.75,14.38,0.04,4,113,2025,15.775714285714285,1.9742857142857144,16.24,0.24,0.76,14.29,3.75,11.57,0.16
2025-04-24,17.03,23.48,10.99,36.8,0.11,1.76,0.31,15.8,17.23,13.98,1.06,4,114,2025,16.21142857142857,0.5614285714285715,17.21,0.04,10.0,12.43,19.29,12.99,0.74
2025-04-25,15.8,22.8,8.92,40.44,0.31,1.78,0.0,16.62,17.03,13.39,0.11,4,115,2025,16.555714285714288,0.3657142857142857,17.75,0.04,1.68,12.13,6.61,13.93,0.19
2025-04-26,16.62,23.5,10.36,38.69,0.0,1.85,2.79,15.29,15.8,14.63,0.31,4,116,2025,16.84,0.2571428571428572,17.23,1.06,0.76,13.37,0.7,14.84,0.0
2025-04-27,15.29,22.03,9.17,50.2,2.79,1.78,11.03,13.02,16.62,16.24,0.0,4,117,2025,16.704285714285714,0.6214285714285713,17.03,0.11,0.24,13.49,0.04,14.91,0.0
2025-04-28,13.02,18.42,9.39,68.43,11.03,1.74,1.91,11.44,15.29,17.21,2.79,4,118,2025,16.105714285714285,2.1914285714285713,15.8,0.31,0.04,11.62,0.27,14.73,0.14
2025-04-29,11.44,14.77,8.7,80.9,1.91,1.0,0.27,12.53,13.02,17.75,11.03,4,119,2025,15.204285714285716,2.458571428571428,16.62,0.0,0.04,13.46,0.29,14.62,0.07
2025-04-30,12.53,16.7,9.1,78.24,0.27,1.15,0.38,12.78,11.44,17.23,1.91,4,120,2025,14.532857142857143,2.3457142857142856,15.29,2.79,1.06,14.38,0.76,14.08,0.0
2025-05-01,12.78,15.69,10.28,79.01,0.38,1.15,0.15,13.19,12.53,17.03,0.27,5,121,2025,13.925714285714287,2.384285714285714,13.02,11.03,0.11,13.98,10.0,13.31,0.0
2025-05-02,13.19,16.77,10.01,80.08,0.15,1.32,2.37,14.36,12.78,15.8,0.38,5,122,2025,13.552857142857144,2.361428571428571,11.44,1.91,0.31,13.39,1.68,14.06,0.0
2025-05-03,14.36,18.61,11.2,79.3,2.37,1.52,0.46,14.53,13.19,16.62,0.15,5,123,2025,13.23,2.6999999999999997,12.53,0.27,0.0,14.63,0.76,13.97,0.0
2025-05-04,14.53,19.57,9.88,77.87,0.46,1.61,2.08,13.41,14.36,15.29,2.37,5,124,2025,13.12142857142857,2.367142857142857,12.78,0.38,2.79,16.24,0.24,14.18,0.0
2025-05-05,13.41,17.6,9.36,76.78,2.08,1.55,0.6,13.76,14.53,13.02,0.46,5,125,2025,13.177142857142856,1.0885714285714283,13.19,0.15,11.03,17.21,0.04,13.28,0.0
2025-05-06,13.76,17.47,10.72,77.62,0.6,1.55,1.87,14.68,13.41,11.44,2.08,5,126,2025,13.508571428571429,0.9014285714285711,14.36,2.37,1.91,17.75,0.04,14.63,0.0
2025-05-07,14.68,19.2,9.98,73.27,1.87,2.01,0.4,17.01,13.76,12.53,0.6,5,127,2025,13.815714285714284,1.1299999999999997,14.53,0.46,0.27,17.23,1.06,15.0,0.0
2025-05-08,17.01,22.81,11.76,61.71,0.4,2.08,1.8,17.75,14.68,12.78,1.87,5,128,2025,14.42,1.1328571428571428,13.41,2.08,0.38,17.03,0.11,15.14,0.38
2025-05-09,17.75,23.33,14.17,64.05,1.8,1.98,1.38,18.17,17.01,13.19,0.4,5,129,2025,15.071428571428571,1.3685714285714283,13.76,0.6,0.15,15.8,0.31,14.29,3.75
2025-05-10,18.17,23.65,13.23,58.91,1.38,2.15,4.0,17.7,17.75,14.36,1.8,5,130,2025,15.615714285714287,1.2271428571428569,14.68,1.87,2.37,16.62,0.0,12.43,19.29
2025-05-11,17.7,21.67,14.14,67.06,4.0,1.55,3.21,17.06,18.17,14.53,1.38,5,131,2025,16.068571428571428,1.7328571428571424,17.01,0.4,0.46,15.29,2.79,12.13,6.61
2025-05-12,17.06,21.27,13.7,79.15,3.21,1.54,2.75,17.41,17.7,13.41,4.0,5,132,2025,16.59,1.894285714285714,17.75,1.8,2.08,13.02,11.03,13.37,0.7
2025-05-13,17.41,22.18,12.47,69.86,2.75,1.93,3.75,17.37,17.06,13.76,3.21,5,133,2025,17.111428571428572,2.201428571428571,18.17,1.38,0.6,11.44,1.91,13.49,0.04
2025-05-14,17.37,22.29,13.09,66.83,3.75,1.61,1.69,17.71,17.41,14.68,2.75,5,134,2025,17.495714285714286,2.4699999999999998,17.7,4.0,1.87,12.53,0.27,11.62,0.27
2025-05-15,17.71,23.22,13.14,59.39,1.69,1.77,5.39,17.13,17.37,17.01,3.75,5,135,2025,17.595714285714287,2.6542857142857135,17.06,3.21,0.4,12.78,0.38,13.46,0.29
2025-05-16,17.13,22.78,12.24,63.51,5.39,1.61,2.58,16.18,17.71,17.75,1.69,5,136,2025,17.507142857142856,3.167142857142857,17.41,2.75,1.8,13.19,0.15,14.38,0.76
2025-05-17,16.18,22.02,11.24,71.81,2.58,1.87,7.6,15.3,17.13,18.17,5.39,5,137,2025,17.222857142857144,3.338571428571428,17.37,3.75,1.38,14.36,2.37,13.98,10.0
2025-05-18,15.3,20.01,12.1,83.69,7.6,1.58,3.93,16.03,16.18,17.7,2.58,5,138,2025,16.88,3.8528571428571423,17.71,1.69,4.0,14.53,0.46,13.39,1.68
2025-05-19,16.03,20.47,12.25,84.52,3.93,1.68,12.34,16.69,15.3,17.06,7.6,5,139,2025,16.732857142857142,3.9557142857142855,17.13,5.39,3.21,13.41,2.08,14.63,0.76
2025-05-20,16.69,21.71,13.14,83.89,12.34,1.53,3.56,17.21,16.03,17.41,3.93,5,140,2025,16.63,5.325714285714286,16.18,2.58,2.75,13.76,0.6,16.24,0.24
2025-05-21,17.21,22.07,12.74,79.83,3.56,1.58,2.84,16.7,16.69,17.37,12.34,5,141,2025,16.607142857142858,5.298571428571428,15.3,7.6,3.75,14.68,1.87,17.21,0.04
2025-05-22,16.7,22.08,12.7,77.85,2.84,1.58,4.07,16.62,17.21,17.71,3.56,5,142,2025,16.462857142857143,5.462857142857142,16.03,3.93,1.69,17.01,0.4,17.75,0.04
2025-05-23,16.62,21.03,13.15,80.59,4.07,1.52,3.09,16.21,16.7,17.13,2.84,5,143,2025,16.39,5.274285714285715,16.69,12.34,5.39,17.75,1.8,17.23,1.06
2025-05-24,16.21,19.76,13.5,85.21,3.09,1.58,1.23,17.8,16.62,16.18,4.07,5,144,2025,16.394285714285715,5.347142857142856,17.21,3.56,2.58,18.17,1.38,17.03,0.11
2025-05-25,17.8,23.39,13.13,70.22,1.23,1.7,0.44,17.47,16.21,15.3,3.09,5,145,2025,16.751428571428573,4.437142857142857,16.7,2.84,7.6,17.7,4.0,15.8,0.31
2025-05-26,17.47,20.98,14.29,79.1,0.44,0.98,0.4,18.72,17.8,16.03,1.23,5,146,2025,16.95714285714286,3.938571428571428,16.62,4.07,3.93,17.06,3.21,16.62,0.0
2025-05-27,18.72,24.07,14.46,79.25,0.4,1.79,2.27,19.41,17.47,16.69,0.44,5,147,2025,17.247142857142858,2.2328571428571427,16.21,3.09,12.34,17.41,2.75,15.29,2.79
2025-05-28,19.41,24.07,15.17,78.54,2.27,1.68,3.22,19.47,18.72,17.21,0.4,5,148,2025,17.56142857142857,2.048571428571428,17.8,1.23,3.56,17.37,3.75,13.02,11.03
2025-05-29,19.47,24.89,14.84,75.63,3.22,1.54,1.3,19.69,19.41,16.7,2.27,5,149,2025,17.957142857142856,2.1028571428571423,17.47,0.44,2.84,17.71,1.69,11.44,1.91
2025-05-30,19.69,24.83,15.92,79.51,1.3,2.06,3.62,18.95,19.47,16.62,3.22,5,150,2025,18.395714285714288,1.7071428571428566,18.72,0.4,4.07,17.13,5.39,12.53,0.27
2025-05-31,18.95,23.7,15.14,75.24,3.62,1.54,1.72,19.06,19.69,16.21,1.3,5,151,2025,18.787142857142857,1.7828571428571425,19.41,2.27,3.09,16.18,2.58,12.78,0.38
2025-06-01,19.06,25.02,13.55,60.87,1.72,1.84,0.52,18.06,18.95,17.8,3.62,6,152,2025,18.967142857142854,1.8528571428571425,19.47,3.22,1.23,15.3,7.6,13.19,0.15
2025-06-02,18.06,24.09,11.77,58.04,0.52,2.03,0.98,17.97,19.06,17.47,1.72,6,153,2025,19.05142857142857,1.8642857142857139,19.69,1.3,0.44,16.03,3.93,14.36,2.37
2025-06-03,17.97,24.01,12.66,61.43,0.98,1.73,22.66,15.78,18.06,18.72,0.52,6,154,2025,18.944285714285712,1.9471428571428568,18.95,3.62,0.4,16.69,12.34,14.53,0.46
2025-06-04,15.78,20.68,12.14,74.53,22.66,1.53,0.83,16.18,17.97,19.41,0.98,6,155,2025,18.425714285714285,4.859999999999999,19.06,1.72,2.27,17.21,3.56,13.41,2.08
2025-06-05,16.18,21.28,11.3,76.09,0.83,1.59,4.08,16.52,15.78,19.47,22.66,6,156,2025,17.955714285714286,4.518571428571429,18.06,0.52,3.22,16.7,2.84,13.76,0.6
2025-06-06,16.52,20.84,12.69,72.75,4.08,1.78,2.69,17.55,16.18,19.69,0.83,6,157,2025,17.502857142857142,4.9157142857142855,17.97,0.98,1.3,16.62,4.07,14.68,1.87
2025-06-07,17.55,22.41,13.54,72.85,2.69,1.84,0.05,18.82,16.52,18.95,4.08,6,158,2025,17.302857142857142,4.782857142857142,15.78,22.66,3.62,16.21,3.09,17.01,0.4
2025-06-08,18.82,24.54,13.65,65.4,0.05,1.82,0.01,20.1,17.55,19.06,2.69,6,159,2025,17.268571428571427,4.5442857142857145,16.18,0.83,1.72,17.8,1.23,17.75,1.8
2025-06-09,20.1,25.65,14.98,64.05,0.01,1.82,0.23,20.65,18.82,18.06,0.05,6,160,2025,17.56,4.4714285714285715,16.52,4.08,0.52,17.47,0.44,18.17,1.38
2025-06-10,20.65,25.66,16.42,71.71,0.23,1.78,1.66,19.45,20.1,17.97,0.01,6,161,2025,17.942857142857143,4.364285714285715,17.55,2.69,0.98,18.72,0.4,17.7,4.0
2025-06-11,19.45,22.77,16.68,85.0,1.66,1.58,6.93,19.48,20.65,15.78,0.23,6,162,2025,18.467142857142854,1.3642857142857143,18.82,0.05,22.66,19.41,2.27,17.06,3.21
2025-06-12,19.48,23.88,15.7,86.34,6.93,1.73,10.35,19.32,19.45,16.18,1.66,6,163,2025,18.93857142857143,2.2357142857142853,20.1,0.01,0.83,19.47,3.22,17.41,2.75
2025-06-13,19.32,23.66,16.55,84.82,10.35,1.59,5.31,19.1,19.48,16.52,6.93,6,164,2025,19.33857142857143,3.1314285714285717,20.65,0.23,4.08,19.69,1.3,17.37,3.75
2025-06-14,19.1,22.37,15.99,83.68,5.31,1.82,23.64,18.15,19.32,17.55,10.35,6,165,2025,19.56,3.505714285714286,19.45,1.66,2.69,18.95,3.62,17.71,1.69
2025-06-15,18.15,20.58,16.25,91.38,23.64,1.36,3.41,18.75,19.1,18.82,5.31,6,166,2025,19.464285714285715,6.875714285714286,19.48,6.93,0.05,19.06,1.72,17.13,5.39
2025-06-16,18.75,22.37,15.95,86.29,3.41,1.65,5.69,18.89,18.15,20.1,23.64,6,167,2025,19.271428571428572,7.361428571428571,19.32,10.35,0.01,18.06,0.52,16.18,2.58
2025-06-17,18.89,22.99,16.08,87.42,5.69,1.81,11.09,19.06,18.75,20.65,3.41,6,168,2025,19.02,8.141428571428571,19.1,5.31,0.23,17.97,0.98,15.3,7.6
2025-06-18,19.06,23.47,15.95,87.84,11.09,1.95,12.54,19.11,18.89,19.45,5.69,6,169,2025,18.964285714285715,9.48857142857143,18.15,23.64,1.66,15.78,22.66,16.03,3.93
2025-06-19,19.11,23.1,16.39,88.54,12.54,1.82,5.94,19.06,19.06,19.48,11.09,6,170,2025,18.91142857142857,10.290000000000001,18.75,3.41,6.93,16.18,0.83,16.69,12.34
2025-06-20,19.06,23.03,16.2,86.03,5.94,1.61,3.43,19.97,19.11,19.32,12.54,6,171,2025,18.874285714285715,9.66,18.89,5.69,10.35,16.52,4.08,17.21,3.56
2025-06-21,19.97,24.81,15.72,84.53,3.43,1.96,21.78,19.67,19.06,19.1,5.94,6,172,2025,18.99857142857143,9.391428571428571,19.06,11.09,5.31,17.55,2.69,16.7,2.84
2025-06-22,19.67,24.01,17.06,89.18,21.78,1.98,14.0,18.58,19.97,18.15,3.43,6,173,2025,19.215714285714284,9.125714285714286,19.11,12.54,23.64,18.82,0.05,16.62,4.07
2025-06-23,18.58,21.67,16.67,91.72,14.0,1.9,17.16,19.15,19.67,18.75,21.78,6,174,2025,19.19142857142857,10.638571428571428,19.06,5.94,3.41,20.1,0.01,16.21,3.09
2025-06-24,19.15,23.59,15.89,88.64,17.16,2.14,2.21,19.58,18.58,18.89,14.0,6,175,2025,19.228571428571428,12.27714285714286,19.97,3.43,5.69,20.65,0.23,17.8,1.23
2025-06-25,19.58,24.04,15.88,87.16,2.21,2.13,1.8,19.23,19.15,19.06,17.16,6,176,2025,19.302857142857142,11.008571428571429,19.67,21.78,11.09,19.45,1.66,17.47,0.44
2025-06-26,19.23,23.51,15.81,87.84,1.8,1.85,4.27,19.67,19.58,19.11,2.21,6,177,2025,19.319999999999997,9.474285714285715,18.58,14.0,12.54,19.48,6.93,18.72,0.4
2025-06-27,19.67,24.18,15.96,82.88,4.27,1.91,7.54,19.4,19.23,19.06,1.8,6,178,2025,19.407142857142855,9.235714285714286,19.15,17.16,5.94,19.32,10.35,19.41,2.27
2025-06-28,19.4,23.8,15.4,82.0,7.54,1.92,8.42,18.17,19.67,19.97,4.27,6,179,2025,19.325714285714287,9.822857142857144,19.58,2.21,3.43,19.1,5.31,19.47,3.22
2025-06-29,18.17,21.17,15.36,90.84,8.42,1.83,2.7,19.37,19.4,19.67,7.54,6,180,2025,19.111428571428572,7.9142857142857155,19.23,1.8,21.78,18.15,23.64,19.69,1.3
2025-06-30,19.37,23.3,15.49,81.01,2.7,1.89,1.65,19.08,18.17,18.58,8.42,6,181,2025,19.224285714285713,6.300000000000002,19.67,4.27,14.0,18.75,3.41,18.95,3.62
2025-07-01,19.08,23.18,15.82,86.71,1.65,1.89,3.8,19.23,19.37,19.15,2.7,7,182,2025,19.214285714285715,4.0842857142857145,19.4,7.54,17.16,18.89,5.69,19.06,1.72
2025-07-02,19.23,23.47,15.9,83.95,3.8,1.92,5.93,18.85,19.08,19.58,1.65,7,183,2025,19.164285714285715,4.311428571428571,18.17,8.42,2.21,19.06,11.09,18.06,0.52
2025-07-03,18.85,22.1,16.01,86.37,5.93,1.46,8.97,18.71,19.23,19.23,3.8,7,184,2025,19.110000000000003,4.901428571428572,19.37,2.7,1.8,19.11,12.54,17.97,0.98
2025-07-04,18.71,21.99,16.53,88.09,8.97,1.57,3.82,19.13,18.85,19.67,5.93,7,185,2025,18.972857142857144,5.572857142857144,19.08,1.65,4.27,19.06,5.94,15.78,22.66
2025-07-05,19.13,23.85,15.86,85.81,3.82,1.91,4.49,19.35,18.71,19.4,8.97,7,186,2025,18.934285714285718,5.041428571428571,19.23,3.8,7.54,19.97,3.43,16.18,0.83
2025-07-06,19.35,24.27,15.23,82.89,4.49,1.86,2.61,19.57,19.13,18.17,3.82,7,187,2025,19.102857142857143,4.480000000000001,18.85,5.93,8.42,19.67,21.78,16.52,4.08
2025-07-07,19.57,24.16,15.89,87.14,2.61,2.02,7.29,19.23,19.35,19.37,4.49,7,188,2025,19.131428571428575,4.467142857142858,18.71,8.97,2.7,18.58,14.0,17.55,2.69
2025-07-08,19.23,23.0,16.4,89.31,7.29,2.03,17.45,18.45,19.57,19.08,2.61,7,189,2025,19.15285714285714,5.272857142857143,19.13,3.82,1.65,19.15,17.16,18.82,0.05
2025-07-09,18.45,22.14,16.08,88.61,17.45,1.41,4.48,18.38,19.23,19.23,7.29,7,190,2025,19.041428571428572,7.222857142857143,19.35,4.49,3.8,19.58,2.21,20.1,0.01
2025-07-10,18.38,22.62,14.98,88.08,4.48,1.83,0.5,19.08,18.45,18.85,17.45,7,191,2025,18.974285714285713,7.015714285714287,19.57,2.61,5.93,19.23,1.8,20.65,0.23
2025-07-11,19.08,23.31,15.48,86.18,0.5,1.93,0.63,19.53,18.38,18.71,4.48,7,192,2025,19.027142857142856,5.805714285714286,19.23,7.29,8.97,19.67,4.27,19.45,1.66
2025-07-12,19.53,23.29,16.1,87.72,0.63,1.97,6.0,18.95,19.08,19.13,0.5,7,193,2025,19.084285714285716,5.350000000000001,18.45,17.45,3.82,19.4,7.54,19.48,6.93
2025-07-13,18.95,22.22,16.25,88.37,6.0,1.83,19.98,18.96,19.53,19.35,0.63,7,194,2025,19.027142857142856,5.565714285714287,18.38,4.48,4.49,18.17,8.42,19.32,10.35
2025-07-14,18.96,23.11,15.82,81.79,19.98,1.98,23.12,18.07,18.95,19.57,6.0,7,195,2025,18.939999999999998,8.047142857142857,19.08,0.5,2.61,19.37,2.7,19.1,5.31
2025-07-15,18.07,21.58,15.15,87.58,23.12,1.71,3.46,17.61,18.96,19.23,19.98,7,196,2025,18.774285714285714,10.30857142857143,19.53,0.63,7.29,19.08,1.65,18.15,23.64
2025-07-16,17.61,21.09,14.61,87.09,3.46,2.18,0.85,18.09,18.07,18.45,23.12,7,197,2025,18.654285714285717,8.31,18.95,6.0,17.45,19.23,3.8,18.75,3.41
2025-07-17,18.09,21.92,14.79,87.65,0.85,1.78,1.47,19.23,17.61,18.38,3.46,7,198,2025,18.61285714285714,7.791428571428571,18.96,19.98,4.48,18.85,5.93,18.89,5.69
2025-07-18,19.23,23.5,16.15,89.44,1.47,1.6,8.81,19.73,18.09,19.08,0.85,7,199,2025,18.634285714285713,7.930000000000001,18.07,23.12,0.5,18.71,8.97,19.06,11.09
2025-07-19,19.73,23.37,16.99,90.15,8.81,1.8,38.79,18.46,19.23,19.53,1.47,7,200,2025,18.662857142857142,9.098571428571429,17.61,3.46,0.63,19.13,3.82,19.11,12.54
2025-07-20,18.46,20.65,16.85,93.77,38.79,1.71,5.14,18.55,19.73,18.95,8.81,7,201,2025,18.592857142857145,13.782857142857143,18.09,0.85,6.0,19.35,4.49,19.06,5.94
2025-07-21,18.55,21.66,16.34,93.32,5.14,1.65,3.56,19.5,18.46,18.96,38.79,7,202,2025,18.534285714285716,11.662857142857144,19.23,1.47,19.98,19.57,2.61,19.97,3.43
2025-07-22,19.5,23.28,16.39,86.02,3.56,1.61,0.7,20.39,18.55,18.07,5.14,7,203,2025,18.73857142857143,8.86857142857143,19.73,8.81,23.12,19.23,7.29,19.67,21.78
2025-07-23,20.39,24.71,16.15,82.79,0.7,1.56,4.35,19.61,19.5,17.61,3.56,7,204,2025,19.135714285714283,8.474285714285715,18.46,38.79,3.46,18.45,17.45,18.58,14.0
2025-07-24,19.61,22.36,17.66,90.01,4.35,1.19,2.53,20.27,20.39,18.09,0.7,7,205,2025,19.352857142857143,8.974285714285715,18.55,5.14,0.85,18.38,4.48,19.15,17.16
2025-07-25,20.27,23.77,17.79,84.09,2.53,1.61,1.98,19.54,19.61,19.23,4.35,7,206,2025,19.50142857142857,9.125714285714286,19.5,3.56,1.47,19.08,0.5,19.58,2.21
2025-07-26,19.54,23.44,16.66,88.51,1.98,2.18,7.21,19.22,20.27,19.73,2.53,7,207,2025,19.474285714285713,8.15,20.39,0.7,8.81,19.53,0.63,19.23,1.8
2025-07-27,19.22,23.52,16.06,89.15,7.21,1.88,9.15,18.99,19.54,18.46,1.98,7,208,2025,19.582857142857144,3.6385714285714283,19.61,4.35,38.79,18.95,6.0,19.67,4.27
2025-07-28,18.99,22.88,16.02,89.57,9.15,1.84,3.07,18.41,19.22,18.55,7.21,7,209,2025,19.645714285714284,4.211428571428571,20.27,2.53,5.14,18.96,19.98,19.4,7.54
2025-07-29,18.41,21.67,15.86,88.64,3.07,1.35,2.24,18.85,18.99,19.5,9.15,7,210,2025,19.49,4.1414285714285715,19.54,1.98,3.56,18.07,23.12,18.17,8.42
2025-07-30,18.85,22.91,15.49,89.15,2.24,1.89,2.11,18.55,18.41,20.39,3.07,7,211,2025,19.270000000000003,4.361428571428571,19.22,7.21,0.7,17.61,3.46,19.37,2.7
2025-07-31,18.55,21.73,15.38,89.54,2.11,1.52,2.4,19.39,18.85,19.61,2.24,7,212,2025,19.118571428571425,4.041428571428571,18.99,9.15,4.35,18.09,0.85,19.08,1.65
2025-08-01,19.39,23.33,16.69,89.65,2.4,1.77,12.74,19.26,18.55,20.27,2.11,8,213,2025,18.99285714285714,4.022857142857143,18.41,3.07,2.53,19.23,1.47,19.23,3.8
2025-08-02,19.26,21.92,17.21,93.71,12.74,1.97,14.54,18.65,19.39,19.54,2.4,8,214,2025,18.952857142857145,5.5600000000000005,18.85,2.24,1.98,19.73,8.81,18.85,5.93
2025-08-03,18.65,22.01,16.39,91.46,14.54,1.98,11.11,18.42,19.26,19.22,12.74,8,215,2025,18.87142857142857,6.607142857142857,18.55,2.11,7.21,18.46,38.79,18.71,8.97
2025-08-04,18.42,21.88,15.91,92.3,11.11,2.04,5.59,17.83,18.65,18.99,14.54,8,216,2025,18.79,6.887142857142857,19.39,2.4,9.15,18.55,5.14,19.13,3.82
2025-08-05,17.83,19.83,16.25,94.84,5.59,1.61,2.2,18.51,18.42,18.41,11.11,8,217,2025,18.707142857142856,7.247142857142857,19.26,12.74,3.07,19.5,3.56,19.35,4.49
2025-08-06,18.51,21.74,15.62,89.92,2.2,1.82,4.28,18.82,17.83,18.85,5.59,8,218,2025,18.65857142857143,7.241428571428571,18.65,14.54,2.24,20.39,0.7,19.57,2.61
2025-08-07,18.82,22.18,16.49,93.36,4.28,1.66,6.73,18.33,18.51,18.55,2.2,8,219,2025,18.697142857142858,7.551428571428572,18.42,11.11,2.11,19.61,4.35,19.23,7.29
2025-08-08,18.33,20.44,16.68,93.05,6.73,1.29,12.23,18.39,18.82,19.39,4.28,8,220,2025,18.545714285714286,8.17,17.83,5.59,2.4,20.27,2.53,18.45,17.45
2025-08-09,18.39,21.42,15.92,93.24,12.23,1.69,3.58,18.49,18.33,19.26,6.73,8,221,2025,18.42142857142857,8.097142857142858,18.51,2.2,12.74,19.54,1.98,18.38,4.48
2025-08-10,18.49,21.86,16.04,93.24,3.58,1.89,10.48,18.32,18.39,18.65,12.23,8,222,2025,18.398571428571426,6.531428571428571,18.82,4.28,14.54,19.22,7.21,19.08,0.5
2025-08-11,18.32,20.44,16.51,94.64,10.48,1.75,6.12,19.51,18.49,18.42,3.58,8,223,2025,18.384285714285713,6.441428571428572,18.33,6.73,11.11,18.99,9.15,19.53,0.63
2025-08-12,19.51,23.08,16.44,93.39,6.12,2.07,26.93,18.58,18.32,17.83,10.48,8,224,2025,18.624285714285715,6.517142857142857,18.39,12.23,5.59,18.41,3.07,18.95,6.0
2025-08-13,18.58,20.18,16.49,95.93,26.93,2.47,4.37,17.56,19.51,18.51,6.12,8,225,2025,18.634285714285713,10.049999999999999,18.49,3.58,2.2,18.85,2.24,18.96,19.98
2025-08-14,17.56,21.62,14.89,90.77,4.37,1.6,2.24,18.22,18.58,18.82,26.93,8,226,2025,18.454285714285714,10.062857142857142,18.32,10.48,4.28,18.55,2.11,18.07,23.12
2025-08-15,18.22,22.16,15.13,90.99,2.24,1.79,4.35,18.51,17.56,18.33,4.37,8,227,2025,18.43857142857143,9.421428571428573,19.51,6.12,6.73,19.39,2.4,17.61,3.46
2025-08-16,18.51,21.99,16.04,91.35,4.35,1.61,6.61,19.18,18.22,18.39,2.24,8,228,2025,18.455714285714286,8.295714285714286,18.58,26.93,12.23,19.26,12.74,18.09,0.85
2025-08-17,19.18,23.45,16.0,85.72,6.61,1.91,2.22,18.68,18.51,18.49,4.35,8,229,2025,18.554285714285715,8.72857142857143,17.56,4.37,3.58,18.65,14.54,19.23,1.47
2025-08-18,18.68,22.76,15.26,84.47,2.22,1.69,1.73,18.5,19.18,18.32,6.61,8,230,2025,18.60571428571429,7.548571428571428,18.22,2.24,10.48,18.42,11.11,19.73,8.81
2025-08-19,18.5,22.66,15.5,86.99,1.73,1.54,3.67,18.17,18.68,19.51,2.22,8,231,2025,18.461428571428574,6.921428571428572,18.51,4.35,6.12,17.83,5.59,18.46,38.79
2025-08-20,18.17,21.88,14.67,88.02,3.67,1.51,16.02,17.73,18.5,18.58,1.73,8,232,2025,18.40285714285714,3.5985714285714288,19.18,6.61,26.93,18.51,2.2,18.55,5.14
2025-08-21,17.73,20.64,15.81,94.18,16.02,1.77,3.05,18.13,18.17,17.56,3.67,8,233,2025,18.427142857142858,5.262857142857143,18.68,2.22,4.37,18.82,4.28,19.5,3.56
2025-08-22,18.13,21.97,14.81,87.87,3.05,1.68,1.3,18.33,17.73,18.22,16.02,8,234,2025,18.414285714285715,5.378571428571428,18.5,1.73,2.24,18.33,6.73,20.39,0.7
2025-08-23,18.33,22.46,15.24,88.22,1.3,1.77,0.7,17.98,18.13,18.51,3.05,8,235,2025,18.388571428571428,4.942857142857143,18.17,3.67,4.35,18.39,12.23,19.61,4.35
2025-08-24,17.98,21.54,15.53,92.77,0.7,2.02,0.33,18.27,18.33,19.18,1.3,8,236,2025,18.217142857142857,4.098571428571429,17.73,16.02,6.61,18.49,3.58,20.27,2.53
2025-08-25,18.27,22.27,14.42,89.53,0.33,1.82,0.89,18.2,17.98,18.68,0.7,8,237,2025,18.158571428571427,3.8285714285714287,18.13,3.05,2.22,18.32,10.48,19.54,1.98
2025-08-26,18.2,21.6,15.96,93.11,0.89,1.66,15.76,17.14,18.27,18.5,0.33,8,238,2025,18.115714285714287,3.7085714285714286,18.33,1.3,1.73,19.51,6.12,19.22,7.21
2025-08-27,17.14,19.86,15.27,95.14,15.76,1.37,15.91,17.63,18.2,18.17,0.89,8,239,2025,17.96857142857143,5.435714285714285,17.98,0.7,3.67,18.58,26.93,18.99,9.15
2025-08-28,17.63,21.21,14.75,91.94,15.91,1.24,5.43,17.38,17.14,17.73,15.76,8,240,2025,17.954285714285714,5.42,18.27,0.33,16.02,17.56,4.37,18.41,3.07
2025-08-29,17.38,20.31,15.07,92.32,5.43,1.23,4.64,17.12,17.63,18.13,15.91,8,241,2025,17.847142857142856,5.76,18.2,0.89,3.05,18.22,2.24,18.85,2.24
2025-08-30,17.12,19.37,15.46,94.45,4.64,1.18,3.76,17.89,17.38,18.33,5.43,8,242,2025,17.674285714285713,6.237142857142857,17.14,15.76,1.3,18.51,4.35,18.55,2.11
2025-08-31,17.89,21.39,15.18,90.62,3.76,1.43,1.5,18.28,17.12,17.98,4.64,8,243,2025,17.66142857142857,6.674285714285714,17.63,15.91,0.7,19.18,6.61,19.39,2.4
2025-09-01,18.28,21.45,15.63,88.33,1.5,1.03,0.07,18.63,17.89,18.27,3.76,9,244,2025,17.662857142857142,6.841428571428571,17.38,5.43,0.33,18.68,2.22,19.26,12.74
2025-09-02,18.63,23.19,15.53,81.72,0.07,1.44,0.7,18.36,18.28,18.2,1.5,9,245,2025,17.724285714285713,6.724285714285713,17.12,4.64,0.89,18.5,1.73,18.65,14.54
2025-09-03,18.36,22.51,14.78,88.71,0.7,1.58,1.66,18.12,18.63,17.14,0.07,9,246,2025,17.898571428571426,4.572857142857143,17.89,3.76,15.76,18.17,3.67,18.42,11.11
2025-09-04,18.12,22.12,15.1,90.43,1.66,1.6,4.23,18.27,18.36,17.63,0.7,9,247,2025,17.96857142857143,2.5371428571428574,18.28,1.5,15.91,17.73,16.02,17.83,5.59
2025-09-05,18.27,22.39,14.37,88.93,4.23,1.6,7.46,17.85,18.12,17.38,1.66,9,248,2025,18.095714285714287,2.3657142857142857,18.63,0.07,5.43,18.13,3.05,18.51,2.2
2025-09-06,17.85,21.4,15.85,94.58,7.46,1.89,4.65,17.5,18.27,17.12,4.23,9,249,2025,18.2,2.7685714285714282,18.36,0.7,4.64,18.33,1.3,18.82,4.28
2025-09-07,17.5,20.74,14.97,90.63,4.65,1.31,2.69,17.87,17.85,17.89,7.46,9,250,2025,18.144285714285715,2.8957142857142864,18.12,1.66,3.76,17.98,0.7,18.33,6.73
2025-09-08,17.87,21.22,15.41,91.93,2.69,1.57,2.88,17.8,17.5,18.28,4.65,9,251,2025,18.085714285714285,3.065714285714286,18.27,4.23,1.5,18.27,0.33,18.39,12.23
2025-09-09,17.8,19.87,16.03,96.28,2.88,1.27,8.68,17.87,17.87,18.63,2.69,9,252,2025,17.967142857142857,3.467142857142857,17.85,7.46,0.07,18.2,0.89,18.49,3.58
2025-09-10,17.87,20.66,15.63,95.06,8.68,1.87,5.78,17.98,17.8,18.36,2.88,9,253,2025,17.897142857142857,4.607142857142857,17.5,4.65,0.7,17.14,15.76,18.32,10.48
2025-09-11,17.98,20.46,16.13,95.09,5.78,1.78,7.52,17.84,17.87,18.12,8.68,9,254,2025,17.877142857142857,5.195714285714287,17.87,2.69,1.66,17.63,15.91,19.51,6.12
2025-09-12,17.84,21.23,15.28,93.51,7.52,1.54,15.9,17.68,17.98,18.27,5.78,9,255,2025,17.815714285714286,5.6657142857142855,17.8,2.88,4.23,17.38,5.43,18.58,26.93
2025-09-13,17.68,20.69,14.86,92.0,15.9,1.29,16.06,17.6,17.84,17.85,7.52,9,256,2025,17.791428571428572,6.871428571428573,17.87,8.68,7.46,17.12,4.64,17.56,4.37
2025-09-14,17.6,20.2,15.86,96.71,16.06,2.0,7.25,16.53,17.68,17.5,15.9,9,257,2025,17.805714285714284,8.501428571428571,17.98,5.78,4.65,17.89,3.76,18.22,2.24
2025-09-15,16.53,19.72,14.45,94.24,7.25,1.32,17.97,16.29,17.6,17.87,16.06,9,258,2025,17.614285714285717,9.152857142857142,17.84,7.52,2.69,18.28,1.5,18.51,4.35
2025-09-16,16.29,18.69,13.98,93.94,17.97,1.27,12.77,16.97,16.53,17.8,7.25,9,259,2025,17.398571428571426,11.308571428571428,17.68,15.9,2.88,18.63,0.07,19.18,6.61
2025-09-17,16.97,20.39,14.13,91.46,12.77,1.44,4.51,16.49,16.29,17.87,17.97,9,260,2025,17.27,11.892857142857142,17.6,16.06,8.68,18.36,0.7,18.68,2.22
2025-09-18,16.49,19.22,14.43,93.06,4.51,1.1,6.06,17.0,16.97,17.98,12.77,9,261,2025,17.057142857142857,11.711428571428572,16.53,7.25,5.78,18.12,1.66,18.5,1.73
2025-09-19,17.0,20.61,14.2,89.52,6.06,1.26,0.34,17.24,16.49,17.84,4.51,9,262,2025,16.937142857142856,11.502857142857142,16.29,17.97,7.52,18.27,4.23,18.17,3.67
2025-09-20,17.24,20.93,14.67,89.1,0.34,1.29,0.52,17.4,17.0,17.68,6.06,9,263,2025,16.874285714285712,9.28,16.97,12.77,15.9,17.85,7.46,17.73,16.02
2025-09-21,17.4,21.09,14.72,89.8,0.52,1.39,0.71,17.89,17.24,17.6,0.34,9,264,2025,16.845714285714283,7.06,16.49,4.51,16.06,17.5,4.65,18.13,3.05
2025-09-22,17.89,21.49,14.93,92.0,0.71,1.51,0.11,17.83,17.4,16.53,0.52,9,265,2025,17.04,6.1257142857142854,17.0,6.06,7.25,17.87,2.69,18.33,1.3
2025-09-23,17.83,20.86,15.31,89.73,0.11,0.97,0.58,18.35,17.89,16.29,0.71,9,266,2025,17.259999999999998,3.5742857142857143,17.24,0.34,17.97,17.8,2.88,17.98,0.7
2025-09-24,18.35,22.18,15.27,87.58,0.58,1.16,0.02,17.82,17.83,16.97,0.11,9,267,2025,17.45714285714286,1.832857142857143,17.4,0.52,12.77,17.87,8.68,18.27,0.33
2025-09-25,17.82,20.24,16.15,90.72,0.02,0.92,0.23,18.35,18.35,16.49,0.58,9,268,2025,17.647142857142857,1.1914285714285715,17.89,0.71,4.51,17.98,5.78,18.2,0.89
2025-09-26,18.35,22.53,15.54,83.79,0.23,1.37,0.41,17.84,17.82,17.0,0.02,9,269,2025,17.84,0.35857142857142854,17.83,0.11,6.06,17.84,7.52,17.14,15.76
2025-09-27,17.84,21.15,15.93,88.82,0.41,1.28,1.38,17.28,18.35,17.24,0.23,9,270,2025,17.925714285714285,0.3685714285714286,18.35,0.58,0.34,17.68,15.9,17.63,15.91
2025-09-28,17.28,20.44,14.81,88.93,1.38,1.17,1.31,17.0,17.84,17.4,0.41,9,271,2025,17.90857142857143,0.4914285714285714,17.82,0.02,0.52,17.6,16.06,17.38,5.43
2025-09-29,17.0,20.05,14.55,89.64,1.31,1.22,3.67,17.34,17.28,17.89,1.38,9,272,2025,17.78142857142857,0.5771428571428571,18.35,0.23,0.71,16.53,7.25,17.12,4.64
2025-09-30,17.34,21.11,14.69,79.98,3.67,1.22,6.66,16.49,17.0,17.83,1.31,9,273,2025,17.711428571428574,1.0857142857142856,17.84,0.41,0.11,16.29,17.97,17.89,3.76
2025-10-01,16.49,19.41,14.3,83.77,6.66,1.16,9.85,15.19,17.34,18.35,3.67,10,274,2025,17.445714285714285,1.9542857142857142,17.28,1.38,0.58,16.97,12.77,18.28,1.5
2025-10-02,15.19,17.44,13.29,92.26,9.85,1.04,13.4,15.34,16.49,17.82,6.66,10,275,2025,17.07,3.358571428571428,17.0,1.31,0.02,16.49,4.51,18.63,0.07
2025-10-03,15.34,17.89,13.52,88.41,13.4,1.02,56.37,14.87,15.19,18.35,9.85,10,276,2025,16.64,5.24,17.34,3.67,0.23,17.0,6.06,18.36,0.7
2025-10-04,14.87,18.0,12.8,92.87,56.37,2.19,8.37,15.74,15.34,17.84,13.4,10,277,2025,16.215714285714284,13.234285714285715,16.49,6.66,0.41,17.24,0.34,18.12,1.66
2025-10-05,15.74,19.19,13.21,93.62,8.37,1.29,0.58,15.43,14.87,17.28,56.37,10,278,2025,15.995714285714286,14.232857142857142,15.19,9.85,1.38,17.4,0.52,18.27,4.23
2025-10-06,15.43,18.75,12.9,90.94,0.58,1.21,0.33,15.29,15.74,17.0,8.37,10,279,2025,15.77142857142857,14.12857142857143,15.34,13.4,1.31,17.89,0.71,17.85,7.46
2025-10-07,15.29,18.67,13.27,87.44,0.33,0.74,0.47,14.74,15.43,17.34,0.58,10,280,2025,15.47857142857143,13.651428571428571,14.87,56.37,3.67,17.83,0.11,17.5,4.65
2025-10-08,14.74,19.98,10.69,85.49,0.47,1.33,0.13,15.42,15.29,16.49,0.33,10,281,2025,15.228571428571428,12.767142857142858,15.74,8.37,6.66,18.35,0.58,17.87,2.69
2025-10-09,15.42,20.02,12.49,75.39,0.13,1.22,0.0,15.02,14.74,15.19,0.47,10,282,2025,15.26142857142857,11.378571428571428,15.43,0.58,9.85,17.82,0.02,17.8,2.88
2025-10-10,15.02,19.81,11.68,64.03,0.0,1.21,0.0,14.75,15.42,15.34,0.13,10,283,2025,15.215714285714284,9.464285714285714,15.29,0.33,13.4,18.35,0.23,17.87,8.68
2025-10-11,14.75,19.15,11.67,62.09,0.0,1.24,0.0,14.61,15.02,14.87,0.0,10,284,2025,15.198571428571428,1.4114285714285713,14.74,0.47,56.37,17.84,0.41,17.98,5.78
2025-10-12,14.61,18.57,11.97,78.58,0.0,1.36,0.0,14.19,14.75,15.74,0.0,10,285,2025,15.037142857142856,0.21571428571428572,15.42,0.13,8.37,17.28,1.38,17.84,7.52
2025-10-13,14.19,18.15,11.75,86.69,0.0,1.24,0.0,14.48,14.61,15.43,0.0,10,286,2025,14.86,0.13285714285714284,15.02,0.0,0.58,17.0,1.31,17.68,15.9
2025-10-14,14.48,18.47,11.81,82.32,0.0,1.22,0.0,14.98,14.19,15.29,0.0,10,287,2025,14.744285714285713,0.0857142857142857,14.75,0.0,0.33,17.34,3.67,17.6,16.06
2025-10-15,14.98,18.73,12.33,85.52,0.0,1.19,0.0,15.04,14.48,14.74,0.0,10,288,2025,14.778571428571428,0.018571428571428572,14.61,0.0,0.47,16.49,6.66,16.53,7.25
2025-10-16,15.04,18.71,12.01,82.88,0.0,1.19,0.0,15.18,14.98,15.42,0.0,10,289,2025,14.724285714285713,0.0,14.19,0.0,0.13,15.19,9.85,16.29,17.97
2025-10-17,15.18,18.85,12.68,87.71,0.0,1.06,0.0,14.37,15.04,15.02,0.0,10,290,2025,14.747142857142858,0.0,14.48,0.0,0.0,15.34,13.4,16.97,12.77
2025-10-18,14.37,18.96,10.68,82.22,0.0,1.2,0.0,14.12,15.18,14.75,0.0,10,291,2025,14.692857142857141,0.0,14.98,0.0,0.0,14.87,56.37,16.49,4.51
2025-10-19,14.12,18.57,10.85,71.85,0.0,1.19,0.0,14.93,14.37,14.61,0.0,10,292,2025,14.622857142857143,0.0,15.04,0.0,0.0,15.74,8.37,17.0,6.06
2025-10-20,14.93,18.85,12.06,83.9,0.0,1.2,0.0,15.47,14.12,14.19,0.0,10,293,2025,14.728571428571428,0.0,15.18,0.0,0.0,15.43,0.58,17.24,0.34
2025-10-21,15.47,19.56,12.47,81.72,0.0,1.18,0.0,14.94,14.93,14.48,0.0,10,294,2025,14.870000000000001,0.0,14.37,0.0,0.0,15.29,0.33,17.4,0.52
2025-10-22,14.94,19.02,12.09,74.56,0.0,1.13,0.0,14.39,15.47,14.98,0.0,10,295,2025,14.864285714285714,0.0,14.12,0.0,0.0,14.74,0.47,17.89,0.71
2025-10-23,14.39,18.7,11.1,77.41,0.0,1.15,0.0,13.86,14.94,15.04,0.0,10,296,2025,14.771428571428572,0.0,14.93,0.0,0.0,15.42,0.13,17.83,0.11
2025-10-24,13.86,18.18,10.07,83.85,0.0,1.34,0.0,13.86,14.39,15.18,0.0,10,297,2025,14.582857142857142,0.0,15.47,0.0,0.0,15.02,0.0,18.35,0.58
2025-10-25,13.86,18.41,10.23,79.24,0.0,1.37,0.0,13.16,13.86,14.37,0.0,10,298,2025,14.510000000000002,0.0,14.94,0.0,0.0,14.75,0.0,17.82,0.02
2025-10-26,13.16,18.05,9.65,65.46,0.0,1.37,0.0,13.21,13.86,14.12,0.0,10,299,2025,14.372857142857143,0.0,14.39,0.0,0.0,14.61,0.0,18.35,0.23
2025-10-27,13.21,17.7,9.24,69.15,0.0,1.14,0.6,13.12,13.16,14.93,0.0,10,300,2025,14.127142857142859,0.0,13.86,0.0,0.0,14.19,0.0,17.84,0.41
2025-10-28,13.12,17.82,10.09,77.18,0.6,0.89,0.37,13.59,13.21,15.47,0.0,10,301,2025,13.79142857142857,0.08571428571428572,13.86,0.0,0.0,14.48,0.0,17.28,1.38
2025-10-29,13.59,16.89,10.92,86.22,0.37,1.06,34.85,13.05,13.12,14.94,0.6,10,302,2025,13.598571428571429,0.13857142857142857,13.16,0.0,0.0,14.98,0.0,17.0,1.31
2025-10-30,13.05,16.41,10.11,84.94,34.85,0.6,33.03,11.61,13.59,14.39,0.37,10,303,2025,13.407142857142857,5.117142857142857,13.21,0.0,0.0,15.04,0.0,17.34,3.67
2025-10-31,11.61,14.32,9.72,95.73,33.03,1.31,9.36,12.96,13.05,13.86,34.85,10,304,2025,13.085714285714285,9.835714285714285,13.12,0.6,0.0,15.18,0.0,16.49,6.66
2025-11-01,12.96,15.88,10.98,96.08,9.36,0.81,0.79,12.95,11.61,13.86,33.03,11,305,2025,12.957142857142857,11.172857142857143,13.59,0.37,0.0,14.37,0.0,15.19,9.85
2025-11-02,12.95,17.15,10.19,89.41,0.79,1.15,1.15,13.4,12.96,13.16,9.36,11,306,2025,12.927142857142856,11.285714285714286,13.05,34.85,0.0,14.12,0.0,15.34,13.4
2025-11-03,13.4,17.68,10.02,84.47,1.15,1.1,0.18,13.87,12.95,13.21,0.79,11,307,2025,12.954285714285716,11.450000000000001,11.61,33.03,0.0,14.93,0.0,14.87,56.37
2025-11-04,13.87,18.25,10.99,85.93,0.18,1.1,0.0,13.44,13.4,13.12,1.15,11,308,2025,13.061428571428573,11.39,12.96,9.36,0.6,15.47,0.0,15.74,8.37
2025-11-05,13.44,17.61,10.47,74.46,0.0,1.17,0.0,12.56,13.87,13.59,0.18,11,309,2025,13.040000000000001,11.337142857142856,12.95,0.79,0.37,14.94,0.0,15.43,0.58
2025-11-06,12.56,17.23,9.39,63.45,0.0,1.26,0.0,12.2,13.44,13.05,0.0,11,310,2025,12.97,6.3585714285714285,13.4,1.15,34.85,14.39,0.0,15.29,0.33
2025-11-07,12.2,16.96,8.69,69.66,0.0,1.22,0.0,12.0,12.56,11.61,0.0,11,311,2025,13.054285714285713,1.64,13.87,0.18,33.03,13.86,0.0,14.74,0.47
2025-11-08,12.0,16.7,9.02,73.32,0.0,1.25,0.0,11.81,12.2,12.96,0.0,11,312,2025,12.917142857142855,0.3028571428571429,13.44,0.0,9.36,13.86,0.0,15.42,0.13
2025-11-09,11.81,16.71,8.72,66.35,0.0,1.25,0.0,11.34,12.0,12.95,0.0,11,313,2025,12.754285714285714,0.18999999999999997,12.56,0.0,0.79,13.16,0.0,15.02,0.0
2025-11-10,11.34,16.55,8.25,57.87,0.0,1.27,0.0,11.18,11.81,13.4,0.0,11,314,2025,12.459999999999999,0.025714285714285714,12.2,0.0,1.15,13.21,0.0,14.75,0.0
2025-11-11,11.18,16.85,7.72,60.35,0.0,1.45,0.0,11.53,11.34,13.87,0.0,11,315,2025,12.075714285714286,0.0,12.0,0.0,0.18,13.12,0.6,14.61,0.0
2025-11-12,11.53,16.66,8.43,58.33,0.0,1.26,0.0,10.39,11.18,13.44,0.0,11,316,2025,11.80285714285714,0.0,11.81,0.0,0.0,13.59,0.37,14.19,0.0
2025-11-13,10.39,15.97,6.44,59.89,0.0,1.27,0.0,9.47,11.53,12.56,0.0,11,317,2025,11.492857142857142,0.0,11.34,0.0,0.0,13.05,34.85,14.48,0.0
2025-11-14,9.47,15.17,5.08,58.65,0.0,1.26,0.0,10.35,10.39,12.2,0.0,11,318,2025,11.102857142857143,0.0,11.18,0.0,0.0,11.61,33.03,14.98,0.0
2025-11-15,10.35,15.47,7.43,65.89,0.0,1.17,0.0,10.56,9.47,12.0,0.0,11,319,2025,10.867142857142857,0.0,11.53,0.0,0.0,12.96,9.36,15.04,0.0
2025-11-16,10.56,15.67,7.38,64.32,0.0,1.01,0.0,10.42,10.35,11.81,0.0,11,320,2025,10.68857142857143,0.0,10.39,0.0,0.0,12.95,0.79,15.18,0.0
2025-11-17,10.42,16.09,5.8,66.93,0.0,1.14,0.0,11.69,10.56,11.34,0.0,11,321,2025,10.557142857142859,0.0,9.47,0.0,0.0,13.4,1.15,14.37,0.0
2025-11-18,11.69,16.35,8.53,59.77,0.0,1.09,0.0,10.9,10.42,11.18,0.0,11,322,2025,10.629999999999999,0.0,10.35,0.0,0.0,13.87,0.18,14.12,0.0
2025-11-19,10.9,15.0,8.53,77.99,0.0,1.03,0.0,10.36,11.69,11.53,0.0,11,323,2025,10.540000000000001,0.0,10.56,0.0,0.0,13.44,0.0,14.93,0.0
2025-11-20,10.36,14.06,8.46,88.03,0.0,1.03,0.0,9.79,10.9,10.39,0.0,11,324,2025,10.535714285714286,0.0,10.42,0.0,0.0,12.56,0.0,15.47,0.0
2025-11-21,9.79,13.37,7.61,89.31,0.0,1.15,0.0,9.39,10.36,9.47,0.0,11,325,2025,10.581428571428571,0.0,11.69,0.0,0.0,12.2,0.0,14.94,0.0
2025-11-22,9.39,13.9,6.38,85.7,0.0,1.3,0.0,8.89,9.79,10.35,0.0,11,326,2025,10.444285714285714,0.0,10.9,0.0,0.0,12.0,0.0,14.39,0.0
2025-11-23,8.89,14.15,5.62,78.35,0.0,1.31,0.0,8.38,9.39,10.56,0.0,11,327,2025,10.205714285714285,0.0,10.36,0.0,0.0,11.81,0.0,13.86,0.0
2025-11-24,8.38,13.14,5.6,59.46,0.0,1.09,0.0,8.51,8.89,10.42,0.0,11,328,2025,9.914285714285715,0.0,9.79,0.0,0.0,11.34,0.0,13.86,0.0
2025-11-25,8.51,13.77,4.8,53.03,0.0,1.12,0.0,9.53,8.38,11.69,0.0,11,329,2025,9.459999999999999,0.0,9.39,0.0,0.0,11.18,0.0,13.16,0.0
2025-11-26,9.53,14.17,6.89,69.26,0.0,1.05,0.0,10.62,8.51,10.9,0.0,11,330,2025,9.264285714285714,0.0,8.89,0.0,0.0,11.53,0.0,13.21,0.0
2025-11-27,10.62,15.39,7.34,71.14,0.0,1.03,0.0,10.1,9.53,10.36,0.0,11,331,2025,9.301428571428572,0.0,8.38,0.0,0.0,10.39,0.0,13.12,0.6
2025-11-28,10.1,14.88,6.94,69.07,0.0,1.18,0.0,10.27,10.62,9.79,0.0,11,332,2025,9.345714285714285,0.0,8.51,0.0,0.0,9.47,0.0,13.59,0.37
2025-11-29,10.27,15.02,7.12,67.7,0.0,1.21,0.0,10.22,10.1,9.39,0.0,11,333,2025,9.471428571428572,0.0,9.53,0.0,0.0,10.35,0.0,13.05,34.85
2025-11-30,10.22,15.05,7.53,64.75,0.0,1.01,0.0,10.0,10.27,8.89,0.0,11,334,2025,9.661428571428571,0.0,10.62,0.0,0.0,10.56,0.0,11.61,33.03
2025-12-01,10.0,14.91,7.15,62.77,0.0,1.0,0.0,9.72,10.22,8.38,0.0,12,335,2025,9.892857142857142,0.0,10.1,0.0,0.0,10.42,0.0,12.96,9.36
2025-12-02,9.72,14.98,6.6,54.97,0.0,1.19,0.0,8.45,10.0,8.51,0.0,12,336,2025,10.065714285714284,0.0,10.27,0.0,0.0,11.69,0.0,12.95,0.79
2025-12-03,8.45,13.98,5.5,55.96,0.0,1.32,0.0,8.37,9.72,9.53,0.0,12,337,2025,9.911428571428571,0.0,10.22,0.0,0.0,10.9,0.0,13.4,1.15
2025-12-04,8.37,14.14,4.08,50.84,0.0,1.28,0.0,8.97,8.45,10.62,0.0,12,338,2025,9.59,0.0,10.0,0.0,0.0,10.36,0.0,13.87,0.18
2025-12-05,8.97,13.96,6.23,52.7,0.0,1.06,0.0,8.83,8.37,10.1,0.0,12,339,2025,9.428571428571429,0.0,9.72,0.0,0.0,9.79,0.0,13.44,0.0
2025-12-06,8.83,14.5,4.66,53.22,0.0,1.23,0.0,9.6,8.97,10.27,0.0,12,340,2025,9.222857142857142,0.0,8.45,0.0,0.0,9.39,0.0,12.56,0.0
2025-12-07,9.6,14.83,6.27,59.15,0.0,1.05,0.0,9.46,8.83,10.22,0.0,12,341,2025,9.134285714285713,0.0,8.37,0.0,0.0,8.89,0.0,12.2,0.0
2025-12-08,9.46,14.55,6.52,60.07,0.0,1.22,0.0,8.43,9.6,10.0,0.0,12,342,2025,9.057142857142859,0.0,8.97,0.0,0.0,8.38,0.0,12.0,0.0
2025-12-09,8.43,13.73,5.19,63.36,0.0,1.22,0.0,8.12,9.46,9.72,0.0,12,343,2025,8.872857142857143,0.0,8.83,0.0,0.0,8.51,0.0,11.81,0.0
2025-12-10,8.12,14.57,2.79,58.28,0.0,1.12,0.0,9.14,8.43,8.45,0.0,12,344,2025,8.825714285714286,0.0,9.6,0.0,0.0,9.53,0.0,11.34,0.0
2025-12-11,9.14,14.63,5.93,55.2,0.0,1.19,0.0,9.46,8.12,8.37,0.0,12,345,2025,8.935714285714287,0.0,9.46,0.0,0.0,10.62,0.0,11.18,0.0
2025-12-12,9.46,14.27,6.85,62.22,0.0,1.07,0.0,9.44,9.14,8.97,0.0,12,346,2025,9.005714285714285,0.0,8.43,0.0,0.0,10.1,0.0,11.53,0.0
2025-12-13,9.44,14.74,6.79,63.42,0.0,1.06,0.0,9.59,9.46,8.83,0.0,12,347,2025,9.092857142857143,0.0,8.12,0.0,0.0,10.27,0.0,10.39,0.0
2025-12-14,9.59,14.11,6.86,69.89,0.0,1.05,0.0,8.95,9.44,9.6,0.0,12,348,2025,9.09142857142857,0.0,9.14,0.0,0.0,10.22,0.0,9.47,0.0
2025-12-15,8.95,13.7,6.38,76.0,0.0,1.13,0.0,8.58,9.59,9.46,0.0,12,349,2025,9.018571428571429,0.0,9.46,0.0,0.0,10.0,0.0,10.35,0.0
2025-12-16,8.58,13.85,5.47,74.35,0.0,1.14,0.0,8.5,8.95,8.43,0.0,12,350,2025,9.040000000000001,0.0,9.44,0.0,0.0,9.72,0.0,10.56,0.0
2025-12-17,8.5,15.23,3.44,61.75,0.0,1.12,0.0,9.98,8.58,8.12,0.0,12,351,2025,9.094285714285714,0.0,9.59,0.0,0.0,8.45,0.0,10.42,0.0
2025-12-18,9.98,15.02,7.08,56.9,0.0,1.1,0.0,10.09,8.5,9.14,0.0,12,352,2025,9.214285714285714,0.0,8.95,0.0,0.0,8.37,0.0,11.69,0.0
2025-12-19,10.09,14.88,7.65,60.06,0.0,1.08,0.0,9.06,9.98,9.46,0.0,12,353,2025,9.304285714285713,0.0,8.58,0.0,0.0,8.97,0.0,10.9,0.0
2025-12-20,9.06,14.18,6.23,60.07,0.0,1.1,0.0,9.3,10.09,9.44,0.0,12,354,2025,9.25,0.0,8.5,0.0,0.0,8.83,0.0,10.36,0.0
2025-12-21,9.3,14.74,5.47,62.59,0.0,0.94,0.0,9.66,9.06,9.59,0.0,12,355,2025,9.208571428571428,0.0,9.98,0.0,0.0,9.6,0.0,9.79,0.0
2025-12-22,9.66,14.35,7.0,63.94,0.0,1.17,0.0,9.27,9.3,8.95,0.0,12,356,2025,9.31,0.0,10.09,0.0,0.0,9.46,0.0,9.39,0.0
2025-12-23,9.27,14.82,6.31,60.43,0.0,1.36,0.0,7.85,9.66,8.58,0.0,12,357,2025,9.40857142857143,0.0,9.06,0.0,0.0,8.43,0.0,8.89,0.0
2025-12-24,7.85,13.11,4.85,61.45,0.0,1.15,0.0,7.31,9.27,8.5,0.0,12,358,2025,9.315714285714288,0.0,9.3,0.0,0.0,8.12,0.0,8.38,0.0
2025-12-25,7.31,12.63,3.91,61.81,0.0,1.06,0.0,7.96,7.85,9.98,0.0,12,359,2025,8.934285714285714,0.0,9.66,0.0,0.0,9.14,0.0,8.51,0.0
2025-12-26,7.96,13.3,4.78,65.15,0.0,1.07,0.0,7.82,7.31,10.09,0.0,12,360,2025,8.63,0.0,9.27,0.0,0.0,9.46,0.0,9.53,0.0
2025-12-27,7.82,13.06,4.74,62.92,0.0,1.2,0.0,7.88,7.96,9.06,0.0,12,361,2025,8.452857142857143,0.0,7.85,0.0,0.0,9.44,0.0,10.62,0.0
2025-12-28,7.88,13.12,4.81,64.73,0.0,1.28,0.0,6.68,7.82,9.3,0.0,12,362,2025,8.25,0.0,7.31,0.0,0.0,9.59,0.0,10.1,0.0
2025-12-29,6.68,11.91,3.78,64.2,0.0,1.29,0.0,6.12,7.88,9.66,0.0,12,363,2025,7.824285714285714,0.0,7.96,0.0,0.0,8.95,0.0,10.27,0.0
2025-12-30,6.12,11.93,2.23,59.84,0.0,1.3,0.0,6.4,6.68,9.27,0.0,12,364,2025,7.3742857142857146,0.0,7.82,0.0,0.0,8.58,0.0,10.22,0.0
2025-12-31,6.4,12.31,2.67,55.21,0.0,1.15,0.0,6.32,6.12,7.85,0.0,12,365,2025,7.167142857142857,0.0,7.88,0.0,0.0,8.5,0.0,10.0,0.0
2026-01-01,6.32,11.74,2.91,53.98,0.0,1.22,0.0,5.51,6.4,7.31,0.0,1,1,2026,7.025714285714286,0.0,6.68,0.0,0.0,9.98,0.0,9.72,0.0
2026-01-02,5.51,11.11,2.37,57.33,0.0,1.2,0.0,4.47,6.32,7.96,0.0,1,2,2026,6.675714285714285,0.0,6.12,0.0,0.0,10.09,0.0,8.45,0.0
2026-01-03,4.47,9.78,1.22,68.53,0.0,1.25,0.0,4.14,5.51,7.82,0.0,1,3,2026,6.197142857142857,0.0,6.4,0.0,0.0,9.06,0.0,8.37,0.0
2026-01-04,4.14,9.02,0.41,75.88,0.0,1.19,0.0,3.9,4.47,7.88,0.0,1,4,2026,5.662857142857143,0.0,6.32,0.0,0.0,9.3,0.0,8.97,0.0
2026-01-05,3.9,10.12,-0.48,62.48,0.0,1.21,0.0,3.34,4.14,6.68,0.0,1,5,2026,5.265714285714286,0.0,5.51,0.0,0.0,9.66,0.0,8.83,0.0
2026-01-06,3.34,9.27,-1.05,55.05,0.0,1.27,0.0,4.32,3.9,6.12,0.0,1,6,2026,4.868571428571428,0.0,4.47,0.0,0.0,9.27,0.0,9.6,0.0
2026-01-07,4.32,10.11,-0.09,59.01,0.0,1.26,0.0,5.68,3.34,6.4,0.0,1,7,2026,4.571428571428571,0.0,4.14,0.0,0.0,7.85,0.0,9.46,0.0
2026-01-08,5.68,12.03,0.62,50.5,0.0,1.07,0.0,6.19,4.32,6.32,0.0,1,8,2026,4.4799999999999995,0.0,3.9,0.0,0.0,7.31,0.0,8.43,0.0
2026-01-09,6.19,12.32,2.81,44.53,0.0,1.28,0.0,5.49,5.68,5.51,0.0,1,9,2026,4.577142857142857,0.0,3.34,0.0,0.0,7.96,0.0,8.12,0.0
2026-01-10,5.49,12.0,1.41,41.09,0.0,1.32,0.0,4.85,6.19,4.47,0.0,1,10,2026,4.722857142857143,0.0,4.32,0.0,0.0,7.82,0.0,9.14,0.0
2026-01-11,4.85,11.19,0.37,45.27,0.0,1.33,0.0,6.2,5.49,4.14,0.0,1,11,2026,4.824285714285714,0.0,5.68,0.0,0.0,7.88,0.0,9.46,0.0
2026-01-12,6.2,13.84,-0.55,49.27,0.0,1.35,0.0,8.7,4.85,3.9,0.0,1,12,2026,5.152857142857143,0.0,6.19,0.0,0.0,6.68,0.0,9.44,0.0
2026-01-13,8.7,14.78,5.11,40.45,0.0,1.23,0.0,7.63,6.2,3.34,0.0,1,13,2026,5.91857142857143,0.0,5.49,0.0,0.0,6.12,0.0,9.59,0.0
2026-01-14,7.63,12.78,4.67,50.39,0.0,1.1,0.0,5.91,8.7,4.32,0.0,1,14,2026,6.391428571428571,0.0,4.85,0.0,0.0,6.4,0.0,8.95,0.0
2026-01-15,5.91,11.31,1.82,58.51,0.0,1.28,0.0,6.94,7.63,5.68,0.0,1,15,2026,6.424285714285715,0.0,6.2,0.0,0.0,6.32,0.0,8.58,0.0
2026-01-16,6.94,13.38,1.09,55.36,0.0,1.16,0.0,8.7,5.91,6.19,0.0,1,16,2026,6.531428571428571,0.0,8.7,0.0,0.0,5.51,0.0,8.5,0.0
2026-01-17,8.7,14.1,5.49,50.81,0.0,1.26,0.0,8.62,6.94,5.49,0.0,1,17,2026,6.989999999999999,0.0,7.63,0.0,0.0,4.47,0.0,9.98,0.0
2026-01-18,8.62,14.08,5.43,50.66,0.0,1.38,0.0,7.67,8.7,4.85,0.0,1,18,2026,7.528571428571429,0.0,5.91,0.0,0.0,4.14,0.0,10.09,0.0
2026-01-19,7.67,13.27,4.44,48.34,0.0,1.44,0.0,7.02,8.62,6.2,0.0,1,19,2026,7.738571428571428,0.0,6.94,0.0,0.0,3.9,0.0,9.06,0.0
2026-01-20,7.02,12.43,3.88,50.73,0.0,1.43,0.0,6.96,7.67,8.7,0.0,1,20,2026,7.498571428571428,0.0,8.7,0.0,0.0,3.34,0.0,9.3,0.0
2026-01-21,6.96,13.26,2.87,46.69,0.0,1.22,0.0,7.57,7.02,7.63,0.0,1,21,2026,7.402857142857143,0.0,8.62,0.0,0.0,4.32,0.0,9.66,0.0
2026-01-22,7.57,13.12,4.23,50.88,0.0,1.26,0.0,7.17,6.96,5.91,0.0,1,22,2026,7.64,0.0,7.67,0.0,0.0,5.68,0.0,9.27,0.0
2026-01-23,7.17,12.51,3.86,50.44,0.0,1.22,0.0,6.8,7.57,6.94,0.0,1,23,2026,7.672857142857143,0.0,7.02,0.0,0.0,6.19,0.0,7.85,0.0
2026-01-24,6.8,12.71,3.03,49.53,0.0,1.2,0.0,6.98,7.17,8.7,0.0,1,24,2026,7.401428571428572,0.0,6.96,0.0,0.0,5.49,0.0,7.31,0.0
2026-01-25,6.98,12.09,3.75,51.62,0.0,1.36,0.0,7.48,6.8,8.62,0.0,1,25,2026,7.167142857142857,0.0,7.57,0.0,0.0,4.85,0.0,7.96,0.0
2026-01-26,7.48,13.91,2.54,51.25,0.0,1.38,0.0,8.68,6.98,7.67,0.0,1,26,2026,7.14,0.0,7.17,0.0,0.0,6.2,0.0,7.82,0.0
2026-01-27,8.68,14.76,4.4,47.22,0.0,1.28,0.2,6.59,7.48,7.02,0.0,1,27,2026,7.377142857142857,0.0,6.8,0.0,0.0,8.7,0.0,7.88,0.0
2026-01-28,6.59,11.19,3.56,68.54,0.2,0.94,0.0,6.97,8.68,6.96,0.0,1,28,2026,7.324285714285714,0.028571428571428574,6.98,0.0,0.0,7.63,0.0,6.68,0.0
2026-01-29,6.97,12.6,3.26,68.04,0.0,1.49,0.0,7.79,6.59,7.57,0.2,1,29,2026,7.238571428571428,0.028571428571428574,7.48,0.0,0.0,5.91,0.0,6.12,0.0
2026-01-30,7.79,13.91,3.35,54.68,0.0,1.37,0.0,8.36,6.97,7.17,0.0,1,30,2026,7.327142857142857,0.028571428571428574,8.68,0.0,0.0,6.94,0.0,6.4,0.0
2026-01-31,8.36,14.15,4.17,52.99,0.0,1.25,0.0,8.89,7.79,6.8,0.0,1,31,2026,7.55,0.028571428571428574,6.59,0.2,0.0,8.7,0.0,6.32,0.0
2026-02-01,8.89,14.48,5.4,45.79,0.0,1.37,0.0,8.41,8.36,6.98,0.0,2,32,2026,7.822857142857144,0.028571428571428574,6.97,0.0,0.0,8.62,0.0,5.51,0.0
2026-02-02,8.41,13.98,4.57,47.87,0.0,1.44,0.0,8.21,8.89,7.48,0.0,2,33,2026,7.9557142857142855,0.028571428571428574,7.79,0.0,0.0,7.67,0.0,4.47,0.0
2026-02-03,8.21,13.53,4.59,50.87,0.0,1.3,0.0,6.96,8.41,8.68,0.0,2,34,2026,7.888571428571429,0.028571428571428574,8.36,0.0,0.0,7.02,0.0,4.14,0.0
2026-02-04,6.96,13.09,3.06,56.96,0.0,1.44,0.0,7.62,8.21,6.59,0.0,2,35,2026,7.941428571428571,0.0,8.89,0.0,0.2,6.96,0.0,3.9,0.0
2026-02-05,7.62,14.48,2.3,44.06,0.0,1.45,0.0,8.13,6.96,6.97,0.0,2,36,2026,8.034285714285714,0.0,8.41,0.0,0.0,7.57,0.0,3.34,0.0
2026-02-06,8.13,14.04,4.29,46.43,0.0,1.36,0.0,7.65,7.62,7.79,0.0,2,37,2026,8.082857142857142,0.0,8.21,0.0,0.0,7.17,0.0,4.32,0.0
2026-02-07,7.65,13.32,3.96,49.28,0.0,1.26,0.0,7.08,8.13,8.36,0.0,2,38,2026,7.981428571428572,0.0,6.96,0.0,0.0,6.8,0.0,5.68,0.0
2026-02-08,7.08,13.53,2.02,51.71,0.0,1.41,0.0,7.67,7.65,8.89,0.0,2,39,2026,7.722857142857143,0.0,7.62,0.0,0.0,6.98,0.0,6.19,0.0
2026-02-09,7.67,13.29,4.28,51.26,0.0,1.24,0.0,7.46,7.08,8.41,0.0,2,40,2026,7.617142857142858,0.0,8.13,0.0,0.0,7.48,0.0,5.49,0.0
2026-02-10,7.46,13.53,2.99,55.36,0.0,1.42,0.0,7.96,7.67,8.21,0.0,2,41,2026,7.51,0.0,7.65,0.0,0.0,8.68,0.0,4.85,0.0
2026-02-11,7.96,13.93,3.12,50.01,0.0,1.38,0.0,8.23,7.46,6.96,0.0,2,42,2026,7.652857142857143,0.0,7.08,0.0,0.0,6.59,0.2,6.2,0.0
2026-02-12,8.23,13.95,3.28,51.79,0.0,1.49,0.0,8.07,7.96,7.62,0.0,2,43,2026,7.740000000000001,0.0,7.67,0.0,0.0,6.97,0.0,8.7,0.0
2026-02-13,8.07,14.86,2.44,46.19,0.0,1.31,0.0,8.43,8.23,8.13,0.0,2,44,2026,7.731428571428572,0.0,7.46,0.0,0.0,7.79,0.0,7.63,0.0
2026-02-14,8.43,14.45,4.04,48.47,0.0,1.42,0.0,8.05,8.07,7.65,0.0,2,45,2026,7.8428571428571425,0.0,7.96,0.0,0.0,8.36,0.0,5.91,0.0
2026-02-15,8.05,13.04,4.41,57.07,0.0,1.32,0.0,8.61,8.43,7.08,0.0,2,46,2026,7.981428571428571,0.0,8.23,0.0,0.0,8.89,0.0,6.94,0.0
2026-02-16,8.61,15.49,2.77,50.02,0.0,1.43,0.0,10.23,8.05,7.67,0.0,2,47,2026,8.115714285714287,0.0,8.07,0.0,0.0,8.41,0.0,8.7,0.0
2026-02-17,10.23,16.32,5.79,45.39,0.0,1.31,0.0,11.04,8.61,7.46,0.0,2,48,2026,8.511428571428572,0.0,8.43,0.0,0.0,8.21,0.0,8.62,0.0
2026-02-18,11.04,17.25,7.06,39.73,0.0,1.32,0.0,11.2,10.23,7.96,0.0,2,49,2026,8.951428571428572,0.0,8.05,0.0,0.0,6.96,0.0,7.67,0.0
2026-02-19,11.2,17.28,7.26,43.4,0.0,1.29,0.0,10.62,11.04,8.23,0.0,2,50,2026,9.375714285714285,0.0,8.61,0.0,0.0,7.62,0.0,7.02,0.0
2026-02-20,10.62,15.58,7.7,51.47,0.0,1.38,0.0,9.76,11.2,8.07,0.0,2,51,2026,9.739999999999998,0.0,10.23,0.0,0.0,8.13,0.0,6.96,0.0
2026-02-21,9.76,14.97,6.24,53.1,0.0,1.56,0.0,9.08,10.62,8.43,0.0,2,52,2026,9.929999999999998,0.0,11.04,0.0,0.0,7.65,0.0,7.57,0.0
2026-02-22,9.08,14.82,5.15,57.01,0.0,1.56,0.0,9.44,9.76,8.05,0.0,2,53,2026,10.077142857142857,0.0,11.2,0.0,0.0,7.08,0.0,7.17,0.0
2026-02-23,9.44,15.46,5.55,55.34,0.0,1.53,0.2,8.52,9.08,8.61,0.0,2,54,2026,10.195714285714287,0.0,10.62,0.0,0.0,7.67,0.0,6.8,0.0
2026-02-24,8.52,14.47,4.49,58.91,0.2,1.47,0.01,8.56,9.44,10.23,0.0,2,55,2026,9.95142857142857,0.028571428571428574,9.76,0.0,0.0,7.46,0.0,6.98,0.0
2026-02-25,8.56,13.85,5.16,62.25,0.01,1.61,0.05,8.93,8.52,11.04,0.2,2,56,2026,9.597142857142856,0.030000000000000002,9.08,0.0,0.0,7.96,0.0,7.48,0.0
2026-02-26,8.93,14.3,5.65,62.67,0.05,1.54,0.3,8.66,8.56,11.2,0.01,2,57,2026,9.272857142857143,0.037142857142857144,9.44,0.0,0.0,8.23,0.0,8.68,0.0
2026-02-27,8.66,14.58,4.48,61.72,0.3,1.53,0.42,8.75,8.93,10.62,0.05,2,58,2026,8.992857142857142,0.08,8.52,0.2,0.0,8.07,0.0,6.59,0.2
2026-02-28,8.75,14.66,4.73,56.93,0.42,1.68,0.35,9.54,8.66,9.76,0.3,2,59,2026,8.848571428571429,0.13999999999999999,8.56,0.01,0.0,8.43,0.0,6.97,0.0
2026-03-01,9.54,15.45,5.53,50.03,0.35,1.69,0.0,10.06,8.75,9.08,0.42,3,60,2026,8.914285714285715,0.19,8.93,0.05,0.0,8.05,0.0,7.79,0.0
2026-03-02,10.06,16.35,5.56,48.72,0.0,1.63,0.0,11.2,9.54,9.44,0.35,3,61,2026,9.002857142857144,0.19,8.66,0.3,0.0,8.61,0.0,8.36,0.0
2026-03-03,11.2,18.5,6.25,44.13,0.0,1.38,0.0,12.06,10.06,8.52,0.0,3,62,2026,9.385714285714286,0.16142857142857142,8.75,0.42,0.2,10.23,0.0,8.89,0.0
2026-03-04,12.06,19.74,5.82,43.35,0.0,1.38,0.0,13.4,11.2,8.56,0.0,3,63,2026,9.885714285714284,0.16,9.54,0.35,0.01,11.04,0.0,8.41,0.0
2026-03-05,13.4,20.1,8.92,43.06,0.0,1.44,0.0,13.39,12.06,8.93,0.0,3,64,2026,10.524285714285714,0.15285714285714283,10.06,0.0,0.05,11.2,0.0,8.21,0.0
2026-03-06,13.39,19.65,9.11,54.16,0.0,1.54,0.0,13.11,13.4,8.66,0.0,3,65,2026,11.2,0.10999999999999999,11.2,0.0,0.3,10.62,0.0,6.96,0.0
2026-03-07,13.11,18.57,9.43,65.51,0.0,1.57,0.0,12.94,13.39,8.75,0.0,3,66,2026,11.822857142857144,0.049999999999999996,12.06,0.0,0.42,9.76,0.0,7.62,0.0
2026-03-08,12.94,18.65,9.05,68.98,0.0,1.53,0.15,12.28,13.11,9.54,0.0,3,67,2026,12.308571428571428,0.0,13.4,0.0,0.35,9.08,0.0,8.13,0.0
2026-03-09,12.28,17.71,8.59,75.27,0.15,1.51,0.15,12.93,12.94,10.06,0.0,3,68,2026,12.625714285714285,0.02142857142857143,13.39,0.0,0.0,9.44,0.0,7.65,0.0
2026-03-10,12.93,17.99,9.52,74.76,0.15,1.4,2.49,13.46,12.28,11.2,0.15,3,69,2026,12.872857142857143,0.04285714285714286,13.11,0.0,0.0,8.52,0.2,7.08,0.0
2026-03-11,13.46,18.25,10.28,77.74,2.49,1.53,2.05,13.75,12.93,12.06,0.15,3,70,2026,13.072857142857144,0.3985714285714286,12.94,0.0,0.0,8.56,0.01,7.67,0.0
2026-03-12,13.75,19.33,8.59,75.25,2.05,1.47,0.54,12.42,13.46,13.4,2.49,3,71,2026,13.122857142857143,0.6914285714285714,12.28,0.15,0.0,8.93,0.05,7.46,0.0
2026-03-13,12.42,18.0,7.98,66.08,0.54,1.77,0.01,12.44,13.75,13.39,2.05,3,72,2026,12.984285714285715,0.7685714285714286,12.93,0.15,0.0,8.66,0.3,7.96,0.0
2026-03-14,12.44,18.57,7.99,55.38,0.01,1.72,0.29,11.47,12.42,13.11,0.54,3,73,2026,12.888571428571428,0.7699999999999999,13.46,2.49,0.0,8.75,0.42,8.23,0.0
2026-03-15,11.47,17.61,7.08,52.0,0.29,1.77,0.26,11.59,12.44,12.94,0.01,3,74,2026,12.678571428571429,0.8114285714285714,13.75,2.05,0.0,9.54,0.35,8.07,0.0
2026-03-16,11.59,18.19,6.54,50.36,0.26,1.97,0.02,10.21,11.47,12.28,0.29,3,75,2026,12.58,0.8271428571428571,12.42,0.54,0.15,10.06,0.0,8.43,0.0
2026-03-17,10.21,16.93,4.92,49.41,0.02,1.97,1.13,11.45,11.59,12.93,0.26,3,76,2026,12.191428571428572,0.8085714285714286,12.44,0.01,0.15,11.2,0.0,8.05,0.0
2026-03-18,11.45,18.64,5.16,41.95,1.13,1.96,1.45,12.13,10.21,13.46,0.02,3,77,2026,11.904285714285715,0.6142857142857142,11.47,0.29,2.49,12.06,0.0,8.61,0.0
2026-03-19,12.13,18.61,7.12,48.11,1.45,1.99,12.86,11.16,11.45,13.75,1.13,3,78,2026,11.672857142857143,0.5285714285714286,11.59,0.26,2.05,13.4,0.0,10.23,0.0
2026-03-20,11.16,17.5,6.78,66.17,12.86,1.63,7.89,7.08,12.13,12.42,1.45,3,79,2026,11.492857142857144,2.2885714285714287,10.21,0.02,0.54,13.39,0.0,11.04,0.0
2026-03-21,7.08,9.13,5.03,86.92,7.89,1.14,0.4,8.91,11.16,12.44,12.86,3,80,2026,10.727142857142857,3.414285714285714,11.45,1.13,0.01,13.11,0.0,11.2,0.0
2026-03-22,8.91,14.01,4.63,71.38,0.4,1.5,0.46,9.99,7.08,11.47,7.89,3,81,2026,10.361428571428572,3.4299999999999997,12.13,1.45,0.29,12.94,0.0,10.62,0.0
2026-03-23,9.99,15.13,5.98,70.56,0.46,1.35,0.95,10.82,8.91,11.59,0.4,3,82,2026,10.132857142857144,3.4585714285714286,11.16,12.86,0.26,12.28,0.15,9.76,0.0
2026-03-24,10.82,16.5,6.59,61.6,0.95,1.83,0.32,11.5,9.99,10.21,0.46,3,83,2026,10.22,3.5914285714285716,7.08,7.89,0.02,12.93,0.15,9.08,0.0
2026-03-25,11.5,17.82,6.25,56.13,0.32,1.84,0.4,12.39,10.82,11.45,0.95,3,84,2026,10.227142857142857,3.4757142857142855,8.91,0.4,1.13,13.46,2.49,9.44,0.0
2026-03-26,12.39,18.14,8.01,58.14,0.4,1.85,2.95,12.77,11.5,12.13,0.32,3,85,2026,10.264285714285716,3.325714285714285,9.99,0.46,1.45,13.75,2.05,8.52,0.2
2026-03-27,12.77,18.19,9.25,61.83,2.95,1.64,1.09,10.58,12.39,11.16,0.4,3,86,2026,10.494285714285713,1.9100000000000001,10.82,0.95,12.86,12.42,0.54,8.56,0.01
2026-03-28,10.58,14.19,7.22,82.6,1.09,1.64,0.24,12.33,12.77,7.08,2.95,3,87,2026,10.994285714285715,0.9385714285714286,11.5,0.32,7.89,12.44,0.01,8.93,0.05
2026-03-29,12.33,17.9,8.21,67.17,0.24,1.67,0.32,13.26,10.58,8.91,1.09,3,88,2026,11.482857142857144,0.9157142857142857,12.39,0.4,0.4,11.47,0.29,8.66,0.3
2026-03-30,13.26,19.22,8.14,64.92,0.32,1.81,0.2,13.99,12.33,9.99,0.24,3,89,2026,11.95,0.8957142857142858,12.77,2.95,0.46,11.59,0.26,8.75,0.42
2026-03-31,13.99,19.81,9.32,66.19,0.2,1.66,0.39,13.96,13.26,10.82,0.32,3,90,2026,12.402857142857144,0.7885714285714285,10.58,1.09,0.95,10.21,0.02,9.54,0.35
2026-04-01,13.96,20.0,8.87,62.52,0.39,2.26,0.11,15.81,13.99,11.5,0.2,4,91,2026,12.754285714285714,0.7985714285714287,12.33,0.24,0.32,11.45,1.13,10.06,0.0
2026-04-02,15.81,22.41,11.02,47.59,0.11,2.11,0.0,16.8,13.96,12.39,0.39,4,92,2026,13.242857142857144,0.7571428571428572,13.26,0.32,0.4,12.13,1.45,11.2,0.0
2026-04-03,16.8,23.74,11.08,45.29,0.0,2.12,0.0,16.65,15.81,12.77,0.11,4,93,2026,13.81857142857143,0.33571428571428574,13.99,0.2,2.95,11.16,12.86,12.06,0.0
2026-04-04,16.65,23.22,11.72,44.42,0.0,2.13,0.03,14.99,16.8,10.58,0.0,4,94,2026,14.685714285714287,0.18,13.96,0.39,1.09,7.08,7.89,13.4,0.0
2026-04-05,14.99,21.13,9.46,48.74,0.03,2.13,0.99,13.45,16.65,12.33,0.0,4,95,2026,15.065714285714284,0.15,15.81,0.11,0.24,8.91,0.4,13.39,0.0
2026-04-06,13.45,19.82,8.28,46.87,0.99,1.88,2.23,12.21,14.99,13.26,0.03,4,96,2026,15.092857142857143,0.24571428571428572,16.8,0.0,0.32,9.99,0.46,13.11,0.0
2026-04-07,12.21,18.32,6.47,50.75,2.23,1.97,4.77,10.01,13.45,13.99,0.99,4,97,2026,14.838571428571427,0.5357142857142857,16.65,0.0,0.2,10.82,0.95,12.94,0.0
2026-04-08,10.01,14.12,5.1,64.16,4.77,1.25,11.46,9.59,12.21,13.96,2.23,4,98,2026,14.274285714285714,1.1614285714285713,14.99,0.03,0.39,11.5,0.32,12.28,0.15
2026-04-09,9.59,14.4,5.9,72.17,11.46,1.55,0.55,10.38,10.01,15.81,4.77,4,99,2026,13.385714285714286,2.782857142857143,13.45,0.99,0.11,12.39,0.4,12.93,0.15
2026-04-10,10.38,15.62,5.34,65.13,0.55,1.81,0.21,12.97,9.59,16.8,11.46,4,100,2026,12.468571428571428,2.8614285714285717,12.21,2.23,0.0,12.77,2.95,13.46,2.49
2026-04-11,12.97,19.7,7.99,49.07,0.21,1.78,1.29,13.36,10.38,16.65,0.55,4,101,2026,11.942857142857141,2.891428571428572,10.01,4.77,0.0,10.58,1.09,13.75,2.05
2026-04-12,13.36,19.55,7.55,53.74,1.29,2.12,0.43,13.78,12.97,14.99,0.21,4,102,2026,11.709999999999999,3.0714285714285716,9.59,11.46,0.03,12.33,0.24,12.42,0.54
2026-04-13,13.78,20.73,7.0,47.61,0.43,1.92,0.11,13.82,13.36,13.45,1.29,4,103,2026,11.757142857142856,2.9914285714285715,10.38,0.55,0.99,13.26,0.32,12.44,0.01
2026-04-14,13.82,20.33,7.69,47.31,0.11,1.73,1.39,14.32,13.78,12.21,0.43,4,104,2026,11.987142857142858,2.6885714285714286,12.97,0.21,2.23,13.99,0.2,11.47,0.29
2026-04-15,14.32,20.94,8.07,47.71,1.39,1.95,1.03,15.22,13.82,10.01,0.11,4,105,2026,12.602857142857143,2.205714285714286,13.36,1.29,4.77,13.96,0.39,11.59,0.26
2026-04-16,15.22,21.75,9.73,43.35,1.03,1.84,0.71,15.32,14.32,9.59,1.39,4,106,2026,13.407142857142857,0.7157142857142856,13.78,0.43,11.46,15.81,0.11,10.21,0.02
2026-04-17,15.32,21.88,10.34,51.05,0.71,1.73,0.98,16.52,15.22,10.38,1.03,4,107,2026,14.112857142857143,0.7385714285714285,13.82,0.11,0.55,16.8,0.0,11.45,1.13
2026-04-18,16.52,22.15,11.55,56.62,0.98,1.86,1.41,16.72,15.32,12.97,0.71,4,108,2026,14.620000000000001,0.8485714285714286,14.32,1.39,0.21,16.65,0.0,12.13,1.45
2026-04-19,16.72,22.87,10.75,57.19,1.41,2.09,0.29,17.32,16.52,13.36,0.98,4,109,2026,15.1,0.8657142857142858,15.22,1.03,1.29,14.99,0.03,11.16,12.86
2026-04-20,17.32,24.79,10.24,48.46,0.29,2.38,0.08,17.26,16.72,13.78,1.41,4,110,2026,15.605714285714287,0.8457142857142855,15.32,0.71,0.43,13.45,0.99,7.08,7.89
2026-04-21,17.26,24.98,9.78,40.85,0.08,2.32,0.45,18.14,17.32,13.82,0.29,4,111,2026,16.097142857142856,0.8414285714285714,16.52,0.98,0.11,12.21,2.23,8.91,0.4
2026-04-22,18.14,24.95,12.18,34.42,0.45,2.0,0.0,18.54,17.26,14.32,0.08,4,112,2026,16.642857142857142,0.7071428571428572,16.72,1.41,1.39,10.01,4.77,9.99,0.46
2026-04-23,18.54,24.97,13.66,37.53,0.0,1.98,0.26,18.71,18.14,15.22,0.45,4,113,2026,17.11714285714286,0.5599999999999999,17.32,0.29,1.03,9.59,11.46,10.82,0.95
2026-04-24,18.71,24.49,13.67,45.65,0.26,1.89,6.06,17.1,18.54,15.32,0.0,4,114,2026,17.60142857142857,0.4957142857142857,17.26,0.08,0.71,10.38,0.55,11.5,0.32
2026-04-25,17.1,23.18,11.67,62.38,6.06,1.89,8.66,16.66,18.71,16.52,0.26,4,115,2026,17.684285714285714,1.2214285714285715,18.14,0.45,0.98,12.97,0.21,12.39,0.4
2026-04-26,16.66,22.05,11.43,67.55,8.66,1.74,0.79,16.21,17.1,16.72,6.06,4,116,2026,17.675714285714285,2.257142857142857,18.54,0.0,1.41,13.36,1.29,12.77,2.95
2026-04-27,16.21,21.96,11.27,63.61,0.79,1.84,0.72,16.95,16.66,17.32,8.66,4,117,2026,17.517142857142858,2.3285714285714287,18.71,0.26,0.29,13.78,0.43,10.58,1.09
2026-04-28,16.95,22.73,12.02,61.54,0.72,1.82,11.32,15.17,16.21,17.26,0.79,4,118,2026,17.472857142857144,2.4200000000000004,17.1,6.06,0.08,13.82,0.11,12.33,0.24
2026-04-29,15.17,21.59,10.67,74.57,11.32,1.62,2.67,13.41,16.95,18.14,0.72,4,119,2026,17.048571428571428,3.9728571428571433,16.66,8.66,0.45,14.32,1.39,13.26,0.32
2026-04-30,13.41,17.28,9.96,77.76,2.67,1.0,12.72,12.95,15.17,18.54,11.32,4,120,2026,16.315714285714286,4.354285714285714,16.21,0.79,0.0,15.22,1.03,13.99,0.2
2026-05-01,12.95,18.32,9.87,83.05,12.72,0.97,9.53,12.25,13.41,18.71,2.67,5,121,2026,15.492857142857144,6.134285714285715,16.95,0.72,0.26,15.32,0.71,13.96,0.39
2026-05-02,12.25,14.73,9.17,88.16,9.53,0.82,7.9,12.83,12.95,17.1,12.72,5,122,2026,14.799999999999999,6.63,15.17,11.32,6.06,16.52,0.98,15.81,0.11
2026-05-03,12.83,16.51,10.19,84.72,7.9,0.83,3.06,14.13,12.25,16.66,9.53,5,123,2026,14.252857142857142,6.521428571428572,13.41,2.67,8.66,16.72,1.41,16.8,0.0
2026-05-04,14.13,20.04,8.85,74.18,3.06,1.05,1.56,14.64,12.83,16.21,7.9,5,124,2026,13.955714285714288,6.845714285714285,12.95,12.72,0.79,17.32,0.29,16.65,0.0
2026-05-05,14.64,20.01,10.16,71.66,1.56,1.09,9.3,13.64,14.13,16.95,3.06,5,125,2026,13.625714285714286,6.965714285714285,12.25,9.53,0.72,17.26,0.08,14.99,0.03
2026-05-06,13.64,19.1,10.19,76.19,9.3,0.99,5.17,12.83,14.64,15.17,1.56,5,126,2026,13.407142857142858,6.677142857142856,12.83,7.9,11.32,18.14,0.45,13.45,0.99
2026-05-07,12.83,17.61,8.23,78.64,5.17,0.9,4.88,12.79,13.64,13.41,9.3,5,127,2026,13.324285714285717,7.034285714285714,14.13,3.06,2.67,18.54,0.0,12.21,2.23
2026-05-08,12.79,18.14,8.44,76.76,4.88,0.88,3.18,12.92,12.83,12.95,5.17,5,128,2026,13.301428571428572,5.914285714285714,14.64,1.56,12.72,18.71,0.26,10.01,4.77
2026-05-09,12.92,15.81,10.37,78.03,3.18,0.62,4.51,13.27,12.79,12.25,4.88,5,129,2026,13.397142857142857,5.007142857142857,13.64,9.3,9.53,17.1,6.06,9.59,11.46
2026-05-10,13.27,17.27,10.65,79.93,4.51,0.8,2.68,14.86,12.92,12.83,3.18,5,130,2026,13.459999999999999,4.522857142857143,12.83,5.17,7.9,16.66,8.66,10.38,0.55
2026-05-11,14.86,19.51,10.51,75.75,2.68,1.05,6.48,14.03,13.27,14.13,4.51,5,131,2026,13.564285714285713,4.468571428571429,12.79,4.88,3.06,16.21,0.79,12.97,0.21
2026-05-12,14.03,17.46,12.16,85.06,6.48,0.45,15.65,14.7,14.86,14.64,2.68,5,132,2026,13.477142857142855,5.171428571428572,12.92,3.18,1.56,16.95,0.72,13.36,1.29
2026-05-13,14.7,19.56,12.08,84.76,15.65,0.76,6.9,15.52,14.03,13.64,6.48,5,133,2026,13.628571428571428,6.078571428571428,13.27,4.51,9.3,15.17,11.32,13.78,0.43
2026-05-14,15.52,20.12,11.72,83.76,6.9,0.94,3.01,16.78,14.7,12.83,15.65,5,134,2026,14.012857142857142,6.325714285714286,14.86,2.68,5.17,13.41,2.67,13.82,0.11
2026-05-15,16.78,21.89,12.57,74.39,3.01,1.02,2.35,16.98,15.52,12.79,6.9,5,135,2026,14.582857142857142,6.058571428571429,14.03,6.48,4.88,12.95,12.72,14.32,1.39
2026-05-16,16.98,22.31,12.12,68.03,2.35,1.13,2.41,16.97,16.78,12.92,3.01,5,136,2026,15.162857142857144,5.94,14.7,15.65,3.18,12.25,9.53,15.22,1.03
2026-05-17,16.97,22.33,11.22,66.7,2.41,1.14,2.6,17.59,16.98,13.27,2.35,5,137,2026,15.691428571428572,5.64,15.52,6.9,4.51,12.83,7.9,15.32,0.71
2026-05-18,17.59,22.73,13.39,69.37,2.6,1.07,1.43,18.78,16.97,14.86,2.41,5,138,2026,16.08142857142857,5.628571428571428,16.78,3.01,2.68,14.13,3.06,16.52,0.98
2026-05-19,18.78,24.62,13.49,70.68,1.43,1.11,12.9,18.26,17.59,14.03,2.6,5,139,2026,16.76,4.9071428571428575,16.98,2.35,6.48,14.64,1.56,16.72,1.41
2026-05-20,18.26,23.12,14.11,80.99,12.9,1.01,8.16,18.44,18.78,14.7,1.43,5,140,2026,17.268571428571427,4.514285714285714,16.97,2.41,15.65,13.64,9.3,17.32,0.29
2026-05-21,18.44,22.69,15.94,81.81,8.16,1.0,5.88,18.38,18.26,15.52,12.9,5,141,2026,17.685714285714287,4.694285714285714,17.59,2.6,6.9,12.83,5.17,17.26,0.08
2026-05-22,18.38,22.65,15.01,80.24,5.88,1.06,6.06,18.55,18.44,16.78,8.16,5,142,2026,17.914285714285715,5.104285714285715,18.78,1.43,3.01,12.79,4.88,18.14,0.45
2026-05-23,18.55,23.12,14.75,74.33,6.06,0.99,2.25,18.01,18.38,16.98,5.88,5,143,2026,18.138571428571428,5.634285714285714,18.26,12.9,2.35,12.92,3.18,18.54,0.0
2026-05-24,18.01,23.45,13.01,63.94,2.25,1.0,5.86,17.39,18.55,16.97,6.06,5,144,2026,18.287142857142857,5.611428571428571,18.44,8.16,2.41,13.27,4.51,18.71,0.26
2026-05-25,17.39,22.95,11.89,68.3,5.86,0.99,18.49,16.59,18.01,17.59,2.25,5,145,2026,18.25857142857143,6.077142857142857,18.38,5.88,2.6,14.86,2.68,17.1,6.06
2026-05-26,16.59,22.69,12.38,76.05,18.49,1.01,4.11,16.18,17.39,18.78,5.86,5,146,2026,17.945714285714285,8.514285714285714,18.55,6.06,1.43,14.03,6.48,16.66,8.66
2026-05-27,16.18,21.13,11.67,72.67,4.11,0.99,16.53,15.36,16.59,18.26,18.49,5,147,2026,17.64857142857143,7.258571428571429,18.01,2.25,12.9,14.7,15.65,16.21,0.79
2026-05-28,15.36,20.36,12.5,81.92,16.53,0.87,8.66,15.96,16.18,18.44,4.11,5,148,2026,17.208571428571428,8.454285714285714,17.39,5.86,8.16,15.52,6.9,16.95,0.72
2026-05-29,15.96,20.06,12.25,79.7,8.66,0.85,6.03,16.36,15.36,18.38,16.53,5,149,2026,16.862857142857145,8.85142857142857,16.59,18.49,5.88,16.78,3.01,15.17,11.32
2026-05-30,16.36,20.01,12.17,80.26,6.03,0.95,4.98,17.28,15.96,18.55,8.66,5,150,2026,16.55,8.847142857142858,16.18,4.11,6.06,16.98,2.35,13.41,2.67
2026-05-31,17.28,21.4,13.15,76.92,4.98,0.94,3.58,17.86,16.36,18.01,6.03,5,151,2026,16.445714285714285,9.237142857142857,15.36,16.53,2.25,16.97,2.41,12.95,12.72
2026-06-01,17.86,22.78,12.28,73.24,3.58,1.03,2.62,18.29,17.28,17.39,4.98,6,152,2026,16.512857142857143,8.911428571428571,15.96,8.66,5.86,17.59,2.6,12.25,9.53
2026-06-02,18.29,23.25,13.4,71.44,2.62,0.98,3.02,18.73,17.86,16.59,3.58,6,153,2026,16.755714285714284,6.644285714285715,16.36,6.03,18.49,18.78,1.43,12.83,7.9
2026-06-03,18.73,22.91,14.48,69.04,3.02,0.96,3.1,18.59,18.29,16.18,2.62,6,154,2026,17.12,6.488571428571428,17.28,4.98,4.11,18.26,12.9,14.13,3.06
2026-06-04,18.59,23.2,13.81,66.83,3.1,1.01,3.12,18.9,18.73,15.36,3.02,6,155,2026,17.58142857142857,4.57,17.86,3.58,16.53,18.44,8.16,14.64,1.56
