date,temp,temp_max,temp_min,humidity,rainfall,wind_speed
2010-01-01,5.27,13.61,-1.82,34.11,0.0,1.45
2010-01-02,7.39,15.36,1.25,27.97,0.0,1.34
2010-01-03,9.31,17.12,5.41,26.22,0.0,1.31
2010-01-04,8.17,15.8,4.17,44.04,0.0,1.8
2010-01-05,6.95,14.86,1.36,49.21,0.0,1.39
2010-01-06,7.5,14.5,2.09,44.83,0.0,1.3
2010-01-07,8.86,16.52,3.45,36.83,0.0,1.27
2010-01-08,9.2,16.57,5.08,26.32,0.0,1.34
2010-01-09,8.07,16.46,3.57,25.35,0.0,1.62
2010-01-10,8.18,16.73,3.76,27.04,0.0,1.63
2010-01-11,7.6,16.5,2.74,28.56,0.0,1.66
2010-01-12,7.23,15.67,2.35,28.24,0.04,1.67
2010-01-13,7.18,15.08,2.6,35.48,0.12,1.61
2010-01-14,7.01,14.04,1.15,62.75,0.0,1.54
2010-01-15,8.34,14.97,4.62,46.1,0.0,1.37
2010-01-16,8.82,16.22,3.79,36.71,0.0,1.4
2010-01-17,9.18,15.32,5.91,34.7,0.0,1.21
2010-01-18,8.43,14.97,4.62,29.95,0.0,1.46
2010-01-19,7.5,14.42,3.87,26.01,0.0,1.46
2010-01-20,7.81,14.81,3.24,27.61,0.0,1.39
2010-01-21,7.89,14.52,4.13,28.11,0.0,1.44
2010-01-22,7.81,14.99,3.37,31.39,0.0,1.45
2010-01-23,7.73,14.57,3.81,33.4,0.0,1.52
2010-01-24,8.02,14.53,3.65,32.95,0.0,1.27
2010-01-25,7.35,13.76,3.9,34.85,0.0,1.37
2010-01-26,6.89,13.44,2.3,34.16,0.0,1.63
2010-01-27,7.56,14.54,3.35,34.08,0.0,1.53
2010-01-28,7.57,14.2,3.37,37.42,0.0,1.49
2010-01-29,7.81,13.75,3.83,39.53,0.0,1.42
2010-01-30,6.93,14.31,2.01,38.43,0.0,1.67
2010-01-31,6.74,13.2,3.06,40.55,0.0,1.44
2010-02-01,6.52,13.45,1.76,33.37,0.0,1.53
2010-02-02,5.6,13.77,-0.28,26.66,0.0,1.73
2010-02-03,5.24,12.89,-0.47,25.79,0.0,1.72
2010-02-04,5.19,13.08,-0.28,29.73,0.0,1.73
2010-02-05,5.69,12.85,0.35,31.87,0.0,1.75
2010-02-06,7.83,15.98,2.58,29.67,0.0,1.48
2010-02-07,8.55,15.43,4.03,30.26,0.0,1.53
2010-02-08,9.13,15.62,4.83,40.33,0.0,1.52
2010-02-09,6.93,11.17,3.05,63.69,2.36,0.92
2010-02-10,7.46,15.25,1.81,46.24,0.16,1.95
2010-02-11,8.61,16.56,2.66,27.66,0.07,1.81
2010-02-12,7.99,15.19,4.21,40.05,2.11,1.44
2010-02-13,8.02,15.67,2.65,46.13,0.52,1.85
2010-02-14,7.57,15.93,1.74,25.1,0.0,1.95
2010-02-15,7.87,16.17,0.94,22.65,0.08,1.65
2010-02-16,8.28,16.22,3.25,31.81,0.0,1.74
2010-02-17,7.39,15.88,0.43,37.98,0.0,1.92
2010-02-18,7.85,15.78,1.01,41.53,0.0,1.93
2010-02-19,8.87,15.87,3.99,31.57,0.0,1.61
2010-02-20,8.96,15.86,3.87,36.25,0.0,1.78
2010-02-21,10.02,16.95,5.67,30.92,0.0,1.66
2010-02-22,9.83,16.84,5.34,32.75,0.0,1.49
2010-02-23,9.07,15.77,4.54,39.58,0.07,1.7
2010-02-24,9.23,16.06,4.65,41.49,0.0,1.82
2010-02-25,10.05,17.68,5.13,41.65,0.01,1.83
2010-02-26,10.31,17.35,6.6,46.9,0.93,1.67
2010-02-27,10.16,16.68,5.89,52.78,0.06,1.84
2010-02-28,11.46,18.62,6.53,47.93,0.0,1.61
2010-03-01,10.86,17.62,6.79,52.63,0.12,1.76
2010-03-02,11.21,18.39,6.25,44.18,0.0,1.94
2010-03-03,12.14,19.62,7.17,36.25,0.08,1.64
2010-03-04,11.97,19.78,6.06,34.22,0.0,2.0
2010-03-05,11.45,19.14,5.93,40.39,0.0,2.68
2010-03-06,12.17,20.65,5.52,40.3,0.0,1.98
2010-03-07,12.17,19.67,7.03,28.66,0.0,2.03
2010-03-08,12.39,20.66,6.29,25.78,0.0,1.98
2010-03-09,12.13,20.09,6.99,23.11,0.0,1.82
2010-03-10,12.25,20.44,6.94,20.22,0.0,1.75
2010-03-11,12.46,20.2,7.43,21.3,0.0,1.79
2010-03-12,12.16,19.81,6.9,22.68,0.0,2.01
2010-03-13,11.88,19.51,6.24,26.94,0.06,2.02
2010-03-14,11.8,19.09,6.31,35.62,0.37,1.78
2010-03-15,11.6,18.02,5.58,41.66,0.01,1.79
2010-03-16,12.59,19.21,7.44,40.97,0.17,1.8
2010-03-17,13.14,20.07,7.62,42.69,0.61,1.65
2010-03-18,13.63,19.98,9.44,42.64,0.01,1.6
2010-03-19,15.86,24.07,9.37,31.76,0.0,1.91
2010-03-20,17.09,26.15,10.02,28.23,0.0,1.82
2010-03-21,17.01,24.05,11.8,33.99,0.0,1.97
2010-03-22,16.51,23.99,11.2,34.74,0.0,1.97
2010-03-23,16.71,24.67,10.39,29.75,0.0,2.21
2010-03-24,16.82,25.05,10.27,25.88,0.0,2.1
2010-03-25,16.78,24.51,10.43,24.71,0.0,1.96
2010-03-26,15.82,23.2,10.14,28.58,0.0,2.07
2010-03-27,15.42,23.37,9.31,32.09,0.01,2.1
2010-03-28,15.6,23.07,9.08,31.69,0.0,2.18
2010-03-29,15.6,23.25,9.54,31.26,0.0,2.19
2010-03-30,14.75,21.92,8.69,32.07,0.0,2.08
2010-03-31,14.28,21.8,7.55,35.0,0.01,2.46
2010-04-01,15.1,23.11,7.77,29.9,0.0,2.51
2010-04-02,15.21,23.26,8.1,22.67,0.0,2.09
2010-04-03,15.49,24.22,7.56,19.35,0.0,2.14
2010-04-04,16.01,24.23,9.0,23.25,0.0,2.2
2010-04-05,15.91,24.51,8.36,20.58,0.0,2.29
2010-04-06,16.61,24.79,9.34,17.66,0.0,2.19
2010-04-07,17.51,25.73,10.58,13.88,0.0,1.89
2010-04-08,17.41,25.25,10.8,14.58,0.0,2.02
2010-04-09,18.45,26.53,12.66,16.2,0.0,2.06
2010-04-10,17.18,24.78,11.52,18.24,0.01,1.86
2010-04-11,18.87,27.1,11.4,20.82,0.0,2.2
2010-04-12,18.53,26.48,11.66,26.12,0.0,2.12
2010-04-13,17.26,24.31,11.13,31.75,0.02,1.82
2010-04-14,18.25,25.55,12.18,31.57,0.04,2.07
2010-04-15,17.98,24.36,13.11,35.97,0.23,1.88
2010-04-16,17.84,24.46,12.2,43.32,0.0,1.94
2010-04-17,17.84,24.73,11.49,45.14,0.44,2.06
2010-04-18,18.75,25.66,12.87,43.96,1.66,2.1
2010-04-19,18.84,26.13,11.71,44.47,0.01,2.35
2010-04-20,19.86,27.7,11.73,39.57,0.0,2.63
2010-04-21,20.11,27.9,11.94,34.18,0.0,2.3
2010-04-22,19.72,27.58,12.33,30.25,0.0,2.3
2010-04-23,19.19,26.83,11.64,26.26,0.0,2.2
2010-04-24,18.22,26.26,11.1,22.69,0.0,2.17
2010-04-25,17.82,25.93,9.89,21.29,0.07,2.26
2010-04-26,17.7,25.47,9.67,25.0,2.15,2.12
2010-04-27,16.95,23.75,11.59,39.48,0.02,2.02
2010-04-28,17.77,24.12,12.26,52.98,0.01,1.74
2010-04-29,16.37,21.16,11.64,58.88,0.26,1.89
2010-04-30,17.22,22.25,12.74,64.9,0.37,1.76
2010-05-01,17.0,22.19,13.06,73.86,3.85,1.5
2010-05-02,17.27,22.15,13.24,60.8,0.35,1.67
2010-05-03,15.14,19.67,12.26,65.7,0.2,1.1
2010-05-04,17.0,22.74,12.93,58.19,0.08,1.69
2010-05-05,16.28,21.03,12.44,67.32,4.89,1.41
2010-05-06,14.93,19.17,12.08,77.62,2.13,1.64
2010-05-07,14.6,18.57,11.05,74.61,5.51,1.49
2010-05-08,16.09,21.16,11.5,68.88,2.91,2.13
2010-05-09,17.9,24.01,12.42,55.2,0.16,2.56
2010-05-10,18.96,26.14,11.62,43.09,0.0,2.25
2010-05-11,19.42,27.19,11.32,38.08,0.02,2.29
2010-05-12,19.26,26.75,11.06,31.83,0.0,2.22
2010-05-13,19.28,26.94,11.16,27.79,0.0,2.3
2010-05-14,19.37,27.16,11.82,30.07,0.5,2.12
2010-05-15,18.98,26.26,12.2,36.23,0.02,2.34
2010-05-16,19.29,26.17,12.55,38.08,1.04,2.24
2010-05-17,19.35,26.12,12.88,42.32,0.45,2.06
2010-05-18,19.36,25.63,13.59,53.49,0.08,1.81
2010-05-19,20.06,25.57,14.84,62.02,0.54,1.73
2010-05-20,18.88,24.55,14.49,65.45,11.73,1.81
2010-05-21,17.93,23.06,12.86,66.44,0.63,1.94
2010-05-22,19.21,25.74,13.19,64.81,1.45,2.09
2010-05-23,17.67,21.69,14.57,82.88,14.82,1.72
2010-05-24,17.51,22.02,14.2,80.54,14.65,2.07
2010-05-25,18.49,23.73,14.33,65.09,0.67,1.99
2010-05-26,19.38,25.41,13.54,52.77,0.28,1.99
2010-05-27,18.81,24.07,14.04,59.53,0.99,2.04
2010-05-28,18.53,23.77,14.09,68.9,1.15,2.07
2010-05-29,18.62,23.83,14.0,69.18,1.82,2.0
2010-05-30,18.33,24.3,13.78,69.25,4.8,1.82
2010-05-31,18.66,24.18,12.78,64.54,0.97,2.05
2010-06-01,19.86,25.69,14.7,54.2,0.32,2.17
2010-06-02,19.72,25.97,13.89,45.49,0.96,1.89
2010-06-03,19.48,25.58,14.45,56.49,0.53,1.9
2010-06-04,19.89,25.03,15.6,61.97,0.17,2.16
2010-06-05,20.14,25.57,15.2,59.41,0.73,2.59
2010-06-06,20.35,26.65,15.09,45.32,0.01,2.38
2010-06-07,20.79,27.52,14.62,34.11,0.0,2.15
2010-06-08,20.55,26.64,14.45,41.14,0.0,1.96
2010-06-09,21.16,27.46,15.99,49.0,0.0,2.24
2010-06-10,20.7,27.01,14.15,51.05,0.48,1.93
2010-06-11,19.76,26.15,13.89,57.79,1.67,1.79
2010-06-12,19.35,26.05,13.42,60.51,2.29,1.95
2010-06-13,19.49,26.11,14.47,62.67,2.92,2.19
2010-06-14,19.68,25.95,13.72,62.44,1.17,2.09
2010-06-15,19.43,24.74,13.64,66.02,1.07,2.05
2010-06-16,20.19,25.36,15.53,71.8,4.49,1.86
2010-06-17,19.98,25.19,15.31,73.73,11.33,1.92
2010-06-18,19.16,23.21,15.98,82.54,16.63,1.73
2010-06-19,19.57,24.33,15.6,82.4,2.84,1.87
2010-06-20,19.44,23.69,16.62,82.35,0.9,2.36
2010-06-21,19.55,24.63,16.12,80.49,0.44,2.04
2010-06-22,19.22,23.76,16.51,82.74,2.23,1.75
2010-06-23,19.69,24.35,16.41,83.5,4.26,2.11
2010-06-24,18.65,22.38,15.78,82.78,2.42,2.28
2010-06-25,19.61,24.87,15.66,78.91,0.38,2.07
2010-06-26,19.57,23.31,16.79,82.96,1.92,2.23
2010-06-27,20.29,25.91,15.99,75.86,3.63,1.75
2010-06-28,20.16,24.75,17.03,77.47,0.4,1.85
2010-06-29,20.13,25.39,15.65,74.82,3.66,1.81
2010-06-30,19.93,24.78,16.58,78.72,2.74,1.96
2010-07-01,19.34,23.94,15.24,78.23,5.32,1.96
2010-07-02,19.27,24.38,15.09,76.77,1.44,1.86
2010-07-03,19.32,24.26,15.51,78.95,0.92,2.11
2010-07-04,19.24,23.91,15.98,82.0,3.13,2.05
2010-07-05,19.61,24.61,15.79,80.71,2.02,2.11
2010-07-06,19.31,22.86,17.03,83.51,1.73,2.22
2010-07-07,19.12,22.99,16.61,84.22,2.81,2.05
2010-07-08,19.75,24.29,15.83,81.97,5.26,2.17
2010-07-09,19.3,22.48,16.75,86.36,6.59,2.16
2010-07-10,19.2,21.41,17.32,91.66,11.4,2.05
2010-07-11,18.55,21.32,16.64,91.87,18.68,1.74
2010-07-12,18.12,21.28,16.13,89.31,7.34,1.68
2010-07-13,18.97,23.27,15.37,83.9,3.99,2.28
2010-07-14,19.58,24.35,15.47,84.53,2.56,1.77
2010-07-15,19.12,22.1,17.06,89.89,1.21,1.93
2010-07-16,19.25,23.44,15.85,86.16,5.97,2.04
2010-07-17,19.32,22.91,17.04,90.74,15.19,2.28
2010-07-18,19.25,22.75,17.19,90.05,9.7,2.32
2010-07-19,18.44,20.8,16.58,88.83,14.02,1.78
2010-07-20,18.07,21.02,15.62,89.16,8.16,1.57
2010-07-21,18.68,22.36,15.81,88.38,2.88,2.09
2010-07-22,18.71,21.42,16.62,91.69,6.75,2.05
2010-07-23,18.7,20.87,16.95,94.21,6.9,2.06
2010-07-24,18.61,21.87,16.23,89.13,2.24,1.56
2010-07-25,19.45,24.5,15.64,85.19,3.33,2.38
2010-07-26,18.32,22.29,15.74,87.99,11.94,2.21
2010-07-27,17.39,19.77,14.62,86.16,3.88,1.44
2010-07-28,19.42,23.54,15.76,82.69,1.85,1.87
2010-07-29,17.84,20.77,15.27,90.71,8.52,2.04
2010-07-30,18.42,22.73,14.72,83.86,5.33,1.88
2010-07-31,18.18,22.13,15.07,86.54,1.73,2.13
2010-08-01,18.2,22.88,13.75,87.72,3.26,2.23
2010-08-02,17.99,22.07,15.45,89.16,4.17,1.84
2010-08-03,18.67,23.52,14.35,82.94,0.67,2.01
2010-08-04,17.89,20.72,15.58,91.07,2.94,1.77
2010-08-05,18.53,22.57,14.74,86.75,3.15,1.79
2010-08-06,19.28,23.85,15.14,80.57,0.24,2.01
2010-08-07,19.21,23.95,15.19,84.77,0.01,2.11
2010-08-08,19.08,22.72,16.23,85.44,2.96,1.74
2010-08-09,18.93,22.28,16.07,87.51,27.27,1.64
2010-08-10,18.89,22.34,16.41,89.05,0.86,1.68
2010-08-11,18.61,22.56,15.87,88.66,2.49,1.48
2010-08-12,18.66,21.82,16.29,89.44,10.81,1.73
2010-08-13,18.35,20.97,16.6,93.15,3.29,2.1
2010-08-14,18.61,22.17,15.75,91.79,11.99,1.98
2010-08-15,18.56,21.5,16.81,92.41,3.64,1.46
2010-08-16,18.88,21.95,16.3,92.25,13.07,1.92
2010-08-17,18.12,20.01,16.75,94.42,18.25,1.3
2010-08-18,18.14,20.48,16.04,92.19,12.37,1.53
2010-08-19,17.89,20.07,15.89,94.12,19.65,1.86
2010-08-20,18.14,20.77,15.68,92.51,28.66,1.84
2010-08-21,17.94,20.7,15.95,92.86,21.87,1.35
2010-08-22,17.63,20.49,15.55,93.11,15.17,1.65
2010-08-23,17.83,21.01,15.24,91.33,9.72,1.4
2010-08-24,17.34,19.02,15.55,95.93,3.88,1.91
2010-08-25,17.7,21.49,14.84,85.75,0.82,1.39
2010-08-26,18.25,21.87,15.76,86.61,22.81,1.59
2010-08-27,18.05,21.0,15.36,92.91,9.39,2.14
2010-08-28,18.13,21.8,15.12,89.44,9.66,1.56
2010-08-29,18.8,22.16,15.88,91.69,11.04,1.52
2010-08-30,17.98,20.53,15.86,94.08,7.97,1.42
2010-08-31,18.25,22.01,15.12,90.36,20.68,1.62
2010-09-01,17.45,20.47,14.58,91.18,9.03,1.36
2010-09-02,17.69,20.74,15.12,91.46,11.88,1.1
2010-09-03,18.09,21.17,15.98,91.61,4.01,1.45
2010-09-04,17.6,20.96,14.85,91.82,4.25,1.65
2010-09-05,17.67,20.28,15.47,94.24,12.37,1.74
2010-09-06,17.35,20.3,13.89,93.82,12.3,1.59
2010-09-07,17.52,21.14,13.86,84.93,2.37,1.19
2010-09-08,17.57,20.86,14.63,88.22,1.2,1.27
2010-09-09,16.94,20.73,13.67,87.97,0.66,1.29
2010-09-10,17.16,20.8,14.24,87.41,4.4,1.41
2010-09-11,17.39,21.05,15.15,92.06,3.98,1.33
2010-09-12,16.29,19.53,14.27,91.26,2.94,0.98
2010-09-13,17.14,20.87,14.5,87.6,3.46,1.53
2010-09-14,16.95,20.69,14.01,90.69,3.9,1.7
2010-09-15,16.32,20.07,13.34,89.9,5.44,1.26
2010-09-16,16.07,19.66,13.87,90.86,7.46,1.47
2010-09-17,16.28,20.38,13.33,87.3,4.27,1.5
2010-09-18,16.17,19.38,13.28,91.83,1.85,1.57
2010-09-19,16.01,20.0,13.27,90.89,4.4,1.55
2010-09-20,16.45,19.9,13.39,87.45,19.76,1.47
2010-09-21,16.4,19.34,14.3,93.99,33.43,1.57
2010-09-22,15.89,17.65,14.69,95.71,27.42,1.23
2010-09-23,15.51,17.94,13.17,86.7,6.85,0.92
2010-09-24,16.22,20.01,13.75,83.69,1.06,1.44
2010-09-25,16.12,20.16,13.2,85.28,1.32,1.32
2010-09-26,16.26,20.92,13.27,78.07,0.01,1.29
2010-09-27,15.89,20.41,12.61,79.81,0.0,1.4
2010-09-28,16.0,20.31,13.02,85.75,0.0,1.37
2010-09-29,15.65,19.52,12.71,86.78,0.0,1.24
2010-09-30,15.92,20.33,12.42,84.76,0.0,1.28
2010-10-01,16.05,20.36,12.85,85.28,0.0,1.21
2010-10-02,16.12,20.26,13.07,86.47,0.0,1.14
2010-10-03,16.41,20.95,13.09,82.24,0.0,1.3
2010-10-04,15.71,20.35,11.94,78.2,1.81,1.34
2010-10-05,14.94,19.14,12.08,70.38,3.19,1.2
2010-10-06,14.31,18.89,10.68,70.13,1.77,1.27
2010-10-07,14.54,18.73,11.7,77.79,2.18,1.11
2010-10-08,14.18,18.83,11.01,76.88,0.22,1.39
2010-10-09,13.97,17.66,10.7,91.87,0.14,1.56
2010-10-10,14.1,18.12,10.99,91.36,0.75,1.19
2010-10-11,13.7,18.37,10.31,82.03,0.01,1.16
2010-10-12,13.23,18.06,9.46,66.31,0.0,1.18
2010-10-13,13.94,18.75,10.37,65.68,0.05,1.21
2010-10-14,14.55,18.45,11.45,76.32,0.27,1.2
2010-10-15,15.8,19.56,12.93,86.29,6.89,1.21
2010-10-16,15.05,17.59,12.9,90.76,6.17,1.0
2010-10-17,13.94,16.49,12.24,88.87,6.65,0.66
2010-10-18,14.83,18.78,12.03,84.27,0.13,1.22
2010-10-19,15.22,19.55,11.63,84.94,0.13,1.18
2010-10-20,15.28,19.38,12.5,79.83,2.57,1.14
2010-10-21,14.11,18.46,10.53,81.05,2.01,1.16
2010-10-22,13.24,18.04,10.04,74.38,0.02,1.12
2010-10-23,13.16,18.34,9.12,64.29,0.0,1.26
2010-10-24,12.85,18.35,8.45,65.99,0.0,1.32
2010-10-25,12.77,18.02,9.29,57.83,0.0,1.2
2010-10-26,11.95,17.29,8.74,59.53,0.0,1.33
2010-10-27,11.85,17.51,8.18,56.95,0.0,1.32
2010-10-28,12.06,17.21,8.78,54.79,0.0,1.21
2010-10-29,12.48,17.42,9.72,62.98,0.0,1.13
2010-10-30,13.03,17.44,10.38,63.42,0.39,1.02
2010-10-31,12.19,16.34,8.98,61.92,1.07,1.04
2010-11-01,11.12,16.42,7.26,62.4,0.17,1.21
2010-11-02,10.62,15.76,6.7,67.92,0.0,1.14
2010-11-03,11.66,16.75,7.92,75.22,0.0,1.23
2010-11-04,12.29,17.13,9.05,75.34,0.0,1.23
2010-11-05,12.99,18.03,9.4,77.75,0.0,1.18
2010-11-06,12.84,17.8,9.84,75.04,0.0,1.03
2010-11-07,12.28,17.14,8.62,76.93,0.0,1.21
2010-11-08,12.61,17.03,9.47,80.68,0.0,1.3
2010-11-09,13.32,17.12,10.55,82.77,0.0,1.09
2010-11-10,12.65,16.5,10.23,85.85,0.0,1.2
2010-11-11,12.0,16.25,9.08,86.16,0.06,1.16
2010-11-12,11.44,15.71,9.11,88.67,0.3,1.22
2010-11-13,10.65,14.52,7.86,87.98,0.31,1.09
2010-11-14,11.01,15.54,7.53,82.84,0.35,1.19
2010-11-15,11.5,15.81,8.84,86.04,0.0,1.17
2010-11-16,11.33,15.25,8.93,86.71,0.0,0.85
2010-11-17,11.61,15.32,9.39,83.45,0.41,0.98
2010-11-18,11.4,15.41,8.39,77.35,0.07,1.12
2010-11-19,10.22,15.12,6.99,77.48,0.09,1.27
2010-11-20,8.88,14.39,5.52,73.13,0.0,1.5
2010-11-21,9.03,14.05,6.08,63.62,0.0,1.19
2010-11-22,10.12,14.72,7.78,62.12,0.0,0.98
2010-11-23,10.27,15.59,7.53,68.31,0.0,1.24
2010-11-24,11.16,16.36,7.71,65.83,0.0,1.3
2010-11-25,12.0,16.71,9.03,71.9,0.0,1.15
2010-11-26,11.23,16.97,7.83,73.35,0.0,1.28
2010-11-27,10.72,15.96,7.81,69.59,0.0,1.2
2010-11-28,9.75,15.41,5.26,57.03,0.0,1.31
2010-11-29,8.86,15.08,5.15,49.48,0.0,1.61
2010-11-30,8.41,13.79,4.28,48.67,0.0,1.24
2010-12-01,7.93,13.45,4.13,53.41,0.0,1.03
2010-12-02,7.49,13.2,3.97,42.18,0.0,0.99
2010-12-03,7.44,13.75,3.29,39.55,0.0,1.07
2010-12-04,7.56,13.23,3.48,52.5,0.0,1.19
2010-12-05,8.37,14.23,4.57,40.05,0.0,1.12
2010-12-06,9.37,15.49,5.88,30.73,0.0,1.03
2010-12-07,9.76,16.21,6.34,31.81,0.07,1.22
2010-12-08,9.46,14.78,6.21,34.86,0.02,0.96
2010-12-09,9.58,15.54,5.71,43.21,0.0,1.23
2010-12-10,9.1,15.2,4.64,54.88,0.0,1.22
2010-12-11,7.41,13.46,3.94,50.94,0.0,1.41
2010-12-12,6.59,12.36,3.18,52.88,0.0,1.16
2010-12-13,6.93,11.8,3.32,61.04,0.0,1.14
2010-12-14,5.53,11.2,1.68,54.51,0.0,1.18
2010-12-15,6.31,12.88,0.68,57.2,0.0,1.29
2010-12-16,8.05,13.89,4.47,46.62,0.0,1.08
2010-12-17,6.89,13.5,2.78,43.86,0.0,1.42
2010-12-18,5.76,12.93,1.87,42.51,0.0,1.46
2010-12-19,4.29,11.01,-0.26,46.35,0.0,1.37
2010-12-20,5.25,13.18,-1.79,40.67,0.0,1.38
2010-12-21,6.33,12.05,2.34,41.86,0.0,1.18
2010-12-22,5.51,11.63,1.74,48.69,0.0,1.28
2010-12-23,4.5,11.14,0.7,51.37,0.0,1.35
2010-12-24,4.74,11.39,0.68,44.9,0.0,1.38
2010-12-25,5.23,11.52,1.54,46.73,0.0,1.11
2010-12-26,5.95,12.06,1.92,48.17,0.0,1.23
2010-12-27,6.51,12.73,2.72,44.58,0.0,1.33
2010-12-28,6.98,13.34,3.45,39.11,0.0,1.4
2010-12-29,7.77,14.79,3.81,39.69,0.0,1.4
2010-12-30,8.41,15.75,4.73,39.97,0.0,1.49
2010-12-31,7.04,13.77,2.26,50.51,1.16,1.16
2011-01-01,4.08,10.37,0.15,72.96,1.2,1.32
2011-01-02,4.29,12.25,-2.1,53.76,0.0,1.31
2011-01-03,5.64,11.68,1.81,45.35,0.0,1.15
2011-01-04,6.27,12.73,1.68,47.93,0.0,1.28
2011-01-05,6.67,13.23,2.9,46.26,0.0,1.39
2011-01-06,6.42,14.17,1.21,46.07,0.0,1.54
2011-01-07,6.56,13.09,3.19,39.28,0.0,1.22
2011-01-08,5.63,13.14,1.56,38.9,0.0,1.36
2011-01-09,4.39,11.34,0.41,39.3,0.0,1.46
2011-01-10,3.57,10.43,-1.0,39.85,0.0,1.41
2011-01-11,4.32,12.49,-1.35,41.48,0.0,1.39
2011-01-12,5.47,12.17,1.76,42.47,0.0,1.22
2011-01-13,4.67,11.26,1.25,48.17,0.0,1.55
2011-01-14,5.46,12.66,1.07,44.61,0.0,1.62
2011-01-15,5.03,12.6,0.74,46.82,0.0,1.75
2011-01-16,2.27,6.68,-0.45,74.16,0.0,1.17
2011-01-17,2.63,10.53,-4.03,53.05,0.0,1.56
2011-01-18,2.7,8.71,-1.03,62.76,0.0,1.38
2011-01-19,2.54,8.62,-1.71,63.37,0.0,1.53
2011-01-20,3.9,10.28,-0.37,55.7,0.0,1.22
2011-01-21,4.47,10.99,0.46,60.25,0.0,1.48
2011-01-22,5.07,11.75,0.63,59.24,0.0,1.41
2011-01-23,5.05,11.82,0.78,54.04,0.0,1.67
2011-01-24,4.79,11.87,0.99,46.39,0.0,1.69
2011-01-25,5.15,11.94,1.03,41.37,0.0,1.65
2011-01-26,3.76,9.72,-1.06,60.43,0.0,1.22
2011-01-27,5.21,12.04,-0.93,54.89,0.0,1.59
2011-01-28,6.19,12.82,2.25,42.0,0.0,1.45
2011-01-29,5.39,11.62,0.82,39.62,0.06,1.51
2011-01-30,5.94,12.24,1.88,49.61,0.0,1.46
2011-01-31,6.45,12.74,2.47,60.12,0.0,1.57
2011-02-01,7.07,13.07,2.45,49.89,0.0,1.43
2011-02-02,7.47,13.7,2.78,47.69,0.0,1.43
2011-02-03,8.37,16.01,0.99,43.88,0.0,1.48
2011-02-04,9.83,16.2,4.82,39.87,0.0,1.5
2011-02-05,10.02,16.43,6.33,47.35,0.0,1.37
2011-02-06,9.9,16.62,5.74,46.16,0.0,1.62
2011-02-07,10.44,17.45,6.22,39.18,0.0,1.78
2011-02-08,9.27,15.76,4.31,44.34,0.0,1.78
2011-02-09,7.95,14.73,2.22,47.07,0.0,1.73
2011-02-10,8.62,15.5,3.06,42.72,0.0,1.52
2011-02-11,8.71,15.1,4.17,39.76,0.0,1.63
2011-02-12,8.9,15.37,4.31,41.56,0.0,1.5
2011-02-13,8.95,15.21,4.71,47.48,0.0,1.35
2011-02-14,9.58,16.1,5.82,48.75,0.0,1.68
2011-02-15,9.14,15.14,5.56,58.78,0.63,1.48
2011-02-16,7.6,11.67,4.75,79.98,7.84,1.31
2011-02-17,5.75,10.61,1.52,72.36,0.71,1.46
2011-02-18,4.99,11.87,-0.46,48.32,0.0,1.84
2011-02-19,5.58,12.7,-0.05,36.57,0.0,1.59
2011-02-20,6.71,13.98,0.77,35.46,0.0,1.56
2011-02-21,6.18,12.63,1.34,37.71,0.02,1.41
2011-02-22,7.13,14.45,0.18,42.75,0.0,1.57
2011-02-23,9.29,16.3,4.46,36.46,0.0,1.63
2011-02-24,9.14,16.67,3.76,29.88,0.0,1.65
2011-02-25,6.65,10.91,3.15,44.73,0.0,0.81
2011-02-26,6.86,14.3,1.1,42.05,0.0,1.75
2011-02-27,6.52,14.55,-0.2,39.32,0.0,1.86
2011-02-28,8.48,16.74,1.2,31.65,0.0,1.76
2011-03-01,9.9,17.18,4.5,29.76,0.0,1.73
2011-03-02,10.7,17.13,5.54,39.64,0.0,1.8
2011-03-03,10.55,17.33,5.69,48.25,0.35,1.77
2011-03-04,9.29,14.11,6.22,58.42,0.15,1.68
2011-03-05,10.67,18.16,5.99,43.58,0.0,2.21
2011-03-06,11.16,19.4,5.0,32.47,0.0,2.33
2011-03-07,12.61,20.23,8.09,27.28,0.0,1.81
2011-03-08,12.12,19.34,7.81,31.15,0.0,1.84
2011-03-09,10.75,16.91,5.46,40.89,0.5,1.9
2011-03-10,10.53,18.17,3.99,35.31,0.01,1.84
2011-03-11,9.88,16.01,4.56,36.03,0.0,1.54
2011-03-12,10.12,16.92,4.8,40.89,0.0,1.89
2011-03-13,11.07,17.27,6.3,39.7,0.0,1.69
2011-03-14,12.05,18.95,6.56,34.52,0.0,1.39
2011-03-15,12.23,20.08,5.9,29.9,0.0,1.39
2011-03-16,12.94,21.19,6.36,35.28,0.0,1.98
2011-03-17,12.46,19.01,7.69,44.01,0.0,1.91
2011-03-18,11.76,18.82,6.17,52.9,0.0,1.9
2011-03-19,12.97,19.36,7.98,46.67,0.0,2.13
2011-03-20,12.85,20.26,6.84,40.35,0.0,2.14
2011-03-21,12.67,20.27,7.35,40.1,0.0,2.24
2011-03-22,13.57,21.62,7.4,28.2,0.0,1.85
2011-03-23,13.5,20.62,7.41,25.59,0.05,1.78
2011-03-24,13.22,20.29,7.69,26.81,0.06,1.99
2011-03-25,12.63,19.86,6.71,34.16,0.0,2.22
2011-03-26,13.13,19.94,7.82,40.89,0.14,1.97
2011-03-27,12.56,18.31,8.43,45.97,0.66,1.84
2011-03-28,11.34,16.95,6.82,59.41,0.27,1.61
2011-03-29,11.36,16.39,7.75,67.93,0.41,1.56
2011-03-30,11.39,16.67,6.56,74.7,4.63,1.79
2011-03-31,12.05,19.01,6.55,62.27,0.12,1.8
2011-04-01,11.9,18.96,6.16,44.8,0.0,1.96
2011-04-02,12.4,19.73,6.02,41.14,0.0,1.96
2011-04-03,13.36,20.83,6.71,46.14,1.66,2.11
2011-04-04,11.45,17.83,7.4,59.99,1.0,1.39
2011-04-05,12.28,19.9,5.93,34.06,0.52,2.06
2011-04-06,12.16,20.05,4.59,33.96,0.0,2.04
2011-04-07,13.15,20.12,6.68,32.36,0.0,1.93
2011-04-08,13.2,20.6,5.95,36.04,0.0,2.08
2011-04-09,13.55,21.31,6.87,38.36,0.36,1.97
2011-04-10,13.55,20.01,7.44,43.85,0.38,2.0
2011-04-11,14.76,21.15,9.33,43.72,0.02,2.0
2011-04-12,13.96,20.01,8.49,50.06,0.19,1.62
2011-04-13,12.85,20.11,8.45,53.32,0.19,1.41
2011-04-14,14.51,21.55,8.56,48.6,0.45,1.87
2011-04-15,13.9,19.39,8.75,48.99,0.13,1.97
2011-04-16,15.01,21.83,8.77,45.99,0.49,2.04
2011-04-17,16.65,23.71,10.6,43.99,0.05,1.92
2011-04-18,16.51,23.8,10.22,51.12,2.27,1.78
2011-04-19,15.46,21.99,10.1,59.53,2.65,1.78
2011-04-20,15.77,22.54,10.02,51.77,0.01,2.0
2011-04-21,14.44,22.57,6.52,34.16,0.0,2.22
2011-04-22,13.2,19.71,6.73,23.74,0.0,1.71
2011-04-23,14.39,20.54,8.48,32.52,0.01,1.97
2011-04-24,15.2,21.03,9.54,43.33,1.06,1.93
2011-04-25,14.82,21.47,9.84,57.71,4.81,1.63
2011-04-26,13.16,17.01,10.13,72.81,0.15,1.4
2011-04-27,14.77,20.03,9.99,65.3,0.05,1.63
2011-04-28,16.19,22.22,10.21,66.12,0.67,1.84
2011-04-29,14.86,18.99,11.75,74.17,2.43,1.34
2011-04-30,15.61,20.47,11.8,72.02,1.98,1.52
2011-05-01,15.62,20.3,11.25,73.9,15.64,1.81
2011-05-02,16.44,22.68,9.96,56.02,6.54,1.95
2011-05-03,16.83,22.52,11.59,52.86,3.75,1.77
2011-05-04,17.6,23.61,12.65,56.39,3.61,1.8
2011-05-05,16.67,22.46,10.98,64.37,0.0,1.74
2011-05-06,17.25,22.81,11.97,65.54,0.11,1.75
2011-05-07,16.96,22.79,12.26,65.88,0.67,1.67
2011-05-08,16.11,22.71,10.45,55.61,2.07,1.79
2011-05-09,16.39,21.95,11.31,55.57,0.8,1.89
2011-05-10,17.42,23.51,12.14,55.65,0.06,1.95
2011-05-11,17.9,23.9,12.92,52.97,2.61,2.11
2011-05-12,16.94,23.4,11.12,59.27,8.68,2.07
2011-05-13,17.74,23.63,12.54,60.78,0.16,1.86
2011-05-14,18.0,24.18,11.9,56.28,0.05,1.99
2011-05-15,18.65,24.44,13.22,53.18,1.7,1.87
2011-05-16,18.68,24.01,13.66,59.07,1.96,1.71
2011-05-17,18.34,23.34,13.67,69.62,6.14,1.72
2011-05-18,16.87,21.37,13.21,75.87,4.94,1.59
2011-05-19,15.95,20.72,12.73,72.17,6.96,1.52
2011-05-20,15.73,20.99,11.76,74.67,8.11,1.9
2011-05-21,17.11,22.6,12.81,75.97,17.65,1.81
2011-05-22,16.68,21.74,12.4,77.44,6.76,1.98
2011-05-23,16.84,21.82,12.4,68.74,0.71,2.08
2011-05-24,18.33,23.59,13.8,60.56,0.31,2.11
2011-05-25,18.48,24.23,12.9,64.73,2.93,1.89
2011-05-26,18.5,23.26,14.17,78.5,3.26,1.48
2011-05-27,18.83,23.79,15.14,71.68,0.19,1.47
2011-05-28,18.38,24.12,13.87,68.35,0.87,1.77
2011-05-29,18.48,23.85,13.88,70.84,0.35,2.06
2011-05-30,17.17,20.57,14.3,83.39,0.93,1.73
2011-05-31,17.7,22.93,12.83,66.63,0.34,1.81
2011-06-01,17.99,23.16,13.28,72.41,2.01,1.7
2011-06-02,18.27,23.4,13.73,70.55,0.82,1.7
2011-06-03,19.04,24.78,13.29,61.95,1.94,1.89
2011-06-04,18.58,24.56,12.79,52.8,1.09,2.0
2011-06-05,19.14,25.15,13.27,45.24,0.29,1.96
2011-06-06,19.4,25.5,14.05,52.94,1.09,1.91
2011-06-07,18.57,24.41,12.77,60.41,3.77,1.67
2011-06-08,17.92,22.89,13.22,68.94,1.27,1.82
2011-06-09,18.3,23.83,13.22,63.3,0.01,1.93
2011-06-10,18.8,24.37,13.13,58.43,0.07,2.19
2011-06-11,19.07,24.23,13.46,60.34,0.36,1.85
2011-06-12,19.07,24.21,14.68,73.52,0.8,2.07
2011-06-13,18.46,22.54,15.0,82.21,6.17,1.81
2011-06-14,19.0,23.44,14.6,74.96,0.97,1.92
2011-06-15,18.94,24.06,15.11,78.25,2.3,2.14
2011-06-16,19.35,24.58,15.28,80.84,5.31,2.11
2011-06-17,19.71,24.7,16.35,77.99,7.01,1.74
2011-06-18,19.0,24.38,16.01,79.3,9.04,1.43
2011-06-19,17.82,21.2,15.69,83.82,14.58,1.32
2011-06-20,19.39,24.46,15.4,77.89,1.71,2.29
2011-06-21,19.99,25.39,14.92,78.85,1.13,2.24
2011-06-22,19.31,23.65,16.46,85.59,5.52,1.91
2011-06-23,19.36,23.4,16.13,87.06,11.93,1.97
2011-06-24,19.65,23.89,16.28,85.34,20.28,2.28
2011-06-25,18.32,21.37,16.52,85.62,13.37,1.47
2011-06-26,18.51,22.14,15.99,82.75,4.05,1.35
2011-06-27,18.46,23.11,14.76,84.64,2.81,2.22
2011-06-28,17.59,21.38,14.99,87.55,14.25,1.74
2011-06-29,17.47,21.8,14.4,86.93,24.95,1.75
2011-06-30,18.09,22.22,14.42,84.15,7.06,1.53
2011-07-01,17.53,20.07,15.28,90.93,6.35,1.27
2011-07-02,18.26,21.44,15.49,89.35,7.92,1.64
2011-07-03,17.66,20.27,15.55,91.54,4.41,1.52
2011-07-04,18.41,21.65,15.72,86.21,0.7,1.7
2011-07-05,18.54,22.39,15.17,87.47,11.19,2.03
2011-07-06,17.67,20.18,15.73,93.42,29.61,2.08
2011-07-07,17.59,21.44,14.69,90.96,5.33,1.66
2011-07-08,18.25,22.18,14.97,89.44,1.04,1.85
2011-07-09,18.79,22.5,16.09,90.42,1.92,2.01
2011-07-10,18.89,22.87,15.46,87.71,5.12,1.59
2011-07-11,18.82,22.21,15.76,86.34,6.17,1.7
2011-07-12,18.02,20.47,15.72,91.75,4.15,1.64
2011-07-13,18.27,21.43,15.69,86.98,11.56,1.39
2011-07-14,17.63,20.39,15.25,92.31,11.71,1.42
2011-07-15,18.66,22.92,14.46,85.51,11.68,2.05
2011-07-16,17.83,20.06,15.72,90.46,2.27,1.36
2011-07-17,18.33,22.36,15.12,90.46,1.12,2.0
2011-07-18,18.02,21.0,15.5,91.57,11.0,1.64
2011-07-19,18.87,21.76,15.88,89.95,20.37,2.06
2011-07-20,17.88,20.32,15.55,91.62,5.88,1.5
2011-07-21,18.73,22.75,15.54,84.67,2.04,1.62
2011-07-22,18.73,23.48,15.02,87.2,7.5,2.33
2011-07-23,17.32,20.85,14.88,90.69,7.55,1.86
2011-07-24,17.71,21.34,14.24,89.67,1.71,1.84
2011-07-25,18.56,22.96,15.3,87.68,0.51,1.69
2011-07-26,17.53,19.66,15.6,93.81,9.39,1.72
2011-07-27,18.05,21.24,15.08,87.58,28.41,1.56
2011-07-28,18.32,20.83,16.52,95.78,15.13,2.39
2011-07-29,18.46,21.62,16.31,93.0,2.63,2.09
2011-07-30,18.15,20.92,16.12,94.15,5.98,1.96
2011-07-31,18.17,21.82,15.49,89.53,11.4,1.34
2011-08-01,19.11,23.02,15.84,86.65,4.97,1.6
2011-08-02,19.51,22.88,17.1,91.29,6.75,1.69
2011-08-03,18.89,22.2,16.67,88.4,7.3,1.55
2011-08-04,19.12,22.96,16.28,90.12,6.1,2.19
2011-08-05,18.02,20.59,15.86,94.0,15.3,1.52
2011-08-06,17.85,20.97,15.11,88.0,10.36,1.32
2011-08-07,18.23,21.86,15.67,90.27,3.83,1.79
2011-08-08,17.96,22.78,14.3,85.57,2.02,2.32
2011-08-09,17.8,21.81,14.38,86.82,19.01,1.6
2011-08-10,17.65,21.65,14.68,90.05,7.61,1.98
2011-08-11,17.09,20.39,14.44,87.83,8.08,1.22
2011-08-12,17.68,21.67,14.92,87.25,3.5,1.8
2011-08-13,17.67,21.1,14.51,86.31,4.55,2.15
2011-08-14,17.4,21.11,14.96,91.28,9.0,2.13
2011-08-15,16.92,19.37,14.57,93.09,8.91,1.3
2011-08-16,17.1,18.99,15.5,94.52,10.38,1.67
2011-08-17,16.93,19.76,14.88,93.28,8.2,1.75
2011-08-18,16.75,19.53,14.33,92.61,11.0,1.6
2011-08-19,16.96,20.14,14.16,91.14,8.31,1.49
2011-08-20,18.02,22.14,14.0,88.23,1.27,1.55
2011-08-21,18.38,22.04,15.76,91.2,5.35,1.66
2011-08-22,18.07,20.97,15.8,93.76,5.67,1.78
2011-08-23,17.66,20.65,14.88,91.36,6.92,0.99
2011-08-24,17.33,19.52,15.72,95.01,6.69,1.44
2011-08-25,17.74,21.21,14.81,91.86,11.54,1.77
2011-08-26,18.02,22.22,14.85,90.05,0.11,1.76
2011-08-27,17.75,22.09,13.87,87.62,0.08,1.75
2011-08-28,17.67,21.95,14.03,87.0,1.14,1.73
2011-08-29,17.61,21.85,14.21,85.77,0.73,1.53
2011-08-30,18.01,22.14,14.31,84.85,2.2,1.64
2011-08-31,17.89,22.2,14.26,88.81,0.41,1.66
2011-09-01,18.08,22.56,13.98,85.68,1.28,1.72
2011-09-02,17.58,21.55,14.22,88.9,0.37,1.94
2011-09-03,17.64,21.92,14.16,89.84,0.26,1.88
2011-09-04,17.8,21.98,13.89,86.35,0.67,1.59
2011-09-05,18.2,22.48,14.47,87.18,3.43,1.56
2011-09-06,17.79,21.36,14.61,90.27,19.35,1.44
2011-09-07,17.66,20.99,15.13,91.37,5.71,1.66
2011-09-08,17.47,20.77,15.22,92.75,1.24,1.59
2011-09-09,17.34,21.26,14.49,90.04,1.61,1.44
2011-09-10,17.23,20.95,13.91,91.07,7.53,1.68
2011-09-11,17.62,21.52,14.21,89.9,6.03,1.26
2011-09-12,17.61,21.25,15.4,91.62,4.79,1.23
2011-09-13,17.77,20.94,15.59,90.69,5.19,1.4
2011-09-14,17.48,20.97,15.08,89.1,7.7,1.42
2011-09-15,17.41,21.13,14.05,90.81,1.58,1.35
2011-09-16,17.31,20.47,15.12,93.35,6.81,1.46
2011-09-17,16.62,18.91,14.86,94.61,13.64,1.01
2011-09-18,16.56,19.39,14.78,91.55,10.56,0.95
2011-09-19,16.64,19.59,14.48,91.88,7.2,1.04
2011-09-20,17.22,20.89,14.49,88.45,4.21,1.2
2011-09-21,16.92,19.87,14.69,90.44,2.17,1.19
2011-09-22,16.57,19.47,14.3,91.48,1.71,1.15
2011-09-23,16.24,19.13,14.24,90.91,3.79,1.14
2011-09-24,15.83,18.52,13.63,90.04,11.41,1.19
2011-09-25,15.52,18.06,13.81,93.61,14.64,1.39
2011-09-26,15.42,19.13,13.04,87.68,12.36,1.17
2011-09-27,15.71,20.7,11.53,75.82,0.48,1.2
2011-09-28,15.62,19.95,11.93,79.98,0.0,1.25
2011-09-29,15.74,20.01,12.61,85.71,0.0,1.29
2011-09-30,16.08,20.58,12.79,81.78,0.0,1.3
2011-10-01,15.79,19.8,12.92,83.64,0.0,1.36
2011-10-02,14.98,19.19,11.98,87.92,0.03,1.25
2011-10-03,15.1,18.72,12.84,90.4,0.01,1.35
2011-10-04,15.4,19.44,12.56,89.17,0.05,1.34
2011-10-05,15.53,19.42,12.95,90.42,0.0,1.34
2011-10-06,15.68,20.03,12.3,87.42,0.0,1.29
2011-10-07,15.54,20.24,12.34,77.74,0.0,1.32
2011-10-08,14.99,19.59,11.37,72.36,0.2,1.3
2011-10-09,14.59,19.6,10.91,70.54,0.0,1.25
2011-10-10,14.78,19.63,11.48,67.92,0.0,1.23
2011-10-11,15.42,20.26,11.63,76.16,0.0,1.37
2011-10-12,16.0,20.52,13.18,83.37,0.0,1.38
2011-10-13,15.97,20.21,13.54,84.07,0.0,1.29
2011-10-14,15.7,19.85,12.55,87.79,0.0,1.25
2011-10-15,14.93,19.51,11.85,84.24,0.22,1.3
2011-10-16,14.52,19.15,11.38,74.47,1.37,1.14
2011-10-17,14.06,18.84,10.6,75.36,1.55,1.19
2011-10-18,13.82,19.01,10.13,72.26,1.19,1.21
2011-10-19,13.8,18.95,9.98,68.37,0.2,1.26
2011-10-20,13.62,18.41,10.15,70.16,0.61,1.25
2011-10-21,12.12,16.39,8.82,73.61,1.78,1.07
2011-10-22,11.69,16.49,8.05,71.79,0.01,1.15
2011-10-23,12.57,17.23,9.27,82.01,0.0,1.18
2011-10-24,13.22,17.88,10.3,82.51,0.0,1.23
2011-10-25,12.52,16.44,10.25,84.9,0.0,1.07
2011-10-26,11.87,15.99,8.96,78.62,0.02,1.12
2011-10-27,12.14,16.9,8.78,71.61,0.41,1.21
2011-10-28,11.47,16.24,7.98,67.81,0.03,1.32
2011-10-29,11.13,16.22,7.33,72.44,0.0,1.18
2011-10-30,10.66,15.54,7.59,70.06,0.0,1.2
2011-10-31,9.93,14.81,6.9,80.96,0.08,1.16
2011-11-01,9.28,13.04,6.72,83.33,1.1,1.19
2011-11-02,8.96,12.16,7.27,89.55,0.05,1.11
2011-11-03,9.9,13.79,7.51,85.87,0.0,1.1
2011-11-04,10.26,14.35,7.9,88.26,0.0,1.04
2011-11-05,9.76,13.89,7.34,83.31,0.0,1.18
2011-11-06,9.38,12.92,7.25,87.88,0.0,1.19
2011-11-07,9.9,15.27,6.3,80.35,0.0,0.99
2011-11-08,10.81,17.13,5.96,64.41,0.0,1.32
2011-11-09,12.37,17.25,9.17,66.56,0.0,1.21
2011-11-10,12.25,17.08,9.43,72.94,0.0,1.24
2011-11-11,11.45,16.62,7.58,82.62,0.0,1.21
2011-11-12,10.69,14.75,7.89,85.1,0.0,1.02
2011-11-13,9.96,13.57,7.11,85.07,0.0,1.07
2011-11-14,9.22,13.43,6.5,82.95,0.12,1.13
2011-11-15,8.48,12.44,5.85,84.61,0.82,1.22
2011-11-16,7.97,11.4,6.21,86.95,0.23,1.09
2011-11-17,8.61,12.96,5.62,85.08,0.0,1.14
2011-11-18,9.39,13.83,6.87,81.14,0.0,1.06
2011-11-19,10.34,15.21,7.64,80.17,0.0,1.1
2011-11-20,10.91,15.76,8.0,77.16,0.0,1.1
2011-11-21,10.78,15.34,7.76,79.21,0.0,1.03
2011-11-22,11.26,16.53,8.0,72.71,0.0,1.1
2011-11-23,11.88,17.05,8.81,74.93,0.0,1.12
2011-11-24,11.25,16.01,8.19,78.45,0.0,1.1
2011-11-25,11.15,15.93,8.45,72.7,0.0,1.28
2011-11-26,10.81,15.59,8.05,69.54,0.0,1.22
2011-11-27,10.68,15.91,7.82,67.99,0.0,1.19
2011-11-28,10.3,15.52,7.18,62.84,0.0,1.18
2011-11-29,9.82,14.93,6.85,63.96,0.0,1.13
2011-11-30,9.81,15.73,6.25,66.06,0.0,1.06
2011-12-01,10.48,16.63,6.01,63.47,0.0,1.08
2011-12-02,10.76,15.22,7.76,72.2,0.0,1.18
2011-12-03,9.44,14.07,6.95,79.93,0.32,1.2
2011-12-04,9.08,13.94,6.8,80.54,0.87,1.08
2011-12-05,9.67,14.3,7.05,69.74,0.11,0.98
2011-12-06,9.29,14.44,5.63,61.93,0.0,1.09
2011-12-07,9.28,15.23,5.38,52.25,0.0,1.19
2011-12-08,9.88,15.95,6.31,53.23,0.0,1.17
2011-12-09,8.85,14.77,5.45,48.04,0.0,1.35
2011-12-10,6.8,12.64,3.42,57.69,0.0,1.38
2011-12-11,6.22,11.17,2.77,66.55,0.0,1.11
2011-12-12,5.83,11.16,2.35,65.48,0.0,1.2
2011-12-13,6.17,11.71,2.7,67.02,0.0,1.27
2011-12-14,5.99,11.35,3.03,63.59,0.0,1.07
2011-12-15,5.64,11.51,2.54,56.41,0.0,1.22
2011-12-16,4.56,10.94,0.32,55.11,0.0,1.28
2011-12-17,5.57,11.76,2.02,52.66,0.0,1.11
2011-12-18,5.88,11.73,2.67,51.86,0.0,1.1
2011-12-19,6.42,13.19,2.29,46.5,0.0,1.32
2011-12-20,6.27,12.79,2.72,39.7,0.0,1.28
2011-12-21,6.13,14.18,1.09,36.47,0.0,1.58
2011-12-22,6.52,13.99,2.39,36.82,0.0,1.6
2011-12-23,6.68,14.07,2.57,39.25,0.0,1.43
2011-12-24,6.93,13.39,3.35,38.26,0.0,1.3
2011-12-25,6.85,12.7,3.5,38.39,0.0,1.22
2011-12-26,6.57,13.07,2.55,38.89,0.0,1.25
2011-12-27,6.65,13.37,1.81,35.69,0.0,1.17
2011-12-28,6.82,13.32,2.55,36.84,0.0,1.25
2011-12-29,6.73,13.12,3.07,35.16,0.0,1.15
2011-12-30,7.16,14.31,3.02,35.99,0.0,1.44
2011-12-31,8.63,15.14,4.56,34.71,0.37,1.44
2012-01-01,8.83,14.04,5.95,50.72,5.36,1.2
2012-01-02,5.73,9.77,2.34,80.47,0.32,1.03
2012-01-03,4.46,9.54,1.44,74.05,0.0,1.27
2012-01-04,3.99,9.45,0.58,67.83,0.0,1.39
2012-01-05,4.57,11.08,0.92,59.76,0.0,1.39
2012-01-06,3.84,10.65,-0.97,52.86,0.0,1.37
2012-01-07,3.74,10.76,-0.53,52.6,0.0,1.37
2012-01-08,3.78,9.78,-1.64,46.56,0.01,1.15
2012-01-09,3.2,8.16,0.66,70.92,1.75,0.92
2012-01-10,3.82,10.54,-1.43,56.16,0.0,1.24
2012-01-11,2.9,8.99,-0.88,50.33,0.0,1.19
2012-01-12,1.64,8.55,-2.78,51.23,0.0,1.45
2012-01-13,1.53,8.35,-3.88,57.75,0.0,1.49
2012-01-14,3.46,10.0,-0.6,42.83,0.01,1.41
2012-01-15,4.74,10.79,1.22,44.38,0.0,1.27
2012-01-16,4.39,9.67,1.24,62.22,0.11,1.4
2012-01-17,3.89,8.83,0.74,78.38,0.06,1.33
2012-01-18,2.76,9.22,-1.67,70.33,0.15,1.44
2012-01-19,2.47,9.58,-2.78,54.69,0.0,1.22
2012-01-20,2.91,9.06,-1.4,73.54,0.0,1.27
2012-01-21,3.16,10.12,-1.25,62.41,0.0,1.72
2012-01-22,5.25,12.07,0.98,45.64,0.0,1.58
2012-01-23,4.88,11.08,1.43,47.06,0.0,1.71
2012-01-24,4.64,11.97,-0.84,46.33,0.0,1.63
2012-01-25,4.64,12.59,-0.16,39.98,0.0,1.78
2012-01-26,4.74,12.25,-0.19,42.18,0.0,1.72
2012-01-27,4.21,11.15,-0.75,44.59,0.0,1.69
2012-01-28,4.69,12.03,-0.63,42.44,0.0,1.63
2012-01-29,4.45,11.84,0.28,42.45,0.0,1.55
2012-01-30,4.42,11.75,-1.02,33.22,0.0,1.45
2012-01-31,4.81,12.65,-0.28,33.49,0.0,1.6
2012-02-01,4.06,10.97,-0.14,32.5,0.0,1.36
2012-02-02,5.01,13.63,-2.14,40.23,0.0,1.49
2012-02-03,6.69,14.04,0.57,41.94,0.0,1.49
2012-02-04,8.25,14.86,3.79,41.2,0.0,1.4
2012-02-05,8.46,15.29,4.33,44.71,0.0,1.84
2012-02-06,8.45,16.13,2.95,43.16,0.0,1.95
2012-02-07,9.62,17.39,4.66,35.72,0.12,1.92
2012-02-08,6.96,13.21,3.62,70.27,2.83,1.57
2012-02-09,5.65,12.02,1.15,54.73,0.0,1.47
2012-02-10,5.54,13.03,0.88,37.33,0.0,1.55
2012-02-11,4.78,11.55,-0.63,36.35,0.0,1.54
2012-02-12,5.71,12.16,0.74,44.17,0.0,1.6
2012-02-13,6.47,13.27,2.01,59.14,0.14,1.49
2012-02-14,7.32,14.16,2.95,59.18,0.01,1.44
2012-02-15,8.07,14.65,3.3,48.55,0.0,1.4
2012-02-16,7.41,14.48,1.15,60.43,0.05,1.54
2012-02-17,7.9,14.28,3.49,51.66,0.0,1.73
2012-02-18,8.55,14.83,3.56,39.74,0.0,1.71
2012-02-19,8.38,15.18,4.01,41.59,0.0,1.69
2012-02-20,8.57,15.2,4.19,45.78,0.0,1.52
2012-02-21,9.62,16.14,5.91,51.53,0.0,1.69
2012-02-22,10.57,17.37,6.54,48.73,0.0,2.01
2012-02-23,10.79,18.62,5.41,41.57,0.0,2.11
2012-02-24,10.56,18.46,4.77,35.56,0.0,2.21
2012-02-25,11.02,18.4,5.87,31.32,0.0,2.05
2012-02-26,10.16,17.11,5.29,34.44,0.0,2.14
2012-02-27,11.05,19.48,4.92,27.97,0.0,1.74
2012-02-28,8.83,16.21,4.73,44.7,0.09,1.83
2012-02-29,8.28,14.47,4.39,49.26,0.01,1.68
2012-03-01,7.59,14.52,2.3,43.21,0.0,1.78
2012-03-02,7.13,14.14,1.79,40.88,0.0,1.91
2012-03-03,7.23,13.89,1.6,40.23,0.0,1.86
2012-03-04,9.04,16.88,3.17,41.32,0.0,1.89
2012-03-05,10.45,17.25,5.63,48.56,0.0,1.88
2012-03-06,10.46,17.12,5.75,52.32,0.0,2.14
2012-03-07,9.36,16.45,3.57,47.07,0.0,2.08
2012-03-08,8.32,16.4,2.14,32.03,0.0,1.93
2012-03-09,7.61,15.07,0.81,35.67,0.0,1.52
2012-03-10,8.02,15.51,2.78,31.07,0.0,1.6
2012-03-11,9.09,17.01,3.14,20.86,0.0,1.68
2012-03-12,10.01,18.23,2.31,27.23,1.23,2.12
2012-03-13,8.14,14.87,4.17,62.34,2.75,1.79
2012-03-14,8.53,15.7,3.47,47.15,0.01,1.91
2012-03-15,8.39,14.94,3.16,45.0,0.06,1.86
2012-03-16,10.05,17.81,2.93,32.82,0.0,1.79
2012-03-17,10.43,16.8,5.7,34.18,0.0,1.8
2012-03-18,11.21,18.18,6.18,38.88,0.0,1.84
2012-03-19,13.22,20.42,7.77,45.42,0.0,1.84
2012-03-20,14.4,21.0,9.59,46.12,0.0,1.83
2012-03-21,14.57,22.1,9.35,36.09,0.0,2.38
2012-03-22,14.11,22.52,8.18,26.53,0.0,2.1
2012-03-23,14.85,22.53,9.64,21.83,0.0,1.87
2012-03-24,13.73,20.83,9.13,23.36,0.0,1.81
2012-03-25,13.43,20.25,8.92,28.22,0.0,1.85
2012-03-26,13.76,20.41,8.79,32.86,0.08,1.89
2012-03-27,14.47,21.68,8.79,34.88,0.0,2.0
2012-03-28,14.64,22.31,8.96,32.7,0.19,2.05
2012-03-29,13.8,21.38,7.48,30.74,0.0,1.95
2012-03-30,14.95,21.86,9.68,30.71,0.0,1.62
2012-03-31,13.95,19.12,9.09,37.6,0.0,1.44
2012-04-01,14.95,22.22,8.84,38.72,0.0,2.05
2012-04-02,15.44,22.34,9.72,43.74,0.0,1.87
2012-04-03,14.84,20.93,8.92,51.7,2.56,1.64
2012-04-04,15.39,20.92,10.34,52.58,0.1,1.87
2012-04-05,15.38,21.46,10.6,50.31,0.28,1.98
2012-04-06,13.54,19.79,8.27,57.49,2.77,1.62
2012-04-07,13.02,19.24,7.04,58.17,0.32,2.24
2012-04-08,13.95,20.5,8.01,50.81,1.27,2.12
2012-04-09,14.37,20.45,9.52,54.11,0.17,1.97
2012-04-10,13.42,19.42,8.75,65.47,0.22,1.78
2012-04-11,13.77,19.82,8.59,66.21,1.8,1.89
2012-04-12,14.07,21.16,7.24,55.64,2.02,2.3
2012-04-13,14.76,22.66,6.2,42.46,0.03,2.16
2012-04-14,14.48,21.46,7.72,48.76,0.13,2.48
2012-04-15,13.86,21.03,8.51,51.35,0.12,2.33
2012-04-16,14.18,21.62,7.54,44.86,0.0,2.18
2012-04-17,15.16,22.67,7.66,47.47,0.01,2.38
2012-04-18,16.13,23.74,8.29,42.57,0.0,2.21
2012-04-19,16.89,24.76,9.64,42.73,0.0,2.46
2012-04-20,16.92,22.34,12.67,42.04,0.01,1.54
2012-04-21,16.98,23.31,12.12,45.42,0.44,2.0
2012-04-22,16.24,24.07,10.28,41.02,0.0,2.63
2012-04-23,15.52,23.21,8.49,36.94,0.0,2.74
2012-04-24,16.56,24.41,8.94,34.58,0.0,2.5
2012-04-25,16.77,24.08,8.73,33.65,0.0,2.42
2012-04-26,16.95,24.8,9.92,35.92,0.01,2.25
2012-04-27,16.96,24.9,9.79,38.01,0.0,2.61
2012-04-28,15.83,23.22,8.87,37.67,0.0,2.58
2012-04-29,15.33,22.63,8.25,40.05,0.0,2.49
2012-04-30,15.66,23.62,8.67,34.54,0.0,2.22
2012-05-01,15.93,23.87,8.58,27.58,0.02,2.3
2012-05-02,15.46,23.17,7.67,29.21,0.0,2.16
2012-05-03,15.42,22.64,7.76,28.27,0.01,2.25
2012-05-04,15.22,21.69,8.88,37.58,0.52,1.96
2012-05-05,13.88,18.61,8.68,53.52,0.91,1.57
2012-05-06,15.22,21.43,8.85,49.45,0.03,1.95
2012-05-07,17.59,24.07,11.46,42.52,0.25,2.06
2012-05-08,18.52,25.14,12.92,44.23,1.2,1.95
2012-05-09,18.43,25.14,12.21,50.48,1.41,1.82
2012-05-10,18.08,23.59,13.5,57.63,0.6,1.83
2012-05-11,16.85,20.9,13.4,74.95,0.2,1.59
2012-05-12,19.05,25.91,12.01,54.64,0.03,2.25
2012-05-13,19.46,26.71,12.0,40.64,0.0,2.53
2012-05-14,19.48,27.06,11.2,31.75,0.02,2.52
2012-05-15,19.35,26.77,12.8,30.93,0.04,2.16
2012-05-16,18.38,25.31,10.93,32.6,0.0,2.11
2012-05-17,19.8,26.95,12.22,32.93,0.01,2.1
2012-05-18,20.07,26.73,13.68,36.61,0.25,2.18
2012-05-19,20.26,27.5,13.4,36.8,0.11,2.09
2012-05-20,19.78,26.81,12.89,36.99,0.0,2.09
2012-05-21,19.76,26.47,13.5,35.25,0.03,2.12
2012-05-22,20.06,27.84,11.93,28.26,0.0,2.29
2012-05-23,20.92,28.15,13.42,24.25,0.0,2.28
2012-05-24,21.29,28.44,14.32,21.63,0.0,2.03
2012-05-25,20.98,27.62,14.82,27.19,0.0,2.14
2012-05-26,21.15,27.75,15.06,36.38,0.0,1.92
2012-05-27,21.33,27.39,15.73,46.44,0.58,1.8
2012-05-28,21.08,26.98,15.66,55.32,3.3,1.9
2012-05-29,21.29,27.16,15.55,54.53,0.06,1.84
2012-05-30,21.52,27.67,16.35,55.17,1.88,1.7
2012-05-31,19.64,24.04,15.34,75.67,36.67,1.62
2012-06-01,20.26,25.56,15.96,72.42,4.22,1.55
2012-06-02,19.7,24.63,15.76,75.95,9.01,1.72
2012-06-03,21.04,27.71,15.31,52.6,0.02,2.52
2012-06-04,20.92,27.62,14.72,41.54,0.6,2.28
2012-06-05,20.49,26.62,14.5,42.3,1.23,2.31
2012-06-06,20.23,25.77,15.6,48.74,0.04,2.26
2012-06-07,20.36,26.62,14.25,51.37,0.69,2.25
2012-06-08,20.61,25.92,15.32,55.41,0.06,1.99
2012-06-09,21.34,27.29,15.65,47.25,0.2,2.0
2012-06-10,20.52,26.83,13.69,41.65,0.0,1.97
2012-06-11,20.83,26.93,14.34,41.94,0.02,2.08
2012-06-12,20.63,26.76,14.07,45.92,0.01,1.82
2012-06-13,21.45,26.35,16.93,55.71,0.12,1.85
2012-06-14,22.62,28.17,17.19,48.04,0.33,2.05
2012-06-15,22.59,28.53,17.46,41.16,0.45,2.25
2012-06-16,21.35,26.81,16.68,47.93,2.75,2.06
2012-06-17,19.73,24.63,15.6,65.63,3.28,1.71
2012-06-18,19.43,24.17,15.58,76.78,1.05,2.01
2012-06-19,20.2,24.82,16.58,77.48,0.33,2.34
2012-06-20,21.11,26.21,16.54,73.82,3.08,2.24
2012-06-21,19.04,21.85,17.28,86.97,22.59,1.75
2012-06-22,18.56,22.33,15.48,82.51,10.08,1.63
2012-06-23,18.8,22.41,15.92,86.04,3.21,1.9
2012-06-24,18.7,21.98,16.48,88.5,4.6,1.96
2012-06-25,20.82,25.52,16.64,71.86,0.64,2.57
2012-06-26,21.52,26.09,17.48,49.83,0.05,2.16
2012-06-27,20.68,26.15,16.12,52.01,0.24,2.17
2012-06-28,20.26,24.8,16.88,66.89,0.0,1.85
2012-06-29,20.59,25.26,16.31,70.55,0.01,1.92
2012-06-30,20.34,24.75,16.93,76.02,0.08,1.89
2012-07-01,19.39,22.38,16.63,78.01,0.94,1.61
2012-07-02,20.42,25.71,16.66,80.67,7.16,2.08
2012-07-03,19.07,23.08,16.26,85.08,14.54,1.87
2012-07-04,19.27,23.91,15.61,79.46,6.01,1.91
2012-07-05,18.99,22.86,15.27,83.16,11.19,1.76
2012-07-06,18.09,20.96,15.25,84.3,11.62,1.41
2012-07-07,18.26,21.85,15.11,79.29,5.69,1.7
2012-07-08,19.47,23.61,15.89,77.02,0.49,1.99
2012-07-09,19.49,23.72,15.52,82.3,0.85,1.96
2012-07-10,19.5,23.52,15.71,81.9,2.67,1.91
2012-07-11,18.98,21.85,16.77,88.87,8.6,1.98
2012-07-12,18.74,21.72,16.7,89.48,6.55,1.33
2012-07-13,19.11,23.66,15.98,84.94,5.97,2.32
2012-07-14,18.83,23.31,15.07,85.42,21.56,2.26
2012-07-15,18.52,22.82,15.26,86.94,33.95,1.78
2012-07-16,18.69,22.17,15.58,88.34,17.79,1.86
2012-07-17,18.9,23.03,14.97,88.02,2.8,2.29
2012-07-18,18.51,21.27,16.39,91.48,7.94,1.92
2012-07-19,17.99,21.18,16.14,91.57,15.28,1.27
2012-07-20,19.07,22.62,16.4,79.92,1.97,1.23
2012-07-21,19.6,23.64,16.25,82.02,1.64,1.76
2012-07-22,18.62,22.2,16.43,88.93,6.51,1.55
2012-07-23,19.02,22.81,15.77,87.52,11.58,1.84
2012-07-24,17.96,20.04,16.08,91.94,15.61,1.62
2012-07-25,18.62,22.28,15.73,84.75,6.17,1.3
2012-07-26,19.57,23.8,16.09,85.63,1.18,1.72
2012-07-27,18.59,21.27,16.54,91.18,9.03,1.48
2012-07-28,19.18,22.88,15.66,87.34,4.01,1.91
2012-07-29,18.98,23.25,15.64,86.71,3.46,1.68
2012-07-30,19.14,24.17,15.1,85.52,1.4,1.51
2012-07-31,18.76,21.69,16.35,91.11,6.89,1.67
2012-08-01,18.74,22.06,16.37,90.39,1.73,1.98
2012-08-02,18.6,22.46,15.45,88.29,3.04,2.01
2012-08-03,18.14,21.16,16.02,89.99,5.52,1.61
2012-08-04,19.04,23.36,15.57,82.25,3.27,1.64
2012-08-05,19.19,23.08,16.42,82.57,1.34,1.63
2012-08-06,18.95,23.32,15.75,87.21,1.19,1.62
2012-08-07,18.74,22.84,15.76,87.41,0.72,1.53
2012-08-08,17.75,20.54,15.11,88.44,4.93,1.31
2012-08-09,18.48,22.28,15.17,84.18,5.51,1.45
2012-08-10,19.08,23.51,16.03,84.67,24.94,1.52
2012-08-11,18.2,22.18,15.07,88.35,4.07,1.65
2012-08-12,17.74,22.05,14.24,88.7,3.35,1.94
2012-08-13,17.73,21.97,14.44,86.79,1.62,1.63
2012-08-14,18.91,23.46,15.08,85.89,5.12,1.71
2012-08-15,18.54,21.22,15.77,89.73,18.63,1.18
2012-08-16,19.68,23.88,16.57,85.81,19.73,1.35
2012-08-17,19.49,23.39,16.9,89.23,36.68,1.38
2012-08-18,19.22,23.15,16.13,86.25,10.97,1.33
2012-08-19,19.22,23.15,16.12,88.64,4.31,1.63
2012-08-20,17.5,19.76,15.74,94.66,5.79,1.25
2012-08-21,17.72,20.92,15.07,90.85,12.22,1.53
2012-08-22,16.96,19.59,14.6,90.99,8.79,1.27
2012-08-23,17.46,21.16,14.61,84.36,2.2,1.57
2012-08-24,17.47,20.5,15.1,92.1,4.83,1.52
2012-08-25,18.4,22.98,14.68,86.06,4.22,1.75
2012-08-26,17.93,22.36,13.89,80.23,9.94,1.71
2012-08-27,17.67,21.48,14.57,87.46,12.5,1.51
2012-08-28,18.24,22.25,15.15,87.62,1.03,1.56
2012-08-29,17.97,21.12,15.45,89.81,4.52,1.34
2012-08-30,18.25,22.21,14.93,86.2,3.8,1.49
2012-08-31,17.97,21.68,14.69,87.59,12.26,1.59
2012-09-01,18.34,22.27,15.07,88.68,8.62,1.27
2012-09-02,17.78,21.43,15.52,90.32,11.08,1.22
2012-09-03,17.89,22.31,14.42,88.04,10.84,1.74
2012-09-04,17.12,21.32,13.13,87.39,12.14,1.65
2012-09-05,17.39,21.37,14.36,87.3,3.18,1.78
2012-09-06,16.49,20.13,13.3,87.67,0.32,1.53
2012-09-07,17.4,21.71,13.63,81.19,0.31,1.61
2012-09-08,18.49,22.84,15.21,79.51,8.81,1.42
2012-09-09,17.9,21.52,15.52,84.37,1.79,1.41
2012-09-10,17.41,20.8,15.22,91.24,9.6,1.26
2012-09-11,17.72,21.37,14.66,88.39,17.18,1.47
2012-09-12,17.64,21.56,14.84,88.59,19.46,1.45
2012-09-13,17.09,20.35,14.81,91.98,11.79,1.47
2012-09-14,17.17,20.91,14.32,89.84,10.03,1.6
2012-09-15,17.04,20.2,14.5,91.3,22.36,1.05
2012-09-16,16.98,20.33,15.01,91.11,19.83,1.22
2012-09-17,16.21,18.77,14.1,90.06,7.84,1.25
2012-09-18,16.37,19.04,14.17,85.43,1.2,0.84
2012-09-19,17.26,21.34,14.19,83.08,0.2,1.36
2012-09-20,17.11,20.84,14.3,85.46,0.02,1.41
2012-09-21,17.09,20.83,13.63,85.73,0.13,1.5
2012-09-22,17.15,21.55,13.86,85.31,0.21,1.55
2012-09-23,16.75,21.47,13.39,82.18,0.03,1.47
2012-09-24,15.88,20.43,12.66,78.77,0.33,1.53
2012-09-25,15.57,20.38,12.13,71.34,3.29,1.3
2012-09-26,16.11,20.98,12.2,73.54,2.82,1.32
2012-09-27,16.97,21.93,13.41,76.46,0.01,1.38
2012-09-28,16.98,21.85,13.17,71.4,0.0,1.43
2012-09-29,17.28,22.06,13.74,77.39,0.02,1.41
2012-09-30,17.0,21.43,13.56,89.11,2.56,1.66
2012-10-01,16.49,20.32,13.93,91.22,1.26,1.7
2012-10-02,16.19,20.11,13.58,91.2,1.84,1.38
2012-10-03,16.11,20.09,12.87,89.82,0.32,1.72
2012-10-04,15.34,19.93,12.18,90.82,0.04,1.48
2012-10-05,14.66,20.17,10.51,77.46,0.62,1.39
2012-10-06,14.34,19.61,10.57,58.4,0.01,1.26
2012-10-07,14.88,20.01,11.15,59.51,0.03,1.19
2012-10-08,15.16,20.28,11.61,65.34,0.91,1.24
2012-10-09,14.84,20.09,11.35,59.53,5.17,1.13
2012-10-10,14.0,18.76,10.57,67.04,0.14,1.19
2012-10-11,13.91,19.53,9.64,58.61,0.5,1.33
2012-10-12,13.35,18.96,9.68,66.28,0.0,1.33
2012-10-13,12.61,18.0,9.24,70.5,0.0,1.36
2012-10-14,12.16,17.25,8.71,58.51,0.0,1.21
2012-10-15,12.11,17.12,8.33,68.97,0.0,1.32
2012-10-16,12.61,17.78,9.09,69.3,0.0,1.23
2012-10-17,12.2,16.95,9.07,66.9,0.0,1.31
2012-10-18,12.08,17.54,8.02,60.03,0.0,1.37
2012-10-19,12.07,17.44,7.99,57.15,0.0,1.32
2012-10-20,12.1,17.62,8.32,56.39,0.0,1.33
2012-10-21,11.89,17.09,8.11,55.54,0.0,1.08
2012-10-22,12.37,18.04,8.85,46.59,0.0,1.26
2012-10-23,11.66,17.23,7.86,43.41,0.0,1.24
2012-10-24,10.85,16.76,7.44,51.83,0.04,1.36
2012-10-25,10.26,15.45,6.18,60.66,0.05,1.31
2012-10-26,9.86,15.2,5.9,51.31,0.0,1.18
2012-10-27,10.59,16.34,6.39,44.76,0.0,1.19
2012-10-28,11.16,16.76,6.15,41.87,0.0,1.32
2012-10-29,11.93,17.85,7.81,45.44,0.0,1.25
2012-10-30,12.15,18.1,7.96,43.38,0.0,1.33
2012-10-31,12.13,17.86,8.48,39.51,0.0,1.3
2012-11-01,11.58,17.33,7.66,50.26,0.0,1.32
2012-11-02,11.42,16.44,7.51,54.06,0.0,1.28
2012-11-03,10.74,16.14,7.15,56.53,0.02,1.29
2012-11-04,10.62,15.8,7.21,60.58,1.33,1.25
2012-11-05,10.68,16.66,7.14,50.47,0.13,1.19
2012-11-06,10.63,16.36,6.74,46.31,0.0,1.21
2012-11-07,9.76,15.41,5.98,45.86,0.0,1.33
2012-11-08,9.1,14.35,5.76,56.52,0.0,1.15
2012-11-09,8.64,14.05,5.04,68.72,0.0,1.4
2012-11-10,9.04,14.42,5.59,61.29,0.0,1.29
2012-11-11,9.35,15.53,5.59,41.3,0.0,1.14
2012-11-12,8.59,14.37,4.03,41.37,0.0,1.22
2012-11-13,8.94,14.91,4.74,51.6,0.0,1.37
2012-11-14,8.84,14.78,4.31,58.64,0.0,1.43
2012-11-15,9.27,14.95,5.37,57.33,0.0,1.29
2012-11-16,10.08,16.78,3.83,42.58,0.0,1.31
2012-11-17,11.72,17.68,7.97,37.13,0.0,1.11
2012-11-18,11.01,17.32,7.36,34.3,0.0,1.21
2012-11-19,10.27,16.53,6.68,31.64,0.0,1.1
2012-11-20,10.26,16.16,6.57,32.4,2.68,1.29
2012-11-21,9.61,15.59,5.98,40.75,0.64,1.37
2012-11-22,9.8,15.99,6.11,45.7,0.0,1.39
2012-11-23,9.68,16.68,5.14,44.6,0.0,1.4
2012-11-24,7.88,14.28,3.49,41.2,0.0,1.34
2012-11-25,6.82,12.99,1.96,49.49,0.0,1.54
2012-11-26,7.45,13.65,4.01,49.59,0.0,1.34
2012-11-27,7.68,13.77,4.09,51.92,0.0,1.34
2012-11-28,8.15,14.03,4.13,52.51,0.0,1.29
2012-11-29,8.44,14.63,4.81,51.79,0.0,1.37
2012-11-30,8.07,14.15,3.92,55.02,0.0,1.51
2012-12-01,8.14,14.86,4.08,49.52,0.0,1.3
2012-12-02,8.62,15.72,4.65,41.4,0.0,1.34
2012-12-03,9.73,17.15,5.57,36.5,0.0,1.47
2012-12-04,10.16,17.1,5.43,37.45,0.0,1.54
2012-12-05,11.74,17.83,7.59,37.32,0.0,1.19
2012-12-06,11.74,17.49,7.99,41.36,0.0,1.17
2012-12-07,11.05,17.67,7.67,42.52,0.0,1.26
2012-12-08,9.53,15.38,6.22,49.96,0.0,1.31
2012-12-09,8.02,14.14,4.36,53.72,0.0,1.46
2012-12-10,7.46,13.52,3.51,49.93,0.0,1.45
2012-12-11,6.93,13.33,2.77,39.78,0.0,1.4
2012-12-12,5.26,11.4,1.0,42.71,0.0,1.42
2012-12-13,5.37,11.26,2.11,50.69,0.0,1.22
2012-12-14,5.79,12.37,1.01,43.71,0.0,1.49
2012-12-15,6.73,13.72,1.97,43.31,0.0,1.53
2012-12-16,7.84,15.66,2.65,41.49,0.0,1.65
2012-12-17,9.14,16.19,4.21,45.41,0.0,1.48
2012-12-18,9.48,15.73,5.84,44.04,0.0,1.38
2012-12-19,7.41,14.54,3.12,47.65,0.0,1.63
2012-12-20,6.14,13.22,2.04,46.37,0.0,1.64
2012-12-21,6.24,13.31,2.03,38.16,0.0,1.49
2012-12-22,5.85,13.66,0.73,36.32,0.0,1.6
2012-12-23,6.61,14.97,-0.51,27.71,0.0,1.62
2012-12-24,6.88,14.37,2.15,26.11,0.0,1.46
2012-12-25,4.61,12.22,-0.15,28.62,0.0,1.52
2012-12-26,5.23,12.71,-0.39,39.04,0.0,1.41
2012-12-27,7.24,14.34,2.74,41.53,0.0,1.28
2012-12-28,7.55,14.52,3.74,43.59,0.0,1.48
2012-12-29,6.64,15.2,1.71,32.32,0.0,1.68
2012-12-30,7.04,14.83,2.43,33.39,0.0,1.76
2012-12-31,7.71,14.25,4.21,40.87,0.0,1.64
2013-01-01,8.06,14.29,3.35,38.08,0.0,1.24
2013-01-02,8.19,15.25,3.88,28.28,0.03,1.14
2013-01-03,6.44,13.3,2.03,37.11,0.0,1.47
2013-01-04,4.99,13.14,0.35,31.12,0.0,1.9
2013-01-05,4.42,12.5,-1.03,27.92,0.0,1.7
2013-01-06,2.95,11.43,-2.44,24.59,0.0,1.64
2013-01-07,1.31,9.44,-3.16,28.89,0.0,1.95
2013-01-08,1.07,8.52,-3.71,39.65,0.0,1.94
2013-01-09,2.66,9.82,-1.48,37.36,0.0,1.6
2013-01-10,3.0,9.98,-1.26,46.37,0.0,1.5
2013-01-11,4.33,11.51,0.43,45.45,0.0,1.17
2013-01-12,5.86,13.25,0.46,34.66,0.0,1.45
2013-01-13,6.99,13.72,2.99,41.71,0.0,1.43
2013-01-14,6.31,13.17,1.29,48.11,0.0,1.67
2013-01-15,6.73,13.92,2.26,39.63,0.0,1.45
2013-01-16,6.38,13.68,1.28,31.31,0.0,1.83
2013-01-17,8.68,15.83,4.54,33.03,0.02,1.61
2013-01-18,8.58,16.5,4.1,39.16,0.33,1.38
2013-01-19,5.35,11.18,1.65,66.79,5.73,1.29
2013-01-20,4.36,11.82,-0.34,32.03,0.0,1.55
2013-01-21,4.37,11.69,-0.36,25.31,0.0,1.6
2013-01-22,4.5,11.99,0.12,25.58,0.0,1.44
2013-01-23,4.6,12.65,-0.51,24.62,0.0,1.66
2013-01-24,4.19,12.08,-1.29,23.51,0.0,1.48
2013-01-25,3.41,12.77,-4.15,31.79,0.0,1.68
2013-01-26,4.66,12.47,-0.23,36.5,0.0,1.7
2013-01-27,5.47,12.95,1.06,37.2,0.0,1.61
2013-01-28,7.27,15.63,0.11,29.73,0.0,1.48
2013-01-29,7.24,12.74,4.55,29.76,0.12,1.18
2013-01-30,6.53,13.95,0.82,37.01,0.0,1.61
2013-01-31,8.11,15.3,3.95,38.38,0.0,1.44
2013-02-01,6.57,10.73,3.45,36.79,0.0,0.89
2013-02-02,6.66,13.31,1.13,39.13,0.01,1.41
2013-02-03,7.46,13.47,2.63,44.56,0.01,1.62
2013-02-04,9.18,15.21,4.94,44.48,0.0,1.18
2013-02-05,10.66,16.29,7.69,45.97,0.09,1.28
2013-02-06,10.42,17.48,6.36,40.01,0.84,1.4
2013-02-07,8.4,15.21,3.94,56.35,0.71,1.42
2013-02-08,7.64,15.59,2.79,28.18,0.0,1.56
2013-02-09,6.88,15.25,-0.66,28.93,0.0,1.57
2013-02-10,8.39,15.99,2.79,26.51,0.0,1.73
2013-02-11,9.76,18.12,4.4,25.18,0.0,1.78
2013-02-12,10.51,18.88,5.1,25.56,0.0,1.87
2013-02-13,10.32,17.74,4.97,25.37,0.0,1.81
2013-02-14,9.05,16.71,4.11,27.45,0.0,1.98
2013-02-15,8.37,13.81,5.12,32.89,0.28,1.2
2013-02-16,6.04,10.31,3.45,73.19,7.46,1.3
2013-02-17,4.49,9.73,0.77,79.78,21.96,1.17
2013-02-18,3.76,11.13,-2.62,69.37,1.55,1.67
2013-02-19,5.05,12.3,-1.49,63.18,0.18,1.6
2013-02-20,6.85,13.55,1.89,53.27,0.58,1.6
2013-02-21,7.8,15.88,0.58,51.12,0.1,1.69
2013-02-22,9.84,17.32,4.38,37.09,0.06,1.6
2013-02-23,10.76,18.01,5.47,30.67,0.06,1.67
2013-02-24,9.72,14.97,4.75,38.48,0.12,1.28
2013-02-25,9.45,17.86,2.31,41.22,0.41,1.83
2013-02-26,10.91,19.05,5.25,42.58,0.0,1.89
2013-02-27,11.91,20.3,6.47,28.61,0.0,1.95
2013-02-28,11.14,19.93,4.75,31.59,0.0,2.5
2013-03-01,11.61,20.23,5.7,30.43,0.0,2.04
2013-03-02,12.35,20.14,7.19,31.65,0.0,1.76
2013-03-03,11.76,20.3,5.52,33.07,0.0,1.88
2013-03-04,12.22,19.73,6.49,40.27,0.0,1.68
2013-03-05,12.83,20.03,8.07,44.8,0.0,1.75
2013-03-06,11.66,19.43,5.74,43.7,0.0,1.82
2013-03-07,10.79,17.62,5.94,52.41,8.85,1.68
2013-03-08,11.49,18.37,6.68,51.57,0.14,1.97
2013-03-09,11.66,18.55,6.71,53.3,0.0,1.9
2013-03-10,11.3,17.92,6.81,55.61,0.61,1.66
2013-03-11,10.89,17.47,5.94,49.93,0.86,1.99
2013-03-12,12.42,19.87,6.09,42.11,0.01,1.89
2013-03-13,12.76,19.53,8.18,46.78,0.0,1.85
2013-03-14,13.26,20.24,8.54,41.35,0.09,1.82
2013-03-15,13.2,20.25,7.93,37.4,0.0,2.04
2013-03-16,12.39,19.42,7.4,35.41,0.0,1.83
2013-03-17,11.12,17.7,5.91,39.14,0.03,1.99
2013-03-18,10.93,17.76,5.65,45.4,0.0,2.34
2013-03-19,12.05,18.71,6.57,43.93,0.0,1.85
2013-03-20,12.52,18.87,8.11,51.03,0.0,1.81
2013-03-21,11.53,17.42,7.49,58.98,1.41,2.0
2013-03-22,12.33,19.11,6.73,48.78,0.62,1.94
2013-03-23,13.04,19.92,8.25,45.26,0.0,1.67
2013-03-24,13.53,21.19,8.05,38.38,0.0,2.26
2013-03-25,13.23,20.91,6.9,42.32,0.06,2.84
2013-03-26,13.13,20.4,7.46,42.39,0.0,2.25
2013-03-27,14.6,21.98,8.88,38.02,0.01,2.28
2013-03-28,14.37,21.2,9.46,42.98,0.05,1.88
2013-03-29,14.79,22.24,9.18,44.94,0.0,2.71
2013-03-30,13.27,20.82,5.76,45.6,0.01,2.2
2013-03-31,13.6,20.77,7.03,47.91,0.0,1.9
2013-04-01,13.44,20.49,7.0,49.82,0.0,1.99
2013-04-02,14.08,21.72,8.03,44.17,0.0,2.13
2013-04-03,14.62,22.11,8.46,44.3,1.13,2.52
2013-04-04,13.33,20.8,6.21,46.29,0.03,2.9
2013-04-05,14.05,21.93,8.48,37.95,0.0,2.42
2013-04-06,13.89,21.14,7.79,31.68,0.0,2.4
2013-04-07,14.69,22.43,8.1,31.76,0.0,2.26
2013-04-08,15.53,22.84,8.54,39.26,0.0,2.11
2013-04-09,16.1,23.3,10.75,40.49,0.0,1.97
2013-04-10,16.71,24.46,9.88,36.95,0.28,2.36
2013-04-11,16.2,24.84,11.27,39.47,0.03,2.34
2013-04-12,16.62,24.17,9.54,40.2,0.0,2.32
2013-04-13,16.72,24.75,9.35,31.67,0.0,2.2
2013-04-14,15.91,23.84,8.05,31.14,0.01,2.13
2013-04-15,15.08,21.12,9.03,42.17,1.33,2.05
2013-04-16,13.96,19.52,9.35,53.16,4.71,1.84
2013-04-17,14.04,19.83,9.5,58.53,0.08,1.74
2013-04-18,14.2,20.76,7.06,53.54,1.32,2.14
2013-04-19,13.94,20.28,8.2,55.31,2.11,1.79
2013-04-20,11.52,15.39,8.85,75.69,8.71,1.11
2013-04-21,10.3,14.33,7.19,82.16,4.88,1.72
2013-04-22,10.8,14.67,7.74,77.62,2.26,1.32
2013-04-23,12.46,17.85,8.49,71.9,4.24,1.63
2013-04-24,13.71,19.18,8.78,62.43,0.48,1.79
2013-04-25,15.17,21.16,9.83,57.18,0.01,1.91
2013-04-26,16.45,23.05,11.04,51.94,0.06,1.91
2013-04-27,16.92,23.08,11.67,50.23,3.21,2.29
2013-04-28,17.71,24.55,11.67,45.69,0.02,2.19
2013-04-29,17.7,24.57,12.08,48.18,0.0,2.34
2013-04-30,18.55,26.16,12.26,43.05,0.0,2.46
2013-05-01,18.71,26.35,12.2,41.79,0.1,2.68
2013-05-02,18.04,24.89,11.87,36.15,3.62,2.3
2013-05-03,17.26,24.85,10.5,24.94,0.0,1.95
2013-05-04,16.4,23.99,9.45,30.14,0.0,2.0
2013-05-05,15.52,21.85,9.32,47.08,0.84,1.91
2013-05-06,16.41,22.61,10.72,50.13,0.53,2.07
2013-05-07,16.67,22.59,11.07,51.56,1.16,2.25
2013-05-08,17.18,23.81,10.76,46.52,1.04,2.45
2013-05-09,18.22,25.0,12.26,40.43,0.35,2.11
2013-05-10,18.09,24.93,12.13,43.91,2.92,2.2
2013-05-11,18.95,25.77,13.16,38.9,0.2,2.33
2013-05-12,17.79,25.06,11.75,39.01,2.36,2.21
2013-05-13,16.16,23.18,9.47,44.21,0.08,2.11
2013-05-14,16.69,23.24,10.65,45.9,0.02,1.97
2013-05-15,17.24,23.75,11.7,51.51,0.06,1.87
2013-05-16,17.35,23.54,12.22,52.02,4.36,2.1
2013-05-17,16.8,23.04,11.67,47.28,2.88,2.06
2013-05-18,17.27,23.49,11.99,44.51,0.65,2.02
2013-05-19,18.08,24.84,12.23,45.34,8.69,2.01
2013-05-20,17.92,24.16,12.69,50.98,11.94,1.66
2013-05-21,18.61,24.69,13.22,53.29,1.02,1.87
2013-05-22,18.96,24.55,14.34,63.3,1.94,1.86
2013-05-23,18.43,24.8,13.45,66.01,3.53,1.88
2013-05-24,19.3,26.53,12.83,50.8,0.02,1.97
2013-05-25,20.42,27.53,14.0,42.54,0.24,1.87
2013-05-26,20.51,26.76,15.1,45.82,1.81,1.95
2013-05-27,20.12,26.11,14.85,52.48,0.34,1.9
2013-05-28,19.63,25.75,14.58,53.25,1.14,2.0
2013-05-29,19.19,26.41,12.81,47.68,0.95,1.92
2013-05-30,17.99,22.08,14.93,62.57,19.28,1.15
2013-05-31,16.81,20.04,14.07,83.75,23.33,1.26
2013-06-01,16.56,20.04,13.96,78.29,1.76,1.94
2013-06-02,17.95,23.41,13.19,62.68,0.33,1.62
2013-06-03,18.87,24.73,13.57,52.87,0.94,1.64
2013-06-04,18.83,23.81,14.17,63.08,2.15,1.88
2013-06-05,18.67,24.12,14.13,70.5,6.5,1.69
2013-06-06,18.02,23.59,14.31,78.93,12.48,1.64
2013-06-07,18.1,22.96,14.29,83.99,18.21,1.75
2013-06-08,18.28,22.53,14.49,83.49,4.84,1.92
2013-06-09,19.39,24.62,15.05,79.12,0.38,1.95
2013-06-10,20.21,26.33,14.66,71.88,1.38,1.78
2013-06-11,20.08,25.21,15.48,73.5,0.91,2.06
2013-06-12,20.0,25.94,14.66,73.93,4.57,2.13
2013-06-13,19.87,25.08,15.46,75.97,0.41,1.72
2013-06-14,19.4,24.22,15.8,77.17,0.98,2.28
2013-06-15,17.53,20.24,14.85,82.12,2.51,1.52
2013-06-16,17.82,21.32,14.74,80.68,10.33,1.62
2013-06-17,19.07,24.3,14.6,72.14,7.43,1.52
2013-06-18,19.61,25.05,14.89,68.85,2.33,1.64
2013-06-19,19.17,24.06,15.46,72.93,1.16,1.95
2013-06-20,18.99,24.09,14.89,78.93,3.54,2.13
2013-06-21,18.5,23.21,15.17,86.6,19.1,1.67
2013-06-22,19.45,23.4,16.3,84.18,14.02,1.55
2013-06-23,19.4,23.74,15.89,83.52,21.04,1.66
2013-06-24,19.35,23.73,16.22,83.16,2.85,1.72
2013-06-25,19.03,23.03,16.13,83.88,11.43,1.54
2013-06-26,19.02,22.93,16.18,85.39,24.39,1.52
2013-06-27,18.79,22.36,15.38,85.76,6.27,1.65
2013-06-28,19.05,23.55,15.63,87.0,2.95,1.94
2013-06-29,18.29,22.38,15.56,88.74,3.19,1.56
2013-06-30,18.96,23.4,15.19,84.41,1.29,1.82
2013-07-01,19.3,23.54,15.98,86.82,1.77,1.84
2013-07-02,19.08,23.72,16.15,87.36,1.0,1.63
2013-07-03,19.02,23.15,16.39,87.76,3.85,1.77
2013-07-04,19.38,23.9,16.26,86.92,9.7,1.74
2013-07-05,18.81,22.61,16.43,88.5,7.09,1.86
2013-07-06,18.6,22.75,15.55,87.43,9.28,1.79
2013-07-07,18.43,22.24,15.67,88.07,12.29,1.77
2013-07-08,18.47,22.57,15.19,87.36,17.67,1.94
2013-07-09,18.19,21.79,14.74,87.0,12.03,1.89
2013-07-10,18.39,22.05,15.0,88.99,4.12,2.03
2013-07-11,18.62,22.15,15.27,87.22,0.84,1.73
2013-07-12,19.07,23.6,15.42,86.5,0.48,1.84
2013-07-13,18.57,22.62,15.45,86.98,1.02,1.63
2013-07-14,19.01,23.28,15.92,85.74,0.24,1.45
2013-07-15,19.21,23.38,16.28,85.76,0.28,1.73
2013-07-16,18.95,23.38,15.47,84.66,1.54,1.87
2013-07-17,19.22,23.59,15.46,85.14,8.34,1.98
2013-07-18,18.97,22.61,16.43,90.3,18.95,2.1
2013-07-19,18.65,21.6,16.79,90.39,4.81,1.8
2013-07-20,19.1,23.39,15.97,85.67,1.14,1.28
2013-07-21,18.73,22.13,15.92,89.95,0.66,1.86
2013-07-22,18.94,23.68,16.11,83.25,2.4,1.44
2013-07-23,19.27,23.53,15.08,81.26,4.18,1.8
2013-07-24,19.14,23.33,15.96,81.66,0.63,1.81
2013-07-25,18.92,22.72,15.59,85.96,2.05,1.74
2013-07-26,18.88,22.82,16.18,85.72,8.0,1.72
2013-07-27,18.63,22.48,15.01,84.07,4.9,2.02
2013-07-28,19.1,24.1,14.6,86.29,4.24,1.94
2013-07-29,19.68,23.85,15.72,82.34,4.89,1.75
2013-07-30,19.97,24.03,16.69,81.65,11.53,1.8
2013-07-31,18.99,23.21,15.97,86.01,10.24,1.79
2013-08-01,18.28,22.73,14.99,85.86,6.44,1.94
2013-08-02,18.06,22.33,14.93,83.7,4.75,1.77
2013-08-03,18.48,22.35,15.13,80.46,6.92,1.62
2013-08-04,18.95,22.43,15.59,83.03,8.47,1.56
2013-08-05,18.48,21.93,15.68,88.23,25.98,1.74
2013-08-06,17.91,21.38,15.44,90.15,16.44,1.54
2013-08-07,17.55,20.5,15.08,90.83,5.37,1.48
2013-08-08,18.12,21.95,15.37,89.99,5.16,1.75
2013-08-09,17.46,20.91,14.79,90.39,5.63,1.68
2013-08-10,17.55,21.29,14.65,89.92,4.54,1.57
2013-08-11,17.12,20.5,14.5,92.15,23.41,1.68
2013-08-12,18.04,22.26,14.66,88.59,24.97,1.56
2013-08-13,17.91,21.43,15.05,89.75,17.21,1.61
2013-08-14,17.95,21.92,14.89,86.47,7.06,1.43
2013-08-15,18.13,22.48,14.76,85.75,7.35,1.56
2013-08-16,17.62,21.04,15.15,90.82,17.31,1.79
2013-08-17,17.92,21.93,14.97,91.04,4.44,1.7
2013-08-18,18.52,22.75,14.73,86.16,5.61,1.73
2013-08-19,18.81,22.74,15.47,85.82,5.19,1.66
2013-08-20,17.59,20.0,14.92,90.67,1.26,1.13
2013-08-21,17.34,19.74,15.24,89.2,6.39,1.4
2013-08-22,17.96,22.33,14.05,86.31,2.17,1.5
2013-08-23,18.39,22.32,15.21,87.25,4.5,1.51
2013-08-24,18.93,23.06,15.16,85.78,6.74,1.4
2013-08-25,18.73,22.73,15.57,86.95,9.83,1.56
2013-08-26,18.0,22.19,15.38,83.41,13.26,1.21
2013-08-27,17.97,21.26,15.59,84.46,4.54,1.43
2013-08-28,17.86,20.77,15.12,87.62,2.73,1.43
2013-08-29,17.7,21.15,15.24,88.87,1.44,1.42
2013-08-30,17.6,21.28,14.76,87.69,3.06,1.56
2013-08-31,18.02,22.05,14.55,87.43,6.32,1.66
2013-09-01,18.02,21.7,14.61,87.45,23.39,1.9
2013-09-02,18.04,21.96,15.96,89.47,33.51,1.7
2013-09-03,17.47,19.96,15.18,92.28,16.28,1.82
2013-09-04,17.33,20.97,13.92,91.08,12.41,1.83
2013-09-05,17.65,21.89,13.81,90.56,2.96,1.75
2013-09-06,16.74,21.55,12.89,80.66,3.18,1.33
2013-09-07,16.25,21.08,12.24,80.22,1.81,1.3
2013-09-08,16.5,21.07,12.52,83.73,1.53,1.3
2013-09-09,16.51,20.65,12.89,81.41,2.99,1.44
2013-09-10,16.47,20.28,14.19,91.5,1.09,1.38
2013-09-11,16.7,20.21,13.84,90.49,0.43,1.38
2013-09-12,17.12,20.66,14.33,89.12,0.54,1.38
2013-09-13,17.58,22.66,13.0,80.98,2.86,1.3
2013-09-14,17.24,22.03,13.58,76.55,20.61,1.36
2013-09-15,16.65,21.49,12.41,72.58,2.71,1.38
2013-09-16,16.89,21.31,13.14,71.54,3.34,1.35
2013-09-17,17.46,21.99,13.81,67.15,0.84,1.3
2013-09-18,17.78,22.2,14.46,69.66,0.15,1.34
2013-09-19,17.93,22.02,14.96,81.25,0.42,1.25
2013-09-20,17.71,21.41,14.27,85.81,0.16,1.24
2013-09-21,17.53,20.99,14.29,86.03,1.31,1.0
2013-09-22,17.52,21.61,14.42,85.76,9.4,1.24
2013-09-23,17.67,21.46,14.77,90.22,0.11,1.29
2013-09-24,17.66,22.41,13.33,80.17,0.0,1.26
2013-09-25,17.28,21.49,14.74,78.51,0.23,1.18
2013-09-26,16.23,18.9,14.02,91.72,0.71,1.44
2013-09-27,17.13,21.19,13.74,89.05,2.89,1.24
2013-09-28,16.93,20.65,14.57,88.38,5.66,1.2
2013-09-29,16.24,20.0,13.67,82.94,0.98,1.07
2013-09-30,15.71,19.36,12.94,83.91,7.98,1.3
2013-10-01,15.63,19.77,12.2,89.65,20.67,1.32
2013-10-02,15.56,18.95,13.35,88.79,2.48,1.32
2013-10-03,16.03,19.71,13.52,87.55,5.8,1.45
2013-10-04,14.89,17.06,13.52,93.98,3.47,0.99
2013-10-05,15.28,17.73,13.3,93.22,10.17,1.21
2013-10-06,15.73,19.04,13.52,91.03,5.34,1.15
2013-10-07,15.6,20.22,11.86,84.63,0.43,1.13
2013-10-08,15.4,20.96,10.41,81.92,0.29,1.19
2013-10-09,15.34,20.2,11.15,83.54,3.34,1.26
2013-10-10,15.79,20.48,12.47,83.76,0.19,1.33
2013-10-11,15.9,19.75,12.98,79.06,0.05,1.0
2013-10-12,16.06,20.38,13.19,73.66,1.64,1.18
2013-10-13,14.48,16.93,12.47,87.23,15.82,1.11
2013-10-14,13.33,16.6,11.02,88.99,43.66,1.8
2013-10-15,14.41,18.36,11.81,86.28,12.17,1.63
2013-10-16,14.86,19.1,11.92,84.61,2.21,1.2
2013-10-17,14.88,19.03,12.0,89.99,8.68,1.08
2013-10-18,14.5,17.57,12.53,96.45,14.29,1.37
2013-10-19,13.63,17.71,11.2,81.73,1.56,1.13
2013-10-20,12.7,17.28,9.28,74.32,0.2,1.25
2013-10-21,12.37,17.2,9.42,76.25,0.25,1.27
2013-10-22,12.12,16.95,8.15,77.51,0.0,1.19
2013-10-23,12.89,17.74,8.99,84.3,0.0,1.07
2013-10-24,13.13,18.05,9.52,83.46,0.02,1.27
2013-10-25,12.69,17.32,9.42,79.34,0.0,1.17
2013-10-26,12.15,16.74,8.71,84.12,0.04,1.08
2013-10-27,12.08,16.1,9.36,89.62,0.37,1.32
2013-10-28,11.11,15.48,8.05,89.48,0.92,1.31
2013-10-29,11.14,15.82,7.64,78.06,0.16,1.31
2013-10-30,11.11,15.7,7.94,81.68,0.0,1.09
2013-10-31,10.51,14.91,7.67,83.06,0.01,1.14
2013-11-01,10.26,15.13,7.05,79.87,0.02,1.33
2013-11-02,10.09,15.07,7.17,77.65,0.03,1.35
2013-11-03,10.07,14.77,7.05,78.34,0.09,1.24
2013-11-04,10.1,14.89,6.46,69.38,0.0,1.1
2013-11-05,11.35,16.25,8.2,69.38,0.0,1.09
2013-11-06,11.8,16.96,8.43,62.52,0.0,1.11
2013-11-07,11.31,16.28,8.39,55.25,0.0,1.12
2013-11-08,10.77,15.72,7.76,54.54,0.0,1.14
2013-11-09,10.04,15.62,6.66,51.43,0.0,1.16
2013-11-10,9.73,15.35,5.97,46.56,0.0,1.24
2013-11-11,9.2,15.09,3.04,46.58,0.0,1.14
2013-11-12,10.26,15.79,6.74,44.81,0.0,1.0
2013-11-13,10.1,15.61,6.39,47.33,0.0,1.12
2013-11-14,9.74,14.96,6.23,49.03,0.0,1.09
2013-11-15,10.03,15.47,6.37,46.29,0.0,1.17
2013-11-16,10.24,15.77,6.07,46.43,0.0,1.18
2013-11-17,10.51,16.64,5.84,46.33,0.0,1.29
2013-11-18,10.49,15.9,6.96,54.48,0.0,1.24
2013-11-19,10.3,15.41,6.86,67.66,0.0,1.16
2013-11-20,9.99,14.61,7.29,71.54,0.0,1.18
2013-11-21,9.74,14.78,6.45,76.06,0.0,1.11
2013-11-22,9.55,14.71,6.38,72.63,0.0,1.22
2013-11-23,10.31,15.45,7.01,72.04,0.0,1.29
2013-11-24,10.87,15.57,7.9,69.71,0.0,1.16
2013-11-25,11.07,16.04,8.29,71.85,0.0,1.13
2013-11-26,10.95,16.25,7.72,69.14,0.0,1.1
2013-11-27,11.17,16.23,8.32,74.13,0.0,1.06
2013-11-28,11.45,15.94,8.65,73.4,0.0,1.07
2013-11-29,11.13,15.96,8.13,70.08,0.0,1.36
2013-11-30,10.44,15.67,7.51,61.92,0.0,1.26
2013-12-01,9.42,14.27,5.95,61.03,0.0,1.19
2013-12-02,9.78,14.77,6.62,70.68,0.0,1.14
2013-12-03,9.59,14.74,6.76,55.44,0.0,1.14
2013-12-04,9.29,14.78,5.58,41.94,0.0,1.12
2013-12-05,8.9,14.23,5.65,49.74,0.0,1.15
2013-12-06,8.8,14.24,5.05,61.99,0.0,1.16
2013-12-07,9.2,14.04,5.47,61.44,0.0,1.08
2013-12-08,9.24,14.42,5.92,66.59,0.0,1.09
2013-12-09,8.54,13.99,5.64,70.41,0.0,1.26
2013-12-10,7.97,13.14,4.87,66.93,0.0,1.33
2013-12-11,7.49,13.17,4.41,76.18,0.0,1.41
2013-12-12,6.57,11.78,3.58,76.23,0.0,1.31
2013-12-13,6.17,10.88,3.54,74.72,0.0,1.08
2013-12-14,5.44,11.3,1.65,64.07,0.0,0.97
2013-12-15,6.62,12.87,2.43,46.24,0.0,1.09
2013-12-16,7.07,13.38,3.68,49.91,0.0,1.13
2013-12-17,5.96,10.93,3.21,77.02,0.0,1.14
2013-12-18,5.2,8.96,2.74,91.44,0.0,0.96
2013-12-19,4.29,8.92,1.05,85.63,0.0,1.15
2013-12-20,3.98,9.04,-0.7,83.85,0.02,1.42
2013-12-21,5.0,10.08,1.01,84.13,0.07,1.07
2013-12-22,4.32,11.09,0.09,58.55,0.0,1.47
2013-12-23,5.83,12.66,1.61,57.12,0.0,1.52
2013-12-24,7.47,14.13,2.91,52.21,0.0,1.49
2013-12-25,7.56,14.77,3.91,53.53,0.0,1.64
2013-12-26,7.14,14.31,3.42,49.1,0.0,1.65
2013-12-27,6.95,13.7,2.66,45.68,0.0,1.58
2013-12-28,5.57,12.21,1.43,60.51,0.0,1.72
2013-12-29,5.28,11.27,0.99,62.26,0.0,1.51
2013-12-30,6.03,11.37,2.53,46.73,0.0,1.22
2013-12-31,6.66,12.69,3.22,42.77,0.0,1.21
2014-01-01,6.79,13.0,3.02,60.58,0.0,1.58
2014-01-02,6.97,13.38,2.85,57.82,0.0,1.6
2014-01-03,7.69,14.15,4.24,51.32,0.0,1.29
2014-01-04,6.71,12.71,3.45,46.68,0.0,1.27
2014-01-05,5.1,10.51,0.28,51.91,0.0,1.42
2014-01-06,3.42,10.2,-0.75,61.25,0.0,1.57
2014-01-07,3.87,10.39,-0.77,63.06,0.0,1.5
2014-01-08,5.32,11.51,1.08,52.37,0.0,1.55
2014-01-09,6.28,13.06,1.44,51.87,0.04,1.52
2014-01-10,5.1,12.12,0.54,58.2,0.0,1.61
2014-01-11,3.17,11.12,-1.37,53.87,0.04,1.29
2014-01-12,4.45,11.84,-2.27,66.39,0.0,1.39
2014-01-13,7.28,12.87,4.14,58.76,0.0,1.22
2014-01-14,7.1,13.26,3.43,59.1,0.0,1.48
2014-01-15,6.38,12.52,2.53,48.84,0.0,1.49
2014-01-16,6.22,12.15,1.73,55.5,0.0,1.42
2014-01-17,6.68,12.53,2.64,43.2,0.0,1.13
2014-01-18,6.34,12.29,2.99,61.26,2.61,1.51
2014-01-19,5.16,11.59,-0.64,66.98,0.42,1.49
2014-01-20,6.46,14.14,-0.5,55.74,0.0,1.49
2014-01-21,8.68,14.66,4.88,43.06,0.0,1.17
2014-01-22,8.64,13.26,5.94,55.34,0.0,0.86
2014-01-23,8.35,14.1,4.25,61.5,0.0,1.36
2014-01-24,8.42,13.46,5.9,49.22,0.0,1.16
2014-01-25,8.05,14.24,4.45,43.6,0.0,1.56
2014-01-26,8.45,15.38,4.46,44.06,0.0,1.52
2014-01-27,7.45,14.92,2.54,41.7,0.0,1.53
2014-01-28,6.42,15.13,-0.97,47.25,0.0,1.45
2014-01-29,8.01,14.47,4.79,44.5,0.0,1.19
2014-01-30,7.11,13.52,3.12,42.56,0.0,1.37
2014-01-31,6.8,13.83,2.3,38.29,0.0,1.45
2014-02-01,7.47,14.39,2.59,39.56,0.0,1.48
2014-02-02,8.53,15.93,2.41,39.09,0.0,1.58
2014-02-03,9.59,17.18,5.53,43.08,0.0,1.74
2014-02-04,8.95,15.53,5.18,44.85,0.0,1.79
2014-02-05,7.87,14.04,3.96,57.47,0.0,1.69
2014-02-06,7.64,14.75,2.88,58.01,0.0,1.87
2014-02-07,8.16,14.06,4.01,60.75,0.0,1.76
2014-02-08,6.72,13.61,1.48,60.39,0.0,2.18
2014-02-09,6.21,13.48,1.01,55.96,0.0,2.09
2014-02-10,6.11,13.75,0.63,38.85,0.0,1.72
2014-02-11,4.41,9.67,-0.33,48.96,0.0,1.44
2014-02-12,4.91,12.33,-0.5,46.58,0.0,1.88
2014-02-13,6.05,13.51,1.47,41.31,0.0,1.58
2014-02-14,5.37,10.47,0.4,71.9,3.81,1.15
2014-02-15,5.79,12.16,1.97,79.23,1.18,1.54
2014-02-16,3.9,10.3,-0.39,67.89,7.67,1.74
2014-02-17,3.31,10.15,-1.67,59.16,0.53,2.12
2014-02-18,5.3,13.77,-2.57,42.78,0.02,1.75
2014-02-19,7.95,14.14,3.8,44.24,0.0,1.45
2014-02-20,8.54,15.38,4.17,45.94,0.0,1.63
2014-02-21,8.72,15.47,4.02,40.28,0.0,1.7
2014-02-22,8.64,14.48,5.15,60.56,0.14,1.17
2014-02-23,8.63,15.1,4.62,62.07,0.01,1.65
2014-02-24,8.45,15.44,2.38,54.59,0.0,1.77
2014-02-25,9.56,15.5,6.23,55.14,0.0,1.56
2014-02-26,8.59,13.14,5.61,47.93,0.06,1.42
2014-02-27,7.74,11.01,4.69,58.56,0.13,0.84
2014-02-28,7.76,13.18,4.14,63.8,0.11,0.94
2014-03-01,7.32,11.5,4.23,71.7,0.53,1.03
2014-03-02,8.09,14.54,3.89,52.18,0.56,1.5
2014-03-03,8.14,14.53,3.38,53.19,0.01,1.81
2014-03-04,8.87,15.76,3.56,47.46,0.0,1.49
2014-03-05,8.49,14.49,4.44,49.75,0.0,1.69
2014-03-06,7.9,14.28,3.01,50.25,0.0,1.86
2014-03-07,7.9,14.68,2.81,46.74,0.02,1.83
2014-03-08,8.65,15.27,4.3,40.23,0.0,1.89
2014-03-09,9.38,15.86,4.8,48.01,0.0,1.8
2014-03-10,9.01,15.33,3.39,45.19,0.0,1.59
2014-03-11,9.5,16.15,4.36,44.19,0.0,1.77
2014-03-12,10.46,17.19,5.64,44.31,0.0,1.96
2014-03-13,11.36,18.74,5.32,47.07,0.0,1.87
2014-03-14,11.81,17.86,7.04,48.29,0.0,1.68
2014-03-15,12.67,19.59,7.6,42.41,0.0,1.67
2014-03-16,13.13,19.59,8.85,45.7,0.0,1.8
2014-03-17,13.16,19.35,8.59,53.91,0.0,1.8
2014-03-18,13.04,19.38,7.97,58.62,0.02,1.94
2014-03-19,11.84,17.84,7.54,54.46,0.0,2.02
2014-03-20,10.35,16.84,4.97,45.16,0.07,1.92
2014-03-21,10.67,16.63,6.54,49.18,1.2,1.83
2014-03-22,10.13,15.72,5.1,57.57,7.3,1.68
2014-03-23,10.11,15.28,5.1,57.54,0.51,1.61
2014-03-24,11.25,16.97,7.09,55.74,0.12,1.86
2014-03-25,11.9,18.42,6.57,54.07,0.13,2.1
2014-03-26,13.07,20.32,6.96,47.3,1.05,2.12
2014-03-27,14.03,21.25,8.55,48.83,0.01,2.39
2014-03-28,14.88,22.6,9.42,49.17,0.0,2.07
2014-03-29,15.9,23.22,9.73,43.7,0.0,2.73
2014-03-30,15.76,23.04,9.54,36.96,0.0,2.22
2014-03-31,14.11,21.32,8.55,30.11,0.0,1.94
2014-04-01,13.27,20.78,6.72,32.68,0.0,2.03
2014-04-02,12.61,20.07,5.76,32.38,0.0,1.92
2014-04-03,13.17,20.49,6.72,38.97,0.46,1.98
2014-04-04,14.11,20.56,9.11,46.11,0.0,2.07
2014-04-05,13.8,18.8,9.32,52.07,0.0,1.98
2014-04-06,14.33,19.84,9.68,56.87,0.01,1.72
2014-04-07,15.18,21.41,9.81,56.17,0.14,1.96
2014-04-08,15.82,23.54,8.59,44.45,0.82,2.39
2014-04-09,15.47,23.45,8.12,35.64,0.05,1.84
2014-04-10,14.84,21.96,8.87,27.84,0.0,1.95
2014-04-11,14.01,21.03,7.92,28.19,0.0,1.86
2014-04-12,13.84,20.63,7.97,30.39,0.0,1.83
2014-04-13,13.22,20.14,6.66,41.1,0.15,1.84
2014-04-14,13.73,20.17,8.82,48.41,0.17,1.74
2014-04-15,14.86,21.97,8.21,44.35,0.0,2.24
2014-04-16,15.51,22.47,8.99,44.66,0.0,1.98
2014-04-17,15.89,23.17,9.44,43.99,0.4,2.21
2014-04-18,16.12,23.72,9.04,40.2,0.02,2.14
2014-04-19,16.33,23.57,10.61,45.71,0.0,1.99
2014-04-20,15.86,23.63,8.02,42.02,0.0,2.08
2014-04-21,16.48,24.45,9.26,31.58,0.0,2.02
2014-04-22,16.8,24.59,9.23,29.84,0.0,2.19
2014-04-23,17.06,24.97,10.25,29.63,0.0,2.36
2014-04-24,17.02,24.13,10.36,41.35,0.0,2.13
2014-04-25,18.05,24.82,11.39,39.11,0.04,2.1
2014-04-26,17.84,24.56,10.83,36.8,0.0,1.86
2014-04-27,17.27,24.45,10.27,42.9,2.03,1.86
2014-04-28,17.41,24.8,10.14,35.96,0.35,2.35
2014-04-29,18.04,24.79,11.57,30.76,0.05,1.94
2014-04-30,18.29,24.99,12.16,36.36,0.11,1.94
2014-05-01,17.92,24.3,12.64,48.26,7.24,1.92
2014-05-02,16.7,21.87,12.21,58.78,9.81,1.71
2014-05-03,14.9,19.02,10.96,65.51,4.87,1.65
2014-05-04,14.55,19.16,10.34,73.58,8.72,1.3
2014-05-05,15.21,21.94,9.73,61.73,4.62,1.96
2014-05-06,15.41,20.2,10.35,66.71,2.55,2.03
2014-05-07,16.64,21.53,12.31,60.87,0.93,2.08
2014-05-08,17.13,21.25,13.1,59.27,0.08,1.85
2014-05-09,18.62,26.02,11.55,46.23,0.24,2.45
2014-05-10,19.41,26.62,12.67,31.92,0.01,2.38
2014-05-11,18.76,26.06,11.06,38.47,0.02,2.35
2014-05-12,18.82,25.55,13.51,41.46,0.22,2.06
2014-05-13,18.34,25.93,10.77,42.73,0.25,2.2
2014-05-14,18.14,25.39,11.67,40.72,0.0,2.46
2014-05-15,18.28,24.7,12.47,45.73,0.0,2.3
2014-05-16,18.48,25.31,11.78,38.44,0.0,2.03
2014-05-17,18.89,25.4,12.06,40.67,0.0,2.3
2014-05-18,19.98,26.0,14.08,43.63,0.0,2.11
2014-05-19,20.82,26.69,14.89,42.46,0.02,1.81
2014-05-20,19.93,26.3,13.74,42.57,0.17,1.96
2014-05-21,19.66,27.2,12.14,34.5,0.33,2.1
2014-05-22,19.35,26.31,11.32,32.95,0.07,2.0
2014-05-23,19.58,26.41,12.82,39.83,0.15,2.07
2014-05-24,18.83,24.53,13.15,53.61,1.72,1.88
2014-05-25,18.53,23.31,14.17,68.35,7.11,1.76
2014-05-26,17.34,22.0,14.52,74.88,25.68,1.22
2014-05-27,16.26,19.82,13.34,78.7,25.55,1.0
2014-05-28,17.16,22.45,12.98,77.43,10.24,1.43
2014-05-29,16.84,22.42,11.23,71.59,2.82,1.72
2014-05-30,18.33,23.79,13.28,66.98,2.06,1.91
2014-05-31,18.47,24.0,13.86,74.94,3.75,1.9
2014-06-01,18.88,24.59,14.23,72.43,2.69,1.76
2014-06-02,18.95,23.95,14.02,72.6,0.78,1.91
2014-06-03,19.9,25.49,15.11,61.83,0.33,1.97
2014-06-04,20.3,26.18,14.79,51.11,0.01,1.95
2014-06-05,20.78,26.65,14.7,49.85,0.64,1.85
2014-06-06,20.91,25.75,17.24,59.02,5.31,1.75
2014-06-07,20.1,24.42,16.48,75.41,7.05,1.64
2014-06-08,20.39,25.34,16.04,69.63,3.57,1.72
2014-06-09,19.85,25.02,15.74,61.74,10.0,1.85
2014-06-10,19.55,24.8,14.39,65.25,9.6,1.87
2014-06-11,19.74,24.94,14.77,63.5,2.29,1.89
2014-06-12,19.36,24.95,14.08,53.66,0.61,1.91
2014-06-13,19.71,24.81,14.21,51.05,1.19,2.01
2014-06-14,19.45,23.78,15.54,59.97,5.05,1.83
2014-06-15,19.19,23.91,15.03,70.13,8.5,1.78
2014-06-16,19.82,25.57,14.72,73.55,7.9,1.85
2014-06-17,19.69,24.11,16.41,79.25,6.1,1.88
2014-06-18,19.76,24.26,16.33,79.14,8.01,1.84
2014-06-19,19.7,24.1,15.45,79.47,2.33,2.18
2014-06-20,20.09,24.51,16.68,83.85,9.7,2.21
2014-06-21,19.33,23.58,16.53,87.88,22.55,1.8
2014-06-22,19.61,23.83,16.11,83.08,4.41,2.25
2014-06-23,19.96,24.77,16.08,74.3,1.9,2.02
2014-06-24,19.55,23.99,15.77,74.69,1.4,1.63
2014-06-25,19.48,23.78,15.12,75.72,1.69,1.68
2014-06-26,19.87,23.92,16.38,73.69,0.45,1.57
2014-06-27,19.99,24.79,16.54,78.32,5.63,1.97
2014-06-28,19.33,23.36,15.55,87.25,24.24,1.99
2014-06-29,19.71,23.96,16.24,84.23,11.76,1.94
2014-06-30,19.25,22.97,16.12,84.64,6.6,2.08
2014-07-01,17.77,19.5,16.05,91.78,24.87,1.3
2014-07-02,18.99,22.25,15.92,82.86,3.29,1.51
2014-07-03,19.16,23.39,15.82,83.65,2.97,1.81
2014-07-04,18.6,21.32,16.56,92.55,10.99,1.58
2014-07-05,18.25,21.04,16.43,90.5,2.81,1.57
2014-07-06,18.58,22.07,16.37,88.2,4.64,1.61
2014-07-07,19.26,22.79,16.26,85.97,2.44,1.52
2014-07-08,19.18,22.4,16.72,87.38,2.78,1.24
2014-07-09,19.3,22.88,16.34,88.29,5.91,1.14
2014-07-10,19.22,22.83,16.34,86.22,5.7,1.58
2014-07-11,18.88,21.28,17.24,90.99,7.75,1.29
2014-07-12,19.73,23.33,16.55,84.02,0.26,1.67
2014-07-13,19.87,23.03,17.1,87.49,0.49,1.86
2014-07-14,19.84,23.93,16.54,87.47,3.62,2.37
2014-07-15,18.63,20.71,16.79,91.96,12.83,1.81
2014-07-16,19.2,23.07,15.95,86.79,2.82,1.76
2014-07-17,19.22,23.51,16.3,88.64,3.43,1.66
2014-07-18,19.15,23.6,15.44,84.98,1.1,2.16
2014-07-19,19.08,23.07,15.74,86.18,4.51,1.86
2014-07-20,19.63,24.13,15.85,86.28,6.18,2.0
2014-07-21,19.77,24.52,16.65,84.98,8.95,2.24
2014-07-22,19.39,23.63,15.79,86.78,3.78,2.33
2014-07-23,17.9,20.2,15.68,91.34,14.54,1.66
2014-07-24,18.0,20.86,15.94,91.6,20.28,1.93
2014-07-25,18.67,22.79,15.47,86.06,7.01,1.75
2014-07-26,18.98,23.05,15.76,86.31,5.58,1.75
2014-07-27,19.08,22.86,15.99,86.59,3.77,1.75
2014-07-28,18.78,22.22,16.1,87.9,2.65,1.85
2014-07-29,18.99,22.82,15.69,87.43,4.14,2.0
2014-07-30,19.28,23.01,16.58,88.71,4.78,1.75
2014-07-31,19.37,23.22,16.8,90.37,1.95,1.96
2014-08-01,19.51,23.68,16.98,90.06,1.79,1.78
2014-08-02,19.06,22.15,16.91,93.08,5.06,1.98
2014-08-03,19.28,22.45,16.29,90.08,9.06,2.18
2014-08-04,19.61,23.38,16.91,88.88,9.62,1.83
2014-08-05,19.11,23.01,16.19,87.3,0.3,2.21
2014-08-06,19.19,23.42,15.43,87.9,0.32,1.96
2014-08-07,18.49,21.42,16.48,93.41,3.61,1.89
2014-08-08,18.87,21.93,16.15,90.81,17.26,1.45
2014-08-09,19.52,23.04,16.71,90.45,5.25,1.83
2014-08-10,19.48,23.09,16.36,90.76,7.24,1.83
2014-08-11,19.08,22.28,16.91,91.72,2.45,1.89
2014-08-12,19.65,23.41,17.08,90.39,1.72,2.01
2014-08-13,19.02,21.02,17.36,95.43,21.34,2.97
2014-08-14,17.46,19.67,15.07,96.03,50.02,1.98
2014-08-15,16.02,17.93,13.5,88.31,19.7,1.02
2014-08-16,17.39,20.67,14.25,87.94,3.52,1.68
2014-08-17,17.7,20.42,15.25,93.17,10.09,1.83
2014-08-18,18.08,20.7,16.05,92.82,0.47,1.64
2014-08-19,17.86,20.93,15.22,90.6,2.61,1.35
2014-08-20,17.89,20.54,15.56,89.28,3.91,1.9
2014-08-21,16.87,19.5,15.18,91.75,3.04,1.17
2014-08-22,17.94,21.48,15.29,87.0,2.35,1.59
2014-08-23,18.05,22.22,13.83,89.06,8.52,1.75
2014-08-24,18.1,21.77,14.79,90.72,11.77,2.03
2014-08-25,17.87,21.66,14.93,88.2,4.3,1.68
2014-08-26,18.01,21.66,14.96,91.1,8.93,1.89
2014-08-27,17.43,20.38,15.2,91.41,2.64,1.71
2014-08-28,17.28,20.74,14.73,89.29,10.94,1.48
2014-08-29,17.24,21.52,14.85,88.54,5.74,1.28
2014-08-30,18.49,22.41,15.68,83.44,2.39,1.29
2014-08-31,17.68,20.71,15.43,92.32,9.26,1.17
2014-09-01,16.95,19.82,14.68,92.82,0.89,1.65
2014-09-02,17.62,21.96,13.52,89.4,0.01,2.05
2014-09-03,18.04,21.95,14.44,90.45,0.4,1.49
2014-09-04,17.75,20.41,15.35,93.67,4.3,1.52
2014-09-05,18.05,21.38,15.48,90.72,3.52,1.48
2014-09-06,18.36,22.48,14.78,87.39,8.88,1.44
2014-09-07,18.09,21.42,15.58,91.94,3.89,1.43
2014-09-08,17.46,20.72,14.7,92.66,10.99,1.68
2014-09-09,16.63,19.06,14.21,87.86,22.75,0.87
2014-09-10,17.09,20.28,15.11,91.06,21.72,1.36
2014-09-11,16.59,18.87,14.96,93.54,11.91,1.4
2014-09-12,16.82,20.23,13.84,89.72,5.08,1.32
2014-09-13,16.65,19.03,14.91,95.1,10.39,1.46
2014-09-14,16.07,18.78,13.82,88.68,4.11,1.31
2014-09-15,16.24,19.92,13.73,83.79,0.32,1.22
2014-09-16,16.67,20.65,13.47,83.51,2.21,1.36
2014-09-17,17.8,21.99,14.38,86.12,0.97,1.45
2014-09-18,18.1,21.65,15.69,90.51,3.24,1.62
2014-09-19,18.27,21.02,15.62,81.93,26.22,1.74
2014-09-20,16.3,18.19,14.62,95.88,29.44,1.33
2014-09-21,16.36,19.42,14.29,87.07,4.61,1.07
2014-09-22,16.77,21.37,13.37,84.76,6.12,1.38
2014-09-23,16.48,20.9,12.91,84.55,8.2,1.57
2014-09-24,16.09,19.85,13.34,91.28,7.27,1.47
2014-09-25,16.02,19.58,13.45,90.95,7.23,1.21
2014-09-26,15.61,20.06,11.56,84.85,2.06,1.32
2014-09-27,15.4,19.43,12.43,85.05,0.43,1.44
2014-09-28,15.64,19.24,13.33,89.74,0.32,1.35
2014-09-29,14.64,18.16,11.87,84.31,0.86,1.2
2014-09-30,14.71,18.65,11.79,79.87,0.05,1.28
2014-10-01,14.7,18.68,11.54,87.42,0.0,1.38
2014-10-02,14.95,19.48,11.47,80.34,0.0,1.35
2014-10-03,15.34,19.33,12.39,88.8,0.0,1.39
2014-10-04,16.06,19.86,13.43,89.75,0.01,1.22
2014-10-05,16.41,19.7,14.06,88.8,0.06,1.11
2014-10-06,16.58,20.5,13.95,79.19,1.47,1.2
2014-10-07,15.85,20.14,12.56,78.99,0.4,1.28
2014-10-08,15.21,19.58,12.11,79.59,0.0,1.22
2014-10-09,15.15,19.81,11.65,71.69,0.02,1.37
2014-10-10,14.76,19.45,11.4,72.72,0.11,1.43
2014-10-11,14.53,19.84,10.54,60.39,0.01,1.14
2014-10-12,14.58,19.7,10.62,60.01,1.74,1.19
2014-10-13,14.45,18.22,12.09,66.03,0.84,0.95
2014-10-14,12.99,16.09,10.74,90.12,18.04,1.53
2014-10-15,14.33,19.59,10.89,77.76,0.14,1.22
2014-10-16,13.68,19.04,10.09,55.25,0.0,1.14
2014-10-17,13.18,18.32,10.08,63.52,0.06,1.23
2014-10-18,12.61,17.34,9.64,61.35,0.26,1.27
2014-10-19,12.5,17.55,8.35,66.15,0.03,1.33
2014-10-20,13.09,17.93,9.77,73.4,0.02,1.23
2014-10-21,12.65,17.38,9.34,72.28,0.58,1.16
2014-10-22,12.89,16.97,10.11,81.55,0.01,1.2
2014-10-23,13.25,17.71,10.17,83.79,0.0,1.32
2014-10-24,13.06,16.73,10.66,89.65,0.0,1.16
2014-10-25,12.2,15.82,9.85,87.78,0.22,1.04
2014-10-26,11.81,16.14,8.75,82.74,0.55,1.13
2014-10-27,11.28,15.38,8.67,82.47,0.06,1.25
2014-10-28,10.86,14.6,7.88,86.69,0.45,1.27
2014-10-29,10.83,15.27,7.79,83.26,0.08,1.24
2014-10-30,11.14,15.41,8.59,79.26,0.03,1.13
2014-10-31,11.87,17.34,8.22,56.7,0.0,1.03
2014-11-01,12.39,17.43,8.89,57.07,0.0,1.26
2014-11-02,12.63,17.38,9.58,65.09,0.0,1.29
2014-11-03,12.3,17.48,8.87,64.94,0.0,1.21
2014-11-04,12.25,17.34,9.02,71.66,0.0,1.28
2014-11-05,11.25,16.14,8.01,72.33,0.0,1.22
2014-11-06,11.96,16.86,8.92,71.85,0.0,1.22
2014-11-07,12.94,17.92,9.63,71.75,0.0,1.2
2014-11-08,13.27,18.21,9.94,75.41,0.0,1.23
2014-11-09,12.98,17.88,9.98,70.83,0.0,1.37
2014-11-10,13.05,17.73,10.39,60.74,0.0,1.31
2014-11-11,12.64,17.6,9.46,57.84,0.0,1.43
2014-11-12,11.61,17.76,8.2,50.95,0.0,1.45
2014-11-13,11.17,16.59,7.76,46.31,0.0,1.16
2014-11-14,11.02,16.13,7.07,57.76,0.0,1.2
2014-11-15,11.52,16.83,7.95,65.96,0.0,1.16
2014-11-16,10.49,15.09,7.73,60.97,0.0,1.09
2014-11-17,10.08,15.24,6.89,64.78,0.0,1.25
2014-11-18,10.45,15.29,7.34,64.36,0.0,1.13
2014-11-19,10.36,14.91,7.39,66.78,0.0,1.29
2014-11-20,10.38,14.88,7.27,64.77,0.0,1.28
2014-11-21,9.88,14.83,6.77,66.26,0.0,1.32
2014-11-22,9.17,14.73,5.06,60.13,0.0,1.28
2014-11-23,8.78,14.66,4.97,51.25,0.0,1.32
2014-11-24,8.85,14.14,4.82,49.27,0.0,1.12
2014-11-25,9.22,13.92,6.23,57.82,0.0,1.18
2014-11-26,8.88,13.95,5.87,57.93,0.0,1.2
2014-11-27,8.51,13.24,5.65,61.9,0.0,1.07
2014-11-28,8.43,13.4,5.51,67.06,0.0,1.18
2014-11-29,8.72,14.07,4.45,65.83,0.0,1.19
2014-11-30,9.74,15.3,5.97,62.13,0.0,1.05
2014-12-01,10.94,15.93,7.55,54.52,0.0,1.0
2014-12-02,11.95,16.43,9.24,53.9,0.0,0.94
2014-12-03,11.56,16.58,8.83,58.46,0.0,1.05
2014-12-04,10.98,16.46,7.88,57.08,0.0,1.13
2014-12-05,10.83,16.07,7.84,43.47,0.0,1.18
2014-12-06,10.51,15.91,7.66,45.68,0.0,1.26
2014-12-07,10.13,15.16,7.65,47.93,0.0,1.15
2014-12-08,10.01,15.58,6.89,47.63,0.0,1.24
2014-12-09,9.63,15.87,6.42,44.56,0.0,1.32
2014-12-10,7.62,14.69,2.86,39.76,0.0,1.44
2014-12-11,6.49,12.0,2.12,38.54,0.0,1.22
2014-12-12,7.46,14.38,3.06,34.12,0.0,1.32
2014-12-13,8.48,15.64,4.97,43.06,0.0,1.37
2014-12-14,7.39,11.82,4.49,81.12,4.67,0.75
2014-12-15,6.66,12.42,3.92,82.03,0.29,0.77
2014-12-16,4.94,9.89,1.24,72.29,5.25,1.03
2014-12-17,3.84,11.0,-1.15,61.98,0.0,1.37
2014-12-18,5.95,13.91,-0.1,44.35,0.0,1.46
2014-12-19,7.74,14.11,3.38,45.22,0.0,1.02
2014-12-20,8.28,14.35,4.41,52.59,0.0,1.24
2014-12-21,7.98,14.31,4.35,51.47,0.0,1.18
2014-12-22,7.18,13.24,3.07,46.55,0.0,1.26
2014-12-23,7.78,13.92,4.41,49.4,0.0,1.28
2014-12-24,7.77,13.85,3.89,44.26,0.0,1.2
2014-12-25,8.35,14.73,4.47,43.54,0.0,1.29
2014-12-26,6.92,13.85,2.61,43.81,0.0,1.51
2014-12-27,6.18,12.67,2.3,40.99,0.0,1.24
2014-12-28,6.93,13.4,2.82,40.36,0.0,1.11
2014-12-29,8.01,14.67,3.87,39.81,0.0,1.32
2014-12-30,8.47,14.37,4.91,32.55,0.0,1.1
2014-12-31,9.35,15.48,5.31,31.55,0.0,0.92
2015-01-01,9.15,14.56,4.61,53.96,0.16,1.08
2015-01-02,9.18,13.95,6.31,74.24,0.17,0.88
2015-01-03,9.21,15.29,5.84,78.45,0.32,1.15
2015-01-04,7.32,12.61,2.82,67.61,1.6,1.33
2015-01-05,6.21,13.03,1.11,68.3,0.03,1.39
2015-01-06,6.64,12.79,3.36,62.18,0.0,1.17
2015-01-07,5.35,10.95,2.45,60.28,0.3,1.19
2015-01-08,4.04,8.53,1.15,70.43,1.18,1.03
2015-01-09,4.36,12.0,-0.83,51.94,0.0,1.53
2015-01-10,5.92,14.15,-0.64,40.92,0.0,1.35
2015-01-11,7.2,14.47,1.85,39.51,0.0,1.3
2015-01-12,8.14,14.07,4.1,41.72,0.0,1.13
2015-01-13,7.95,13.27,4.84,49.44,0.0,1.08
2015-01-14,7.39,13.59,3.61,47.97,0.0,1.23
2015-01-15,6.2,12.16,1.92,48.95,0.0,1.22
2015-01-16,5.61,11.77,1.43,53.35,0.0,1.37
2015-01-17,4.78,11.1,-0.24,54.89,0.0,1.45
2015-01-18,5.33,12.27,-0.2,49.27,0.0,1.39
2015-01-19,5.81,12.43,1.48,47.06,0.0,1.43
2015-01-20,6.54,12.93,1.62,44.84,0.0,1.45
2015-01-21,7.98,14.7,3.52,38.33,0.0,1.33
2015-01-22,8.05,14.44,4.42,38.94,0.0,1.35
2015-01-23,7.06,13.47,2.83,56.04,0.07,1.37
2015-01-24,6.5,13.68,1.01,48.13,0.0,1.66
2015-01-25,7.56,14.32,3.31,42.87,0.0,1.49
2015-01-26,7.76,14.63,3.91,46.06,0.0,1.31
2015-01-27,6.65,11.92,2.01,72.5,0.02,1.11
2015-01-28,5.99,12.42,1.48,51.85,0.0,1.59
2015-01-29,5.82,12.58,1.33,50.35,0.0,1.35
2015-01-30,3.71,9.84,-0.29,58.23,0.0,1.73
2015-01-31,4.2,11.82,-1.63,44.74,0.0,1.57
2015-02-01,5.14,11.91,-0.28,45.26,0.0,1.51
2015-02-02,6.76,13.86,1.02,47.16,0.0,1.53
2015-02-03,8.01,15.42,2.84,47.54,0.0,1.59
2015-02-04,7.88,14.03,3.84,57.78,0.1,1.78
2015-02-05,7.89,14.22,3.88,52.45,0.0,1.46
2015-02-06,7.39,13.78,2.85,53.93,0.0,1.62
2015-02-07,7.74,14.36,3.59,43.87,0.0,1.73
2015-02-08,7.85,14.63,3.28,41.39,0.0,1.72
2015-02-09,7.55,13.99,2.74,42.76,0.0,1.64
2015-02-10,7.35,13.44,2.82,44.08,0.0,1.61
2015-02-11,7.44,13.87,2.42,47.07,0.0,1.62
2015-02-12,7.08,13.02,3.57,46.57,0.0,1.49
2015-02-13,7.14,12.8,3.57,53.43,0.0,1.82
2015-02-14,6.94,12.6,2.63,48.98,0.0,1.43
2015-02-15,7.18,11.54,4.07,56.47,0.0,1.37
2015-02-16,8.54,15.29,3.74,55.62,0.0,1.42
2015-02-17,8.42,12.46,5.58,63.2,0.0,1.38
2015-02-18,7.88,12.72,4.18,67.24,0.73,1.36
2015-02-19,7.92,12.91,4.45,62.87,2.2,1.53
2015-02-20,8.73,14.98,4.02,58.78,0.0,1.62
2015-02-21,9.21,14.73,5.03,62.03,0.0,1.72
2015-02-22,11.08,18.43,5.31,47.39,0.1,1.66
2015-02-23,11.98,17.79,8.08,49.07,0.0,1.51
2015-02-24,12.49,18.9,8.41,53.56,0.0,1.52
2015-02-25,12.51,18.45,8.74,54.85,0.0,1.64
2015-02-26,10.9,16.05,6.68,55.26,0.61,1.37
2015-02-27,10.65,17.38,6.0,61.87,0.66,1.78
2015-02-28,11.24,18.31,4.83,41.65,0.0,1.62
2015-03-01,10.18,14.55,6.98,58.35,6.06,1.12
2015-03-02,7.46,11.07,4.55,79.14,16.49,0.74
2015-03-03,7.36,13.45,3.1,68.13,0.53,1.54
2015-03-04,6.82,12.43,2.8,67.82,0.18,1.39
2015-03-05,7.1,14.41,1.15,57.52,0.0,1.69
2015-03-06,7.99,14.91,2.74,51.39,0.0,1.83
2015-03-07,8.71,15.5,3.27,50.39,0.0,1.72
2015-03-08,10.3,17.63,5.28,39.81,0.0,1.61
2015-03-09,10.79,18.77,4.73,31.75,0.0,1.91
2015-03-10,10.66,18.35,4.12,35.53,0.0,2.17
2015-03-11,11.82,19.67,6.2,37.93,0.0,1.89
2015-03-12,12.53,19.95,7.61,39.05,0.0,1.97
2015-03-13,12.93,20.27,8.21,38.65,0.0,1.94
2015-03-14,12.12,19.47,7.1,47.59,0.04,2.31
2015-03-15,12.79,19.53,7.83,43.89,0.04,2.02
2015-03-16,11.42,18.69,6.21,61.45,0.26,1.87
2015-03-17,11.54,18.51,6.0,44.51,0.0,2.16
2015-03-18,11.14,17.0,5.91,48.77,0.01,1.73
2015-03-19,10.81,17.44,5.54,42.69,0.0,1.79
2015-03-20,12.26,18.91,7.29,49.93,0.0,1.85
2015-03-21,12.92,19.49,7.6,48.37,0.0,1.84
2015-03-22,14.24,20.89,9.39,47.66,0.49,1.76
2015-03-23,13.67,19.79,9.69,58.49,10.44,1.6
2015-03-24,13.97,20.17,9.22,57.68,0.26,1.68
2015-03-25,14.97,20.94,10.33,56.98,0.36,1.63
2015-03-26,14.22,18.79,11.09,68.73,3.6,1.42
2015-03-27,13.34,17.76,10.04,75.81,4.25,1.22
2015-03-28,14.09,19.95,8.84,72.11,0.16,1.59
2015-03-29,14.89,20.25,9.89,67.98,0.52,1.5
2015-03-30,12.65,17.15,8.63,73.84,9.18,1.09
2015-03-31,11.5,17.47,6.26,72.53,0.88,1.82
2015-04-01,12.73,18.4,8.7,65.65,1.54,1.91
2015-04-02,12.93,17.56,7.39,66.56,1.65,2.11
2015-04-03,14.53,21.55,9.55,57.61,0.71,2.04
2015-04-04,13.99,20.06,8.29,56.59,1.04,1.95
2015-04-05,13.25,19.13,8.59,55.53,0.85,1.7
2015-04-06,12.84,19.44,6.11,50.98,0.08,2.06
2015-04-07,13.52,20.33,6.91,51.38,0.13,1.66
2015-04-08,13.68,20.37,8.66,52.82,0.0,1.79
2015-04-09,13.6,20.33,7.88,41.85,0.0,1.94
2015-04-10,14.95,21.9,9.2,45.35,0.0,1.96
2015-04-11,14.86,22.09,7.98,44.68,0.04,2.09
2015-04-12,14.53,21.5,8.58,42.85,0.66,1.75
2015-04-13,12.48,16.36,9.9,61.48,10.58,1.08
2015-04-14,13.46,17.85,10.2,62.39,0.01,1.26
2015-04-15,14.35,20.38,10.14,60.94,2.19,1.56
2015-04-16,14.6,20.54,9.75,61.07,3.87,1.6
2015-04-17,13.97,17.81,10.38,68.9,6.49,1.56
2015-04-18,12.17,15.15,9.12,78.87,9.66,1.78
2015-04-19,15.83,22.42,9.64,55.02,0.06,1.84
2015-04-20,16.55,22.62,11.66,59.78,0.51,1.94
2015-04-21,17.1,23.48,11.71,54.85,1.22,2.4
2015-04-22,16.69,22.46,11.76,49.4,3.74,1.76
2015-04-23,15.3,21.81,9.06,38.76,0.26,1.83
2015-04-24,14.66,20.67,10.06,51.07,3.13,1.54
2015-04-25,11.54,14.52,9.08,84.85,1.34,1.66
2015-04-26,12.28,16.97,8.1,70.96,1.59,1.52
2015-04-27,13.23,17.51,9.57,77.72,2.44,1.59
2015-04-28,13.52,18.08,10.28,80.26,5.32,1.54
2015-04-29,12.44,16.66,8.5,78.54,3.44,1.76
2015-04-30,13.56,18.77,8.39,72.85,0.83,1.81
2015-05-01,15.3,20.91,9.39,65.42,0.98,1.92
2015-05-02,15.99,22.97,8.09,51.67,3.13,1.89
2015-05-03,15.8,21.82,9.35,48.49,1.39,1.67
2015-05-04,16.13,23.49,8.3,37.9,0.14,2.01
2015-05-05,17.57,24.22,11.1,34.97,0.13,2.03
2015-05-06,17.12,23.58,10.65,39.72,2.07,1.95
2015-05-07,17.43,23.51,12.1,46.07,1.72,1.83
2015-05-08,17.94,23.94,13.41,50.8,0.0,1.94
2015-05-09,17.83,23.05,13.14,60.04,0.4,1.87
2015-05-10,18.49,23.81,14.53,62.01,3.32,1.9
2015-05-11,17.42,22.09,13.23,64.74,13.13,1.87
2015-05-12,16.6,21.54,11.97,68.16,4.05,2.22
2015-05-13,17.27,22.25,12.82,64.4,1.07,1.89
2015-05-14,18.33,24.42,13.21,54.15,0.47,1.93
2015-05-15,18.89,24.43,14.89,49.65,0.22,1.65
2015-05-16,17.78,23.17,14.12,59.65,0.84,1.47
2015-05-17,16.45,20.46,13.62,73.01,2.55,1.95
2015-05-18,17.86,22.58,13.76,69.52,2.36,1.87
2015-05-19,18.37,23.64,13.98,77.88,5.85,1.83
2015-05-20,19.1,24.04,14.28,70.22,4.81,1.94
2015-05-21,18.5,24.0,12.86,55.9,5.01,2.07
2015-05-22,19.47,25.78,12.29,45.05,1.64,1.82
2015-05-23,19.1,25.19,12.71,41.05,2.08,1.96
2015-05-24,19.04,25.3,12.92,43.48,1.26,2.04
2015-05-25,19.17,25.14,13.56,44.68,0.66,2.0
2015-05-26,18.92,24.99,13.19,49.41,3.76,2.06
2015-05-27,18.3,23.89,13.52,53.39,3.18,1.94
2015-05-28,18.37,23.91,12.86,49.56,0.13,2.02
2015-05-29,19.58,25.26,14.1,51.19,1.36,2.05
2015-05-30,19.16,25.08,14.16,53.72,2.54,1.87
2015-05-31,18.97,25.62,12.36,46.67,1.11,2.08
2015-06-01,19.56,26.06,13.4,47.8,1.82,2.02
2015-06-02,19.08,25.21,13.27,48.94,0.61,1.95
2015-06-03,19.82,26.15,13.18,53.84,0.41,1.69
2015-06-04,20.15,25.51,15.4,63.61,3.4,1.71
2015-06-05,20.5,25.63,15.94,59.55,2.08,1.9
2015-06-06,20.76,27.25,14.88,50.27,0.82,2.09
2015-06-07,20.92,27.63,13.85,40.93,0.44,2.02
2015-06-08,20.77,26.91,13.82,49.3,3.4,1.78
2015-06-09,21.48,27.5,15.88,54.31,3.33,2.23
2015-06-10,21.01,26.63,16.32,54.09,1.89,2.1
2015-06-11,19.66,24.29,15.49,60.09,2.92,1.96
2015-06-12,19.54,24.13,14.76,61.02,5.97,2.16
2015-06-13,19.43,24.65,14.96,64.25,2.02,1.64
2015-06-14,19.12,25.34,14.77,70.75,6.4,1.88
2015-06-15,19.5,25.75,13.66,66.79,1.34,1.92
2015-06-16,19.17,24.42,14.93,67.23,2.0,1.6
2015-06-17,18.31,22.23,15.21,78.03,4.06,1.56
2015-06-18,19.76,25.1,15.22,77.89,11.12,1.86
2015-06-19,19.45,23.99,16.18,85.48,22.35,1.58
2015-06-20,19.34,22.97,16.46,87.79,15.43,1.78
2015-06-21,19.41,23.5,16.21,84.73,3.3,1.71
2015-06-22,18.54,21.4,16.11,86.54,2.81,1.3
2015-06-23,18.93,21.75,16.05,83.12,8.64,1.59
2015-06-24,18.79,21.96,15.83,89.72,17.36,2.25
2015-06-25,19.81,24.02,15.67,81.1,10.33,1.82
2015-06-26,19.88,24.42,16.0,81.39,11.32,1.91
2015-06-27,18.64,21.77,16.52,88.73,9.84,1.59
2015-06-28,18.6,22.32,16.01,85.8,2.65,3.1
2015-06-29,18.73,22.51,15.73,84.53,0.22,2.01
2015-06-30,19.38,23.44,15.7,84.01,6.91,1.87
2015-07-01,18.99,22.56,16.51,88.11,24.52,1.36
2015-07-02,19.09,22.71,15.71,85.47,2.23,1.83
2015-07-03,19.77,23.79,16.22,85.68,10.63,2.41
2015-07-04,19.51,22.5,17.01,85.85,6.9,1.77
2015-07-05,20.08,24.42,17.16,84.3,11.13,2.09
2015-07-06,18.2,20.43,15.49,92.69,3.99,1.67
2015-07-07,18.13,22.29,15.41,81.93,2.09,1.41
2015-07-08,18.49,22.34,15.23,86.36,3.39,1.87
2015-07-09,18.82,23.16,16.22,84.84,7.99,1.69
2015-07-10,17.65,20.65,15.49,89.36,12.45,2.53
2015-07-11,18.38,22.29,14.8,86.4,2.1,2.16
2015-07-12,19.37,23.36,15.76,87.63,0.06,1.81
2015-07-13,19.0,21.61,16.5,91.3,0.19,1.5
2015-07-14,19.44,22.51,17.12,91.02,2.88,1.82
2015-07-15,19.19,22.89,16.58,90.06,20.42,2.29
2015-07-16,18.48,23.12,15.57,89.33,9.47,2.18
2015-07-17,18.24,22.95,14.78,84.81,0.26,2.06
2015-07-18,18.19,22.12,14.54,83.46,5.8,1.88
2015-07-19,18.79,23.22,15.46,84.06,3.58,1.53
2015-07-20,18.23,22.48,15.81,89.29,7.15,1.89
2015-07-21,18.4,22.86,14.96,88.14,3.99,2.1
2015-07-22,18.15,21.72,15.18,90.6,12.18,1.94
2015-07-23,17.68,19.83,15.61,95.04,8.65,1.6
2015-07-24,17.85,20.44,16.18,93.36,16.82,1.8
2015-07-25,18.15,21.12,15.49,90.17,4.19,1.69
2015-07-26,18.97,23.55,14.57,82.1,2.42,1.63
2015-07-27,17.91,21.21,15.29,82.12,1.98,1.47
2015-07-28,18.43,22.22,15.38,83.6,6.86,1.69
2015-07-29,18.64,21.24,16.29,90.52,11.06,1.88
2015-07-30,18.64,23.08,14.74,84.61,8.79,1.84
2015-07-31,17.92,19.98,15.97,81.05,2.94,1.54
2015-08-01,17.4,20.0,14.99,88.61,8.62,1.55
2015-08-02,17.91,21.37,15.05,88.2,4.93,1.43
2015-08-03,18.39,22.32,15.38,88.55,0.37,1.73
2015-08-04,17.93,21.1,15.93,92.65,2.1,1.9
2015-08-05,18.28,21.49,15.98,92.49,7.88,1.83
2015-08-06,18.49,21.99,15.83,89.73,11.8,1.69
2015-08-07,18.1,21.2,15.79,92.27,9.15,2.07
2015-08-08,18.5,22.11,15.75,91.66,4.0,2.05
2015-08-09,18.97,22.7,16.08,89.73,1.69,2.27
2015-08-10,19.69,24.2,16.02,85.75,10.05,2.32
2015-08-11,19.15,23.03,15.89,83.85,11.43,1.88
2015-08-12,18.56,21.09,16.75,93.2,6.47,2.12
2015-08-13,19.1,23.01,15.46,86.63,4.43,1.69
2015-08-14,18.44,20.92,16.97,94.53,2.58,1.86
2015-08-15,18.21,20.34,16.51,95.34,3.22,1.77
2015-08-16,18.96,22.53,16.48,89.79,4.95,1.73
2015-08-17,18.36,20.33,16.59,92.99,40.82,1.29
2015-08-18,18.76,21.85,16.29,89.76,12.95,1.97
2015-08-19,18.63,21.47,16.05,94.77,20.66,2.23
2015-08-20,18.14,19.67,16.37,96.82,42.26,1.55
2015-08-21,18.03,20.88,15.97,93.17,36.59,1.87
2015-08-22,17.98,21.5,15.44,91.49,4.82,1.68
2015-08-23,18.09,21.5,15.45,90.68,0.56,1.5
2015-08-24,18.71,22.21,16.05,90.98,2.01,1.65
2015-08-25,18.56,21.74,16.12,90.85,3.5,1.98
2015-08-26,17.25,19.11,15.25,95.73,14.4,1.04
2015-08-27,17.13,19.12,15.87,93.12,13.38,1.4
2015-08-28,18.18,21.62,15.02,91.03,22.02,1.63
2015-08-29,18.05,21.1,15.29,91.56,1.59,1.31
2015-08-30,18.02,21.07,15.67,94.09,7.79,2.18
2015-08-31,17.97,20.94,15.55,90.41,10.43,1.95
2015-09-01,17.75,21.45,15.03,92.94,4.45,2.02
2015-09-02,17.9,22.15,13.96,89.08,7.29,1.46
2015-09-03,17.65,21.01,15.01,87.17,20.02,1.61
2015-09-04,17.39,20.93,14.67,91.76,4.67,1.63
2015-09-05,17.72,21.79,14.99,88.83,1.66,1.48
2015-09-06,17.66,21.33,15.0,82.07,1.42,1.3
2015-09-07,16.99,20.31,14.3,87.49,2.38,1.39
2015-09-08,17.41,21.37,13.59,87.21,3.21,1.27
2015-09-09,18.02,21.27,15.41,86.19,0.04,1.19
2015-09-10,18.05,20.8,16.24,93.45,1.6,1.27
2015-09-11,17.03,19.36,14.83,94.72,16.79,1.49
2015-09-12,15.98,19.17,12.29,88.09,20.78,1.18
2015-09-13,17.5,21.16,15.1,84.99,1.35,1.15
2015-09-14,17.97,21.0,15.59,85.5,5.06,1.45
2015-09-15,17.09,18.53,15.48,95.5,10.51,1.59
2015-09-16,17.53,20.35,15.13,84.84,0.28,1.07
2015-09-17,17.72,20.71,15.01,86.74,0.33,1.05
2015-09-18,18.22,21.32,15.34,83.59,0.06,1.36
2015-09-19,18.59,22.22,15.41,84.07,2.33,1.6
2015-09-20,16.97,19.55,14.77,93.59,3.22,1.0
2015-09-21,17.11,20.71,14.86,92.46,8.18,1.35
2015-09-22,17.41,20.85,14.62,93.62,10.37,1.89
2015-09-23,17.62,20.9,15.26,93.88,11.01,1.9
2015-09-24,17.22,21.46,13.98,92.13,3.18,1.92
2015-09-25,16.34,20.44,13.58,88.19,0.64,1.34
2015-09-26,15.85,19.77,12.7,83.73,1.47,1.41
2015-09-27,15.93,19.88,13.31,87.38,0.27,1.38
2015-09-28,16.2,20.81,12.69,80.51,0.14,1.31
2015-09-29,16.78,21.34,13.56,75.64,0.03,1.34
2015-09-30,17.25,21.73,14.02,77.92,0.0,1.42
2015-10-01,17.19,21.5,13.99,79.65,0.0,1.39
2015-10-02,16.28,20.39,13.16,83.34,2.08,1.52
2015-10-03,16.02,20.02,13.45,79.21,0.54,1.36
2015-10-04,15.43,19.81,12.04,74.95,0.0,1.35
2015-10-05,15.34,20.37,11.5,64.97,0.0,1.26
2015-10-06,15.6,20.77,11.51,60.4,0.0,1.3
2015-10-07,15.9,21.01,11.75,63.36,0.0,1.31
2015-10-08,15.77,20.48,12.28,60.25,0.0,1.3
2015-10-09,15.05,19.61,11.51,69.56,0.0,1.59
2015-10-10,14.75,18.46,11.18,80.46,2.2,1.43
2015-10-11,13.22,17.43,10.57,87.47,10.94,1.35
2015-10-12,13.31,16.64,10.74,87.22,0.99,0.95
2015-10-13,14.07,17.53,11.36,84.74,4.39,1.16
2015-10-14,13.01,16.92,9.67,88.47,4.53,1.16
2015-10-15,13.77,18.46,10.11,77.96,1.73,1.26
2015-10-16,13.17,17.21,10.32,82.84,1.82,1.42
2015-10-17,13.96,18.29,10.54,83.05,0.23,1.4
2015-10-18,14.22,18.22,11.79,83.19,0.0,1.18
2015-10-19,14.52,18.81,11.73,78.66,0.0,1.31
2015-10-20,14.46,18.85,11.85,84.06,0.0,1.3
2015-10-21,13.7,18.42,10.7,69.19,0.0,1.24
2015-10-22,13.06,17.37,9.99,67.96,0.13,1.17
2015-10-23,12.31,17.09,8.76,65.26,0.07,1.24
2015-10-24,12.45,16.75,9.55,65.04,0.11,1.12
2015-10-25,12.27,17.04,8.89,68.38,0.0,1.22
2015-10-26,12.71,17.44,9.67,68.82,0.0,1.2
2015-10-27,12.41,17.33,9.17,62.74,0.0,1.13
2015-10-28,12.49,16.74,9.45,66.59,0.01,1.05
2015-10-29,11.66,14.9,8.67,72.41,2.09,0.8
2015-10-30,11.24,14.31,9.37,66.2,1.74,0.93
2015-10-31,11.54,15.1,9.17,77.63,0.3,1.14
2015-11-01,11.92,16.24,8.48,84.62,0.0,1.16
2015-11-02,11.79,16.07,7.9,82.46,0.15,1.27
2015-11-03,11.59,16.48,8.27,79.83,0.1,1.36
2015-11-04,10.74,15.59,7.29,71.8,0.01,1.34
2015-11-05,10.59,15.66,7.54,71.54,0.0,1.25
2015-11-06,10.19,15.03,6.36,64.66,0.0,1.22
2015-11-07,10.49,14.89,7.5,70.62,0.0,1.27
2015-11-08,10.64,15.22,7.8,69.16,0.0,1.06
2015-11-09,10.63,15.57,7.28,59.11,0.0,1.13
2015-11-10,10.7,15.78,7.11,57.98,0.0,1.16
2015-11-11,10.47,14.97,6.65,65.64,0.0,1.31
2015-11-12,11.38,15.88,8.57,66.77,0.0,1.04
2015-11-13,11.87,16.47,9.13,65.06,0.0,1.06
2015-11-14,11.31,15.78,8.35,73.28,0.0,1.09
2015-11-15,11.1,15.95,7.86,75.84,0.0,1.12
2015-11-16,10.09,15.48,6.93,72.08,0.0,1.18
2015-11-17,9.61,14.26,6.33,60.7,0.25,1.07
2015-11-18,10.02,14.83,7.04,61.39,0.46,1.22
2015-11-19,11.1,16.47,6.6,53.29,0.0,1.1
2015-11-20,12.45,17.47,9.66,52.02,0.0,1.1
2015-11-21,12.22,16.73,9.45,58.7,0.0,1.04
2015-11-22,12.53,17.14,9.82,64.97,0.0,1.03
2015-11-23,11.69,15.44,9.18,66.23,0.0,0.97
2015-11-24,11.58,15.64,8.97,65.54,0.0,0.97
2015-11-25,11.97,16.62,8.88,65.03,0.0,1.04
2015-11-26,10.78,15.14,8.08,73.67,0.0,0.95
2015-11-27,9.48,14.32,6.48,64.32,0.0,1.07
2015-11-28,9.33,12.54,6.61,66.5,0.0,0.87
2015-11-29,10.57,15.12,7.26,55.71,0.0,0.99
2015-11-30,10.9,16.26,7.6,51.5,0.0,1.2
2015-12-01,10.04,14.73,6.92,56.62,0.0,1.16
2015-12-02,9.56,14.01,6.38,62.99,0.0,1.19
2015-12-03,8.07,13.3,4.21,67.92,0.0,1.43
2015-12-04,8.28,14.87,2.91,64.8,0.0,1.11
2015-12-05,8.67,13.46,6.24,71.49,0.0,1.14
2015-12-06,8.42,13.46,5.39,78.56,0.0,1.22
2015-12-07,8.71,12.65,6.76,81.89,0.0,1.09
2015-12-08,8.47,12.69,6.31,79.91,0.0,1.12
2015-12-09,8.43,13.11,5.66,75.65,0.0,1.1
2015-12-10,8.33,13.6,4.98,64.34,0.0,1.34
2015-12-11,7.06,13.03,2.68,57.63,0.0,1.48
2015-12-12,6.73,12.95,1.64,65.99,0.0,1.41
2015-12-13,6.09,12.58,1.77,58.16,0.0,1.31
2015-12-14,4.78,11.94,0.09,42.95,0.0,1.47
2015-12-15,4.7,10.79,0.32,47.0,0.0,1.34
2015-12-16,5.72,11.51,1.82,61.44,0.0,1.15
2015-12-17,4.59,10.66,0.52,56.34,0.0,1.2
2015-12-18,3.48,9.29,-0.06,50.78,0.09,1.32
2015-12-19,4.72,10.74,1.11,52.08,0.0,1.13
2015-12-20,3.19,9.8,-0.48,48.68,0.0,1.48
2015-12-21,3.17,8.64,-0.41,45.37,0.0,1.07
2015-12-22,3.13,10.11,-1.33,51.2,0.0,1.27
2015-12-23,3.01,10.71,-2.03,45.78,0.0,1.43
2015-12-24,3.29,9.76,-0.21,40.2,0.0,1.18
2015-12-25,3.14,10.1,-3.02,45.09,0.0,1.29
2015-12-26,6.95,13.09,3.11,40.02,0.0,1.15
2015-12-27,8.36,13.92,5.11,42.7,0.0,1.04
2015-12-28,9.54,14.62,6.73,44.16,0.0,0.93
2015-12-29,9.48,15.38,6.37,45.07,0.0,0.98
2015-12-30,8.36,14.44,4.96,54.67,0.0,1.12
2015-12-31,7.02,12.1,3.76,58.39,0.0,1.22
2016-01-01,6.9,13.83,1.13,50.46,0.0,1.21
2016-01-02,7.34,13.0,4.14,43.03,0.0,1.19
2016-01-03,6.68,11.97,3.68,43.6,0.0,1.22
2016-01-04,6.93,13.29,2.94,42.91,0.0,1.22
2016-01-05,7.35,12.55,4.41,48.8,0.0,1.22
2016-01-06,6.33,11.46,3.31,54.16,0.0,1.22
2016-01-07,6.67,12.49,2.15,54.93,0.0,1.28
2016-01-08,5.2,11.13,1.21,62.36,0.0,1.5
2016-01-09,5.27,10.26,2.29,61.45,0.0,1.28
2016-01-10,5.61,12.4,1.16,50.39,0.01,1.26
2016-01-11,6.37,11.81,3.27,51.44,0.0,1.18
2016-01-12,6.31,11.81,3.41,53.83,0.0,1.17
2016-01-13,5.14,10.39,2.23,54.97,0.0,1.33
2016-01-14,5.19,11.17,0.04,58.52,0.0,1.45
2016-01-15,4.85,10.5,1.26,58.89,0.0,1.3
2016-01-16,5.48,11.69,1.65,47.87,0.0,1.29
2016-01-17,5.95,11.83,2.2,45.94,0.0,1.26
2016-01-18,5.46,11.65,1.04,39.43,0.0,1.28
2016-01-19,4.89,10.83,1.68,53.85,0.27,1.24
2016-01-20,3.79,7.53,0.92,89.52,4.5,0.98
2016-01-21,3.52,9.81,-1.64,71.25,0.87,1.33
2016-01-22,4.04,10.19,-0.13,55.77,0.0,1.21
2016-01-23,4.44,10.29,0.72,51.55,0.0,1.44
2016-01-24,4.47,10.6,0.67,49.16,0.0,1.27
2016-01-25,3.53,9.38,-0.76,45.9,0.0,1.46
2016-01-26,3.83,9.96,-0.06,52.93,0.0,1.4
2016-01-27,3.85,9.38,0.59,54.21,0.0,1.48
2016-01-28,4.77,11.11,0.83,46.8,0.0,1.32
2016-01-29,6.53,13.29,2.22,44.86,0.0,1.38
2016-01-30,7.35,13.27,3.22,54.04,0.0,1.43
2016-01-31,6.82,13.34,2.7,61.39,0.0,1.61
2016-02-01,6.75,12.93,2.32,54.22,0.0,1.78
2016-02-02,6.26,13.63,1.79,44.84,0.0,1.68
2016-02-03,6.56,14.05,0.68,38.99,0.0,1.5
2016-02-04,8.55,14.94,3.99,36.08,0.0,1.37
2016-02-05,10.35,16.78,6.62,34.91,0.0,1.32
2016-02-06,11.36,16.92,8.21,35.3,0.0,1.12
2016-02-07,10.38,16.29,6.71,34.4,0.0,1.19
2016-02-08,6.45,9.62,4.1,64.44,5.19,0.8
2016-02-09,7.19,12.66,3.82,64.64,0.01,1.42
2016-02-10,7.15,13.52,3.35,57.9,0.0,1.5
2016-02-11,6.16,12.75,0.78,44.3,0.0,1.55
2016-02-12,5.7,14.0,-0.75,37.78,0.0,1.97
2016-02-13,7.48,14.82,2.32,37.59,0.0,1.58
2016-02-14,7.85,15.29,2.13,43.83,0.0,1.8
2016-02-15,7.51,15.42,1.54,36.46,0.0,1.69
2016-02-16,8.29,15.87,1.41,43.15,0.0,2.05
2016-02-17,10.65,17.89,4.66,39.01,0.0,2.03
2016-02-18,12.54,19.5,7.0,34.75,0.0,1.63
2016-02-19,14.36,20.14,10.51,41.79,0.0,1.36
2016-02-20,12.81,19.48,7.58,57.23,0.0,1.73
2016-02-21,11.37,18.27,6.54,58.39,0.0,2.45
2016-02-22,11.28,18.0,6.96,46.93,0.0,1.88
2016-02-23,9.5,16.45,4.75,39.02,0.0,1.65
2016-02-24,8.37,14.13,3.98,38.25,0.0,1.48
2016-02-25,9.16,16.55,3.44,31.62,0.0,1.64
2016-02-26,9.47,15.47,5.68,34.89,0.0,1.27
2016-02-27,9.9,16.01,5.62,43.11,0.34,1.58
2016-02-28,9.9,15.32,6.02,53.1,1.06,1.43
2016-02-29,10.13,16.02,6.13,54.79,3.49,1.58
2016-03-01,9.86,15.07,5.74,57.21,1.52,1.35
2016-03-02,10.6,16.79,6.42,49.48,1.68,1.48
2016-03-03,10.77,17.18,6.3,46.07,0.02,1.56
2016-03-04,11.47,17.85,6.88,45.75,0.1,1.71
2016-03-05,11.79,18.74,7.06,47.81,0.39,1.64
2016-03-06,11.51,18.58,6.43,44.45,0.23,1.74
2016-03-07,12.35,18.88,7.22,44.49,0.0,1.73
2016-03-08,11.8,18.18,7.05,50.28,0.08,2.06
2016-03-09,12.48,19.45,7.18,42.77,0.0,1.91
2016-03-10,12.66,19.62,8.07,39.22,0.0,2.02
2016-03-11,13.86,20.79,8.91,36.73,0.0,1.84
2016-03-12,14.2,21.88,8.73,39.61,0.0,2.19
2016-03-13,11.56,18.61,7.7,58.3,0.05,1.9
2016-03-14,10.99,17.29,6.28,62.57,1.0,1.77
2016-03-15,10.99,16.96,6.48,53.02,0.47,1.88
2016-03-16,11.42,17.91,6.76,44.63,0.38,1.88
2016-03-17,12.27,18.73,7.9,40.02,0.0,1.57
2016-03-18,12.47,18.83,7.67,39.52,0.0,1.8
2016-03-19,12.95,19.64,7.11,47.5,0.0,2.0
2016-03-20,13.3,20.28,7.28,46.67,0.23,1.81
2016-03-21,12.77,19.79,7.82,43.39,0.84,2.14
2016-03-22,12.6,19.5,7.69,31.55,0.01,2.02
2016-03-23,13.65,21.38,7.1,26.03,0.0,1.84
2016-03-24,14.63,21.96,9.34,23.61,0.0,1.8
2016-03-25,15.97,22.87,11.17,27.51,0.0,1.71
2016-03-26,16.52,23.42,11.74,29.38,0.0,1.6
2016-03-27,15.89,22.98,10.85,34.04,0.14,1.68
2016-03-28,14.01,20.43,10.45,52.41,5.62,1.41
2016-03-29,14.4,21.22,9.11,45.53,0.74,2.06
2016-03-30,14.59,20.64,9.64,37.68,0.22,1.69
2016-03-31,13.35,19.71,8.7,44.14,4.18,1.98
2016-04-01,14.03,20.16,9.4,44.57,0.31,1.75
2016-04-02,14.65,20.54,9.52,58.91,0.0,1.64
2016-04-03,16.02,21.01,12.19,62.7,0.0,1.66
2016-04-04,16.23,20.99,12.14,60.09,0.0,1.72
2016-04-05,16.95,23.71,11.64,47.22,0.01,2.32
2016-04-06,17.69,25.89,11.28,40.27,0.0,2.41
2016-04-07,17.2,24.27,11.65,37.61,0.0,2.4
2016-04-08,16.1,23.16,10.03,40.16,0.0,2.79
2016-04-09,16.64,24.35,10.72,32.94,0.0,2.8
2016-04-10,17.72,25.98,10.69,27.0,0.0,2.96
2016-04-11,17.59,25.07,11.24,33.47,0.0,2.69
2016-04-12,16.94,25.0,10.45,33.98,0.0,2.53
2016-04-13,16.5,24.13,10.18,34.59,0.01,2.7
2016-04-14,16.36,23.61,10.09,36.82,1.19,2.26
2016-04-15,17.64,25.11,11.22,35.83,0.59,1.95
2016-04-16,17.61,24.08,11.73,39.26,1.48,2.26
2016-04-17,18.1,24.31,12.53,40.46,0.74,1.8
2016-04-18,17.08,24.76,10.37,43.52,2.87,2.44
2016-04-19,17.82,24.41,11.28,43.58,0.44,2.27
2016-04-20,19.09,26.37,13.15,42.56,0.68,2.04
2016-04-21,18.93,26.31,12.51,36.9,0.66,2.37
2016-04-22,18.42,25.73,11.56,30.54,0.2,2.0
2016-04-23,18.25,25.49,12.65,38.02,2.05,2.38
2016-04-24,16.59,24.39,9.52,33.29,0.33,2.18
2016-04-25,17.26,25.45,8.93,22.96,0.0,2.19
2016-04-26,18.18,25.82,10.03,20.39,0.0,1.88
2016-04-27,17.77,24.91,11.29,24.39,0.0,2.08
2016-04-28,18.59,25.98,11.9,26.71,0.31,2.2
2016-04-29,18.58,26.25,10.93,23.82,0.0,2.15
2016-04-30,18.24,26.4,9.81,24.34,0.65,2.28
2016-05-01,17.73,23.5,11.67,29.39,0.83,1.69
2016-05-02,17.96,24.61,13.23,44.01,0.0,1.8
2016-05-03,17.36,23.92,12.82,57.72,0.37,1.97
2016-05-04,14.39,17.93,11.6,76.8,2.6,1.45
2016-05-05,15.75,20.56,12.22,62.52,0.47,1.94
2016-05-06,16.21,21.05,11.1,54.3,1.2,1.92
2016-05-07,16.95,21.51,13.25,54.01,2.59,1.99
2016-05-08,16.81,20.91,13.23,53.69,0.92,1.73
2016-05-09,18.15,23.88,12.89,57.22,0.49,1.81
2016-05-10,18.73,23.99,14.02,59.23,6.9,1.83
2016-05-11,17.83,23.68,13.59,66.21,2.81,1.85
2016-05-12,16.45,20.3,13.39,75.06,5.25,1.51
2016-05-13,16.14,20.11,12.23,75.09,4.8,1.59
2016-05-14,17.5,23.04,12.74,67.5,3.13,1.97
2016-05-15,18.3,24.94,12.32,59.41,1.74,2.01
2016-05-16,18.65,24.7,12.89,54.79,2.56,2.12
2016-05-17,18.86,25.31,12.64,49.6,5.85,2.17
2016-05-18,18.9,25.19,14.4,55.65,2.47,1.84
2016-05-19,18.83,24.82,14.32,69.99,1.18,1.61
2016-05-20,17.55,21.85,14.21,79.83,10.15,1.75
2016-05-21,17.67,22.45,13.91,79.79,6.41,1.88
2016-05-22,19.36,25.52,14.09,65.61,0.11,1.88
2016-05-23,19.53,24.76,15.9,68.16,3.46,1.85
2016-05-24,18.47,24.93,14.38,66.96,7.23,1.99
2016-05-25,17.03,22.41,12.66,61.46,2.75,2.17
2016-05-26,16.49,21.4,12.76,59.18,7.48,1.92
2016-05-27,16.78,22.17,12.12,61.72,4.26,1.87
2016-05-28,16.68,20.46,13.49,70.2,4.39,1.73
2016-05-29,16.57,22.36,12.59,73.27,6.87,1.74
2016-05-30,16.62,21.95,11.83,68.84,1.69,1.87
2016-05-31,16.74,22.02,11.64,63.79,3.28,1.97
2016-06-01,17.46,23.13,11.46,65.16,0.56,2.0
2016-06-02,18.76,23.97,14.57,70.27,0.92,1.99
2016-06-03,19.53,24.28,15.3,74.67,0.49,1.91
2016-06-04,18.57,21.99,16.1,83.73,6.19,1.95
2016-06-05,18.45,21.75,15.49,82.33,4.38,2.01
2016-06-06,18.26,21.7,15.49,84.48,3.79,1.84
2016-06-07,19.15,24.25,15.48,78.27,2.95,1.99
2016-06-08,19.45,25.25,14.12,65.49,2.24,1.82
2016-06-09,19.12,24.89,14.12,66.95,6.45,1.83
2016-06-10,19.12,23.87,14.63,70.67,4.65,2.0
2016-06-11,19.89,24.69,15.43,60.3,1.38,1.92
2016-06-12,20.04,24.11,16.58,63.71,6.17,1.83
2016-06-13,19.28,24.13,14.81,68.27,5.6,2.03
2016-06-14,19.27,23.62,15.48,72.46,3.29,2.04
2016-06-15,18.74,22.05,15.99,80.18,17.2,1.84
2016-06-16,18.43,22.09,15.2,84.17,4.5,1.71
2016-06-17,18.84,22.21,16.31,84.68,2.33,1.85
2016-06-18,18.54,22.22,15.71,87.14,6.37,1.98
2016-06-19,18.65,22.34,15.73,82.41,4.84,1.73
2016-06-20,17.63,19.33,15.88,92.45,11.87,1.24
2016-06-21,17.87,19.86,15.97,94.51,18.85,1.65
2016-06-22,17.76,20.76,15.43,92.07,4.33,2.3
2016-06-23,18.28,21.13,15.52,88.61,6.44,2.26
2016-06-24,18.32,20.6,16.11,91.16,23.44,1.3
2016-06-25,19.1,22.96,16.86,89.87,3.82,1.59
2016-06-26,19.4,22.97,16.51,88.16,3.39,1.75
2016-06-27,19.53,22.7,16.85,87.46,2.84,1.62
2016-06-28,19.15,22.07,17.26,90.53,3.23,1.26
2016-06-29,19.69,23.88,16.46,88.78,7.29,2.1
2016-06-30,18.73,21.51,16.27,91.34,17.56,2.14
2016-07-01,17.03,20.32,14.84,91.86,17.73,1.77
2016-07-02,18.3,21.37,15.3,86.07,4.04,1.64
2016-07-03,18.32,20.72,16.28,92.19,6.55,1.85
2016-07-04,18.82,22.54,16.28,89.48,2.84,2.09
2016-07-05,18.93,22.47,16.04,89.87,1.8,2.15
2016-07-06,18.9,22.36,16.55,91.17,1.25,1.99
2016-07-07,19.61,23.49,15.95,86.86,0.97,2.11
2016-07-08,19.35,22.59,16.69,88.53,2.28,1.86
2016-07-09,19.29,22.51,16.32,87.09,4.94,2.0
2016-07-10,18.88,22.43,16.43,90.6,3.17,1.77
2016-07-11,18.42,22.22,15.44,88.65,2.19,1.57
2016-07-12,19.4,23.47,16.08,88.08,0.37,2.07
2016-07-13,19.41,23.54,16.23,88.92,1.91,1.72
2016-07-14,19.16,21.83,17.46,91.8,8.75,1.83
2016-07-15,18.79,20.3,16.98,94.66,24.78,1.93
2016-07-16,18.89,22.43,15.81,86.78,7.58,2.01
2016-07-17,17.75,19.83,15.85,91.53,3.22,1.74
2016-07-18,18.54,21.41,16.05,92.86,12.58,1.91
2016-07-19,18.65,21.71,15.96,92.18,5.44,1.64
2016-07-20,18.91,20.77,17.22,96.3,20.66,2.07
2016-07-21,18.41,20.64,16.98,94.07,13.85,1.25
2016-07-22,18.19,20.49,15.77,92.9,16.38,1.56
2016-07-23,17.36,19.32,15.23,95.13,21.69,1.57
2016-07-24,17.67,19.97,15.77,94.27,32.81,1.98
2016-07-25,16.86,19.53,14.8,95.1,31.11,1.91
2016-07-26,16.97,20.43,14.54,92.49,15.93,1.55
2016-07-27,17.12,20.57,14.04,90.56,4.94,1.36
2016-07-28,17.47,20.05,15.4,93.94,6.8,1.71
2016-07-29,17.92,20.73,15.23,90.49,0.45,1.78
2016-07-30,17.36,18.86,15.86,96.09,13.95,1.41
2016-07-31,17.85,20.76,15.17,92.51,18.75,1.72
2016-08-01,18.58,21.77,14.94,87.82,7.86,1.8
2016-08-02,18.38,22.49,15.03,87.75,3.69,2.06
2016-08-03,18.64,22.71,15.27,86.7,0.54,1.59
2016-08-04,19.07,22.05,16.71,93.59,0.79,1.5
2016-08-05,18.94,22.75,16.11,90.14,2.66,1.82
2016-08-06,18.39,22.02,15.84,86.79,3.54,1.83
2016-08-07,18.54,22.25,16.07,89.08,0.75,1.68
2016-08-08,18.46,22.6,15.26,89.38,1.62,1.86
2016-08-09,18.96,22.69,16.03,85.93,0.86,1.89
2016-08-10,18.52,21.67,16.28,90.14,6.54,1.97
2016-08-11,18.41,21.96,15.61,90.04,9.93,1.66
2016-08-12,18.64,22.48,15.42,86.16,1.23,1.76
2016-08-13,18.81,22.51,15.31,89.43,1.41,1.7
2016-08-14,18.89,21.97,16.6,90.96,3.34,1.62
2016-08-15,18.94,22.6,16.33,87.52,6.57,1.46
2016-08-16,18.89,21.78,16.35,92.35,5.19,1.78
2016-08-17,18.51,22.47,15.53,87.11,1.9,1.98
2016-08-18,18.04,20.48,15.88,89.89,0.4,1.66
2016-08-19,18.38,22.45,14.22,89.33,0.19,1.87
2016-08-20,19.22,22.62,16.1,91.2,3.9,1.34
2016-08-21,19.5,21.66,17.55,89.99,10.97,1.15
2016-08-22,18.92,21.41,16.27,86.06,8.33,1.76
2016-08-23,18.29,21.93,15.08,91.19,0.69,1.79
2016-08-24,17.72,19.95,15.83,92.77,4.36,1.11
2016-08-25,19.3,22.64,15.6,86.14,3.28,1.38
2016-08-26,18.83,22.48,16.21,84.22,9.11,1.36
2016-08-27,18.49,22.38,15.06,84.09,0.69,1.19
2016-08-28,18.9,22.78,16.34,87.45,3.45,1.61
2016-08-29,18.05,21.66,15.35,90.67,3.57,1.81
2016-08-30,18.41,21.33,15.67,89.14,3.62,1.74
2016-08-31,18.3,20.9,16.48,93.5,5.7,1.35
2016-09-01,18.2,21.28,15.65,92.0,8.8,1.82
2016-09-02,18.03,20.88,15.43,92.33,13.94,2.05
2016-09-03,17.85,19.71,16.48,95.55,11.35,1.78
2016-09-04,17.88,20.15,16.33,95.51,16.0,1.73
2016-09-05,18.06,21.3,14.95,92.67,7.84,1.41
2016-09-06,18.54,21.86,15.87,91.25,7.2,1.48
2016-09-07,18.31,21.11,16.22,92.73,8.87,1.42
2016-09-08,17.8,20.59,16.02,93.53,5.43,1.29
2016-09-09,17.9,20.09,16.18,95.8,4.33,1.53
2016-09-10,17.37,18.7,16.03,97.38,27.56,1.34
2016-09-11,16.86,19.23,14.89,95.64,20.36,1.53
2016-09-12,16.4,17.8,15.48,96.89,28.41,1.06
2016-09-13,16.46,18.68,15.13,92.26,3.01,1.4
2016-09-14,17.38,20.85,14.68,88.44,5.86,1.4
2016-09-15,17.68,20.91,15.46,92.24,1.36,1.45
2016-09-16,17.32,20.51,15.33,90.24,7.95,1.27
2016-09-17,17.32,20.2,14.3,92.0,14.87,1.61
2016-09-18,16.82,18.97,14.82,95.38,11.04,1.39
2016-09-19,17.24,20.01,15.46,95.11,3.14,1.57
2016-09-20,16.79,19.13,13.95,96.01,22.8,1.09
2016-09-21,15.29,18.33,12.66,94.87,19.56,1.39
2016-09-22,15.96,18.94,13.64,91.51,1.42,1.2
2016-09-23,16.09,19.19,13.58,86.7,2.32,1.03
2016-09-24,15.25,17.17,13.82,88.35,3.89,0.67
2016-09-25,14.49,16.91,12.65,92.31,17.23,1.22
2016-09-26,15.17,17.95,12.91,89.12,3.99,0.93
2016-09-27,16.43,20.52,13.3,81.92,11.72,1.34
2016-09-28,16.5,19.9,13.77,87.19,2.97,1.12
2016-09-29,16.91,20.31,14.11,85.22,7.84,1.09
2016-09-30,17.06,20.24,14.66,89.76,2.13,1.35
2016-10-01,17.08,19.59,15.36,96.23,2.19,1.07
2016-10-02,17.13,19.45,15.07,96.22,0.93,0.83
2016-10-03,17.1,20.92,14.41,87.23,4.17,1.14
2016-10-04,16.86,20.08,14.71,87.12,1.72,1.26
2016-10-05,16.85,20.17,13.97,92.46,3.31,1.23
2016-10-06,17.05,20.28,14.75,88.45,2.26,1.03
2016-10-07,16.74,20.18,14.32,88.04,6.71,1.23
2016-10-08,16.34,19.62,13.93,87.13,3.95,1.01
2016-10-09,15.59,18.2,13.75,92.38,9.63,0.87
2016-10-10,15.18,18.39,13.01,85.61,9.35,0.67
2016-10-11,14.69,17.8,12.14,88.82,1.87,1.13
2016-10-12,14.7,19.65,11.25,74.9,0.43,1.22
2016-10-13,14.27,19.13,10.84,72.47,0.16,1.24
2016-10-14,14.33,18.2,11.42,75.67,4.07,1.27
2016-10-15,14.51,18.16,11.8,87.27,0.0,1.26
2016-10-16,14.76,18.23,12.55,86.34,0.0,1.18
2016-10-17,14.88,18.53,12.91,87.5,0.21,1.02
2016-10-18,14.17,17.86,11.43,84.39,1.91,1.14
2016-10-19,13.51,17.77,10.45,82.55,0.04,1.38
2016-10-20,13.64,17.46,10.65,82.78,0.0,1.32
2016-10-21,13.66,18.54,10.85,74.96,0.0,1.23
2016-10-22,13.57,17.83,10.41,71.21,0.0,1.2
2016-10-23,13.22,17.72,10.06,79.46,0.0,1.23
2016-10-24,13.5,17.83,10.54,74.75,0.0,1.11
2016-10-25,13.12,18.08,9.52,63.71,0.0,1.18
2016-10-26,11.85,17.02,8.61,54.6,0.0,1.22
2016-10-27,12.06,17.17,8.64,49.09,0.0,1.19
2016-10-28,12.35,16.49,9.22,73.61,0.0,1.26
2016-10-29,11.88,16.43,8.81,75.24,0.0,1.25
2016-10-30,11.67,16.25,8.08,63.76,0.0,1.31
2016-10-31,12.74,17.42,9.12,70.98,0.0,1.12
2016-11-01,12.68,17.16,9.28,68.12,0.0,1.07
2016-11-02,12.55,17.33,8.81,63.0,0.0,1.16
2016-11-03,12.42,17.19,8.98,51.98,0.0,1.25
2016-11-04,12.2,17.22,8.79,50.13,0.0,1.22
2016-11-05,11.55,16.65,8.31,56.5,0.0,1.26
2016-11-06,11.11,16.24,7.72,50.84,0.0,1.03
2016-11-07,10.25,15.32,7.0,46.24,0.0,1.09
2016-11-08,11.04,15.87,7.42,54.79,0.0,1.15
2016-11-09,12.43,16.93,10.08,62.46,0.0,1.07
2016-11-10,12.22,16.72,9.67,73.24,0.0,1.17
2016-11-11,12.24,16.48,9.76,73.45,0.0,1.14
2016-11-12,11.92,16.88,8.77,64.77,0.0,1.23
2016-11-13,11.52,16.88,8.25,55.4,0.0,1.29
2016-11-14,11.28,16.4,8.14,48.88,0.0,1.33
2016-11-15,10.88,16.04,7.62,41.92,0.0,1.17
2016-11-16,10.84,16.57,7.19,38.47,0.0,1.1
2016-11-17,10.61,15.91,6.17,47.73,0.0,1.09
2016-11-18,11.08,15.71,8.19,57.52,0.0,1.1
2016-11-19,10.6,15.29,7.21,61.67,0.0,1.07
2016-11-20,10.67,15.31,7.74,68.87,0.0,1.03
2016-11-21,10.62,15.66,7.25,71.96,0.0,1.15
2016-11-22,11.26,16.17,8.2,65.46,0.0,1.08
2016-11-23,11.55,16.1,8.62,63.09,0.0,0.96
2016-11-24,11.23,15.82,8.48,64.24,0.0,1.11
2016-11-25,11.21,15.97,8.53,66.81,0.0,1.06
2016-11-26,11.08,16.44,7.82,70.26,0.0,0.92
2016-11-27,10.86,15.3,8.14,76.28,0.0,1.1
2016-11-28,10.07,14.77,7.17,81.57,0.0,1.18
2016-11-29,10.57,14.98,8.02,81.81,0.0,1.03
2016-11-30,10.41,14.61,7.65,86.98,0.0,1.02
2016-12-01,10.31,14.39,7.8,81.7,0.0,1.02
2016-12-02,9.86,14.09,7.18,85.19,0.0,1.18
2016-12-03,9.35,15.07,5.17,64.42,0.0,1.18
2016-12-04,10.35,16.75,5.49,47.44,0.0,1.17
2016-12-05,11.22,16.41,8.22,47.08,0.0,1.11
2016-12-06,11.2,16.04,8.72,55.62,0.0,1.16
2016-12-07,11.85,16.77,9.16,60.03,0.0,0.99
2016-12-08,11.81,16.27,8.75,53.92,0.0,1.04
2016-12-09,10.84,16.23,7.45,48.73,0.0,1.18
2016-12-10,10.39,15.65,7.08,45.49,0.0,1.07
2016-12-11,10.01,15.99,6.55,41.04,0.0,1.28
2016-12-12,9.69,15.31,6.23,44.71,0.0,1.21
2016-12-13,9.88,15.19,6.78,41.55,0.0,1.07
2016-12-14,9.32,15.32,6.1,39.27,0.0,1.31
2016-12-15,9.06,14.69,4.84,42.33,0.0,1.02
2016-12-16,10.11,14.91,6.42,56.32,0.0,0.95
2016-12-17,10.7,15.16,7.41,65.3,0.0,1.1
2016-12-18,10.08,14.94,7.18,59.59,0.0,1.16
2016-12-19,9.77,15.08,6.93,53.7,0.0,1.07
2016-12-20,10.18,14.88,7.65,46.45,0.0,1.08
2016-12-21,11.22,16.27,9.04,41.8,0.0,0.89
2016-12-22,10.55,14.95,7.26,52.07,0.0,0.85
2016-12-23,9.58,13.91,6.9,65.51,0.0,1.18
2016-12-24,8.89,13.95,5.18,71.13,0.0,1.18
2016-12-25,7.07,13.58,2.47,62.76,0.0,1.29
2016-12-26,5.04,7.79,3.58,63.73,0.0,0.8
2016-12-27,7.09,13.83,1.56,50.71,0.0,1.21
2016-12-28,8.15,14.16,4.98,51.93,0.0,1.17
2016-12-29,7.99,13.64,4.95,67.48,0.0,1.22
2016-12-30,8.1,12.91,5.01,68.74,0.0,1.11
2016-12-31,6.66,11.5,3.54,62.52,0.0,1.19
2017-01-01,6.79,10.76,3.95,62.86,0.08,0.89
2017-01-02,5.51,10.12,2.15,63.39,1.21,1.11
2017-01-03,5.88,10.89,2.9,63.45,0.02,1.19
2017-01-04,6.32,12.07,2.45,58.19,0.0,1.28
2017-01-05,5.09,10.31,1.63,55.98,0.09,1.23
2017-01-06,5.08,10.95,1.09,61.08,0.0,1.22
2017-01-07,4.58,11.41,-0.13,48.82,0.0,1.26
2017-01-08,4.06,10.81,-1.96,52.34,0.0,1.43
2017-01-09,4.09,10.1,-0.16,63.37,0.0,1.28
2017-01-10,3.24,8.69,-1.47,71.62,0.0,1.23
2017-01-11,3.2,8.37,0.36,63.96,0.0,1.26
2017-01-12,2.43,8.35,-1.15,40.7,0.0,1.07
2017-01-13,2.93,9.49,-1.27,31.5,0.0,1.14
2017-01-14,3.64,10.74,-1.48,36.73,0.0,1.51
2017-01-15,6.24,13.23,2.04,38.59,0.0,1.55
2017-01-16,5.55,12.49,1.18,49.78,0.0,1.63
2017-01-17,5.59,12.35,1.09,49.48,0.0,1.47
2017-01-18,6.36,12.54,2.08,48.31,0.0,1.52
2017-01-19,7.21,14.23,2.62,39.04,0.0,1.47
2017-01-20,7.5,15.13,1.32,39.12,0.0,1.6
2017-01-21,9.21,15.96,5.07,37.89,0.0,1.32
2017-01-22,9.57,15.79,5.88,38.87,0.0,1.26
2017-01-23,8.65,15.43,4.22,40.37,0.0,1.35
2017-01-24,9.77,15.76,5.94,41.7,0.0,1.31
2017-01-25,11.14,17.14,6.95,37.33,0.0,1.12
2017-01-26,10.79,16.52,7.62,42.62,0.0,1.2
2017-01-27,8.74,14.16,4.42,58.19,4.48,1.17
2017-01-28,6.92,12.97,2.14,70.09,1.2,1.36
2017-01-29,8.46,13.9,5.52,54.05,0.07,1.25
2017-01-30,7.79,13.45,4.04,65.1,0.0,1.28
2017-01-31,7.48,13.35,3.95,56.36,0.0,1.39
2017-02-01,6.74,12.63,2.05,53.94,0.0,1.37
2017-02-02,7.31,12.73,3.38,59.29,0.0,1.37
2017-02-03,9.25,15.49,4.81,50.09,0.02,1.34
2017-02-04,11.38,16.23,7.86,46.08,0.0,1.12
2017-02-05,11.79,17.86,7.23,43.89,0.0,1.29
2017-02-06,9.31,15.7,4.6,50.16,0.0,1.69
2017-02-07,9.05,16.08,4.08,49.19,0.0,1.67
2017-02-08,10.28,16.61,6.47,42.76,0.0,1.6
2017-02-09,9.5,16.42,4.47,41.86,0.0,1.55
2017-02-10,7.66,14.79,1.71,42.05,0.0,1.55
2017-02-11,8.34,15.33,3.05,32.4,0.0,1.44
2017-02-12,8.01,14.13,2.62,36.26,0.0,1.34
2017-02-13,8.22,14.84,2.82,38.89,0.0,1.51
2017-02-14,8.8,15.69,3.75,43.21,0.0,1.45
2017-02-15,9.41,15.99,3.96,42.28,0.0,1.5
2017-02-16,10.37,16.43,6.01,46.96,0.0,1.35
2017-02-17,10.58,17.36,6.33,46.25,0.0,1.25
2017-02-18,11.68,17.68,8.13,51.2,0.0,1.38
2017-02-19,11.26,16.62,8.11,58.12,0.0,1.55
2017-02-20,10.31,16.09,6.74,64.33,0.0,1.65
2017-02-21,10.44,16.54,6.15,56.57,0.0,1.58
2017-02-22,9.35,15.79,4.25,56.48,0.0,1.47
2017-02-23,8.96,16.2,3.65,42.51,0.0,1.66
2017-02-24,8.93,16.06,2.82,40.24,0.0,1.68
2017-02-25,8.91,15.24,4.83,40.34,0.0,1.52
2017-02-26,8.17,15.25,2.83,44.06,0.0,1.64
2017-02-27,8.81,15.08,3.44,45.02,0.0,1.53
2017-02-28,10.39,16.49,6.43,43.26,0.0,1.57
2017-03-01,10.94,17.28,6.79,42.8,0.0,1.61
2017-03-02,10.79,17.53,5.62,50.72,0.13,2.03
2017-03-03,9.82,15.95,5.81,50.34,0.0,1.93
2017-03-04,10.09,16.53,5.44,38.68,0.0,2.03
2017-03-05,9.69,16.3,4.97,44.53,0.0,1.7
2017-03-06,9.11,16.21,3.24,37.94,0.0,1.8
2017-03-07,9.23,15.79,3.84,35.84,0.0,1.71
2017-03-08,9.24,15.32,4.83,35.14,0.0,1.55
2017-03-09,8.18,13.66,4.15,55.64,0.06,1.3
2017-03-10,8.18,13.0,3.43,73.72,6.97,1.54
2017-03-11,7.1,10.5,2.53,88.06,11.87,2.14
2017-03-12,4.79,9.84,0.05,65.13,0.69,1.76
2017-03-13,7.94,15.37,1.93,44.82,0.0,1.48
2017-03-14,7.63,14.23,1.58,46.88,0.0,1.64
2017-03-15,8.81,15.14,3.83,42.43,0.0,1.59
2017-03-16,9.39,15.7,5.0,43.67,0.1,1.85
2017-03-17,8.71,13.95,4.99,55.59,3.05,1.89
2017-03-18,8.13,13.24,3.03,56.6,1.72,1.65
2017-03-19,7.7,12.71,3.57,56.14,0.04,1.35
2017-03-20,7.67,12.94,3.88,65.79,3.65,1.68
2017-03-21,9.69,17.04,3.21,49.3,0.04,1.8
2017-03-22,11.98,18.68,7.08,49.81,0.0,1.72
2017-03-23,13.19,19.76,8.09,57.07,0.02,1.71
2017-03-24,13.45,19.69,9.09,58.64,0.72,1.65
2017-03-25,13.98,21.25,8.25,51.14,3.33,1.82
2017-03-26,12.75,19.04,7.52,58.31,0.05,1.74
2017-03-27,14.68,21.27,9.37,53.41,0.01,1.62
2017-03-28,15.07,21.27,9.94,59.59,0.16,1.81
2017-03-29,15.06,19.85,11.39,67.39,1.41,1.64
2017-03-30,16.4,23.19,10.91,51.54,0.53,1.86
2017-03-31,15.99,22.34,11.51,50.65,0.04,1.79
2017-04-01,15.51,21.67,10.69,49.35,0.22,1.88
2017-04-02,14.92,21.67,9.58,48.4,2.22,1.91
2017-04-03,14.31,21.41,8.02,43.81,2.62,1.91
2017-04-04,14.2,20.81,9.27,44.58,0.6,1.95
2017-04-05,14.61,20.99,9.36,47.45,0.07,1.98
2017-04-06,15.35,22.24,8.55,52.35,0.01,1.8
2017-04-07,16.35,24.1,9.28,45.11,0.05,2.37
2017-04-08,16.09,23.6,9.67,38.38,0.75,1.97
2017-04-09,15.11,22.83,9.19,30.59,0.0,2.2
2017-04-10,14.22,21.68,8.49,25.03,0.0,1.95
2017-04-11,14.8,21.63,8.5,26.39,0.0,1.76
2017-04-12,15.12,21.78,9.7,28.54,0.0,1.7
2017-04-13,15.28,22.07,9.66,39.52,0.0,1.74
2017-04-14,15.87,22.12,10.74,50.22,0.2,1.76
2017-04-15,13.69,16.42,10.92,67.99,5.52,1.31
2017-04-16,15.76,23.83,9.53,47.26,0.0,1.27
2017-04-17,16.56,24.3,9.15,44.96,0.0,1.76
2017-04-18,17.72,24.04,12.63,53.11,0.05,1.79
2017-04-19,16.7,21.94,12.96,70.09,3.58,1.81
2017-04-20,15.86,20.67,12.27,78.45,2.61,1.73
2017-04-21,16.9,22.81,12.23,65.2,2.71,1.86
2017-04-22,16.67,21.82,12.79,66.09,4.81,1.82
2017-04-23,16.03,21.73,12.11,67.04,5.6,1.97
2017-04-24,16.69,22.72,11.76,60.22,0.05,2.49
2017-04-25,17.01,23.85,11.0,47.58,0.02,2.35
2017-04-26,16.89,24.77,9.99,36.69,0.0,2.12
2017-04-27,16.37,23.7,8.39,36.46,0.0,2.09
2017-04-28,16.26,23.19,9.53,39.58,0.73,1.99
2017-04-29,16.24,23.09,9.92,46.81,3.06,2.25
2017-04-30,16.37,23.76,8.15,46.15,3.79,2.27
2017-05-01,14.45,21.16,8.77,54.99,6.61,1.96
2017-05-02,14.39,21.06,7.38,45.86,0.01,2.12
2017-05-03,15.83,21.2,10.81,51.72,0.12,1.76
2017-05-04,15.96,22.48,10.68,51.85,1.98,2.3
2017-05-05,16.88,23.2,11.33,45.16,1.17,2.03
2017-05-06,16.47,22.41,11.0,48.41,2.59,1.83
2017-05-07,18.37,24.81,13.39,46.87,0.06,1.77
2017-05-08,17.75,23.71,12.96,61.25,6.21,1.79
2017-05-09,16.38,23.62,11.1,73.62,14.1,1.58
2017-05-10,15.67,20.13,11.93,79.5,0.88,1.78
2017-05-11,16.41,21.32,12.46,76.96,2.71,1.68
2017-05-12,17.56,22.65,13.42,74.26,13.28,1.57
2017-05-13,17.34,20.85,13.69,71.22,0.13,1.71
2017-05-14,17.85,21.5,14.5,73.28,2.36,1.77
2017-05-15,16.9,22.24,13.27,80.49,16.29,1.7
2017-05-16,17.27,22.4,13.42,75.87,1.72,1.92
2017-05-17,17.5,23.26,13.17,74.64,2.19,1.82
2017-05-18,18.1,24.37,12.0,54.34,0.36,2.0
2017-05-19,18.27,23.84,13.28,58.02,3.97,1.76
2017-05-20,18.92,24.1,14.22,55.14,0.69,1.88
2017-05-21,18.56,23.61,13.33,55.82,2.76,1.87
2017-05-22,19.09,24.55,14.14,53.96,0.23,1.88
2017-05-23,19.63,26.29,13.15,54.59,0.43,1.98
2017-05-24,19.69,25.17,14.83,61.9,0.94,2.01
2017-05-25,19.07,24.11,14.56,65.4,2.71,1.76
2017-05-26,17.87,24.77,12.76,73.17,13.5,1.92
2017-05-27,15.56,20.33,12.28,81.97,7.09,1.76
2017-05-28,16.27,19.82,12.53,80.72,6.28,1.54
2017-05-29,18.03,23.27,13.21,72.34,1.01,1.83
2017-05-30,18.23,22.35,14.22,75.38,1.36,1.56
2017-05-31,18.39,23.79,13.18,60.93,0.04,1.79
2017-06-01,18.6,23.76,13.67,64.17,0.32,1.75
2017-06-02,19.18,25.09,13.04,60.12,1.19,2.06
2017-06-03,20.27,25.94,15.08,51.96,0.63,2.23
2017-06-04,21.38,27.43,16.01,51.98,0.84,1.94
2017-06-05,20.59,26.27,16.6,72.62,17.86,1.9
2017-06-06,18.55,22.09,15.66,79.14,1.37,2.06
2017-06-07,17.88,20.68,15.21,80.26,2.1,1.16
2017-06-08,19.13,24.24,14.54,72.82,1.85,1.54
2017-06-09,19.68,24.38,15.9,69.4,0.16,1.57
2017-06-10,19.98,25.46,14.98,66.54,0.13,1.85
2017-06-11,20.17,25.93,14.17,66.37,0.98,1.88
2017-06-12,20.39,26.35,15.27,63.42,1.0,2.18
2017-06-13,20.13,25.9,13.86,50.48,0.07,2.0
2017-06-14,20.48,26.34,14.98,52.29,1.92,1.71
2017-06-15,19.15,24.12,14.79,70.45,5.57,1.72
2017-06-16,18.14,21.77,14.84,75.76,0.74,1.65
2017-06-17,19.07,23.68,15.61,75.02,0.36,1.87
2017-06-18,20.23,24.65,15.42,66.77,1.67,2.24
2017-06-19,20.27,24.32,16.92,69.76,5.02,2.02
2017-06-20,19.32,23.9,15.84,79.0,12.91,2.11
2017-06-21,18.83,23.2,15.75,84.92,17.97,2.08
2017-06-22,19.55,23.99,15.78,79.33,1.19,1.72
2017-06-23,19.67,23.92,16.61,76.63,0.83,1.72
2017-06-24,19.05,22.8,16.05,83.69,4.75,1.76
2017-06-25,19.02,23.1,15.33,81.54,10.6,1.61
2017-06-26,19.31,24.05,16.47,84.36,6.0,1.78
2017-06-27,19.61,24.2,15.44,82.8,4.26,2.02
2017-06-28,19.89,23.94,16.7,84.48,0.5,2.27
2017-06-29,19.58,23.67,16.31,84.64,2.71,2.17
2017-06-30,18.69,22.3,16.3,88.87,10.07,1.72
2017-07-01,18.37,21.27,15.67,89.16,10.15,2.0
2017-07-02,18.66,21.82,16.57,89.05,6.73,2.01
2017-07-03,18.99,22.47,16.35,88.67,12.19,1.93
2017-07-04,18.71,21.41,16.87,92.59,16.91,1.93
2017-07-05,18.22,20.73,15.89,93.88,8.15,1.76
2017-07-06,18.28,21.91,15.32,90.48,4.39,1.81
2017-07-07,18.9,23.0,16.1,86.84,2.08,1.85
2017-07-08,19.22,23.29,16.33,88.0,18.78,1.95
2017-07-09,18.41,19.91,16.84,96.24,23.73,2.07
2017-07-10,17.63,20.2,15.51,91.28,8.04,1.89
2017-07-11,17.47,21.59,14.84,85.88,5.51,1.54
2017-07-12,17.7,21.48,14.67,83.93,2.15,1.83
2017-07-13,18.74,22.97,15.03,84.93,0.17,2.01
2017-07-14,18.74,22.62,15.62,88.59,3.16,2.03
2017-07-15,19.65,23.87,16.16,87.53,3.61,2.12
2017-07-16,19.78,24.28,16.16,84.7,9.78,2.05
2017-07-17,19.93,24.56,16.38,83.72,6.01,1.84
2017-07-18,20.18,24.84,16.48,81.56,2.17,2.03
2017-07-19,19.39,24.51,15.94,84.55,2.96,2.06
2017-07-20,18.78,23.79,15.08,84.59,4.74,2.61
2017-07-21,18.56,22.5,15.67,87.74,3.53,2.06
2017-07-22,18.4,21.46,15.28,86.04,2.96,1.42
2017-07-23,18.71,22.7,15.52,85.54,6.63,1.83
2017-07-24,18.4,22.84,15.13,85.96,4.87,1.77
2017-07-25,19.0,23.96,15.47,84.2,1.3,2.14
2017-07-26,17.9,21.25,14.61,88.8,1.06,2.42
2017-07-27,18.94,23.24,14.67,86.44,0.48,2.2
2017-07-28,18.71,21.35,16.53,92.3,2.72,2.07
2017-07-29,18.04,19.78,16.79,95.31,19.04,2.27
2017-07-30,17.55,19.62,16.15,95.04,14.74,1.55
2017-07-31,18.46,22.48,15.8,91.76,9.26,2.0
2017-08-01,18.55,21.85,15.63,88.6,10.12,1.18
2017-08-02,19.29,23.37,16.25,89.51,13.58,2.21
2017-08-03,19.14,21.99,17.01,93.9,21.5,2.35
2017-08-04,18.76,21.3,16.75,93.21,8.72,1.35
2017-08-05,19.32,22.72,16.02,90.6,8.22,1.73
2017-08-06,19.58,23.27,17.0,90.26,4.91,1.92
2017-08-07,18.79,21.36,16.51,93.01,14.56,1.98
2017-08-08,18.77,21.62,16.08,93.72,5.46,2.12
2017-08-09,18.22,19.89,16.82,95.68,4.86,2.03
2017-08-10,18.27,20.65,16.56,94.05,16.78,1.8
2017-08-11,18.5,21.6,15.39,93.83,15.77,2.64
2017-08-12,18.24,19.65,16.59,97.05,10.01,2.27
2017-08-13,17.51,19.33,16.12,96.31,13.81,2.1
2017-08-14,18.13,21.25,15.58,92.44,2.05,1.53
2017-08-15,18.04,20.34,16.25,93.91,0.85,1.45
2017-08-16,18.41,21.79,16.18,92.78,5.54,1.67
2017-08-17,18.81,21.67,16.37,91.1,9.0,1.52
2017-08-18,18.06,21.08,16.04,93.2,7.04,1.59
2017-08-19,17.74,20.61,15.85,90.85,2.8,1.28
2017-08-20,18.34,21.46,16.18,93.23,20.31,1.97
2017-08-21,17.3,19.51,15.48,93.97,7.73,1.34
2017-08-22,17.84,20.79,15.52,89.9,8.59,1.07
2017-08-23,18.62,22.14,15.45,88.8,6.1,1.64
2017-08-24,18.48,22.4,15.29,88.25,4.39,1.49
2017-08-25,18.51,22.46,14.91,80.94,2.82,1.4
2017-08-26,18.55,21.84,16.1,89.74,34.89,1.74
2017-08-27,17.23,19.75,15.17,94.46,5.58,1.78
2017-08-28,17.95,21.71,15.1,85.24,0.57,1.85
2017-08-29,17.17,20.08,14.84,90.03,0.3,1.36
2017-08-30,17.72,20.96,14.89,90.2,3.51,1.18
2017-08-31,18.08,20.36,15.92,94.77,12.78,1.92
2017-09-01,17.25,18.52,15.79,97.93,8.49,2.08
2017-09-02,17.11,19.47,14.81,91.91,4.39,1.47
2017-09-03,17.21,20.02,15.12,93.16,7.58,1.47
2017-09-04,17.71,21.98,14.47,90.56,0.47,1.67
2017-09-05,17.77,21.71,14.73,91.08,0.02,1.65
2017-09-06,17.98,21.95,14.46,86.91,0.61,1.36
2017-09-07,18.01,21.59,15.23,86.27,1.43,1.27
2017-09-08,18.16,21.69,15.34,86.19,2.4,1.6
2017-09-09,18.59,22.39,15.37,90.14,0.84,2.19
2017-09-10,17.95,21.3,15.65,92.24,5.93,1.42
2017-09-11,17.75,20.7,15.27,93.04,4.26,1.65
2017-09-12,17.41,20.05,15.32,92.34,4.37,0.93
2017-09-13,16.83,19.53,14.57,91.45,2.64,0.9
2017-09-14,17.82,21.3,14.83,89.93,2.69,1.12
2017-09-15,17.57,19.38,16.14,96.63,8.97,1.12
2017-09-16,18.95,23.16,15.07,86.11,1.65,1.28
2017-09-17,19.3,23.24,16.9,81.18,14.75,1.21
2017-09-18,17.71,20.84,15.31,92.2,5.7,1.29
2017-09-19,17.54,20.57,14.71,86.74,3.03,1.29
2017-09-20,16.85,20.43,14.08,90.26,9.03,1.59
2017-09-21,16.47,19.9,13.75,91.2,5.39,1.55
2017-09-22,16.84,19.6,14.41,94.02,0.04,1.3
2017-09-23,17.92,21.08,15.18,88.14,0.75,1.13
2017-09-24,17.81,20.55,15.76,94.57,2.44,1.37
2017-09-25,18.1,21.55,15.57,90.95,0.07,1.24
2017-09-26,17.94,21.74,15.41,89.5,0.04,1.23
2017-09-27,17.92,21.48,15.5,88.74,0.73,1.72
2017-09-28,17.18,19.94,15.34,90.06,7.27,1.03
2017-09-29,16.26,17.83,14.81,98.14,11.84,1.25
2017-09-30,16.24,19.11,13.51,91.22,3.96,1.0
2017-10-01,16.39,19.42,14.09,94.74,7.24,1.48
2017-10-02,16.34,18.76,14.09,94.89,13.39,1.24
2017-10-03,16.05,19.43,13.26,91.3,4.86,0.91
2017-10-04,17.09,20.72,13.91,89.59,2.53,1.28
2017-10-05,17.33,21.5,13.89,84.89,0.6,1.21
2017-10-06,17.56,21.39,14.79,79.04,1.63,1.3
2017-10-07,17.41,21.25,14.26,82.32,2.91,1.39
2017-10-08,16.67,20.94,12.87,81.64,3.1,1.3
2017-10-09,16.54,20.88,13.39,81.01,4.61,1.18
2017-10-10,15.86,20.45,11.44,82.02,1.36,1.21
2017-10-11,16.71,21.33,12.83,78.16,1.48,1.05
2017-10-12,16.83,21.26,13.33,80.93,0.05,1.27
2017-10-13,16.53,20.69,13.85,85.36,0.52,1.35
2017-10-14,15.99,20.86,12.43,76.11,0.02,1.36
2017-10-15,14.82,19.24,11.74,67.84,0.0,1.22
2017-10-16,14.32,18.37,11.34,76.74,0.0,1.17
2017-10-17,15.29,19.42,12.48,88.18,0.0,1.12
2017-10-18,15.66,20.34,12.23,82.75,0.0,1.32
2017-10-19,15.9,20.29,12.75,80.66,0.02,1.35
2017-10-20,15.6,20.65,12.22,86.44,0.09,1.08
2017-10-21,14.77,19.48,11.61,84.65,0.29,1.46
2017-10-22,14.06,18.51,10.66,84.96,0.28,1.33
2017-10-23,13.11,17.78,8.62,74.25,0.01,1.21
2017-10-24,12.11,17.14,8.65,65.52,0.0,1.51
2017-10-25,11.28,16.06,7.41,62.4,0.0,1.3
2017-10-26,11.74,16.27,8.9,62.79,0.0,1.24
2017-10-27,11.9,16.4,8.37,70.95,0.16,1.16
2017-10-28,11.16,14.91,8.52,77.97,5.17,1.04
2017-10-29,10.6,14.22,7.46,78.53,2.66,1.08
2017-10-30,10.57,15.65,7.23,83.64,2.78,1.08
2017-10-31,10.39,14.28,7.8,88.14,0.28,1.11
2017-11-01,10.99,15.49,7.69,85.4,0.0,1.04
2017-11-02,11.79,16.3,8.18,85.14,0.0,1.1
2017-11-03,12.31,16.74,9.62,80.07,0.0,1.07
2017-11-04,12.49,17.14,8.83,71.02,0.0,1.21
2017-11-05,12.71,16.67,10.09,81.14,0.0,1.22
2017-11-06,12.46,17.05,9.02,75.59,0.0,1.21
2017-11-07,12.01,16.96,8.12,78.77,0.0,1.33
2017-11-08,11.88,16.14,8.68,71.95,0.0,1.16
2017-11-09,11.46,16.1,8.23,71.76,0.0,1.15
2017-11-10,11.32,16.05,8.03,64.9,0.0,1.2
2017-11-11,12.19,16.85,8.82,72.36,0.0,1.22
2017-11-12,11.82,16.46,8.67,60.58,0.0,1.14
2017-11-13,11.49,16.42,8.1,64.66,0.0,1.25
2017-11-14,12.21,16.98,8.58,55.97,0.0,1.05
2017-11-15,11.76,17.36,8.08,51.56,0.0,1.1
2017-11-16,11.55,16.31,8.21,66.33,0.0,1.16
2017-11-17,12.15,17.42,8.6,68.1,0.0,1.19
2017-11-18,12.01,17.15,8.72,59.33,0.0,1.18
2017-11-19,10.62,16.58,6.57,54.92,0.0,1.43
2017-11-20,9.84,15.64,6.03,53.31,0.0,1.3
2017-11-21,9.64,15.58,5.2,56.36,0.0,1.19
2017-11-22,8.91,14.57,5.7,52.96,0.0,1.28
2017-11-23,8.97,14.43,5.13,50.79,0.0,1.1
2017-11-24,9.05,14.03,5.65,52.44,0.0,1.14
2017-11-25,9.37,14.42,6.33,57.27,0.0,1.13
2017-11-26,9.44,14.36,6.74,57.88,0.0,1.25
2017-11-27,8.58,13.62,5.46,65.87,0.14,1.23
2017-11-28,7.9,13.14,4.18,71.65,0.08,1.27
2017-11-29,7.87,12.53,4.46,64.84,0.0,1.09
2017-11-30,8.14,13.06,4.62,60.87,0.0,1.07
2017-12-01,9.08,14.23,5.76,58.67,0.0,1.04
2017-12-02,9.14,13.91,6.65,59.56,0.0,1.05
2017-12-03,9.38,13.98,5.74,51.82,0.0,1.03
2017-12-04,10.27,15.3,7.29,48.53,0.0,1.01
2017-12-05,10.44,15.65,7.3,59.2,0.0,1.13
2017-12-06,10.66,16.03,7.49,63.55,0.0,1.36
2017-12-07,10.92,16.59,7.11,65.09,0.0,1.39
2017-12-08,10.6,16.41,6.3,62.53,0.0,1.18
2017-12-09,11.37,16.35,8.13,50.88,0.0,1.06
2017-12-10,11.42,16.64,8.07,49.66,0.0,1.02
2017-12-11,11.22,16.26,8.42,57.5,0.0,1.1
2017-12-12,9.35,14.98,5.84,49.96,0.0,1.33
2017-12-13,8.78,15.35,4.31,55.65,0.0,1.49
2017-12-14,8.5,15.39,4.52,45.06,0.0,1.53
2017-12-15,8.47,15.47,3.12,36.78,0.0,1.33
2017-12-16,8.3,15.43,2.96,37.4,0.0,1.33
2017-12-17,8.35,14.96,4.12,35.95,0.0,1.23
2017-12-18,9.27,15.28,5.41,37.43,0.0,1.08
2017-12-19,10.32,15.31,7.3,42.98,0.0,1.07
2017-12-20,10.69,15.48,7.96,51.97,0.0,0.91
2017-12-21,9.76,14.68,6.6,58.52,0.0,1.13
2017-12-22,8.72,14.82,4.86,57.45,0.0,1.32
2017-12-23,8.89,14.37,5.78,48.97,0.0,1.17
2017-12-24,8.83,14.69,5.84,40.21,0.0,1.17
2017-12-25,7.89,13.62,4.11,38.41,0.0,1.09
2017-12-26,7.61,14.15,3.56,45.41,0.0,1.17
2017-12-27,8.53,15.12,2.32,39.76,0.0,1.14
2017-12-28,9.42,15.46,5.95,38.82,0.0,1.07
2017-12-29,9.15,15.82,5.06,38.2,0.0,1.19
2017-12-30,8.57,15.55,4.7,38.11,0.0,1.23
2017-12-31,7.45,13.99,2.81,39.76,0.0,1.2
2018-01-01,6.45,11.82,2.61,47.26,0.0,1.08
2018-01-02,4.77,11.32,0.45,57.1,0.0,1.41
2018-01-03,4.55,11.16,-0.72,51.19,0.0,1.39
2018-01-04,5.75,12.53,2.23,46.46,0.0,1.18
2018-01-05,4.6,10.83,0.67,44.84,0.0,1.41
2018-01-06,3.5,10.69,-0.5,43.44,0.0,1.46
2018-01-07,3.06,9.68,-1.01,47.33,0.0,1.46
2018-01-08,4.28,11.08,-0.36,45.7,0.0,1.11
2018-01-09,6.81,13.27,2.83,38.44,0.0,1.11
2018-01-10,8.19,14.71,3.64,35.69,0.0,1.15
2018-01-11,9.1,14.82,6.44,36.72,0.0,1.09
2018-01-12,8.79,14.31,5.74,44.97,0.0,1.24
2018-01-13,7.81,14.01,3.92,48.58,0.0,1.17
2018-01-14,6.4,12.36,3.54,47.74,0.0,1.24
2018-01-15,6.72,12.89,3.03,45.68,0.0,1.41
2018-01-16,8.09,13.84,4.63,36.12,0.0,1.22
2018-01-17,8.59,14.86,4.83,40.6,0.0,1.38
2018-01-18,8.49,14.76,5.21,35.99,0.0,1.28
2018-01-19,8.64,14.76,5.58,35.34,0.0,1.27
2018-01-20,8.41,15.04,4.29,37.34,0.0,1.3
2018-01-21,8.27,15.18,3.48,38.97,0.0,1.23
2018-01-22,9.42,15.27,6.26,39.2,0.0,1.09
2018-01-23,8.64,15.32,4.0,37.68,0.0,1.3
2018-01-24,4.52,9.75,1.65,55.9,0.55,1.16
2018-01-25,5.36,11.93,1.11,53.36,0.05,1.41
2018-01-26,4.26,11.11,-0.36,54.81,0.0,1.64
2018-01-27,3.43,9.36,-0.89,57.86,0.0,1.72
2018-01-28,4.33,11.35,-0.66,47.14,0.0,1.48
2018-01-29,6.29,12.95,2.02,38.9,0.0,1.26
2018-01-30,8.06,15.05,3.76,38.28,0.0,1.19
2018-01-31,9.36,15.8,5.86,41.78,0.0,1.2
2018-02-01,8.67,14.3,5.03,48.92,0.0,1.25
2018-02-02,8.35,14.57,4.49,50.09,0.0,1.4
2018-02-03,6.86,13.69,2.5,52.18,0.0,1.53
2018-02-04,7.64,14.96,2.56,44.31,0.0,1.97
2018-02-05,9.63,16.18,4.89,38.71,0.0,1.52
2018-02-06,9.67,16.22,5.83,43.22,0.0,1.9
2018-02-07,9.59,16.02,6.31,51.35,0.0,1.6
2018-02-08,8.3,14.71,4.47,43.85,0.0,1.83
2018-02-09,7.4,13.82,3.53,37.46,0.0,1.81
2018-02-10,7.42,13.98,2.57,33.75,0.0,1.49
2018-02-11,7.58,14.47,1.7,34.66,0.0,1.6
2018-02-12,8.09,14.36,2.86,41.36,0.01,1.36
2018-02-13,7.33,13.17,3.59,56.19,0.4,1.01
2018-02-14,7.76,13.63,3.21,53.47,0.35,1.61
2018-02-15,8.86,16.73,2.27,41.2,0.15,1.57
2018-02-16,9.33,15.88,5.33,39.27,0.06,1.46
2018-02-17,8.35,14.76,3.87,53.33,0.0,1.67
2018-02-18,7.37,14.15,1.6,54.07,0.0,1.66
2018-02-19,8.41,14.89,2.88,45.71,0.0,1.71
2018-02-20,9.42,15.73,5.41,37.6,0.18,1.37
2018-02-21,8.7,14.82,4.56,38.37,0.16,1.45
2018-02-22,8.79,14.32,5.47,43.02,0.07,1.47
2018-02-23,9.12,14.71,4.48,51.39,0.04,1.52
2018-02-24,9.71,15.93,5.13,47.66,0.04,1.47
2018-02-25,10.15,16.63,5.96,48.55,0.0,1.59
2018-02-26,10.79,16.73,6.9,52.23,0.0,1.76
2018-02-27,10.99,17.43,6.44,47.03,0.0,1.56
2018-02-28,11.36,17.51,7.39,47.27,0.0,1.6
2018-03-01,11.31,17.17,7.19,49.79,0.0,1.66
2018-03-02,11.38,17.37,6.43,48.51,0.2,1.6
2018-03-03,11.56,19.04,5.24,46.77,0.21,1.92
2018-03-04,12.23,19.07,7.17,44.77,0.01,1.74
2018-03-05,9.99,15.11,5.56,51.39,0.0,1.36
2018-03-06,10.03,16.09,4.62,52.85,0.0,2.03
2018-03-07,11.71,18.67,6.74,35.88,0.0,1.71
2018-03-08,11.25,18.22,6.18,37.71,0.0,1.8
2018-03-09,10.33,17.55,5.21,36.93,0.03,1.81
2018-03-10,10.61,17.42,5.42,36.92,0.06,1.8
2018-03-11,10.34,16.97,4.98,43.93,4.11,1.76
2018-03-12,9.99,16.17,4.62,47.97,1.74,1.64
2018-03-13,11.01,17.7,5.98,46.73,0.68,1.75
2018-03-14,12.32,19.27,7.38,45.26,0.0,1.73
2018-03-15,11.69,17.33,7.42,51.1,0.14,1.8
2018-03-16,11.85,18.67,7.35,53.12,0.3,2.09
2018-03-17,10.7,17.94,4.74,40.47,0.01,2.04
2018-03-18,11.47,18.98,4.81,30.41,0.0,1.88
2018-03-19,13.26,19.93,8.48,28.29,0.0,1.7
2018-03-20,13.22,20.26,7.97,32.36,0.0,1.89
2018-03-21,13.44,20.58,7.55,36.7,0.06,1.79
2018-03-22,13.39,20.61,6.95,42.65,0.31,1.71
2018-03-23,12.85,20.14,5.97,41.48,0.38,1.87
2018-03-24,13.2,20.58,6.51,39.61,0.0,1.84
2018-03-25,13.42,20.66,6.92,40.41,0.01,1.9
2018-03-26,12.95,19.32,6.93,40.01,0.32,1.8
2018-03-27,14.44,22.38,8.05,31.02,0.0,1.82
2018-03-28,13.27,19.87,7.89,39.98,0.0,1.75
2018-03-29,12.93,20.24,6.41,45.41,0.32,1.88
2018-03-30,12.54,19.59,5.61,44.77,0.6,1.77
2018-03-31,11.31,17.58,6.14,52.47,0.21,1.46
2018-04-01,12.68,18.52,8.61,57.75,0.01,1.56
2018-04-02,13.78,19.45,9.3,56.12,0.42,1.53
2018-04-03,14.75,20.47,10.09,56.39,0.24,1.69
2018-04-04,14.65,20.69,9.65,56.83,1.66,1.79
2018-04-05,13.48,18.09,10.11,60.44,2.68,1.46
2018-04-06,13.74,20.45,8.94,64.62,0.73,1.53
2018-04-07,13.72,19.58,8.89,69.54,7.12,1.57
2018-04-08,13.41,19.13,8.39,68.13,6.17,1.62
2018-04-09,13.09,17.82,9.83,79.36,3.2,1.34
2018-04-10,13.3,18.52,8.67,73.38,2.75,1.63
2018-04-11,13.1,17.88,8.95,76.71,0.87,1.79
2018-04-12,13.49,20.2,8.77,61.46,0.94,1.86
2018-04-13,14.0,20.59,7.88,48.96,0.02,1.97
2018-04-14,15.04,21.85,8.31,40.87,0.0,2.1
2018-04-15,15.19,21.65,9.87,44.76,0.38,1.95
2018-04-16,14.96,21.53,8.92,54.66,2.55,1.86
2018-04-17,14.62,20.32,10.5,65.13,10.03,1.89
2018-04-18,14.46,19.51,9.4,69.85,2.99,1.92
2018-04-19,15.03,21.32,10.51,61.41,7.22,1.82
2018-04-20,15.04,22.07,8.6,58.22,0.94,2.12
2018-04-21,16.47,23.69,9.58,45.29,0.01,2.35
2018-04-22,15.98,23.56,7.85,35.76,0.0,1.94
2018-04-23,15.75,23.26,8.42,29.82,0.0,1.94
2018-04-24,15.07,21.58,8.63,35.18,0.0,1.94
2018-04-25,15.32,21.26,10.16,44.47,0.02,1.8
2018-04-26,14.39,19.9,10.06,63.45,1.3,1.64
2018-04-27,14.46,20.04,10.42,72.31,0.84,1.56
2018-04-28,13.3,17.7,10.48,80.23,4.38,1.32
2018-04-29,14.05,19.55,9.92,79.0,10.0,1.97
2018-04-30,13.39,17.59,10.16,85.63,10.54,1.38
2018-05-01,13.97,19.17,10.13,79.96,1.34,1.54
2018-05-02,14.15,18.87,10.86,80.77,2.84,1.63
2018-05-03,14.1,19.81,9.43,82.51,6.09,1.45
2018-05-04,13.38,16.98,10.52,85.47,6.13,1.59
2018-05-05,14.61,19.69,10.05,77.33,0.37,1.75
2018-05-06,16.43,21.4,11.54,67.76,0.87,1.96
2018-05-07,17.68,23.67,12.72,55.01,0.92,2.2
2018-05-08,17.52,24.46,9.93,48.65,0.03,2.14
2018-05-09,17.09,23.53,11.83,44.11,0.13,1.87
2018-05-10,15.72,21.74,9.96,44.56,0.55,2.04
2018-05-11,16.75,23.16,11.52,49.56,0.38,1.95
2018-05-12,17.19,23.57,12.0,63.18,0.03,1.92
2018-05-13,16.19,20.97,12.66,80.13,5.06,2.03
2018-05-14,15.02,20.37,11.34,80.26,8.74,1.8
2018-05-15,14.29,18.74,9.73,77.91,0.31,1.8
2018-05-16,15.7,20.56,12.08,80.08,2.34,1.76
2018-05-17,15.54,19.94,12.13,82.96,6.48,1.51
2018-05-18,16.23,20.02,12.97,79.17,5.12,1.7
2018-05-19,16.03,21.18,11.54,79.78,7.77,1.72
2018-05-20,17.18,21.95,12.14,75.05,0.8,1.78
2018-05-21,17.89,23.19,13.41,73.98,4.8,1.85
2018-05-22,18.49,23.53,13.85,75.58,2.29,1.69
2018-05-23,18.88,23.31,15.19,79.87,3.07,1.78
2018-05-24,18.77,23.21,15.27,78.75,3.81,1.87
2018-05-25,19.01,24.19,14.62,68.53,1.5,1.92
2018-05-26,18.71,24.28,13.59,60.68,1.1,1.57
2018-05-27,18.65,24.6,13.07,61.63,0.82,1.58
2018-05-28,17.82,22.5,13.61,69.43,1.46,1.93
2018-05-29,17.45,22.28,13.15,68.1,1.98,1.79
2018-05-30,16.13,19.72,13.56,86.92,17.76,1.52
2018-05-31,17.51,21.97,13.59,75.31,12.35,1.85
2018-06-01,16.92,20.91,14.07,84.45,7.87,1.39
2018-06-02,17.63,22.23,13.93,75.32,0.57,1.62
2018-06-03,17.03,20.72,14.31,84.77,4.48,1.56
2018-06-04,17.92,21.76,14.64,86.7,6.59,1.48
2018-06-05,18.96,23.49,15.93,81.35,6.05,1.73
2018-06-06,19.64,24.18,15.41,77.67,1.64,1.7
2018-06-07,19.04,22.57,16.33,86.74,10.17,1.91
2018-06-08,18.34,22.41,15.69,80.87,5.18,1.6
2018-06-09,19.27,23.84,14.55,75.23,0.5,1.91
2018-06-10,20.34,25.43,15.26,72.97,1.41,1.88
2018-06-11,19.95,23.93,16.26,79.99,5.4,1.96
2018-06-12,19.68,24.07,16.29,77.93,4.74,1.93
2018-06-13,19.18,23.5,15.31,72.89,1.26,1.96
2018-06-14,18.74,23.13,15.53,75.4,6.2,1.94
2018-06-15,17.89,22.21,13.99,77.51,4.66,1.99
2018-06-16,17.73,21.97,14.94,82.58,4.09,1.52
2018-06-17,18.22,22.76,14.32,81.61,3.54,1.96
2018-06-18,19.46,24.23,15.8,65.98,0.18,1.87
2018-06-19,19.59,23.92,15.58,62.13,0.13,1.79
2018-06-20,19.66,24.23,15.36,68.0,0.36,1.61
2018-06-21,19.46,23.66,15.55,74.54,0.73,1.86
2018-06-22,19.55,24.03,15.6,78.39,0.73,1.77
2018-06-23,19.9,24.53,16.64,81.4,2.11,1.63
2018-06-24,19.38,22.2,17.18,85.45,2.13,1.83
2018-06-25,19.59,23.77,16.64,81.01,6.7,1.56
2018-06-26,18.79,22.96,15.88,86.67,2.92,1.76
2018-06-27,19.45,24.58,15.88,83.96,1.74,2.28
2018-06-28,19.43,24.15,15.57,81.75,0.84,2.09
2018-06-29,17.84,20.6,15.2,87.85,2.44,1.48
2018-06-30,18.87,23.11,15.65,87.38,10.31,1.94
2018-07-01,19.07,22.77,16.49,89.69,14.87,2.47
2018-07-02,18.65,21.04,16.62,93.29,13.18,2.14
2018-07-03,18.31,21.53,16.24,92.34,2.38,2.69
2018-07-04,19.44,23.87,16.11,86.12,2.5,2.49
2018-07-05,19.28,23.4,15.82,84.97,0.39,1.77
2018-07-06,19.81,23.83,16.91,86.57,0.89,2.14
2018-07-07,19.86,23.47,17.28,86.96,1.47,1.88
2018-07-08,19.8,24.09,16.92,85.59,3.2,1.53
2018-07-09,19.54,23.46,16.47,87.95,7.54,1.67
2018-07-10,19.24,22.6,16.77,89.13,15.86,1.55
2018-07-11,19.41,23.23,16.2,86.99,9.35,2.12
2018-07-12,18.72,21.2,16.36,88.45,1.92,1.47
2018-07-13,19.72,24.0,15.97,85.08,3.68,1.85
2018-07-14,19.91,23.87,17.13,86.63,7.1,2.14
2018-07-15,19.68,24.13,16.75,86.46,9.87,1.83
2018-07-16,20.45,25.59,16.22,79.54,0.81,1.82
2018-07-17,19.95,24.36,16.71,84.69,2.51,2.1
2018-07-18,18.7,21.43,15.98,85.77,2.58,1.04
2018-07-19,20.55,25.03,16.6,78.04,2.19,1.78
2018-07-20,20.37,24.56,17.48,83.75,5.95,1.8
2018-07-21,19.52,23.77,16.84,87.91,10.47,1.77
2018-07-22,19.83,24.82,15.95,79.59,13.54,1.74
2018-07-23,18.58,22.54,15.93,87.32,13.81,1.88
2018-07-24,18.22,22.07,15.59,88.12,9.36,1.97
2018-07-25,18.43,22.12,15.33,87.19,5.02,1.73
2018-07-26,18.52,21.95,15.86,90.03,13.05,2.01
2018-07-27,18.29,22.02,15.89,90.14,21.03,1.64
2018-07-28,18.49,22.24,15.84,88.39,16.58,1.82
2018-07-29,18.08,21.35,15.53,91.19,10.89,1.94
2018-07-30,17.77,20.54,15.41,89.58,12.11,1.8
2018-07-31,17.72,20.77,15.41,90.47,7.54,1.28
2018-08-01,17.13,19.43,15.58,93.33,3.35,1.25
2018-08-02,17.09,19.45,15.14,89.7,3.47,0.88
2018-08-03,18.53,22.29,15.93,86.05,4.0,1.46
2018-08-04,17.95,20.45,15.97,94.07,9.69,1.03
2018-08-05,18.11,19.88,16.27,93.0,39.49,1.3
2018-08-06,18.71,22.63,16.15,88.48,9.97,1.51
2018-08-07,18.94,22.8,15.28,85.62,2.16,1.85
2018-08-08,18.5,22.92,14.44,87.4,0.47,1.68
2018-08-09,18.56,22.47,15.34,87.36,3.73,1.79
2018-08-10,18.68,22.31,16.02,90.34,8.94,1.58
2018-08-11,18.4,21.37,16.02,91.22,16.36,1.59
2018-08-12,18.52,20.67,16.47,94.09,7.2,2.22
2018-08-13,17.58,19.81,15.07,91.25,39.43,1.14
2018-08-14,18.72,21.97,16.39,89.53,8.54,1.62
2018-08-15,19.06,22.73,15.54,89.61,14.03,1.88
2018-08-16,18.94,23.44,16.07,88.76,0.66,1.72
2018-08-17,19.52,23.41,16.35,83.5,0.08,1.58
2018-08-18,18.91,21.77,16.91,92.03,0.52,1.16
2018-08-19,19.68,23.23,17.12,85.87,2.88,1.41
2018-08-20,18.95,23.29,15.95,85.08,18.11,1.52
2018-08-21,18.61,22.13,15.32,91.31,13.15,1.69
2018-08-22,18.19,21.05,16.33,92.88,11.55,1.55
2018-08-23,18.56,22.17,16.17,91.53,2.39,1.57
2018-08-24,18.24,21.01,16.36,93.93,4.47,1.79
2018-08-25,17.54,19.93,15.52,91.61,5.75,1.22
2018-08-26,18.2,21.22,16.28,92.36,3.97,1.37
2018-08-27,18.7,21.63,16.49,89.57,2.68,1.51
2018-08-28,17.29,19.65,15.86,92.89,3.87,1.37
2018-08-29,18.57,22.27,15.54,86.24,2.98,1.59
2018-08-30,17.28,19.26,15.84,95.61,3.38,1.37
2018-08-31,18.53,22.23,15.11,88.68,1.65,1.43
2018-09-01,18.83,22.34,16.29,91.55,7.95,1.92
2018-09-02,17.88,20.74,15.96,92.91,7.8,1.42
2018-09-03,18.05,21.51,15.29,91.99,3.39,1.52
2018-09-04,18.11,21.86,15.38,91.28,1.78,1.47
2018-09-05,18.7,22.47,15.76,89.07,5.38,1.51
2018-09-06,18.85,22.05,15.94,91.38,2.5,1.64
2018-09-07,18.43,22.49,15.03,88.86,0.39,1.75
2018-09-08,18.27,21.78,15.77,91.9,2.99,1.4
2018-09-09,18.21,22.06,14.86,92.39,10.51,1.82
2018-09-10,17.03,19.23,14.97,95.06,5.23,1.71
2018-09-11,16.8,19.46,14.5,94.87,1.08,2.0
2018-09-12,15.89,19.54,12.71,91.62,3.18,1.52
2018-09-13,16.88,21.07,13.82,89.76,4.5,1.48
2018-09-14,17.01,20.82,13.68,90.65,3.31,1.47
2018-09-15,17.05,21.16,13.25,86.19,0.07,1.42
2018-09-16,17.04,21.03,14.01,87.84,0.01,1.16
2018-09-17,17.35,22.14,14.18,76.36,0.0,1.3
2018-09-18,17.57,22.48,13.29,63.0,0.0,1.26
2018-09-19,18.09,22.73,14.63,69.79,0.23,1.36
2018-09-20,17.4,21.69,14.16,85.03,2.49,1.43
2018-09-21,16.44,19.78,14.02,91.54,0.66,1.28
2018-09-22,16.08,19.65,13.7,88.58,0.01,1.31
2018-09-23,16.97,21.25,13.82,84.36,0.04,1.53
2018-09-24,17.27,21.28,14.42,86.04,0.07,1.62
2018-09-25,17.18,21.6,14.09,87.13,0.13,1.85
2018-09-26,17.04,21.15,13.9,86.78,0.03,1.42
2018-09-27,16.94,21.05,14.02,85.68,0.01,1.25
2018-09-28,16.91,21.37,13.72,84.28,0.01,1.28
2018-09-29,16.76,20.92,13.83,82.65,0.03,1.34
2018-09-30,16.82,20.74,14.21,86.43,0.41,1.47
2018-10-01,16.48,20.99,12.82,83.63,0.54,1.4
2018-10-02,15.51,20.04,12.14,74.28,0.01,1.28
2018-10-03,14.95,19.14,11.73,80.59,0.43,1.18
2018-10-04,14.37,18.67,11.35,80.54,2.72,1.12
2018-10-05,13.64,18.04,10.21,81.77,2.32,1.26
2018-10-06,13.61,18.33,9.99,73.9,0.07,1.28
2018-10-07,13.12,17.74,9.83,73.88,0.0,1.23
2018-10-08,12.86,17.09,9.28,72.61,0.0,1.41
2018-10-09,13.6,17.83,10.36,78.73,0.05,1.28
2018-10-10,13.2,17.7,9.94,81.45,1.01,1.24
2018-10-11,13.47,18.85,9.79,71.66,1.83,1.15
2018-10-12,13.09,18.23,9.32,73.03,0.28,1.17
2018-10-13,13.0,17.94,8.96,74.86,0.0,1.43
2018-10-14,13.38,18.52,9.94,81.0,0.0,1.45
2018-10-15,12.79,17.94,8.97,74.97,0.0,1.44
2018-10-16,12.63,17.22,9.03,78.63,0.0,1.24
2018-10-17,12.07,16.97,8.44,74.91,0.0,1.16
2018-10-18,11.7,17.38,7.4,72.28,0.0,1.42
2018-10-19,11.96,17.34,8.21,60.97,0.27,1.28
2018-10-20,11.89,17.14,7.84,65.92,0.21,1.48
2018-10-21,11.92,17.25,7.37,59.38,0.0,1.21
2018-10-22,11.61,17.17,7.17,60.04,0.0,1.36
2018-10-23,10.99,16.69,7.09,56.31,0.0,1.37
2018-10-24,10.42,15.89,7.01,53.61,0.0,1.26
2018-10-25,10.11,15.44,6.45,60.85,0.0,1.38
2018-10-26,10.55,16.2,6.45,55.7,0.0,1.27
2018-10-27,11.34,16.95,7.08,48.6,0.01,1.29
2018-10-28,11.15,16.8,7.37,61.75,0.1,1.37
2018-10-29,11.81,16.48,8.41,73.4,0.01,1.06
2018-10-30,12.5,18.42,8.0,73.03,0.0,1.07
2018-10-31,13.52,18.36,10.43,64.32,0.0,1.24
2018-11-01,12.9,18.38,8.34,72.01,0.0,1.38
2018-11-02,11.95,17.05,7.58,72.49,0.01,1.35
2018-11-03,10.99,16.8,7.22,60.41,0.0,1.45
2018-11-04,10.61,16.49,6.94,55.94,0.06,1.46
2018-11-05,10.35,16.4,6.63,63.81,0.06,1.6
2018-11-06,10.4,15.96,6.49,49.63,0.0,1.23
2018-11-07,9.83,16.72,5.37,51.66,0.0,1.31
2018-11-08,10.4,15.89,6.55,51.29,0.0,1.15
2018-11-09,10.36,15.21,7.31,56.35,0.0,1.25
2018-11-10,9.94,14.64,6.82,65.42,0.0,1.23
2018-11-11,10.36,14.96,7.38,69.14,0.0,1.2
2018-11-12,10.23,15.39,7.12,71.82,0.0,1.25
2018-11-13,9.66,14.34,6.97,70.23,0.0,1.07
2018-11-14,9.84,14.5,6.49,71.71,0.0,1.14
2018-11-15,9.8,14.32,7.24,71.43,0.0,1.39
2018-11-16,9.55,15.46,6.26,65.66,0.0,1.49
2018-11-17,8.71,14.88,3.66,63.5,0.0,1.49
2018-11-18,8.78,14.14,5.6,62.36,0.0,1.17
2018-11-19,8.83,13.95,6.09,62.77,0.0,1.17
2018-11-20,9.21,14.35,5.77,60.52,0.0,1.23
2018-11-21,9.52,15.08,5.87,61.41,0.0,1.19
2018-11-22,10.34,15.32,7.47,62.5,0.0,1.05
2018-11-23,10.81,16.09,7.92,56.38,0.0,1.11
2018-11-24,10.75,16.99,6.79,56.77,0.0,1.09
2018-11-25,11.53,17.14,7.83,47.44,0.0,1.13
2018-11-26,11.02,16.63,7.23,49.09,0.0,1.12
2018-11-27,10.8,17.58,5.58,52.6,0.0,1.18
2018-11-28,11.66,16.07,8.78,48.22,0.0,0.98
2018-11-29,11.37,16.48,8.12,58.61,0.0,1.25
2018-11-30,9.83,15.27,5.74,68.02,0.0,1.17
2018-12-01,8.62,14.42,5.29,68.39,0.0,1.22
2018-12-02,8.48,13.28,5.89,68.22,0.0,1.05
2018-12-03,8.02,13.34,4.36,66.53,0.0,1.13
2018-12-04,8.83,13.49,6.27,69.59,0.0,1.03
2018-12-05,8.22,13.03,5.4,67.92,0.0,0.96
2018-12-06,7.43,12.98,4.07,64.02,0.0,1.24
2018-12-07,6.21,11.95,1.52,55.32,0.0,1.34
2018-12-08,7.3,12.88,3.99,56.02,0.0,1.16
2018-12-09,7.27,12.96,3.62,56.21,0.0,1.18
2018-12-10,7.11,12.87,3.53,53.18,0.0,1.18
2018-12-11,6.61,12.61,1.77,53.24,0.0,1.3
2018-12-12,6.66,12.62,1.75,49.15,0.0,1.14
2018-12-13,6.32,12.4,2.28,51.81,0.0,1.38
2018-12-14,5.42,11.54,0.44,50.66,0.0,1.22
2018-12-15,6.26,13.92,1.05,35.98,0.0,1.16
2018-12-16,7.84,14.93,2.95,29.31,0.0,1.1
2018-12-17,9.01,15.51,3.41,31.89,0.82,0.96
2018-12-18,5.71,9.19,1.25,63.31,0.75,0.88
2018-12-19,6.26,15.3,-1.79,48.3,0.0,1.32
2018-12-20,8.02,14.79,4.34,39.2,0.0,1.19
2018-12-21,6.62,13.49,2.47,44.59,0.0,1.35
2018-12-22,7.29,13.07,4.19,50.92,0.0,1.08
2018-12-23,7.85,14.31,3.85,46.25,0.0,1.17
2018-12-24,7.26,14.63,3.12,43.41,0.0,1.5
2018-12-25,6.15,13.59,1.88,37.47,0.0,1.55
2018-12-26,4.87,12.84,0.51,34.97,0.0,1.44
2018-12-27,3.13,9.52,-0.71,34.34,0.0,1.16
2018-12-28,1.88,8.49,-3.07,43.05,0.9,1.36
2018-12-29,3.52,11.55,-2.64,33.62,0.0,1.46
2018-12-30,6.32,13.27,1.69,30.19,0.0,1.21
2018-12-31,6.17,12.62,2.41,32.92,0.0,1.27
2019-01-01,6.43,12.76,3.06,38.08,0.0,1.23
2019-01-02,5.19,11.7,1.23,39.58,0.0,1.24
2019-01-03,3.91,9.95,0.05,50.81,0.0,1.39
2019-01-04,4.56,11.62,-0.48,51.06,0.0,1.4
2019-01-05,5.9,12.48,1.82,50.73,0.0,1.17
2019-01-06,5.75,13.22,0.58,41.66,0.0,1.35
2019-01-07,4.4,10.72,0.98,51.89,0.02,1.24
2019-01-08,5.44,12.53,0.44,49.67,0.0,1.42
2019-01-09,5.25,11.12,1.63,56.55,0.1,1.29
2019-01-10,5.1,11.31,1.27,57.58,0.06,1.34
2019-01-11,5.28,11.44,2.2,56.35,0.0,1.21
2019-01-12,5.64,12.96,1.03,43.27,0.0,1.28
2019-01-13,5.8,12.84,1.97,37.65,0.0,1.42
2019-01-14,4.95,11.64,0.61,40.48,0.0,1.44
2019-01-15,5.37,13.76,-2.21,38.06,0.0,1.41
2019-01-16,7.61,14.29,3.27,32.73,0.0,1.12
2019-01-17,6.7,13.26,2.99,40.66,0.0,1.27
2019-01-18,5.86,12.32,1.19,48.08,0.0,1.49
2019-01-19,6.16,12.08,2.71,54.32,0.0,1.27
2019-01-20,6.93,13.65,2.57,52.45,0.0,1.34
2019-01-21,7.52,13.99,3.27,52.46,0.0,1.3
2019-01-22,7.45,13.9,2.77,48.4,0.06,1.26
2019-01-23,6.48,10.96,2.98,61.0,0.27,0.91
2019-01-24,5.95,12.06,1.94,72.4,0.14,1.11
2019-01-25,5.46,9.78,2.26,74.39,0.5,1.14
2019-01-26,5.72,12.04,2.01,73.77,0.58,1.18
2019-01-27,6.09,12.12,1.4,64.51,0.04,1.17
2019-01-28,5.3,11.09,0.74,66.19,0.55,1.28
2019-01-29,3.34,9.96,-0.89,55.25,1.11,1.56
2019-01-30,5.41,13.71,-2.28,37.86,0.0,1.44
2019-01-31,7.69,13.96,3.69,36.45,0.0,1.24
2019-02-01,7.81,13.82,3.82,47.0,0.0,1.22
2019-02-02,7.33,14.56,2.04,40.28,0.0,1.62
2019-02-03,7.32,14.75,1.96,38.65,0.0,1.7
2019-02-04,8.24,16.17,2.19,38.28,0.0,1.66
2019-02-05,8.77,15.24,4.92,39.08,0.0,1.38
2019-02-06,8.42,15.54,4.22,40.6,0.01,1.71
2019-02-07,7.88,13.92,3.5,60.53,1.79,1.27
2019-02-08,7.49,14.25,4.59,77.28,6.94,1.32
2019-02-09,3.35,6.46,0.33,77.45,7.19,1.98
2019-02-10,4.98,13.03,-3.22,43.08,0.01,1.51
2019-02-11,7.07,12.09,3.76,42.07,0.0,1.24
2019-02-12,8.09,14.88,3.03,46.0,0.0,1.34
2019-02-13,10.07,16.65,5.3,41.72,0.0,1.52
2019-02-14,10.67,15.94,7.73,49.45,0.0,1.27
2019-02-15,9.21,14.91,5.4,59.36,2.64,1.24
2019-02-16,6.61,10.45,2.85,71.68,0.96,1.08
2019-02-17,6.19,12.09,1.75,62.0,0.08,1.85
2019-02-18,7.17,13.52,2.62,57.01,0.22,1.76
2019-02-19,6.61,12.35,1.86,66.77,0.43,1.92
2019-02-20,8.97,16.64,3.18,47.88,0.02,1.88
2019-02-21,11.02,17.81,6.63,42.08,0.0,1.8
2019-02-22,11.73,18.72,7.29,50.23,0.0,2.41
2019-02-23,10.0,16.93,4.95,50.77,0.0,2.03
2019-02-24,10.07,16.88,5.94,48.49,0.01,1.55
2019-02-25,7.56,12.72,3.09,58.95,0.1,1.61
2019-02-26,6.89,13.73,0.5,42.63,0.02,1.61
2019-02-27,6.37,11.57,2.1,73.12,7.99,1.87
2019-02-28,4.07,8.31,0.19,73.71,5.2,1.43
2019-03-01,5.24,13.02,-1.81,44.9,0.0,1.79
2019-03-02,8.24,15.71,2.48,38.22,0.0,1.53
2019-03-03,8.44,14.32,4.63,49.98,0.12,1.53
2019-03-04,8.61,15.05,3.93,60.22,0.0,1.78
2019-03-05,7.99,13.71,2.92,59.55,0.04,1.64
2019-03-06,8.21,15.49,3.49,47.61,0.06,1.75
2019-03-07,8.13,15.78,2.37,38.82,0.0,1.75
2019-03-08,7.86,15.06,2.15,44.74,0.01,1.89
2019-03-09,9.19,15.82,4.57,46.47,0.04,1.98
2019-03-10,9.89,16.88,4.58,42.69,0.02,1.83
2019-03-11,10.46,18.28,4.56,36.32,0.0,1.83
2019-03-12,11.46,19.67,4.78,34.52,0.0,2.67
2019-03-13,13.01,20.65,7.99,32.41,0.0,1.93
2019-03-14,13.59,21.26,7.68,39.21,0.0,2.06
2019-03-15,12.67,19.62,6.83,48.97,0.0,2.02
2019-03-16,11.89,18.92,6.01,44.37,0.0,2.02
2019-03-17,12.17,18.61,7.92,38.06,0.0,1.67
2019-03-18,11.08,16.63,7.06,49.06,0.98,1.73
2019-03-19,11.0,17.48,6.84,49.39,1.07,1.88
2019-03-20,10.92,17.89,5.3,52.35,0.64,1.98
2019-03-21,11.38,18.68,4.03,45.73,0.07,2.36
2019-03-22,11.97,19.79,5.1,43.3,0.02,2.07
2019-03-23,12.57,19.63,6.4,39.59,0.0,2.13
2019-03-24,13.29,20.29,7.95,35.23,0.01,1.82
2019-03-25,13.08,20.47,7.35,40.7,0.5,1.7
2019-03-26,9.91,14.57,6.91,61.55,5.23,1.29
2019-03-27,12.25,18.98,7.21,55.04,0.6,1.65
2019-03-28,14.58,21.3,9.23,41.06,0.0,1.88
2019-03-29,14.53,20.57,9.97,50.06,0.02,1.89
2019-03-30,13.44,19.68,9.15,59.15,1.28,1.74
2019-03-31,14.06,20.22,9.69,60.18,3.45,1.89
2019-04-01,13.25,20.15,7.92,54.86,0.73,1.76
2019-04-02,12.38,19.29,6.2,45.86,0.24,1.86
2019-04-03,13.42,19.62,8.82,50.07,0.02,1.89
2019-04-04,13.8,20.19,8.68,53.2,0.34,1.86
2019-04-05,13.91,20.07,9.52,59.11,2.93,1.72
2019-04-06,12.64,18.55,7.39,72.54,11.61,1.56
2019-04-07,11.92,17.0,6.99,74.13,5.1,1.54
2019-04-08,14.03,19.71,9.38,66.77,0.19,1.66
2019-04-09,12.49,16.91,7.74,65.38,3.88,1.63
2019-04-10,14.79,21.66,9.23,57.22,0.0,1.84
2019-04-11,14.98,20.79,9.92,62.76,0.47,1.87
2019-04-12,16.26,22.05,10.95,62.11,1.33,1.75
2019-04-13,15.92,22.01,10.12,59.51,0.99,1.85
2019-04-14,16.2,22.1,10.76,55.56,5.01,2.02
2019-04-15,16.9,23.14,10.83,44.6,0.04,2.06
2019-04-16,16.93,22.77,12.26,45.56,1.1,1.95
2019-04-17,15.64,22.39,11.08,52.52,4.52,2.06
2019-04-18,14.87,21.1,10.05,46.78,0.23,2.14
2019-04-19,13.96,21.16,7.83,48.8,1.6,2.08
2019-04-20,13.96,19.62,8.79,53.76,0.45,1.89
2019-04-21,14.59,20.22,9.78,53.98,1.67,1.89
2019-04-22,13.3,18.22,7.86,61.86,6.17,1.58
2019-04-23,14.23,19.67,9.61,71.26,5.02,1.58
2019-04-24,15.88,21.44,11.58,71.19,0.61,1.62
2019-04-25,16.76,22.04,12.28,61.16,0.85,1.6
2019-04-26,17.75,23.42,13.04,62.54,1.06,1.87
2019-04-27,18.38,24.35,12.82,50.45,1.97,1.91
2019-04-28,18.62,24.9,13.83,44.07,4.93,1.85
2019-04-29,18.06,24.5,12.48,38.92,0.24,1.94
2019-04-30,18.12,24.97,12.13,38.58,0.11,1.91
2019-05-01,18.56,26.03,11.44,47.04,0.39,2.02
2019-05-02,18.59,25.96,11.63,52.26,2.19,2.03
2019-05-03,17.55,24.69,11.63,64.39,5.27,1.5
2019-05-04,16.81,23.33,12.0,65.9,0.97,2.06
2019-05-05,16.95,24.12,11.02,43.59,0.02,2.23
2019-05-06,17.16,24.56,9.85,34.97,0.0,2.06
2019-05-07,18.11,25.24,11.56,30.85,0.0,1.82
2019-05-08,18.65,26.23,11.05,30.89,0.0,2.21
2019-05-09,19.25,26.3,12.6,29.93,0.01,1.98
2019-05-10,19.18,26.56,12.26,31.45,0.06,2.12
2019-05-11,19.34,27.28,12.38,36.73,0.13,2.34
2019-05-12,18.09,24.61,11.47,47.97,1.41,2.17
2019-05-13,17.88,25.01,11.0,44.38,0.36,1.9
2019-05-14,17.3,23.34,11.9,42.65,2.56,1.78
2019-05-15,17.0,22.64,11.49,56.73,2.8,1.84
2019-05-16,16.77,20.81,12.89,65.64,2.62,1.83
2019-05-17,17.77,24.87,11.3,48.36,0.87,2.42
2019-05-18,18.02,25.61,11.0,45.82,2.33,2.54
2019-05-19,17.7,24.55,11.0,48.17,0.32,1.98
2019-05-20,18.08,24.18,11.96,51.99,5.65,2.07
2019-05-21,18.6,23.94,14.53,61.27,7.65,1.75
2019-05-22,18.51,24.16,13.94,59.09,1.95,1.84
2019-05-23,18.16,23.85,13.43,59.23,3.1,1.99
2019-05-24,19.14,25.16,13.41,53.49,0.61,2.15
2019-05-25,19.49,26.23,13.66,46.58,0.75,2.15
2019-05-26,18.11,24.55,11.91,44.61,0.12,2.09
2019-05-27,19.1,25.03,14.24,48.94,0.15,1.98
2019-05-28,18.9,24.23,13.61,52.31,2.18,2.07
2019-05-29,18.17,24.79,11.77,58.28,9.77,1.87
2019-05-30,18.38,23.63,14.01,63.89,4.09,1.81
2019-05-31,19.25,24.8,15.16,54.54,0.08,1.75
2019-06-01,18.19,23.11,14.24,73.21,1.24,2.19
2019-06-02,17.39,21.95,13.3,76.89,1.28,2.03
2019-06-03,16.72,20.88,13.0,66.37,0.22,1.76
2019-06-04,18.65,23.68,14.32,70.42,0.01,2.14
2019-06-05,18.77,22.97,14.77,74.1,1.41,2.02
2019-06-06,19.39,24.5,15.22,80.18,5.91,1.69
2019-06-07,20.09,25.46,15.36,76.28,1.56,1.9
2019-06-08,20.29,26.22,13.98,61.48,0.7,1.79
2019-06-09,20.04,25.82,14.9,64.41,0.4,1.76
2019-06-10,19.29,24.02,15.48,80.23,2.66,2.24
2019-06-11,18.94,23.06,14.55,82.78,2.34,1.7
2019-06-12,20.03,24.5,16.03,76.69,0.29,1.84
2019-06-13,21.34,26.27,17.13,63.02,0.03,1.97
2019-06-14,22.03,27.94,16.2,52.97,0.79,2.12
2019-06-15,21.69,27.7,16.03,50.07,1.44,2.19
2019-06-16,21.25,27.42,14.75,47.3,0.73,2.03
2019-06-17,21.23,27.73,15.36,52.05,2.06,1.99
2019-06-18,20.45,26.59,15.94,61.16,5.0,1.9
2019-06-19,20.09,25.69,14.4,54.84,3.04,1.96
2019-06-20,21.11,27.4,15.99,54.38,2.68,1.92
2019-06-21,20.61,27.05,15.43,64.58,8.25,1.67
2019-06-22,19.2,22.65,17.02,78.26,3.73,1.39
2019-06-23,20.0,24.59,16.35,77.78,4.22,1.8
2019-06-24,21.52,26.79,16.27,67.74,0.62,1.94
2019-06-25,21.86,27.14,17.55,74.11,3.55,2.24
2019-06-26,21.84,26.92,17.96,72.48,5.04,2.45
2019-06-27,20.86,25.67,16.67,71.38,3.45,2.21
2019-06-28,21.44,26.83,16.34,69.11,1.3,2.15
2019-06-29,20.97,26.75,15.98,67.22,0.62,1.93
2019-06-30,20.4,25.27,17.16,78.33,2.11,2.06
2019-07-01,21.02,26.12,17.15,76.86,4.19,1.7
2019-07-02,20.28,23.63,17.05,80.89,0.46,1.57
2019-07-03,21.11,26.38,15.9,75.31,0.28,2.41
2019-07-04,21.23,26.21,16.76,77.66,0.31,2.39
2019-07-05,20.57,24.24,17.73,80.23,1.53,2.02
2019-07-06,19.83,23.49,17.44,85.48,3.97,2.41
2019-07-07,19.37,23.86,16.81,87.1,10.87,1.9
2019-07-08,18.98,22.55,15.83,84.69,19.88,1.79
2019-07-09,18.49,21.67,16.54,88.84,17.48,1.93
2019-07-10,18.59,20.78,16.69,91.4,10.63,2.38
2019-07-11,18.14,20.84,16.83,92.41,34.12,1.97
2019-07-12,17.48,18.79,15.71,95.15,64.48,1.89
2019-07-13,16.93,18.54,14.87,94.35,31.95,1.38
2019-07-14,18.22,21.29,15.71,92.96,16.24,2.97
2019-07-15,18.38,21.96,15.61,89.16,6.64,2.32
2019-07-16,17.98,21.97,14.82,82.3,2.24,1.58
2019-07-17,18.71,22.41,15.39,85.81,5.12,1.7
2019-07-18,19.31,22.98,16.14,84.34,6.61,1.56
2019-07-19,18.66,21.07,16.81,90.58,6.68,1.35
2019-07-20,18.14,20.21,16.54,93.15,1.88,0.85
2019-07-21,18.8,21.79,16.05,91.74,4.12,1.49
2019-07-22,19.23,22.63,16.12,90.23,3.74,2.23
2019-07-23,18.7,21.73,16.11,91.97,9.29,2.24
2019-07-24,18.19,19.73,16.7,96.48,19.51,2.34
2019-07-25,17.98,19.87,16.25,94.97,18.34,1.82
2019-07-26,18.15,21.18,15.67,90.94,10.42,1.78
2019-07-27,18.34,22.35,15.57,88.83,2.33,1.87
2019-07-28,18.92,22.96,15.33,83.54,1.31,1.82
2019-07-29,18.97,23.18,15.36,88.51,1.79,1.81
2019-07-30,18.48,21.9,15.18,89.87,1.42,1.79
2019-07-31,17.9,20.72,15.2,91.17,0.87,1.76
2019-08-01,17.79,21.67,14.65,86.65,2.34,1.4
2019-08-02,18.62,22.52,15.19,85.52,6.63,1.62
2019-08-03,19.35,23.03,16.09,88.53,8.62,1.68
2019-08-04,18.54,20.71,16.63,92.34,7.26,1.34
2019-08-05,18.72,21.65,16.31,91.61,9.31,1.26
2019-08-06,19.94,23.88,16.84,86.67,5.6,1.47
2019-08-07,19.62,23.21,16.56,87.09,13.87,1.48
2019-08-08,18.98,22.18,16.45,89.82,2.9,2.88
2019-08-09,18.6,22.24,15.54,91.32,2.77,2.01
2019-08-10,19.09,22.49,16.13,90.98,3.94,1.8
2019-08-11,18.58,21.5,16.1,89.75,6.62,1.39
2019-08-12,20.09,24.49,15.63,78.61,6.32,1.73
2019-08-13,18.97,22.82,16.12,87.68,12.52,2.01
2019-08-14,18.86,23.06,14.32,84.99,1.19,2.2
2019-08-15,18.53,22.25,15.68,90.79,2.45,1.79
2019-08-16,18.57,22.0,16.33,92.36,7.52,1.61
2019-08-17,18.31,20.26,16.46,92.61,5.97,1.32
2019-08-18,18.38,20.8,16.6,94.98,2.53,1.62
2019-08-19,18.8,22.6,14.95,87.9,0.56,1.67
2019-08-20,18.96,22.43,16.21,91.22,0.19,1.91
2019-08-21,18.45,21.99,15.37,92.42,0.89,1.74
2019-08-22,18.85,22.01,15.62,82.0,0.66,1.17
2019-08-23,18.61,21.34,16.5,91.97,8.13,1.71
2019-08-24,18.55,22.07,16.07,89.69,3.52,1.53
2019-08-25,17.87,20.78,15.0,87.61,2.35,1.42
2019-08-26,18.87,22.96,15.5,89.04,1.01,1.82
2019-08-27,19.23,23.33,15.36,86.75,0.48,1.64
2019-08-28,19.36,23.11,16.57,91.26,12.04,1.63
2019-08-29,18.94,22.5,15.91,88.9,13.2,1.64
2019-08-30,19.07,23.08,16.45,91.44,15.01,1.66
2019-08-31,18.22,20.81,15.91,91.0,12.42,1.45
2019-09-01,18.21,21.63,15.36,88.19,18.03,0.92
2019-09-02,18.94,23.06,15.96,90.53,14.03,1.36
2019-09-03,18.69,22.15,15.95,89.4,7.58,1.3
2019-09-04,18.28,21.19,16.25,91.21,4.33,1.34
2019-09-05,18.04,20.69,16.11,91.77,13.18,1.18
2019-09-06,18.21,22.08,15.61,91.37,31.2,1.09
2019-09-07,18.2,21.62,15.47,87.91,6.21,1.36
2019-09-08,18.6,22.58,15.43,89.08,1.28,1.56
2019-09-09,18.65,22.28,15.68,89.97,1.66,1.58
2019-09-10,18.65,22.15,15.71,89.91,2.41,1.44
2019-09-11,18.82,21.27,17.19,95.91,1.95,1.74
2019-09-12,17.82,20.34,15.67,91.2,1.8,1.52
2019-09-13,17.07,19.99,15.17,92.08,7.08,1.54
2019-09-14,17.59,21.06,15.13,92.22,1.81,1.68
2019-09-15,17.78,21.71,14.93,91.3,0.92,1.66
2019-09-16,18.01,21.64,14.99,89.22,11.14,1.7
2019-09-17,16.91,18.94,15.0,94.07,24.18,1.11
2019-09-18,15.64,17.79,14.12,89.95,14.52,1.01
2019-09-19,16.44,19.96,13.91,82.46,1.04,1.06
2019-09-20,16.59,19.7,14.53,82.1,0.74,1.32
2019-09-21,16.45,19.45,14.19,83.88,0.95,1.12
2019-09-22,15.83,17.7,14.55,90.28,0.85,0.82
2019-09-23,16.03,19.46,13.93,91.47,6.08,1.11
2019-09-24,15.89,18.14,14.44,93.12,12.42,0.99
2019-09-25,15.36,17.35,13.89,96.43,7.02,1.37
2019-09-26,15.39,19.28,12.65,91.73,10.94,1.22
2019-09-27,14.77,17.56,12.19,91.44,8.46,1.22
2019-09-28,13.44,16.07,11.39,93.82,13.3,1.45
2019-09-29,13.13,15.55,11.0,91.45,5.68,1.28
2019-09-30,14.37,18.37,11.47,88.07,2.03,1.28
2019-10-01,14.84,19.43,11.04,88.53,0.66,1.31
2019-10-02,15.16,18.97,12.77,87.44,0.57,1.05
2019-10-03,15.52,19.52,12.61,86.17,0.86,1.28
2019-10-04,16.06,20.11,13.13,84.98,0.27,1.37
2019-10-05,16.17,20.04,13.24,86.03,0.52,1.26
2019-10-06,16.14,19.58,13.66,88.48,0.33,1.25
2019-10-07,15.66,20.07,12.3,84.7,0.15,1.28
2019-10-08,15.2,19.46,11.99,85.66,1.46,1.19
2019-10-09,14.15,18.28,11.18,85.88,0.81,1.2
2019-10-10,14.1,18.53,10.71,80.96,0.09,1.38
2019-10-11,14.23,18.23,11.34,85.5,0.16,1.33
2019-10-12,14.25,18.61,11.18,87.59,0.01,1.15
2019-10-13,14.15,18.3,10.9,83.79,0.0,1.27
2019-10-14,14.31,18.64,11.29,82.26,0.0,1.13
2019-10-15,14.37,18.92,11.06,79.76,0.0,1.09
2019-10-16,14.13,18.57,10.51,75.64,0.05,1.22
2019-10-17,14.11,18.44,11.16,84.91,0.08,1.17
2019-10-18,13.92,18.17,10.76,74.08,0.0,1.09
2019-10-19,14.2,18.51,11.63,76.09,0.0,1.04
2019-10-20,13.88,17.95,11.67,80.77,0.01,1.26
2019-10-21,13.5,17.76,10.58,78.22,0.02,1.32
2019-10-22,13.45,18.23,9.8,69.1,0.0,1.35
2019-10-23,12.56,15.56,10.41,66.49,0.16,0.93
2019-10-24,12.38,16.82,9.36,64.77,0.44,1.12
2019-10-25,11.56,16.39,9.11,68.74,0.0,0.87
2019-10-26,11.57,17.29,7.46,65.61,0.0,1.34
2019-10-27,12.91,17.9,9.12,73.72,0.0,1.37
2019-10-28,13.16,17.31,10.35,84.16,0.0,1.06
2019-10-29,13.7,17.26,11.45,82.62,0.0,1.05
2019-10-30,12.54,15.9,9.88,80.38,0.0,0.94
2019-10-31,12.1,17.41,8.48,75.02,0.0,1.28
2019-11-01,12.14,16.75,8.36,77.95,0.0,1.25
2019-11-02,13.24,17.51,10.31,81.03,0.0,1.13
2019-11-03,13.13,17.98,10.0,74.83,0.03,1.22
2019-11-04,12.19,16.39,9.27,78.26,1.94,1.23
2019-11-05,11.53,15.99,9.16,77.91,7.9,1.27
2019-11-06,11.63,16.4,8.82,74.31,0.02,1.18
2019-11-07,12.52,17.85,8.85,69.54,0.0,1.13
2019-11-08,13.17,17.73,10.38,67.33,0.0,1.1
2019-11-09,13.03,17.75,10.08,70.95,0.0,1.13
2019-11-10,12.37,17.36,9.46,67.39,0.0,1.11
2019-11-11,12.17,17.14,9.36,74.41,0.0,1.29
2019-11-12,12.68,17.63,9.15,62.77,0.0,1.23
2019-11-13,13.45,18.5,9.63,54.81,0.0,1.15
2019-11-14,13.72,17.73,10.88,58.5,0.0,0.8
2019-11-15,13.55,18.41,10.31,53.2,0.0,1.2
2019-11-16,13.53,18.33,10.39,55.61,0.0,1.31
2019-11-17,12.76,18.26,9.49,64.22,0.0,1.34
2019-11-18,11.47,16.44,8.58,68.02,0.0,1.02
2019-11-19,10.37,15.43,7.5,65.52,0.0,1.08
2019-11-20,10.19,15.2,7.21,68.49,0.0,0.98
2019-11-21,10.16,15.13,7.24,75.77,0.0,1.18
2019-11-22,11.26,15.83,8.39,79.75,0.0,1.16
2019-11-23,11.5,16.32,8.1,80.48,0.0,1.13
2019-11-24,11.41,15.92,8.88,70.44,0.0,1.14
2019-11-25,10.97,16.39,8.09,62.71,0.0,1.07
2019-11-26,10.51,15.99,7.17,56.77,0.0,1.29
2019-11-27,10.74,15.84,7.32,55.44,0.0,1.23
2019-11-28,10.72,16.32,6.98,53.06,0.0,1.22
2019-11-29,9.27,15.29,5.65,49.7,0.0,1.35
2019-11-30,8.21,13.88,3.82,50.96,0.0,1.28
2019-12-01,8.19,14.38,3.77,51.24,0.0,1.27
2019-12-02,7.21,12.65,3.79,55.67,0.0,1.22
2019-12-03,6.58,12.18,2.7,57.06,0.0,1.23
2019-12-04,7.21,14.47,1.66,52.05,0.0,1.21
2019-12-05,9.69,15.27,6.85,46.24,0.0,1.11
2019-12-06,9.46,13.65,6.71,51.0,0.0,0.99
2019-12-07,8.38,12.12,5.74,64.72,0.0,0.9
2019-12-08,8.01,13.04,5.17,58.63,0.0,1.2
2019-12-09,7.59,12.88,4.06,68.11,0.0,1.06
2019-12-10,7.44,12.06,4.69,74.24,0.0,1.05
2019-12-11,6.85,11.77,3.47,78.01,0.0,1.02
2019-12-12,6.93,10.46,4.38,72.43,0.01,0.73
2019-12-13,6.08,10.72,3.21,73.42,7.65,1.08
2019-12-14,4.54,9.77,1.51,85.16,6.5,0.96
2019-12-15,5.14,10.27,2.36,59.29,0.02,0.84
2019-12-16,4.72,10.83,0.55,63.16,0.0,1.24
2019-12-17,4.64,10.26,0.81,53.2,0.0,1.32
2019-12-18,6.02,11.77,2.43,55.75,0.0,1.08
2019-12-19,6.93,12.33,3.87,54.48,0.0,1.15
2019-12-20,6.78,12.31,3.44,63.2,0.0,1.32
2019-12-21,6.38,12.06,3.21,71.01,0.0,1.62
2019-12-22,6.09,12.08,2.45,68.97,0.0,1.64
2019-12-23,5.7,11.22,2.47,57.67,0.0,1.21
2019-12-24,5.2,11.78,1.26,43.22,0.0,1.33
2019-12-25,4.14,10.89,0.19,41.68,0.0,1.37
2019-12-26,3.03,9.63,-0.57,40.15,0.0,1.15
2019-12-27,2.01,8.79,-1.54,48.89,0.0,1.14
2019-12-28,3.49,11.28,-3.31,42.8,0.0,1.44
2019-12-29,6.46,12.3,2.97,36.64,0.0,1.21
2019-12-30,5.98,11.77,2.32,40.45,0.0,1.13
2019-12-31,5.72,11.59,2.55,42.67,0.0,1.27
2020-01-01,5.44,10.27,2.52,59.42,0.0,1.03
2020-01-02,5.14,9.66,2.26,82.35,0.18,1.06
2020-01-03,3.65,7.88,1.16,73.03,4.46,1.1
2020-01-04,3.23,7.95,0.1,85.37,0.56,1.02
2020-01-05,1.63,5.66,-1.03,75.34,0.16,1.33
2020-01-06,4.93,11.28,-0.49,55.18,0.0,1.19
2020-01-07,5.41,11.06,1.94,61.59,0.07,1.27
2020-01-08,5.41,10.69,1.43,75.34,0.69,1.03
2020-01-09,4.05,9.35,0.58,82.7,3.13,1.0
2020-01-10,3.68,9.77,-1.8,71.1,0.08,1.43
2020-01-11,5.86,11.73,1.43,53.17,0.15,1.28
2020-01-12,8.12,14.19,3.99,45.05,0.0,1.21
2020-01-13,8.23,13.95,5.43,52.89,0.0,1.11
2020-01-14,7.34,13.77,3.86,56.91,0.0,1.59
2020-01-15,6.76,13.28,3.1,55.26,0.0,1.52
2020-01-16,6.4,13.57,1.7,59.92,0.05,1.4
2020-01-17,5.17,10.38,1.24,79.3,12.26,0.96
2020-01-18,5.08,10.93,1.36,68.58,0.37,1.37
2020-01-19,3.61,9.63,-1.07,57.96,0.01,1.36
2020-01-20,3.24,9.73,-2.29,61.29,0.0,1.47
2020-01-21,4.12,9.21,1.03,60.19,0.0,1.42
2020-01-22,4.64,10.93,1.35,61.44,0.0,1.7
2020-01-23,3.54,9.37,0.29,65.81,0.0,1.73
2020-01-24,3.19,11.13,-2.48,56.32,0.0,1.38
2020-01-25,4.38,10.63,-1.69,47.18,0.0,1.25
2020-01-26,3.74,8.86,0.14,64.82,0.0,1.4
2020-01-27,4.37,10.24,0.75,66.03,0.0,1.48
2020-01-28,5.43,11.52,1.37,60.09,0.0,1.66
2020-01-29,5.53,11.68,2.02,72.19,0.0,1.17
2020-01-30,3.65,7.44,1.04,71.64,0.44,1.01
2020-01-31,4.65,11.04,-0.37,71.93,0.15,1.45
2020-02-01,4.0,10.18,0.49,57.23,0.02,1.38
2020-02-02,3.43,9.75,-1.7,55.45,0.0,1.53
2020-02-03,4.6,10.65,0.84,56.65,0.0,1.37
2020-02-04,4.64,10.93,0.89,56.47,0.0,1.32
2020-02-05,3.9,10.63,-0.94,52.94,0.0,1.77
2020-02-06,4.33,10.53,0.61,51.47,0.0,1.38
2020-02-07,4.24,10.99,-0.42,42.88,0.0,1.19
2020-02-08,3.49,10.04,-1.0,45.5,0.0,1.25
2020-02-09,3.78,10.72,-2.14,53.88,0.0,1.5
2020-02-10,5.69,12.18,0.61,47.95,0.0,1.46
2020-02-11,6.65,13.35,1.35,50.05,0.0,1.52
2020-02-12,8.13,15.05,3.03,48.72,0.0,1.6
2020-02-13,9.65,16.55,5.17,48.28,0.0,1.55
2020-02-14,9.78,15.87,5.92,58.22,0.0,1.46
2020-02-15,9.26,15.61,5.63,66.22,0.04,1.41
2020-02-16,9.19,15.01,5.82,65.64,0.01,1.36
2020-02-17,8.75,14.52,5.4,63.13,0.0,1.45
2020-02-18,8.72,16.14,2.91,49.95,0.0,1.56
2020-02-19,8.52,14.15,4.81,49.58,0.0,1.29
2020-02-20,8.87,14.32,5.74,52.37,0.0,1.18
2020-02-21,9.5,15.09,6.41,51.21,0.0,1.28
2020-02-22,8.11,11.98,5.4,58.35,2.97,0.92
2020-02-23,8.35,13.92,3.51,56.87,2.82,1.39
2020-02-24,7.41,12.45,3.86,65.31,2.99,1.36
2020-02-25,6.88,11.44,3.75,76.16,6.75,1.31
2020-02-26,4.65,6.97,2.87,77.02,8.05,0.99
2020-02-27,6.32,12.37,1.5,70.3,0.34,1.39
2020-02-28,8.25,15.24,2.6,60.96,0.0,1.58
2020-02-29,9.03,13.87,5.7,58.58,0.0,1.33
2020-03-01,9.84,15.52,6.23,54.37,0.06,1.52
2020-03-02,9.27,14.43,4.75,63.28,0.47,1.45
2020-03-03,9.05,13.11,5.91,69.97,0.61,1.52
2020-03-04,8.69,13.01,4.84,67.28,0.74,1.43
2020-03-05,8.4,13.16,5.08,68.29,1.94,1.43
2020-03-06,7.04,11.52,3.89,76.41,1.62,1.78
2020-03-07,7.78,13.96,2.5,65.91,5.84,1.3
2020-03-08,8.56,14.79,3.99,69.54,0.16,1.82
2020-03-09,9.86,16.4,4.91,64.29,0.0,1.77
2020-03-10,9.97,16.03,6.13,60.67,0.0,1.59
2020-03-11,10.24,16.65,4.43,63.36,0.0,1.84
2020-03-12,11.74,17.84,6.91,60.73,0.01,1.7
2020-03-13,11.38,17.35,7.11,53.33,2.66,1.28
2020-03-14,8.82,12.54,5.18,62.99,0.39,0.89
2020-03-15,9.22,16.36,3.27,50.55,0.0,1.73
2020-03-16,9.7,15.59,4.7,54.93,0.0,1.78
2020-03-17,10.81,16.5,7.01,57.0,0.0,1.68
2020-03-18,10.78,17.07,7.02,59.04,1.13,2.03
2020-03-19,9.9,15.92,5.44,64.14,14.81,1.75
2020-03-20,9.51,13.18,7.02,70.25,1.21,1.42
2020-03-21,9.87,13.6,7.58,73.48,1.34,1.63
2020-03-22,9.42,12.44,7.19,78.27,6.83,1.38
2020-03-23,9.1,12.51,6.49,83.93,2.9,1.37
2020-03-24,11.54,17.2,6.75,71.6,0.01,1.57
2020-03-25,12.33,16.64,8.6,73.43,0.48,1.6
2020-03-26,13.98,19.58,9.32,67.38,0.45,1.64
2020-03-27,15.16,21.81,10.14,60.12,0.02,2.03
2020-03-28,13.94,20.52,8.83,57.72,0.24,2.39
2020-03-29,13.42,20.53,7.55,54.06,0.0,2.2
2020-03-30,13.41,20.79,7.54,46.68,0.0,2.32
2020-03-31,14.07,20.2,9.52,46.9,0.02,1.86
2020-04-01,13.47,19.62,9.0,52.75,0.95,1.96
2020-04-02,13.1,20.0,7.51,49.08,0.53,2.1
2020-04-03,12.53,19.4,6.97,44.17,0.0,1.86
2020-04-04,12.75,19.37,7.74,45.13,0.0,1.92
2020-04-05,12.93,19.21,7.76,44.96,0.0,1.97
2020-04-06,13.52,19.95,7.09,49.7,0.0,1.91
2020-04-07,14.59,21.09,9.87,45.38,0.0,1.85
2020-04-08,13.9,19.86,7.66,49.64,0.27,1.76
2020-04-09,13.56,19.54,8.08,53.93,1.33,2.06
2020-04-10,14.48,20.9,9.04,45.58,0.02,1.8
2020-04-11,13.93,20.21,8.55,52.8,0.21,1.93
2020-04-12,14.76,20.29,10.1,57.98,0.0,1.85
2020-04-13,15.7,22.22,10.58,59.51,1.77,1.78
2020-04-14,14.51,19.37,11.19,78.61,9.49,1.49
2020-04-15,12.66,15.56,10.22,87.59,0.68,1.42
2020-04-16,13.88,19.08,9.87,76.82,0.33,1.58
2020-04-17,15.18,20.82,11.12,68.34,2.27,1.87
2020-04-18,14.91,20.62,10.22,62.8,3.94,2.11
2020-04-19,15.24,20.85,10.47,56.81,1.4,2.04
2020-04-20,15.08,19.6,11.7,59.82,4.36,1.43
2020-04-21,12.08,16.39,8.67,69.52,7.59,1.21
2020-04-22,10.63,13.3,8.54,81.52,7.79,1.84
2020-04-23,11.35,15.63,8.12,73.34,1.3,1.44
2020-04-24,11.67,15.4,8.04,75.55,4.13,1.56
2020-04-25,12.79,17.14,8.97,73.88,1.46,1.59
2020-04-26,12.35,16.57,8.97,82.23,0.51,1.47
2020-04-27,13.49,18.66,9.64,79.88,3.74,1.73
2020-04-28,13.01,17.24,9.68,83.04,3.59,1.52
2020-04-29,12.77,16.94,9.21,80.48,4.9,1.77
2020-04-30,13.39,17.52,9.88,83.49,4.06,1.64
2020-05-01,12.92,17.63,9.96,88.18,12.62,1.5
2020-05-02,12.57,16.13,9.58,80.1,1.84,1.46
2020-05-03,14.53,19.42,9.77,78.8,1.46,1.73
2020-05-04,15.09,19.94,10.86,79.76,5.06,1.58
2020-05-05,14.93,20.12,9.73,73.73,1.22,1.57
2020-05-06,13.78,19.16,9.15,67.3,1.3,1.66
2020-05-07,13.53,18.35,10.13,69.27,3.69,1.59
2020-05-08,13.51,18.45,7.68,64.86,0.06,1.87
2020-05-09,15.33,20.76,9.81,69.16,0.96,1.88
2020-05-10,14.93,19.31,11.02,72.94,3.29,1.45
2020-05-11,15.36,20.43,11.16,68.84,0.57,1.53
2020-05-12,14.84,18.92,11.03,74.97,2.01,1.54
2020-05-13,15.93,20.01,11.92,72.54,0.68,2.14
2020-05-14,16.86,20.6,13.72,69.68,0.48,1.84
2020-05-15,16.6,20.96,13.23,77.3,2.2,1.8
2020-05-16,17.02,21.97,11.68,67.01,2.98,1.93
2020-05-17,17.86,23.35,12.7,51.33,0.65,1.77
2020-05-18,17.28,22.45,12.22,59.77,0.54,1.59
2020-05-19,18.04,23.9,13.05,61.76,1.67,1.69
2020-05-20,17.16,23.54,11.18,61.58,1.76,1.54
2020-05-21,17.77,22.63,13.05,70.63,4.39,1.59
2020-05-22,18.58,24.12,13.64,61.65,0.23,1.93
2020-05-23,18.13,22.16,14.3,66.85,2.46,1.82
2020-05-24,18.45,23.43,13.91,64.34,1.85,2.35
2020-05-25,19.31,25.05,13.88,50.96,3.68,2.21
2020-05-26,18.4,24.41,12.94,53.5,8.77,2.04
2020-05-27,17.56,22.85,12.91,63.61,7.61,1.55
2020-05-28,15.49,19.1,12.21,77.23,0.2,1.45
2020-05-29,15.93,21.23,11.0,73.34,0.92,1.7
2020-05-30,16.11,21.26,11.26,71.11,1.82,1.91
2020-05-31,16.9,22.43,11.93,63.7,1.23,1.91
2020-06-01,16.3,20.42,12.46,67.88,1.93,1.88
2020-06-02,16.65,22.44,11.7,54.77,0.08,2.02
2020-06-03,17.11,22.55,12.23,62.13,1.77,1.87
2020-06-04,16.32,21.32,12.84,71.16,10.79,1.51
2020-06-05,15.3,18.59,11.88,83.93,26.5,1.38
2020-06-06,17.4,21.93,13.04,79.03,0.48,1.56
2020-06-07,17.62,22.44,13.77,74.18,0.33,1.55
2020-06-08,17.91,22.51,13.41,74.89,3.4,1.91
2020-06-09,18.87,23.81,14.14,73.5,0.49,1.78
2020-06-10,19.43,24.91,14.49,71.63,1.06,1.69
2020-06-11,19.34,23.55,15.56,78.49,3.19,1.3
2020-06-12,19.42,23.91,16.25,83.62,3.29,1.76
2020-06-13,19.65,24.85,15.06,79.66,3.03,1.7
2020-06-14,18.83,22.25,16.59,86.75,8.04,1.59
2020-06-15,18.33,21.42,15.5,86.16,14.09,1.08
2020-06-16,18.04,21.04,15.86,89.44,1.58,1.97
2020-06-17,18.25,21.91,15.23,88.1,4.72,1.66
2020-06-18,18.74,22.94,15.63,89.28,19.25,2.17
2020-06-19,18.13,21.0,15.84,89.84,12.57,1.87
2020-06-20,18.57,22.07,15.64,87.92,2.79,1.88
2020-06-21,19.0,23.25,15.3,86.8,6.99,1.84
2020-06-22,18.81,23.15,15.3,86.61,7.6,1.72
2020-06-23,17.72,20.12,15.39,89.21,14.32,1.5
2020-06-24,18.98,22.93,15.25,83.06,17.23,1.61
2020-06-25,18.93,22.16,15.94,90.42,16.11,2.26
2020-06-26,18.67,21.51,16.24,91.13,14.15,2.74
2020-06-27,18.47,21.79,15.5,92.22,15.41,2.46
2020-06-28,18.01,19.77,16.63,96.69,8.9,1.88
2020-06-29,17.28,19.76,15.39,92.64,2.56,1.54
2020-06-30,18.11,21.77,14.45,87.87,2.43,1.5
2020-07-01,19.1,22.61,16.18,86.81,3.29,1.74
2020-07-02,19.07,22.55,16.16,90.22,6.49,2.01
2020-07-03,17.9,21.5,15.13,88.46,23.28,1.44
2020-07-04,18.37,21.07,15.84,92.05,7.54,1.5
2020-07-05,18.91,21.94,16.64,91.3,4.77,1.66
2020-07-06,18.8,22.33,16.48,89.93,4.86,1.56
2020-07-07,19.19,22.83,15.76,88.28,4.44,1.99
2020-07-08,19.23,21.63,16.88,92.47,16.44,1.87
2020-07-09,18.87,20.67,17.47,94.91,16.85,1.77
2020-07-10,18.82,20.84,15.71,95.98,97.18,2.5
2020-07-11,17.28,19.55,14.66,93.76,22.87,1.24
2020-07-12,17.99,20.37,15.64,92.26,11.62,1.63
2020-07-13,17.97,20.21,16.06,93.67,2.6,1.34
2020-07-14,18.59,22.13,14.99,88.67,2.71,1.86
2020-07-15,18.95,22.21,15.99,90.34,2.44,1.82
2020-07-16,18.09,19.77,16.55,95.02,0.92,1.58
2020-07-17,18.45,20.96,16.71,94.77,8.72,1.64
2020-07-18,16.84,18.98,14.77,91.1,5.57,1.06
2020-07-19,17.4,19.48,14.69,92.15,34.34,1.54
2020-07-20,17.5,19.28,15.6,97.75,20.74,2.25
2020-07-21,17.37,20.27,14.96,93.32,5.32,1.42
2020-07-22,17.57,19.88,15.43,94.65,7.77,1.68
2020-07-23,17.39,19.93,15.13,94.0,20.88,1.53
2020-07-24,17.53,20.41,14.96,92.13,5.33,1.7
2020-07-25,17.99,20.83,15.62,92.6,3.11,1.55
2020-07-26,17.74,20.07,15.95,92.82,5.11,1.32
2020-07-27,18.34,21.66,15.44,91.34,6.34,1.92
2020-07-28,17.59,19.94,15.58,96.25,3.85,1.15
2020-07-29,18.41,21.49,16.15,90.96,5.39,1.29
2020-07-30,17.74,20.63,15.3,89.9,11.82,1.39
2020-07-31,17.44,19.65,15.69,94.04,13.6,1.43
2020-08-01,18.08,21.44,15.35,91.64,1.78,1.63
2020-08-02,19.17,23.17,15.53,87.92,1.44,1.45
2020-08-03,19.14,22.02,16.9,87.94,5.62,1.17
2020-08-04,20.42,24.02,17.9,83.69,11.21,1.72
2020-08-05,19.01,22.6,16.56,89.41,7.02,1.89
2020-08-06,18.73,21.89,15.66,90.08,5.41,1.84
2020-08-07,19.57,22.86,16.84,92.72,3.07,1.87
2020-08-08,18.84,20.65,16.93,95.5,6.06,1.81
2020-08-09,18.63,21.27,15.99,91.72,7.79,1.62
2020-08-10,18.74,21.57,16.64,92.95,13.36,1.36
2020-08-11,18.27,20.4,16.14,94.62,14.09,1.69
2020-08-12,18.7,20.34,17.11,97.48,5.1,1.89
2020-08-13,18.48,21.25,16.06,93.19,2.14,1.13
2020-08-14,18.98,21.18,17.17,93.11,2.52,1.27
2020-08-15,18.07,20.18,16.31,93.26,4.61,1.5
2020-08-16,18.75,22.23,16.05,90.61,3.81,1.66
2020-08-17,18.51,21.29,16.04,93.11,1.39,1.51
2020-08-18,19.58,23.36,16.15,91.16,1.39,1.77
2020-08-19,18.74,21.55,15.64,93.86,3.41,2.05
2020-08-20,18.2,22.28,14.47,84.35,7.1,2.09
2020-08-21,17.31,20.71,14.31,91.15,15.67,2.06
2020-08-22,17.05,20.63,13.54,91.17,1.98,1.73
2020-08-23,17.91,20.83,15.33,93.27,2.74,1.89
2020-08-24,18.19,21.98,15.69,89.75,1.36,1.19
2020-08-25,18.57,21.88,15.88,90.2,2.36,1.11
2020-08-26,19.46,23.3,16.18,86.45,4.82,1.79
2020-08-27,18.6,22.56,14.93,87.25,2.66,1.78
2020-08-28,17.94,21.46,15.05,91.49,0.68,1.57
2020-08-29,18.15,21.87,15.15,89.99,0.75,1.48
2020-08-30,18.13,22.37,14.79,87.29,1.61,1.78
2020-08-31,18.55,22.54,15.35,88.88,6.92,1.84
2020-09-01,18.75,23.46,16.03,91.26,7.94,1.11
2020-09-02,18.44,22.31,15.83,91.32,0.6,1.54
2020-09-03,18.08,21.92,15.23,89.28,0.27,1.39
2020-09-04,18.44,21.98,15.27,91.96,3.79,1.69
2020-09-05,18.34,21.9,15.36,91.57,6.97,1.76
2020-09-06,18.6,21.75,15.77,92.32,8.16,1.75
2020-09-07,18.23,21.29,15.92,93.01,5.12,1.66
2020-09-08,17.72,20.19,16.0,94.87,4.0,1.31
2020-09-09,17.56,21.06,15.69,91.68,1.91,1.22
2020-09-10,18.07,21.3,15.42,92.53,0.99,1.66
2020-09-11,18.16,20.72,15.76,93.58,0.34,1.18
2020-09-12,18.06,20.43,16.46,95.69,0.89,1.3
2020-09-13,17.78,21.12,15.36,92.07,8.43,1.78
2020-09-14,17.04,19.86,15.04,92.51,4.82,1.28
2020-09-15,17.33,20.58,15.53,92.0,8.25,1.27
2020-09-16,17.66,21.29,15.1,92.67,0.77,1.75
2020-09-17,17.53,20.64,15.38,94.31,1.71,1.46
2020-09-18,16.82,19.21,14.32,95.24,0.72,1.0
2020-09-19,18.25,22.22,15.01,89.32,0.01,1.28
2020-09-20,19.09,22.9,16.33,81.91,3.11,1.23
2020-09-21,17.99,21.59,15.37,90.75,17.75,1.29
2020-09-22,16.87,19.92,14.91,92.66,27.39,1.32
2020-09-23,16.13,18.63,14.35,94.71,33.61,1.46
2020-09-24,16.43,19.09,14.48,94.15,42.93,0.98
2020-09-25,17.07,19.9,14.6,91.36,15.3,1.22
2020-09-26,17.57,21.41,15.13,88.14,7.76,1.25
2020-09-27,16.78,21.09,13.27,73.33,0.02,1.28
2020-09-28,17.13,21.48,13.55,76.24,0.4,1.3
2020-09-29,17.18,20.99,14.36,80.53,0.55,1.38
2020-09-30,17.52,21.43,14.7,80.74,0.16,1.25
2020-10-01,17.19,20.89,14.52,87.26,0.02,1.27
2020-10-02,17.08,20.77,14.16,86.22,0.05,1.39
2020-10-03,16.87,20.86,13.42,83.07,3.14,1.34
2020-10-04,16.67,20.62,13.34,81.33,2.48,1.28
2020-10-05,16.7,20.41,14.25,79.81,1.23,1.21
2020-10-06,16.48,20.96,13.56,75.64,0.13,1.17
2020-10-07,16.05,20.54,12.47,65.27,0.06,1.25
2020-10-08,16.31,20.76,12.58,59.4,0.02,1.19
2020-10-09,16.46,21.21,13.07,60.65,0.0,1.22
2020-10-10,16.85,21.28,13.46,71.7,0.0,1.33
2020-10-11,16.87,21.24,13.91,87.4,0.93,1.3
2020-10-12,16.35,20.19,13.32,83.58,0.23,1.41
2020-10-13,16.17,20.54,12.82,72.71,0.01,1.28
2020-10-14,16.42,20.43,13.88,76.56,0.08,1.3
2020-10-15,16.64,20.65,13.93,79.73,0.01,1.29
2020-10-16,16.75,20.38,14.25,85.5,0.0,1.27
2020-10-17,16.31,20.46,13.33,88.7,0.0,1.41
2020-10-18,15.75,19.75,12.42,81.92,0.0,1.34
2020-10-19,15.17,19.39,12.09,82.42,0.01,1.24
2020-10-20,14.56,19.24,11.3,72.96,0.0,1.19
2020-10-21,13.86,18.62,10.4,65.85,0.0,1.28
2020-10-22,14.05,19.32,9.76,67.43,0.0,1.18
2020-10-23,14.33,19.35,10.79,66.21,0.0,1.21
2020-10-24,14.3,19.02,11.16,61.26,0.0,1.15
2020-10-25,13.9,19.25,10.59,56.64,0.05,1.21
2020-10-26,12.97,18.35,8.88,59.19,0.03,1.27
2020-10-27,12.28,18.24,8.23,45.29,0.0,1.25
2020-10-28,13.01,17.69,10.09,54.21,0.0,1.24
2020-10-29,13.61,18.98,9.65,53.58,0.0,1.17
2020-10-30,14.36,19.55,10.76,47.84,0.0,1.29
2020-10-31,14.52,20.05,10.49,51.15,0.0,1.24
2020-11-01,14.1,19.07,10.78,62.6,0.0,1.4
2020-11-02,13.5,19.37,9.62,71.08,0.0,1.38
2020-11-03,12.82,19.01,8.85,70.17,0.0,1.49
2020-11-04,11.67,17.11,8.29,58.08,0.0,1.31
2020-11-05,10.7,15.77,7.68,50.59,0.0,1.19
2020-11-06,10.29,15.71,6.77,61.65,0.07,1.3
2020-11-07,10.78,16.04,7.32,67.66,0.0,1.15
2020-11-08,11.84,16.35,8.99,65.96,0.0,1.17
2020-11-09,11.99,17.08,8.64,70.68,0.0,1.23
2020-11-10,12.26,17.27,9.41,65.97,0.0,1.18
2020-11-11,11.74,16.92,8.38,63.58,0.0,1.25
2020-11-12,11.99,17.55,8.13,47.07,0.0,1.28
2020-11-13,11.98,17.24,8.54,42.68,0.0,1.15
2020-11-14,11.73,16.95,8.85,50.62,0.0,1.16
2020-11-15,11.61,16.54,8.37,51.84,0.0,1.13
2020-11-16,10.99,16.16,7.49,58.91,0.0,1.16
2020-11-17,9.39,14.29,6.4,74.92,0.0,1.3
2020-11-18,8.85,14.01,5.48,70.54,0.0,1.51
2020-11-19,8.41,14.46,3.91,65.84,0.0,1.38
2020-11-20,7.6,13.47,2.47,74.42,0.0,1.41
2020-11-21,6.71,11.59,3.74,72.68,0.0,0.96
2020-11-22,6.43,11.78,2.34,65.5,0.0,1.43
2020-11-23,7.78,13.03,4.34,56.29,0.0,1.22
2020-11-24,8.14,14.2,3.3,60.28,0.0,1.27
2020-11-25,9.23,14.91,4.78,48.52,0.0,1.11
2020-11-26,10.51,16.28,7.43,52.9,0.0,1.07
2020-11-27,10.31,14.77,7.16,50.82,0.0,0.84
2020-11-28,9.36,16.28,3.06,53.59,0.0,1.27
2020-11-29,10.87,15.78,8.05,51.78,0.0,1.07
2020-11-30,10.12,14.94,7.23,60.74,0.0,1.11
2020-12-01,10.02,14.53,7.5,65.66,0.0,0.99
2020-12-02,9.44,13.73,6.71,70.56,0.0,1.16
2020-12-03,9.05,13.46,6.84,77.96,0.02,1.12
2020-12-04,8.69,13.31,5.54,83.44,0.07,1.05
2020-12-05,8.21,11.86,5.99,82.64,0.01,0.99
2020-12-06,8.47,12.6,6.15,84.86,0.15,1.14
2020-12-07,8.33,13.48,5.81,75.82,0.17,1.06
2020-12-08,8.94,14.19,5.79,77.63,0.0,1.04
2020-12-09,9.31,14.03,6.48,81.6,0.0,1.12
2020-12-10,9.46,15.2,6.62,67.18,0.0,1.37
2020-12-11,9.16,15.11,5.71,58.69,0.0,1.36
2020-12-12,8.33,13.83,4.89,71.02,0.23,1.48
2020-12-13,7.89,14.17,3.37,71.58,0.0,1.58
2020-12-14,7.28,13.71,2.7,61.67,0.0,1.42
2020-12-15,7.18,14.08,2.76,54.73,0.0,1.53
2020-12-16,6.97,11.25,4.03,79.15,0.0,1.22
2020-12-17,5.74,11.95,1.65,61.23,0.0,1.69
2020-12-18,5.68,11.79,2.48,50.97,0.0,1.43
2020-12-19,5.61,11.62,1.74,45.73,0.0,1.3
2020-12-20,8.02,13.59,4.2,44.26,0.0,0.98
2020-12-21,8.88,14.38,5.76,48.68,0.0,0.98
2020-12-22,8.04,14.35,4.57,56.79,0.0,1.31
2020-12-23,8.18,14.91,4.82,53.76,0.0,1.34
2020-12-24,7.9,14.26,4.29,44.75,0.0,1.49
2020-12-25,6.64,12.85,2.88,47.04,0.52,1.45
2020-12-26,7.46,13.99,4.27,44.26,0.04,1.26
2020-12-27,6.99,13.83,3.69,48.04,0.0,1.49
2020-12-28,6.29,13.21,2.34,42.26,0.0,1.57
2020-12-29,6.18,13.39,1.72,44.1,0.0,1.44
2020-12-30,6.56,13.79,2.65,41.65,0.0,1.37
2020-12-31,7.53,14.25,3.37,47.04,0.0,1.47
2021-01-01,8.36,14.74,4.37,47.01,0.0,1.34
2021-01-02,8.35,15.18,3.79,43.85,0.0,1.54
2021-01-03,9.69,15.66,5.68,48.04,0.0,1.28
2021-01-04,10.63,17.18,7.34,55.91,0.0,1.57
2021-01-05,10.14,15.5,7.18,62.08,0.0,1.47
2021-01-06,9.99,16.65,6.53,64.49,0.0,1.75
2021-01-07,9.41,15.57,5.91,55.7,0.0,1.62
2021-01-08,8.96,15.48,5.03,49.04,0.0,1.35
2021-01-09,9.09,16.03,4.59,52.02,0.0,1.69
2021-01-10,9.17,16.3,4.88,54.61,0.0,1.56
2021-01-11,8.42,14.69,4.66,54.73,0.0,1.35
2021-01-12,7.26,13.04,4.1,58.33,0.0,1.22
2021-01-13,6.9,12.98,3.87,54.71,0.0,1.05
2021-01-14,7.47,13.07,3.76,51.82,0.0,1.03
2021-01-15,8.54,13.48,5.13,49.83,0.0,1.19
2021-01-16,7.61,13.61,4.65,51.83,0.0,1.41
2021-01-17,7.81,13.31,4.92,45.43,0.0,1.18
2021-01-18,8.28,14.3,4.42,51.38,0.0,1.41
2021-01-19,6.13,11.13,2.83,70.91,0.06,1.45
2021-01-20,5.51,11.19,1.78,72.27,0.0,1.46
2021-01-21,6.46,12.96,2.24,53.87,0.0,1.17
2021-01-22,7.28,13.05,4.53,44.42,0.0,1.19
2021-01-23,7.41,14.04,4.24,50.53,0.0,1.58
2021-01-24,6.06,12.61,1.25,49.75,0.0,1.85
2021-01-25,5.09,12.56,0.87,43.48,0.0,1.61
2021-01-26,5.2,12.08,0.93,41.58,0.0,1.79
2021-01-27,5.83,12.81,1.39,35.22,0.0,1.54
2021-01-28,6.08,13.11,1.6,32.63,0.0,1.46
2021-01-29,4.91,11.7,1.18,36.29,0.0,1.41
2021-01-30,3.44,9.89,-2.07,42.36,0.0,1.54
2021-01-31,5.02,10.92,1.76,41.65,0.0,1.42
2021-02-01,5.02,10.93,0.85,44.67,0.0,1.31
2021-02-02,6.28,12.43,1.62,41.93,0.0,1.37
2021-02-03,6.46,13.01,1.63,42.53,0.0,1.51
2021-02-04,6.82,13.4,1.83,37.89,0.0,1.46
2021-02-05,6.49,13.82,1.41,49.44,0.01,1.72
2021-02-06,4.99,11.1,0.65,71.25,0.62,1.33
2021-02-07,5.81,13.38,0.13,54.48,0.11,1.29
2021-02-08,8.6,16.84,1.15,35.23,0.03,1.49
2021-02-09,9.55,15.68,5.58,39.82,0.0,1.37
2021-02-10,8.51,13.02,5.09,49.04,0.0,0.99
2021-02-11,7.96,14.77,2.17,54.3,0.0,1.53
2021-02-12,8.82,13.82,4.98,54.55,0.0,1.37
2021-02-13,8.92,14.41,5.58,54.37,0.0,1.36
2021-02-14,8.41,13.99,5.23,54.5,0.0,1.47
2021-02-15,7.91,13.81,4.16,55.37,0.03,1.59
2021-02-16,7.82,13.78,3.82,47.72,0.24,1.61
2021-02-17,7.79,14.34,3.28,48.58,0.08,1.46
2021-02-18,7.1,12.26,2.85,59.02,1.22,1.27
2021-02-19,7.24,12.28,3.17,68.31,1.3,1.27
2021-02-20,8.95,15.2,4.54,53.26,0.0,1.58
2021-02-21,10.35,16.56,6.43,44.07,0.0,1.6
2021-02-22,10.59,16.61,7.22,46.79,0.0,1.6
2021-02-23,10.41,16.37,6.93,51.99,0.0,1.6
2021-02-24,10.07,16.34,6.09,50.46,0.0,1.86
2021-02-25,10.17,16.97,6.0,43.55,0.0,1.76
2021-02-26,11.07,17.66,6.47,43.36,0.17,1.72
2021-02-27,10.34,16.85,6.03,48.57,0.75,1.73
2021-02-28,10.83,17.83,4.88,51.32,0.25,2.07
2021-03-01,10.97,18.37,5.69,42.6,0.08,1.97
2021-03-02,9.43,16.42,3.77,29.23,0.0,1.69
2021-03-03,10.22,16.42,6.04,32.91,0.0,1.48
2021-03-04,9.34,15.55,4.99,43.12,0.06,1.83
2021-03-05,9.54,16.32,4.74,43.3,0.44,2.25
2021-03-06,10.05,16.63,6.15,41.02,0.37,1.87
2021-03-07,10.22,16.48,5.95,44.56,0.01,1.63
2021-03-08,10.39,17.03,5.37,45.85,0.12,1.79
2021-03-09,11.22,18.16,6.39,44.45,0.8,2.08
2021-03-10,11.52,18.25,6.83,45.34,1.84,2.02
2021-03-11,11.08,18.26,6.04,47.64,2.18,1.91
2021-03-12,12.05,19.35,6.89,39.86,0.09,1.81
2021-03-13,11.89,18.43,6.7,41.31,0.11,1.79
2021-03-14,11.42,17.98,6.99,56.13,0.58,1.98
2021-03-15,12.21,18.99,7.19,46.08,0.03,1.85
2021-03-16,12.25,19.28,7.36,39.55,0.0,1.85
2021-03-17,12.46,19.47,7.17,41.06,0.0,1.83
2021-03-18,12.47,19.38,6.83,43.83,0.0,1.76
2021-03-19,13.34,20.78,7.59,43.05,0.0,2.09
2021-03-20,13.52,20.92,8.36,43.27,0.0,2.17
2021-03-21,13.04,20.01,7.27,46.18,0.0,1.9
2021-03-22,13.41,20.37,7.85,42.76,0.0,1.96
2021-03-23,14.08,21.73,8.58,40.44,0.01,2.01
2021-03-24,13.66,20.56,7.96,44.47,0.03,2.43
2021-03-25,12.29,19.96,6.44,36.43,0.0,2.19
2021-03-26,13.79,21.41,7.33,31.42,0.0,2.15
2021-03-27,14.63,21.24,10.13,31.84,0.0,1.68
2021-03-28,13.9,20.02,8.98,39.39,0.0,1.84
2021-03-29,13.64,19.13,9.32,47.33,0.11,1.64
2021-03-30,13.91,20.15,9.28,49.61,2.34,1.92
2021-03-31,14.03,20.55,8.82,42.09,5.3,1.82
2021-04-01,12.62,19.64,6.84,33.94,1.6,1.77
2021-04-02,12.54,19.44,7.27,25.15,0.06,1.8
2021-04-03,12.0,20.09,4.69,24.56,0.0,1.92
2021-04-04,12.51,20.25,4.74,22.14,0.0,1.9
2021-04-05,14.11,20.93,9.48,21.06,0.0,1.71
2021-04-06,14.53,20.86,9.04,26.77,0.0,1.75
2021-04-07,15.47,22.24,9.65,32.46,0.1,1.89
2021-04-08,15.49,22.81,9.91,33.37,0.12,2.02
2021-04-09,14.72,22.63,7.59,30.16,0.05,2.21
2021-04-10,14.84,23.0,8.1,26.4,0.06,2.51
2021-04-11,15.43,23.45,8.74,21.2,0.02,2.15
2021-04-12,15.57,23.1,9.44,23.66,0.0,2.03
2021-04-13,15.47,22.36,9.97,32.92,0.0,2.02
2021-04-14,16.43,23.61,10.62,35.68,0.09,1.81
2021-04-15,15.75,23.42,8.84,37.7,0.06,2.22
2021-04-16,15.42,21.35,10.35,46.75,9.98,1.73
2021-04-17,14.5,20.42,9.28,49.99,2.14,1.97
2021-04-18,13.99,20.65,9.0,46.33,1.11,2.33
2021-04-19,14.53,21.57,7.59,45.73,0.58,2.08
2021-04-20,15.66,23.32,7.48,37.87,0.01,1.98
2021-04-21,15.77,22.88,9.02,44.86,2.43,1.73
2021-04-22,13.64,18.24,9.49,65.83,7.37,1.5
2021-04-23,14.52,22.25,6.84,45.92,0.02,2.02
2021-04-24,15.87,23.37,9.27,37.96,0.0,2.15
2021-04-25,16.45,24.66,9.66,31.65,0.0,2.3
2021-04-26,16.61,23.92,9.75,26.89,0.0,2.1
2021-04-27,17.07,24.3,11.05,33.31,0.01,1.92
2021-04-28,16.95,23.6,10.39,37.94,0.72,1.61
2021-04-29,16.64,22.92,10.67,46.91,2.21,1.65
2021-04-30,15.93,21.61,11.02,57.68,1.23,1.72
2021-05-01,14.82,18.59,11.28,67.71,3.35,1.18
2021-05-02,15.28,19.08,11.56,72.15,2.93,1.59
2021-05-03,15.41,21.04,11.1,61.1,2.9,2.07
2021-05-04,12.93,16.18,9.66,77.4,11.23,1.34
2021-05-05,12.8,16.04,9.63,78.63,2.21,1.3
2021-05-06,13.77,18.63,9.5,76.23,5.54,1.56
2021-05-07,14.79,19.88,10.27,74.66,3.39,1.47
2021-05-08,15.52,21.57,10.54,62.7,1.21,2.0
2021-05-09,14.39,19.16,9.57,65.89,3.31,1.65
2021-05-10,14.87,20.83,10.1,64.63,3.41,2.05
2021-05-11,14.11,18.21,10.56,70.52,4.37,1.71
2021-05-12,12.86,17.11,9.55,76.51,13.54,1.55
2021-05-13,13.55,19.16,8.17,68.06,1.02,1.62
2021-05-14,14.49,19.83,8.76,61.72,0.37,2.12
2021-05-15,16.56,22.97,10.85,56.88,0.03,2.26
2021-05-16,17.65,24.17,11.77,52.34,0.2,2.26
2021-05-17,18.42,25.09,12.0,48.63,0.29,2.1
2021-05-18,18.49,24.86,13.04,47.0,0.37,2.2
2021-05-19,17.72,24.0,12.54,56.39,1.65,2.14
2021-05-20,16.92,23.0,13.21,74.21,10.87,1.82
2021-05-21,18.54,24.19,13.64,69.4,1.13,1.8
2021-05-22,19.11,25.49,13.42,59.41,0.02,1.88
2021-05-23,19.43,26.02,13.81,55.66,0.04,2.02
2021-05-24,20.11,26.34,14.79,55.53,0.32,1.82
2021-05-25,18.85,24.13,14.37,64.37,1.32,1.51
2021-05-26,18.58,23.15,15.42,77.18,8.33,1.47
2021-05-27,18.19,22.83,14.88,84.32,30.56,2.13
2021-05-28,17.41,20.76,14.91,86.08,27.5,3.22
2021-05-29,17.88,22.72,13.61,80.79,11.6,1.58
2021-05-30,18.29,23.11,14.63,79.41,2.94,1.57
2021-05-31,18.13,22.63,15.06,80.9,1.89,1.51
2021-06-01,17.83,22.48,13.51,78.12,3.01,1.8
2021-06-02,17.33,23.41,12.25,68.53,0.64,1.86
2021-06-03,18.48,24.01,13.95,61.86,0.02,1.95
2021-06-04,18.71,23.39,14.57,67.16,0.41,1.89
2021-06-05,19.08,24.71,14.94,71.49,0.26,2.04
2021-06-06,19.1,23.59,14.99,75.11,0.44,2.5
2021-06-07,19.43,24.76,15.4,75.34,0.93,2.05
2021-06-08,18.57,23.22,14.8,78.02,10.12,2.0
2021-06-09,18.32,22.99,14.74,86.0,12.74,1.78
2021-06-10,17.58,20.49,15.16,88.24,4.12,1.84
2021-06-11,17.7,20.98,15.32,87.88,8.75,1.65
2021-06-12,18.48,22.32,15.33,84.43,8.17,1.61
2021-06-13,18.02,21.19,15.52,86.1,3.35,1.41
2021-06-14,18.93,22.92,15.48,85.79,8.16,2.0
2021-06-15,18.44,21.89,15.2,87.16,7.55,2.18
2021-06-16,18.4,20.81,15.85,89.89,4.76,1.33
2021-06-17,18.78,22.87,15.33,87.73,3.24,2.67
2021-06-18,18.46,22.65,14.21,84.64,0.76,3.07
2021-06-19,17.92,21.58,14.71,86.78,2.59,2.08
2021-06-20,17.7,21.4,14.64,87.74,2.9,2.08
2021-06-21,18.68,22.58,15.26,86.92,0.79,1.87
2021-06-22,19.03,23.21,16.1,85.64,1.72,2.0
2021-06-23,18.93,22.81,15.68,85.99,4.84,1.22
2021-06-24,18.69,22.8,15.57,85.55,3.38,1.62
2021-06-25,18.33,21.83,15.64,85.62,5.31,1.06
2021-06-26,17.76,20.02,15.94,87.31,9.86,1.01
2021-06-27,18.6,22.19,15.77,85.17,3.34,1.57
2021-06-28,19.22,23.17,15.61,87.17,3.15,2.18
2021-06-29,18.24,20.06,16.11,95.4,8.84,2.05
2021-06-30,17.42,19.93,15.25,91.84,14.17,1.25
2021-07-01,17.88,20.35,15.36,92.62,26.77,1.99
2021-07-02,18.33,20.19,16.71,94.25,25.69,2.49
2021-07-03,18.45,21.57,15.69,92.05,16.6,1.54
2021-07-04,18.5,22.21,16.07,90.55,3.1,1.62
2021-07-05,18.74,21.95,16.28,91.45,4.23,1.89
2021-07-06,18.95,22.03,16.44,92.92,15.16,2.27
2021-07-07,18.24,20.46,16.21,94.64,3.22,1.41
2021-07-08,18.03,20.16,16.39,93.9,28.8,1.5
2021-07-09,18.96,22.66,16.14,86.92,4.3,1.72
2021-07-10,17.95,20.11,16.35,93.85,12.27,1.28
2021-07-11,17.82,20.3,15.67,91.06,2.01,1.54
2021-07-12,18.24,21.37,15.85,89.57,4.53,1.59
2021-07-13,18.97,22.9,15.66,86.5,24.21,2.17
2021-07-14,18.09,21.23,15.46,92.18,21.82,1.85
2021-07-15,18.33,20.87,16.32,92.07,3.6,1.91
2021-07-16,18.41,20.95,16.34,93.21,5.01,1.96
2021-07-17,17.72,19.83,15.88,93.55,11.58,1.56
2021-07-18,18.45,20.61,16.27,94.02,3.73,2.01
2021-07-19,18.78,21.55,16.53,93.62,11.33,2.27
2021-07-20,18.72,21.78,16.05,91.47,31.58,1.91
2021-07-21,18.59,21.56,16.01,90.06,7.57,1.63
2021-07-22,18.83,22.5,16.05,89.74,2.4,1.75
2021-07-23,19.66,23.43,16.17,89.33,2.66,2.23
2021-07-24,19.93,23.57,15.98,85.3,1.55,1.97
2021-07-25,19.4,21.84,17.27,94.27,4.88,1.95
2021-07-26,19.53,22.94,17.12,92.68,19.5,1.57
2021-07-27,19.08,22.24,16.92,90.59,17.83,1.7
2021-07-28,19.03,21.96,16.57,89.08,11.81,1.66
2021-07-29,18.39,21.22,15.77,91.76,13.89,1.72
2021-07-30,18.81,22.5,15.99,87.44,3.62,1.71
2021-07-31,18.58,21.75,15.74,90.93,3.05,2.15
2021-08-01,18.91,22.47,15.86,91.31,2.34,1.86
2021-08-02,19.01,22.59,15.77,91.16,2.76,1.94
2021-08-03,18.42,22.03,15.68,89.05,22.28,1.68
2021-08-04,17.63,20.58,15.18,89.03,15.06,1.43
2021-08-05,18.89,22.77,15.69,83.1,2.63,1.48
2021-08-06,19.27,22.97,16.48,84.4,10.0,1.55
2021-08-07,18.38,20.81,16.64,92.54,14.09,1.74
2021-08-08,18.4,21.36,15.81,92.04,26.77,1.74
2021-08-09,18.73,21.89,15.1,89.68,2.65,1.93
2021-08-10,19.22,22.35,16.72,93.4,1.7,1.84
2021-08-11,19.2,22.34,17.3,92.57,2.27,1.0
2021-08-12,18.99,22.17,16.99,94.16,5.67,1.95
2021-08-13,18.99,22.02,16.28,88.43,6.27,1.94
2021-08-14,18.5,21.79,16.19,92.82,27.85,1.89
2021-08-15,18.56,21.61,15.95,93.41,14.16,1.61
2021-08-16,19.08,21.86,16.89,92.96,7.35,1.56
2021-08-17,18.58,20.39,17.2,96.72,6.51,2.28
2021-08-18,17.97,19.91,15.86,96.5,12.65,1.86
2021-08-19,18.0,21.61,15.29,91.43,16.29,1.9
2021-08-20,17.37,20.2,14.68,92.96,5.76,1.76
2021-08-21,17.06,19.08,15.28,95.33,6.39,1.62
2021-08-22,17.74,20.45,15.31,92.87,3.97,1.81
2021-08-23,17.67,20.31,15.7,93.89,12.15,2.22
2021-08-24,17.94,21.63,14.79,92.93,6.28,1.89
2021-08-25,18.44,21.98,15.56,94.75,8.28,1.87
2021-08-26,18.18,20.33,16.55,96.41,25.51,2.2
2021-08-27,17.28,18.92,15.47,97.53,17.41,1.69
2021-08-28,17.41,19.72,15.83,96.44,11.55,1.67
2021-08-29,17.22,19.67,15.03,93.58,6.75,1.31
2021-08-30,16.51,18.02,14.71,93.18,5.28,0.9
2021-08-31,17.2,19.36,15.31,94.82,3.39,1.64
2021-09-01,17.82,20.91,15.13,92.37,4.03,1.68
2021-09-02,17.96,20.57,15.21,95.5,9.73,2.57
2021-09-03,17.6,19.45,15.77,97.63,5.08,2.2
2021-09-04,18.02,21.8,14.83,88.9,2.51,1.34
2021-09-05,18.58,21.92,15.55,92.88,12.79,1.39
2021-09-06,17.46,19.7,15.85,92.14,22.23,1.08
2021-09-07,16.96,19.31,14.93,93.78,5.15,1.36
2021-09-08,16.96,19.93,14.21,93.14,5.84,1.5
2021-09-09,17.11,20.02,14.04,92.35,2.06,1.43
2021-09-10,17.6,21.13,14.72,88.87,1.12,1.09
2021-09-11,17.6,20.94,14.66,88.65,0.52,1.3
2021-09-12,18.11,21.76,14.64,88.64,0.16,1.39
2021-09-13,18.18,22.24,14.64,89.12,0.97,1.41
2021-09-14,16.93,20.12,14.54,88.98,1.63,1.94
2021-09-15,16.41,19.16,14.65,89.89,4.83,1.75
2021-09-16,16.59,19.62,14.5,87.53,1.71,1.19
2021-09-17,16.83,20.05,13.62,90.13,2.4,1.21
2021-09-18,18.09,22.01,14.88,91.19,0.71,1.61
2021-09-19,18.46,21.98,15.95,92.16,0.41,1.54
2021-09-20,18.19,21.74,15.71,92.15,4.31,1.79
2021-09-21,17.54,20.6,15.04,91.03,3.79,1.28
2021-09-22,16.6,19.32,13.81,92.48,7.99,1.15
2021-09-23,16.9,20.03,14.43,92.81,1.76,1.45
2021-09-24,17.45,21.17,13.66,90.95,0.52,1.34
2021-09-25,17.51,20.58,14.53,92.02,2.64,1.6
2021-09-26,16.96,20.33,13.83,88.97,2.56,1.17
2021-09-27,17.34,20.76,14.65,87.33,3.6,1.61
2021-09-28,16.57,19.41,13.92,91.86,3.9,1.1
2021-09-29,16.35,19.25,13.99,92.88,3.82,1.21
2021-09-30,16.32,20.16,12.67,90.88,1.02,1.38
2021-10-01,16.4,19.59,13.7,88.72,1.51,1.31
2021-10-02,15.85,18.49,13.97,92.91,3.78,1.27
2021-10-03,15.98,19.5,13.83,89.21,10.99,1.08
2021-10-04,16.63,20.1,14.23,92.29,5.71,1.35
2021-10-05,16.81,21.02,13.39,86.1,4.94,1.41
2021-10-06,16.59,20.09,13.96,92.89,0.81,1.07
2021-10-07,17.21,20.87,14.43,92.08,0.69,1.6
2021-10-08,17.16,21.2,14.5,93.08,1.46,1.44
2021-10-09,16.72,20.55,13.49,92.49,2.21,1.25
2021-10-10,16.91,20.87,13.99,91.1,0.09,1.03
2021-10-11,16.61,21.02,14.55,84.98,0.0,0.89
2021-10-12,17.65,22.72,13.96,71.78,0.0,1.15
2021-10-13,17.86,22.32,14.68,64.66,0.0,1.04
2021-10-14,17.59,22.37,13.52,71.96,0.0,1.08
2021-10-15,17.31,20.66,14.99,88.16,0.08,1.04
2021-10-16,16.96,20.43,14.37,90.15,6.06,1.13
2021-10-17,16.33,19.27,14.66,94.92,16.24,0.91
2021-10-18,15.43,17.63,13.9,94.83,13.46,1.33
2021-10-19,13.84,16.06,11.91,94.96,51.16,1.87
2021-10-20,15.27,19.43,11.82,92.88,10.13,1.09
2021-10-21,14.63,19.51,11.45,79.91,0.19,1.19
2021-10-22,14.26,18.07,12.11,89.27,0.28,1.26
2021-10-23,13.52,16.48,11.47,93.39,0.33,0.96
2021-10-24,13.85,17.45,11.24,88.47,0.16,1.0
2021-10-25,12.5,15.8,10.34,85.55,0.49,0.86
2021-10-26,12.93,17.22,9.85,80.58,0.38,1.21
2021-10-27,12.52,17.06,9.2,73.43,0.0,1.08
2021-10-28,12.85,17.41,9.14,73.9,0.0,1.23
2021-10-29,12.75,17.48,9.64,79.32,0.0,1.21
2021-10-30,12.44,17.41,9.11,70.56,0.0,1.32
2021-10-31,11.92,16.55,8.95,87.15,0.0,1.33
2021-11-01,11.44,15.98,8.61,81.63,0.0,1.13
2021-11-02,11.02,15.66,8.1,78.4,0.0,1.23
2021-11-03,10.86,15.66,7.85,67.94,0.0,1.25
2021-11-04,10.09,15.3,6.04,64.75,0.0,1.4
2021-11-05,10.55,15.39,7.15,65.27,0.0,1.24
2021-11-06,11.05,15.97,7.68,69.96,0.0,1.25
2021-11-07,11.46,16.42,8.44,69.72,0.0,1.04
2021-11-08,11.38,16.57,8.05,64.16,0.0,1.15
2021-11-09,11.68,16.74,8.14,70.03,0.0,1.06
2021-11-10,12.08,16.75,9.08,83.05,0.0,1.06
2021-11-11,11.93,16.58,8.73,86.22,0.0,1.17
2021-11-12,11.54,16.66,8.47,68.27,0.0,1.26
2021-11-13,11.19,16.31,7.75,67.91,0.0,1.37
2021-11-14,11.32,16.75,8.15,61.94,0.13,1.1
2021-11-15,10.15,15.48,7.23,65.24,0.05,1.08
2021-11-16,10.03,15.37,6.21,71.87,0.0,1.29
2021-11-17,11.41,16.48,8.3,76.19,0.0,1.02
2021-11-18,12.14,16.62,9.67,75.95,0.0,1.1
2021-11-19,11.87,16.91,9.06,78.12,0.05,1.36
2021-11-20,11.84,17.2,8.66,74.45,0.28,1.52
2021-11-21,11.01,16.89,7.4,75.67,0.0,1.5
2021-11-22,10.18,15.83,6.84,74.41,0.0,1.35
2021-11-23,9.9,14.67,6.77,69.61,0.0,1.07
2021-11-24,9.23,13.51,7.09,81.72,0.0,0.99
2021-11-25,8.86,13.04,6.12,85.77,0.0,1.0
2021-11-26,8.71,12.82,6.32,89.06,0.0,0.84
2021-11-27,8.75,12.55,6.52,84.37,0.0,0.97
2021-11-28,9.53,14.27,5.97,77.01,0.0,1.07
2021-11-29,9.77,14.49,6.51,73.11,0.0,1.12
2021-11-30,10.7,15.92,7.81,75.22,0.0,0.94
2021-12-01,11.39,15.41,8.67,71.84,0.0,0.88
2021-12-02,12.08,17.05,9.42,75.94,0.01,1.07
2021-12-03,11.1,15.15,8.72,82.68,0.26,1.21
2021-12-04,11.55,16.17,9.06,78.08,0.09,1.08
2021-12-05,11.19,16.08,7.81,72.33,0.05,0.9
2021-12-06,10.21,15.13,6.79,68.87,0.0,1.05
2021-12-07,9.1,14.02,5.73,73.04,0.0,1.24
2021-12-08,9.98,14.78,7.29,56.64,0.0,1.15
2021-12-09,9.1,13.88,5.89,51.12,0.0,1.08
2021-12-10,7.49,12.66,4.29,59.12,0.0,1.24
2021-12-11,7.44,13.49,2.72,63.45,0.0,1.16
2021-12-12,7.18,11.81,3.28,64.39,0.0,0.99
2021-12-13,7.51,12.71,4.03,52.44,0.0,1.03
2021-12-14,7.59,13.51,3.6,57.46,0.0,1.3
2021-12-15,7.29,14.03,3.32,50.97,0.0,1.35
2021-12-16,7.2,13.75,2.9,47.67,0.0,1.35
2021-12-17,7.69,14.23,3.62,41.6,0.0,1.25
2021-12-18,6.62,12.49,3.15,49.62,0.0,1.21
2021-12-19,5.45,10.75,1.89,53.27,0.0,1.02
2021-12-20,5.49,11.58,0.97,61.76,0.0,1.29
2021-12-21,5.85,11.47,2.79,62.04,0.0,1.2
2021-12-22,5.56,10.61,2.0,65.15,0.0,1.23
2021-12-23,5.67,10.88,2.12,79.62,0.0,1.15
2021-12-24,5.27,9.5,2.45,81.58,0.64,1.11
2021-12-25,4.1,7.57,1.1,89.63,0.22,0.92
2021-12-26,4.58,9.31,0.89,86.37,0.14,0.99
2021-12-27,4.82,9.77,1.17,80.66,0.13,1.15
2021-12-28,5.09,10.33,1.73,74.21,0.69,0.98
2021-12-29,3.07,6.64,1.32,92.38,12.82,1.48
2021-12-30,3.66,8.57,0.53,74.78,7.04,1.07
2021-12-31,5.1,10.01,1.46,61.95,0.0,1.11
2022-01-01,5.77,10.97,2.72,68.69,0.0,1.25
2022-01-02,5.94,11.21,2.56,60.56,0.0,1.17
2022-01-03,6.06,11.56,2.56,62.67,0.0,1.32
2022-01-04,6.74,12.52,2.82,60.31,0.0,1.14
2022-01-05,6.79,12.02,3.37,71.04,0.0,1.08
2022-01-06,6.79,11.02,3.56,77.65,0.02,1.27
2022-01-07,7.37,12.19,4.02,74.01,0.02,1.13
2022-01-08,8.17,13.62,4.98,72.68,0.0,1.35
2022-01-09,7.99,12.91,3.9,67.95,0.0,1.4
2022-01-10,7.03,10.55,4.36,77.62,0.0,0.92
2022-01-11,6.61,12.19,2.52,63.44,0.11,1.14
2022-01-12,5.78,10.51,2.63,74.52,0.39,1.22
2022-01-13,4.56,9.9,0.49,77.16,0.24,1.36
2022-01-14,4.93,10.22,1.31,63.78,0.02,1.16
2022-01-15,4.38,10.03,0.41,70.85,0.0,1.32
2022-01-16,4.92,12.44,-1.96,62.63,0.0,1.41
2022-01-17,6.21,10.41,2.57,57.74,0.0,0.93
2022-01-18,6.28,11.4,3.25,66.68,0.0,1.19
2022-01-19,5.34,10.54,1.86,77.09,0.0,1.28
2022-01-20,4.7,8.4,2.59,81.59,1.58,1.24
2022-01-21,4.13,8.58,1.84,86.1,1.97,1.23
2022-01-22,4.03,9.06,0.82,83.0,0.3,1.24
2022-01-23,3.65,8.51,0.15,84.79,0.17,0.95
2022-01-24,3.98,8.36,1.69,82.72,0.09,0.97
2022-01-25,4.25,9.27,0.96,73.31,0.16,1.15
2022-01-26,2.85,7.48,0.12,73.99,0.6,1.09
2022-01-27,2.26,7.61,-1.23,72.68,0.0,1.23
2022-01-28,2.69,8.05,-1.32,76.84,0.0,1.52
2022-01-29,4.55,11.08,0.32,60.28,0.0,1.45
2022-01-30,5.56,12.07,1.8,69.37,0.0,1.32
2022-01-31,4.98,10.53,1.48,76.69,0.08,1.26
2022-02-01,3.69,8.16,0.27,84.36,0.21,1.68
2022-02-02,4.92,10.59,0.94,65.65,0.08,1.36
2022-02-03,4.43,9.98,0.15,74.94,5.06,1.21
2022-02-04,2.64,4.83,0.02,93.53,16.7,2.05
2022-02-05,0.79,4.89,-1.99,90.59,3.64,1.27
2022-02-06,2.8,9.93,-4.01,72.13,0.0,1.42
2022-02-07,4.67,10.71,0.93,76.43,0.0,1.51
2022-02-08,4.42,8.89,0.55,83.46,0.0,1.49
2022-02-09,4.54,9.71,0.69,77.06,0.0,1.46
2022-02-10,4.47,9.47,0.93,83.89,0.12,1.28
2022-02-11,3.93,9.5,-0.89,78.2,0.1,1.65
2022-02-12,4.63,12.22,-2.52,60.1,0.0,1.65
2022-02-13,6.48,11.6,2.93,70.01,0.0,1.21
2022-02-14,6.84,12.77,2.05,69.5,0.0,1.26
2022-02-15,6.68,12.86,1.42,76.66,0.0,1.44
2022-02-16,6.26,10.87,3.21,79.02,0.0,1.56
2022-02-17,6.18,11.87,2.09,71.35,0.0,1.62
2022-02-18,6.85,12.86,2.75,65.19,0.0,1.48
2022-02-19,5.58,11.7,0.69,67.63,0.02,1.82
2022-02-20,4.69,9.72,1.46,67.6,0.84,1.85
2022-02-21,4.29,9.87,-0.27,68.55,0.14,1.67
2022-02-22,6.17,12.25,1.66,59.28,0.0,1.41
2022-02-23,7.68,13.12,3.89,63.7,0.0,1.43
2022-02-24,8.14,14.71,2.36,63.61,0.0,1.61
2022-02-25,7.06,11.86,3.41,65.98,0.15,1.21
2022-02-26,6.76,12.55,2.22,63.78,0.0,1.64
2022-02-27,7.31,13.57,2.65,63.73,0.0,1.93
2022-02-28,8.05,14.11,3.07,57.75,0.0,1.75
2022-03-01,9.27,14.96,5.45,50.62,0.0,1.41
2022-03-02,8.67,13.65,4.31,62.97,0.01,1.64
2022-03-03,9.37,15.38,5.27,62.66,0.0,1.62
2022-03-04,9.3,16.09,2.97,59.47,0.0,1.96
2022-03-05,9.78,16.3,4.76,56.65,0.0,1.79
2022-03-06,11.65,18.49,6.17,51.34,0.0,1.56
2022-03-07,12.66,19.23,7.85,50.14,0.0,1.55
2022-03-08,12.59,19.33,7.6,45.15,0.0,1.66
2022-03-09,12.65,18.77,8.56,48.22,0.0,1.6
2022-03-10,12.51,18.72,8.45,48.07,0.0,1.48
2022-03-11,12.07,18.34,7.69,49.3,0.0,1.49
2022-03-12,12.14,18.3,7.16,51.85,0.0,1.55
2022-03-13,13.07,19.04,8.88,57.77,0.0,1.63
2022-03-14,14.89,21.28,10.17,53.86,0.0,1.6
2022-03-15,14.8,20.6,10.33,57.65,0.01,1.58
2022-03-16,14.36,19.84,10.1,64.57,0.53,1.7
2022-03-17,15.47,21.49,11.13,58.69,0.23,1.56
2022-03-18,16.64,22.54,12.36,56.32,0.0,1.59
2022-03-19,16.54,22.62,12.2,61.06,0.0,1.74
2022-03-20,15.77,21.82,10.91,56.62,0.13,1.84
2022-03-21,14.31,20.27,8.19,60.37,0.74,1.56
2022-03-22,14.96,20.18,11.42,61.18,6.26,1.72
2022-03-23,14.06,19.44,8.3,61.2,1.84,1.57
2022-03-24,12.96,19.3,8.1,57.63,1.97,1.96
2022-03-25,12.73,19.86,7.01,53.47,0.36,2.38
2022-03-26,13.74,20.19,8.02,44.97,0.01,2.1
2022-03-27,14.61,20.77,9.65,45.75,0.07,1.79
2022-03-28,14.33,20.34,9.74,49.73,0.06,1.83
2022-03-29,14.51,20.8,9.41,53.37,0.27,1.81
2022-03-30,14.51,20.53,9.66,64.27,1.31,1.64
2022-03-31,14.59,20.31,10.07,71.5,3.37,1.68
2022-04-01,15.47,21.52,10.05,60.08,0.06,1.77
2022-04-02,16.08,21.63,12.16,56.21,2.66,1.62
2022-04-03,15.27,20.55,10.91,68.15,3.58,1.67
2022-04-04,15.99,21.83,11.42,55.65,0.25,1.75
2022-04-05,15.8,22.77,10.54,42.85,0.24,1.96
2022-04-06,16.25,22.68,11.37,42.54,0.06,1.77
2022-04-07,15.63,21.52,10.64,51.25,0.42,1.7
2022-04-08,15.46,21.09,10.47,56.69,1.55,1.81
2022-04-09,15.05,20.73,11.26,61.96,3.57,1.66
2022-04-10,14.36,20.37,10.13,67.45,10.44,1.62
2022-04-11,16.47,22.57,11.56,56.32,0.62,1.55
2022-04-12,16.02,20.67,11.61,58.93,1.25,1.59
2022-04-13,15.78,21.68,11.37,57.42,0.3,1.56
2022-04-14,16.11,23.72,9.45,45.6,0.49,2.42
2022-04-15,15.76,22.81,9.47,40.58,0.04,1.99
2022-04-16,15.42,22.82,8.85,36.03,0.01,2.07
2022-04-17,15.49,22.84,7.81,36.09,0.44,1.94
2022-04-18,16.69,23.64,11.07,38.66,0.41,1.76
2022-04-19,16.43,22.55,11.53,50.69,1.6,1.81
2022-04-20,15.9,21.78,11.63,64.77,5.06,1.64
2022-04-21,15.38,20.44,11.1,70.38,0.99,1.6
2022-04-22,16.18,22.0,11.32,65.4,0.63,1.94
2022-04-23,16.63,23.42,9.76,48.54,0.07,2.14
2022-04-24,17.4,24.77,10.6,35.41,0.0,2.23
2022-04-25,17.36,24.55,10.35,33.96,0.0,2.02
2022-04-26,17.06,24.08,9.94,40.07,0.69,1.97
2022-04-27,17.7,23.8,12.91,37.73,0.98,2.0
2022-04-28,17.71,23.99,12.61,39.57,3.3,1.71
2022-04-29,17.44,23.32,12.17,49.97,0.76,1.8
2022-04-30,16.52,22.75,11.32,60.81,4.55,1.53
2022-05-01,16.83,22.44,12.83,60.54,0.66,1.9
2022-05-02,15.06,20.19,11.72,75.7,14.8,1.28
2022-05-03,15.58,20.32,11.86,81.66,3.47,1.55
2022-05-04,15.95,20.24,13.13,85.51,2.14,1.84
2022-05-05,14.89,18.25,12.22,86.62,7.07,1.3
2022-05-06,15.33,19.68,11.91,82.46,4.16,1.47
2022-05-07,15.86,20.49,11.95,78.12,0.34,1.49
2022-05-08,15.71,19.75,11.96,81.23,5.58,1.54
2022-05-09,15.77,19.45,12.94,84.6,6.95,1.51
2022-05-10,16.75,21.21,12.91,82.41,5.06,1.46
2022-05-11,17.51,21.78,13.81,81.21,4.08,1.65
2022-05-12,17.91,22.37,14.05,77.84,1.27,1.86
2022-05-13,17.63,21.18,14.34,82.07,5.39,1.73
2022-05-14,17.84,22.47,13.74,74.87,0.27,1.68
2022-05-15,18.4,23.36,14.48,69.84,1.58,1.74
2022-05-16,18.34,24.41,13.75,69.83,4.82,1.66
2022-05-17,18.09,23.69,12.86,68.01,0.93,2.12
2022-05-18,17.6,23.54,10.77,56.0,0.51,1.92
2022-05-19,17.63,23.09,12.61,58.72,2.04,2.21
2022-05-20,17.76,23.16,13.74,65.08,4.91,1.76
2022-05-21,17.4,22.9,13.2,63.11,2.39,2.05
2022-05-22,16.45,22.24,11.18,61.23,7.67,2.01
2022-05-23,15.94,21.18,11.4,63.01,2.18,1.83
2022-05-24,16.59,21.67,12.55,69.48,1.0,1.6
2022-05-25,16.7,21.17,12.46,75.39,8.77,1.74
2022-05-26,15.79,19.94,12.64,74.4,5.75,1.66
2022-05-27,16.3,20.91,11.78,63.68,0.67,1.8
2022-05-28,16.52,20.54,12.43,71.16,1.26,1.68
2022-05-29,17.33,21.96,13.2,72.68,0.68,1.69
2022-05-30,18.18,22.84,14.31,72.19,1.05,1.79
2022-05-31,18.69,24.44,13.36,67.2,2.0,1.75
2022-06-01,19.22,24.99,14.23,65.63,1.89,1.75
2022-06-02,19.39,25.23,14.96,61.37,0.17,1.72
2022-06-03,18.83,24.62,13.6,59.2,3.17,1.73
2022-06-04,18.78,24.75,13.85,63.38,5.26,1.85
2022-06-05,18.88,24.48,14.77,67.11,4.01,1.82
2022-06-06,18.69,23.76,15.38,75.63,20.91,1.65
2022-06-07,18.9,23.68,14.53,72.83,8.47,1.76
2022-06-08,18.63,23.39,14.96,73.17,8.81,1.73
2022-06-09,18.65,23.71,14.69,78.11,10.88,1.78
2022-06-10,18.68,23.41,14.69,69.34,2.32,2.0
2022-06-11,18.28,23.12,14.3,67.55,2.98,1.84
2022-06-12,18.8,23.17,14.75,71.57,3.93,1.77
2022-06-13,19.09,23.48,15.43,70.76,2.84,1.91
2022-06-14,18.72,22.89,15.78,76.01,6.17,1.65
2022-06-15,19.02,23.45,15.66,80.11,19.61,1.85
2022-06-16,18.56,22.76,15.96,87.05,11.72,1.59
2022-06-17,17.99,21.87,14.51,88.73,9.28,2.2
2022-06-18,18.49,22.14,15.35,85.84,9.92,2.04
2022-06-19,18.49,22.22,15.32,83.04,6.76,2.1
2022-06-20,18.11,22.89,14.17,78.16,8.66,1.66
2022-06-21,17.49,21.9,13.45,78.3,2.36,1.73
2022-06-22,18.25,22.87,14.11,81.84,0.64,1.69
2022-06-23,18.74,22.27,15.44,86.67,2.0,2.02
2022-06-24,18.89,22.67,15.87,89.27,5.54,1.95
2022-06-25,18.48,22.16,15.97,88.66,4.03,1.79
2022-06-26,18.0,21.47,15.11,87.16,11.15,1.5
2022-06-27,18.21,21.4,15.76,91.84,11.05,2.12
2022-06-28,17.85,20.03,15.99,94.8,18.33,2.06
2022-06-29,17.18,19.26,15.6,94.76,2.46,1.73
2022-06-30,17.45,20.64,14.98,90.11,1.01,1.18
2022-07-01,18.68,23.01,15.38,88.78,9.32,2.02
2022-07-02,18.66,22.74,16.07,87.61,9.55,1.75
2022-07-03,18.85,22.95,15.8,87.54,2.4,1.45
2022-07-04,19.63,23.73,16.69,89.75,3.41,1.93
2022-07-05,19.31,22.2,17.07,91.01,0.49,1.62
2022-07-06,20.09,24.61,16.33,85.25,1.52,1.81
2022-07-07,19.9,23.68,16.72,88.74,4.64,1.7
2022-07-08,19.29,22.75,17.39,91.62,16.54,2.0
2022-07-09,18.93,22.9,15.64,86.87,2.78,1.95
2022-07-10,19.28,23.48,15.14,84.93,2.13,2.01
2022-07-11,19.22,23.14,15.48,88.61,3.68,1.92
2022-07-12,19.65,23.43,16.59,87.78,3.09,1.89
2022-07-13,18.87,22.37,16.11,86.48,1.37,1.68
2022-07-14,19.35,23.62,16.27,86.79,0.77,1.89
2022-07-15,18.86,22.51,15.26,83.48,0.07,1.49
2022-07-16,19.63,23.34,16.42,84.7,0.18,1.75
2022-07-17,19.95,24.25,16.23,84.17,1.79,1.81
2022-07-18,19.15,22.66,15.89,89.08,15.0,1.87
2022-07-19,18.97,22.82,16.37,91.16,6.56,1.68
2022-07-20,18.77,21.38,16.92,89.4,13.75,1.1
2022-07-21,18.44,20.92,16.39,91.66,17.1,1.54
2022-07-22,18.73,22.48,15.43,87.89,8.64,1.69
2022-07-23,18.21,21.24,15.74,88.44,14.73,1.53
2022-07-24,17.77,21.44,15.64,87.65,7.3,1.62
2022-07-25,17.35,21.0,14.68,91.06,10.72,1.56
2022-07-26,17.51,20.59,14.67,88.79,19.26,1.59
2022-07-27,17.93,21.52,15.05,90.6,8.53,1.83
2022-07-28,17.76,20.89,15.19,89.07,4.37,1.7
2022-07-29,18.24,22.21,15.15,85.1,8.59,1.49
2022-07-30,18.34,22.01,15.54,87.03,9.3,1.65
2022-07-31,18.38,21.82,15.41,89.95,16.28,2.09
2022-08-01,17.71,19.52,16.43,95.9,14.85,2.1
2022-08-02,17.66,20.29,15.86,93.79,8.65,1.76
2022-08-03,18.5,21.77,15.29,88.31,1.36,1.45
2022-08-04,18.38,20.38,16.41,93.63,3.3,1.97
2022-08-05,18.99,22.97,15.65,87.88,2.43,1.69
2022-08-06,18.22,20.91,16.15,91.28,14.95,1.09
2022-08-07,19.32,22.78,16.28,89.21,1.75,1.75
2022-08-08,19.5,23.62,15.86,87.62,1.15,2.16
2022-08-09,19.94,24.24,15.74,87.24,1.22,1.95
2022-08-10,18.76,22.91,15.3,88.81,4.18,2.34
2022-08-11,19.08,23.4,14.87,86.76,0.28,2.45
2022-08-12,19.45,23.96,15.16,87.1,0.05,1.82
2022-08-13,19.27,23.29,16.82,92.35,2.61,1.8
2022-08-14,18.73,23.13,15.49,86.61,7.66,2.28
2022-08-15,18.48,22.6,14.43,87.55,0.51,2.52
2022-08-16,18.76,22.78,15.47,88.64,1.08,1.53
2022-08-17,18.74,22.06,15.8,91.21,3.4,1.57
2022-08-18,19.43,22.89,17.01,90.21,4.9,1.11
2022-08-19,18.27,20.88,16.01,90.64,9.21,1.56
2022-08-20,18.8,22.71,15.34,84.51,4.11,1.98
2022-08-21,18.59,22.63,15.79,89.72,0.75,2.05
2022-08-22,18.99,23.44,14.9,86.45,0.3,1.71
2022-08-23,18.5,21.83,16.18,90.28,4.32,1.6
2022-08-24,18.39,21.2,16.28,87.47,2.16,1.2
2022-08-25,18.53,21.96,16.28,92.36,2.3,1.26
2022-08-26,18.81,22.57,16.31,90.96,5.08,1.55
2022-08-27,18.19,20.33,16.51,93.44,17.39,1.42
2022-08-28,17.89,20.26,15.83,92.5,19.96,1.78
2022-08-29,17.92,20.72,15.55,92.33,1.33,1.49
2022-08-30,18.29,21.18,16.2,92.54,2.84,1.92
2022-08-31,18.21,20.79,15.76,94.16,6.74,2.01
2022-09-01,17.76,20.19,16.42,95.27,20.13,1.48
2022-09-02,18.2,21.71,15.3,93.8,4.84,1.99
2022-09-03,18.24,21.83,15.52,91.18,4.81,1.94
2022-09-04,18.24,22.37,14.96,89.96,5.28,1.56
2022-09-05,17.69,21.07,15.22,88.65,10.44,1.27
2022-09-06,18.03,21.57,15.36,92.59,18.56,1.45
2022-09-07,17.87,20.95,15.76,93.95,4.77,1.48
2022-09-08,17.45,19.76,15.17,94.11,7.46,1.64
2022-09-09,16.39,19.06,14.15,91.03,4.58,1.09
2022-09-10,16.96,20.32,14.59,92.21,10.41,1.35
2022-09-11,16.89,20.16,13.76,89.56,4.09,1.4
2022-09-12,16.61,20.18,14.12,90.23,2.43,1.84
2022-09-13,16.19,19.32,13.83,90.18,2.01,1.53
2022-09-14,16.59,20.08,13.92,90.76,3.28,1.46
2022-09-15,17.14,20.79,14.18,91.22,7.52,1.57
2022-09-16,17.4,21.27,14.63,89.49,9.4,1.35
2022-09-17,17.63,21.11,14.92,88.94,2.78,1.07
2022-09-18,17.62,20.35,15.81,92.94,0.37,1.11
2022-09-19,17.75,21.19,14.8,90.94,0.95,1.47
2022-09-20,17.78,21.25,14.91,85.68,0.74,1.38
2022-09-21,18.15,22.23,15.03,89.23,0.64,1.27
2022-09-22,17.82,21.81,14.76,87.46,0.75,1.1
2022-09-23,17.53,21.04,14.83,84.73,3.89,1.03
2022-09-24,17.67,21.22,15.24,92.27,3.23,1.14
2022-09-25,16.88,19.15,15.05,94.9,6.57,1.19
2022-09-26,16.79,20.32,14.11,90.19,2.51,1.41
2022-09-27,16.92,20.56,13.87,91.45,4.1,1.49
2022-09-28,16.9,20.92,13.81,88.84,3.64,1.39
2022-09-29,16.72,21.25,13.52,82.42,0.14,1.29
2022-09-30,16.92,21.55,13.49,80.85,0.05,1.36
2022-10-01,17.12,21.51,13.58,78.32,0.05,1.32
2022-10-02,17.64,22.09,14.1,73.17,0.91,1.29
2022-10-03,17.73,21.82,14.48,82.72,9.71,1.24
2022-10-04,16.2,19.3,14.13,93.5,11.49,1.3
2022-10-05,15.11,17.95,12.74,89.64,14.91,0.81
2022-10-06,15.43,19.67,11.98,84.93,6.68,0.94
2022-10-07,16.09,19.03,14.1,90.42,2.81,1.11
2022-10-08,16.27,19.75,13.42,89.94,1.81,1.26
2022-10-09,16.14,19.72,14.04,89.36,5.76,1.18
2022-10-10,15.66,19.15,13.38,83.89,2.21,1.21
2022-10-11,15.74,20.36,12.44,84.3,5.92,1.27
2022-10-12,14.73,18.72,11.84,82.64,6.46,1.11
2022-10-13,14.2,19.12,10.88,66.78,0.2,1.1
2022-10-14,13.87,18.71,10.33,61.79,0.06,1.24
2022-10-15,13.89,19.17,10.49,62.99,0.0,1.19
2022-10-16,14.17,19.41,10.82,57.78,0.0,1.18
2022-10-17,13.53,18.74,9.21,54.32,0.0,1.18
2022-10-18,12.71,17.79,9.22,67.0,0.0,1.29
2022-10-19,11.99,16.59,9.12,69.67,0.0,1.08
2022-10-20,11.94,16.97,8.22,68.44,0.0,1.15
2022-10-21,12.45,17.39,9.04,63.45,0.0,1.14
2022-10-22,12.45,17.41,8.24,69.41,0.0,1.32
2022-10-23,12.46,18.34,7.61,61.65,0.0,1.48
2022-10-24,12.95,18.07,9.58,73.67,0.0,1.28
2022-10-25,12.25,17.15,8.61,86.35,0.0,1.39
2022-10-26,12.0,16.62,8.8,72.15,0.0,1.1
2022-10-27,11.98,16.46,9.09,80.95,0.0,1.16
2022-10-28,12.0,16.66,8.58,76.9,0.0,1.08
2022-10-29,12.42,16.74,9.5,78.65,0.0,1.12
2022-10-30,12.56,17.22,9.08,76.48,0.0,1.19
2022-10-31,13.08,17.9,9.85,73.06,0.0,1.16
2022-11-01,12.55,17.2,9.56,66.37,0.0,1.19
2022-11-02,11.94,17.24,8.55,66.95,0.0,1.21
2022-11-03,11.96,17.0,8.34,81.26,0.0,1.23
2022-11-04,12.56,17.46,9.41,81.27,0.0,1.14
2022-11-05,12.74,17.36,8.44,82.29,0.0,1.14
2022-11-06,11.97,16.72,8.57,70.44,0.0,1.1
2022-11-07,12.09,16.28,9.39,79.9,0.0,1.21
2022-11-08,11.77,16.02,9.32,78.17,0.0,1.03
2022-11-09,11.23,15.85,8.23,67.86,0.0,1.07
2022-11-10,10.31,15.63,7.08,66.57,0.0,1.1
2022-11-11,9.59,14.89,6.05,66.29,0.0,1.28
2022-11-12,9.35,15.05,5.72,65.8,0.0,1.43
2022-11-13,10.01,15.18,6.55,66.35,0.0,1.2
2022-11-14,10.43,15.49,7.33,56.92,0.0,1.17
2022-11-15,10.11,15.71,6.31,68.52,0.0,1.3
2022-11-16,9.71,14.76,6.81,74.87,0.35,1.22
2022-11-17,8.9,13.29,5.89,72.45,0.0,1.23
2022-11-18,9.63,14.59,6.65,73.82,0.0,1.19
2022-11-19,10.98,16.3,7.69,67.92,0.0,1.09
2022-11-20,11.11,16.56,7.62,59.15,0.0,1.2
2022-11-21,10.74,16.86,6.55,63.85,0.0,1.45
2022-11-22,10.82,16.68,7.46,63.76,0.0,1.44
2022-11-23,10.37,15.67,7.38,59.9,0.0,1.42
2022-11-24,10.42,16.72,6.01,54.24,0.0,1.17
2022-11-25,12.64,17.88,9.52,49.92,0.0,1.05
2022-11-26,11.96,17.08,8.65,59.44,0.0,1.18
2022-11-27,10.64,15.75,7.37,70.18,0.0,1.1
2022-11-28,10.54,15.63,7.24,67.47,0.0,1.06
2022-11-29,11.24,16.0,8.53,61.13,0.0,1.09
2022-11-30,10.74,16.04,8.01,58.24,0.0,1.21
2022-12-01,10.1,15.51,6.67,57.25,0.0,1.25
2022-12-02,10.29,15.79,6.83,58.56,0.0,1.15
2022-12-03,10.05,15.48,7.12,52.09,0.0,1.16
2022-12-04,9.89,15.76,6.24,50.98,0.0,1.26
2022-12-05,9.71,15.27,6.38,54.06,0.0,1.21
2022-12-06,9.36,15.3,5.43,50.77,0.0,1.19
2022-12-07,9.56,15.59,6.14,57.87,0.0,1.18
2022-12-08,9.45,14.77,6.19,57.13,0.0,1.14
2022-12-09,9.99,15.2,6.95,54.13,0.0,1.13
2022-12-10,9.89,15.53,6.45,56.34,0.0,1.32
2022-12-11,10.39,16.29,6.34,52.53,0.0,1.18
2022-12-12,10.73,16.61,7.8,50.6,0.0,1.15
2022-12-13,10.21,16.25,6.51,51.96,0.0,1.31
2022-12-14,9.77,15.42,6.4,55.46,0.0,1.03
2022-12-15,8.81,14.07,4.97,61.84,0.0,1.21
2022-12-16,8.85,14.09,5.62,64.06,0.0,1.06
2022-12-17,9.12,13.78,6.49,61.27,0.0,1.08
2022-12-18,9.12,13.78,6.25,73.3,0.0,1.02
2022-12-19,8.61,13.69,5.38,79.86,0.0,1.15
2022-12-20,8.87,14.12,5.81,74.6,0.0,1.09
2022-12-21,8.66,14.79,5.45,73.86,0.0,1.32
2022-12-22,7.86,14.24,4.18,54.79,0.0,1.43
2022-12-23,8.17,14.67,3.62,44.71,0.0,1.25
2022-12-24,5.9,11.49,1.93,55.64,0.0,1.12
2022-12-25,6.92,12.42,3.5,65.55,0.0,1.39
2022-12-26,6.26,12.23,2.54,58.69,0.0,1.33
2022-12-27,5.6,12.11,0.66,64.71,0.0,1.6
2022-12-28,5.49,11.34,2.06,63.68,0.0,1.33
2022-12-29,4.98,11.28,0.89,62.76,0.0,1.16
2022-12-30,5.65,11.27,1.86,68.36,0.0,1.16
2022-12-31,5.15,10.01,2.35,74.0,0.0,1.21
2023-01-01,4.93,10.07,2.02,74.09,0.0,1.08
2023-01-02,4.49,10.49,-0.06,72.01,0.0,1.31
2023-01-03,3.78,11.37,-1.56,56.96,0.0,1.48
2023-01-04,3.68,10.94,-0.98,34.37,0.0,1.32
2023-01-05,4.73,11.59,-1.2,37.27,0.0,1.35
2023-01-06,7.01,13.36,1.58,35.37,0.0,1.31
2023-01-07,8.26,14.56,3.14,32.44,0.0,1.23
2023-01-08,8.46,14.54,5.08,35.37,0.0,1.21
2023-01-09,8.85,14.75,5.79,36.55,0.0,1.25
2023-01-10,8.06,14.33,4.18,45.96,0.0,1.28
2023-01-11,7.08,14.56,1.9,49.53,0.0,1.28
2023-01-12,6.56,13.23,2.33,53.98,0.0,1.41
2023-01-13,5.16,12.31,0.22,56.97,0.0,1.68
2023-01-14,4.91,12.11,-0.41,65.13,0.0,1.87
2023-01-15,5.53,12.33,1.59,61.89,0.0,1.56
2023-01-16,5.26,11.97,1.58,60.09,0.0,1.56
2023-01-17,4.27,10.76,0.16,55.61,0.0,1.58
2023-01-18,4.32,10.76,0.17,52.24,0.0,1.5
2023-01-19,5.07,10.84,1.52,53.75,0.0,1.42
2023-01-20,6.41,12.8,2.83,57.89,0.0,1.58
2023-01-21,6.42,13.44,2.02,50.89,0.0,1.86
2023-01-22,6.31,13.83,1.53,43.07,0.0,1.71
2023-01-23,6.78,15.13,0.76,43.63,0.0,1.97
2023-01-24,7.42,15.34,1.87,48.1,0.0,1.63
2023-01-25,8.86,16.27,4.5,49.63,0.0,1.75
2023-01-26,9.34,17.02,3.97,55.46,0.0,1.96
2023-01-27,9.7,16.86,5.76,43.76,0.0,1.79
2023-01-28,9.26,16.39,4.23,40.32,0.0,1.48
2023-01-29,10.15,16.06,5.95,43.12,0.0,1.25
2023-01-30,11.18,17.27,6.89,37.7,0.0,1.49
2023-01-31,10.91,17.45,6.68,34.98,0.0,1.45
2023-02-01,8.91,15.97,4.19,36.55,0.0,1.39
2023-02-02,8.31,17.03,0.39,40.37,0.0,1.66
2023-02-03,9.18,15.51,4.42,40.42,0.0,1.38
2023-02-04,8.78,14.87,4.41,51.03,0.0,1.29
2023-02-05,8.21,14.4,3.74,56.49,0.0,1.37
2023-02-06,7.86,14.42,3.91,57.13,0.0,1.52
2023-02-07,7.19,12.77,3.39,59.1,0.0,1.64
2023-02-08,7.58,13.68,3.37,66.54,0.03,1.52
2023-02-09,7.46,13.49,2.67,69.86,0.03,1.44
2023-02-10,8.18,14.72,3.82,56.7,0.0,1.82
2023-02-11,8.84,15.74,4.51,51.34,0.0,2.11
2023-02-12,6.71,13.48,2.12,55.4,0.0,2.26
2023-02-13,8.61,18.53,0.98,36.11,0.0,1.65
2023-02-14,9.18,16.31,4.21,35.41,0.0,1.43
2023-02-15,9.2,16.97,3.99,36.98,0.0,1.23
2023-02-16,10.4,17.75,5.51,43.03,0.0,1.4
2023-02-17,10.64,17.19,5.81,51.36,0.0,1.55
2023-02-18,11.09,18.37,5.52,50.22,0.0,1.55
2023-02-19,11.26,17.78,6.98,53.51,0.04,1.52
2023-02-20,11.26,17.18,7.07,60.24,0.0,1.46
2023-02-21,10.9,17.4,6.28,62.48,0.39,1.65
2023-02-22,10.17,16.45,5.87,51.66,0.67,1.75
2023-02-23,10.11,17.3,5.41,48.09,0.03,1.78
2023-02-24,10.44,17.44,5.91,34.93,0.01,1.7
2023-02-25,9.44,15.79,5.39,42.63,0.03,1.61
2023-02-26,9.05,15.42,4.92,47.05,1.57,1.56
2023-02-27,8.79,14.53,5.27,52.39,1.38,1.55
2023-02-28,9.5,16.04,4.37,51.16,0.01,1.72
2023-03-01,10.4,17.07,5.63,48.93,0.0,1.82
2023-03-02,10.7,16.75,6.25,47.46,0.01,1.76
2023-03-03,11.67,17.83,7.49,48.62,0.01,1.74
2023-03-04,11.9,18.22,7.33,51.75,0.03,1.62
2023-03-05,11.71,18.56,7.27,46.65,0.04,1.75
2023-03-06,11.57,18.78,6.48,44.57,0.08,1.84
2023-03-07,11.88,19.27,6.18,40.72,0.59,1.84
2023-03-08,11.33,17.42,7.24,44.83,0.6,1.54
2023-03-09,10.92,17.68,5.92,47.37,0.04,1.72
2023-03-10,11.5,18.01,6.68,45.22,0.0,1.71
2023-03-11,11.46,17.71,6.52,48.29,0.0,1.73
2023-03-12,13.03,19.46,8.25,50.25,0.06,1.59
2023-03-13,12.58,19.13,8.25,51.31,0.29,1.7
2023-03-14,11.86,18.12,7.03,54.0,0.12,1.62
2023-03-15,11.55,17.64,6.92,50.51,1.41,1.83
2023-03-16,11.21,17.36,6.26,53.11,0.67,1.69
2023-03-17,10.87,16.07,6.94,60.21,1.93,1.46
2023-03-18,10.64,15.74,6.46,67.92,5.5,1.45
2023-03-19,9.68,12.6,7.35,87.29,2.62,1.38
2023-03-20,8.12,11.16,5.78,88.31,11.2,1.59
2023-03-21,8.28,12.57,5.09,81.98,6.46,1.17
2023-03-22,9.02,14.85,4.52,71.87,0.76,1.76
2023-03-23,10.15,15.73,5.34,67.81,0.7,1.75
2023-03-24,11.25,16.69,7.22,64.86,0.48,1.62
2023-03-25,12.52,18.5,6.97,60.24,0.29,1.82
2023-03-26,12.82,20.09,7.64,52.58,0.0,2.06
2023-03-27,12.24,19.26,6.58,45.78,0.0,1.94
2023-03-28,11.62,18.12,6.05,45.74,0.01,2.02
2023-03-29,12.03,19.21,5.45,41.97,0.0,1.92
2023-03-30,12.16,19.19,5.69,43.7,0.36,1.93
2023-03-31,11.19,17.12,7.1,55.86,7.97,1.6
2023-04-01,9.99,15.23,6.32,64.92,5.76,1.33
2023-04-02,9.27,13.73,5.1,66.91,1.56,1.75
2023-04-03,11.83,17.61,6.86,63.5,0.86,1.82
2023-04-04,12.86,19.41,7.05,58.6,2.68,2.2
2023-04-05,12.68,19.64,6.39,52.37,1.18,1.84
2023-04-06,13.31,20.86,7.34,41.29,0.03,1.93
2023-04-07,13.84,21.36,7.29,38.64,0.0,1.92
2023-04-08,14.35,22.05,8.57,36.58,0.0,1.85
2023-04-09,14.85,22.3,9.35,38.05,0.01,2.02
2023-04-10,14.23,21.75,7.57,37.91,0.0,2.31
2023-04-11,15.28,22.9,8.16,34.82,0.0,2.04
2023-04-12,15.86,23.27,9.58,35.41,0.0,1.99
2023-04-13,16.02,23.53,9.53,38.87,0.0,1.92
2023-04-14,16.85,24.27,9.55,37.96,0.0,1.83
2023-04-15,17.83,25.17,11.55,38.25,0.0,1.79
2023-04-16,18.16,25.15,12.92,38.12,0.0,1.97
2023-04-17,17.6,25.14,10.18,40.67,0.0,2.13
2023-04-18,18.06,25.42,11.18,40.64,0.01,2.23
2023-04-19,18.1,26.07,9.93,41.98,0.03,2.17
2023-04-20,18.47,25.17,12.91,42.84,0.29,2.46
2023-04-21,16.33,23.56,10.67,45.4,2.46,2.07
2023-04-22,14.0,19.42,8.65,50.62,4.8,1.63
2023-04-23,13.04,19.47,7.36,58.75,5.26,1.5
2023-04-24,13.02,18.67,8.9,62.35,1.52,1.68
2023-04-25,12.99,18.82,6.92,54.99,0.66,1.79
2023-04-26,14.22,20.22,8.28,52.75,1.15,1.89
2023-04-27,14.15,21.42,7.83,49.37,0.07,1.94
2023-04-28,14.66,20.9,8.55,49.83,1.39,2.08
2023-04-29,14.59,19.8,9.06,59.41,4.45,1.85
2023-04-30,12.2,15.49,10.03,77.09,3.48,0.99
2023-05-01,12.49,16.47,9.44,67.34,0.04,1.03
2023-05-02,12.78,16.9,9.04,59.98,0.0,1.45
2023-05-03,14.03,19.58,9.78,69.42,0.86,1.67
2023-05-04,13.01,17.11,9.51,80.75,12.69,1.4
2023-05-05,14.6,21.24,8.16,60.89,0.01,1.9
2023-05-06,15.99,22.46,10.08,54.23,0.03,2.12
2023-05-07,15.93,22.13,10.64,55.83,0.15,1.71
2023-05-08,16.47,24.38,9.18,47.89,0.67,2.16
2023-05-09,16.33,23.78,10.17,37.28,0.11,2.33
2023-05-10,16.15,23.38,10.27,36.48,0.0,1.79
2023-05-11,15.64,22.89,8.43,28.76,0.0,1.96
2023-05-12,16.37,23.08,9.57,42.72,0.0,1.99
2023-05-13,17.96,24.34,12.55,51.67,0.29,1.89
2023-05-14,17.9,23.91,12.94,57.04,2.98,1.85
2023-05-15,15.8,20.77,11.37,67.23,10.34,1.83
2023-05-16,15.02,20.8,9.15,67.16,6.75,1.75
2023-05-17,16.21,22.15,11.71,66.86,6.64,1.84
2023-05-18,16.34,22.39,11.85,71.67,2.33,2.02
2023-05-19,16.61,22.47,12.02,61.37,0.87,1.96
2023-05-20,16.34,22.44,9.9,51.12,0.26,1.94
2023-05-21,16.81,22.21,11.98,51.79,1.9,1.91
2023-05-22,18.24,24.3,12.8,55.92,2.37,1.88
2023-05-23,17.5,23.5,13.4,68.1,4.83,1.73
2023-05-24,17.51,22.39,13.34,70.9,0.43,1.85
2023-05-25,16.15,21.07,12.38,72.57,3.27,2.05
2023-05-26,15.52,21.37,11.22,67.21,4.84,1.97
2023-05-27,14.97,20.4,10.48,67.76,11.5,1.76
2023-05-28,15.3,20.47,9.31,75.07,2.62,1.75
2023-05-29,17.7,23.02,12.95,65.5,0.12,1.75
2023-05-30,19.29,25.73,13.71,50.71,0.0,1.92
2023-05-31,20.32,26.98,14.13,44.15,0.0,1.96
2023-06-01,19.93,27.2,13.45,44.97,0.0,1.99
2023-06-02,19.42,25.75,13.76,42.83,0.01,1.97
2023-06-03,19.23,25.36,13.05,45.49,0.02,1.91
2023-06-04,19.82,25.97,13.12,46.59,0.0,1.98
2023-06-05,19.14,24.43,13.46,51.66,0.15,1.79
2023-06-06,19.19,24.44,14.19,50.28,0.99,1.78
2023-06-07,19.77,25.21,14.18,52.75,1.44,1.83
2023-06-08,20.85,26.71,14.71,49.82,0.02,1.75
2023-06-09,20.89,27.08,15.0,48.59,0.0,1.76
2023-06-10,20.14,26.01,14.12,58.39,0.15,1.82
2023-06-11,19.83,24.84,15.09,66.67,7.96,1.93
2023-06-12,19.97,25.23,16.12,71.14,7.94,1.7
2023-06-13,19.17,23.76,15.22,79.67,16.11,1.83
2023-06-14,19.19,23.67,15.8,77.21,21.76,2.01
2023-06-15,19.91,24.96,16.06,71.12,10.44,2.4
2023-06-16,20.14,25.28,15.71,68.37,1.99,2.34
2023-06-17,21.13,25.78,16.74,62.25,8.07,1.96
2023-06-18,19.78,23.95,15.01,74.16,16.59,2.02
2023-06-19,19.82,23.79,15.85,76.86,11.93,1.95
2023-06-20,19.9,24.46,15.14,70.26,0.97,1.92
2023-06-21,19.22,23.94,15.43,71.5,2.84,1.91
2023-06-22,19.7,25.07,14.43,76.76,3.07,1.95
2023-06-23,20.57,25.78,15.84,80.06,0.07,2.18
2023-06-24,19.99,23.69,17.4,84.48,0.09,1.92
2023-06-25,19.7,23.13,17.02,81.97,0.48,1.56
2023-06-26,20.22,25.25,15.92,77.79,0.32,2.07
2023-06-27,19.51,24.28,15.36,81.62,3.96,2.82
2023-06-28,18.99,23.06,15.22,82.9,5.79,2.54
2023-06-29,18.82,22.61,15.75,86.81,10.37,2.2
2023-06-30,18.47,21.55,16.38,88.37,3.81,1.67
2023-07-01,18.15,20.64,15.51,90.19,13.84,1.23
2023-07-02,19.61,23.71,16.87,87.52,4.31,1.75
2023-07-03,18.66,21.26,16.61,92.35,12.73,1.76
2023-07-04,18.19,20.58,16.3,92.61,24.67,1.49
2023-07-05,18.21,20.84,16.2,90.22,8.53,1.32
2023-07-06,19.11,23.16,15.77,85.88,1.29,1.76
2023-07-07,19.13,22.97,15.59,86.27,2.53,2.07
2023-07-08,19.56,23.08,16.23,88.91,0.82,2.17
2023-07-09,19.94,23.73,16.7,89.71,1.33,2.2
2023-07-10,19.25,21.53,17.65,92.28,3.64,1.98
2023-07-11,19.32,22.3,17.11,90.95,2.76,1.53
2023-07-12,19.72,23.65,17.32,90.49,6.81,2.33
2023-07-13,18.44,20.73,16.72,93.64,15.52,1.84
2023-07-14,18.14,20.92,15.78,92.04,15.46,1.92
2023-07-15,19.48,23.25,16.49,91.05,20.24,2.14
2023-07-16,19.02,22.09,16.47,88.46,4.46,1.71
2023-07-17,19.03,22.85,16.14,88.58,13.92,1.94
2023-07-18,18.28,21.36,15.33,86.54,11.05,1.57
2023-07-19,19.2,23.36,15.71,84.08,1.54,1.61
2023-07-20,20.06,24.2,16.06,87.68,3.07,1.79
2023-07-21,19.38,22.9,16.24,86.21,2.89,1.89
2023-07-22,19.44,23.64,16.05,86.05,15.28,1.84
2023-07-23,19.16,23.23,16.01,88.3,19.59,1.9
2023-07-24,17.52,20.13,15.14,89.7,12.46,1.22
2023-07-25,17.87,20.78,15.76,91.5,21.74,1.6
2023-07-26,17.85,21.09,15.02,89.74,5.42,1.47
2023-07-27,18.14,21.0,15.8,89.42,6.56,1.22
2023-07-28,18.74,21.89,16.14,91.85,8.52,1.44
2023-07-29,18.35,20.57,16.9,95.42,25.55,1.78
2023-07-30,18.43,22.07,15.93,90.95,10.84,1.56
2023-07-31,19.41,23.25,16.59,91.03,15.76,1.81
2023-08-01,20.0,23.96,16.84,85.38,5.61,1.66
2023-08-02,19.95,23.6,17.22,89.39,4.51,1.7
2023-08-03,19.57,23.86,16.38,88.53,1.88,2.02
2023-08-04,18.13,20.36,15.83,92.4,3.18,1.47
2023-08-05,18.5,21.85,16.44,91.79,4.71,1.61
2023-08-06,18.75,21.73,16.52,91.34,10.69,1.36
2023-08-07,18.58,21.22,16.59,95.2,30.77,2.13
2023-08-08,19.1,22.66,16.0,92.07,26.52,1.7
2023-08-09,18.98,21.4,17.06,93.61,9.43,1.61
2023-08-10,19.44,23.1,16.58,92.17,2.49,1.97
2023-08-11,18.92,21.54,16.79,93.68,6.63,1.67
2023-08-12,19.45,23.03,16.98,93.02,33.14,2.43
2023-08-13,17.94,20.02,16.22,95.6,16.83,1.41
2023-08-14,18.81,22.36,16.1,92.0,1.67,1.71
2023-08-15,18.74,22.13,16.87,91.56,1.32,1.43
2023-08-16,19.56,22.71,16.94,88.11,7.16,1.78
2023-08-17,19.52,22.66,17.12,91.27,7.31,1.7
2023-08-18,19.66,22.75,16.88,90.53,4.48,1.89
2023-08-19,19.42,23.43,16.09,88.3,2.91,1.92
2023-08-20,18.36,21.22,16.12,92.28,7.28,1.49
2023-08-21,18.56,21.83,16.25,93.1,8.41,1.75
2023-08-22,18.76,21.95,16.7,92.7,9.87,1.82
2023-08-23,18.14,20.7,15.61,94.66,12.25,2.02
2023-08-24,18.32,20.25,16.61,96.89,28.39,2.23
2023-08-25,17.33,19.38,15.34,96.72,35.81,1.69
2023-08-26,17.44,20.08,15.22,90.89,13.93,1.09
2023-08-27,18.83,22.32,16.09,92.93,7.3,2.42
2023-08-28,17.92,21.33,15.43,91.71,1.29,2.01
2023-08-29,17.73,21.64,14.35,88.8,1.65,1.41
2023-08-30,18.38,22.15,14.96,89.95,0.13,1.58
2023-08-31,18.56,22.21,15.88,92.62,0.72,1.83
2023-09-01,18.66,21.9,15.97,93.09,2.24,1.72
2023-09-02,18.51,20.34,16.83,95.95,2.05,1.1
2023-09-03,19.09,21.7,17.36,87.85,8.11,0.85
2023-09-04,18.7,22.13,16.32,83.39,10.66,1.15
2023-09-05,18.12,21.11,15.37,88.54,0.55,1.23
2023-09-06,18.67,22.02,16.44,84.99,0.57,1.37
2023-09-07,18.02,21.65,15.43,86.39,2.07,1.17
2023-09-08,17.27,19.62,15.47,91.31,6.31,1.54
2023-09-09,17.19,20.07,15.05,92.01,4.47,1.57
2023-09-10,18.15,22.14,15.12,88.31,0.79,1.21
2023-09-11,18.54,21.66,15.79,88.52,6.16,1.96
2023-09-12,18.5,22.12,16.24,91.58,9.93,1.61
2023-09-13,18.91,22.64,15.8,87.41,6.58,1.56
2023-09-14,18.86,22.82,15.76,90.94,2.4,1.37
2023-09-15,18.29,22.03,15.84,91.77,0.27,1.63
2023-09-16,18.51,22.26,15.66,86.65,0.1,1.15
2023-09-17,18.33,22.12,14.97,87.47,0.75,1.49
2023-09-18,18.06,21.63,14.86,85.49,5.88,1.55
2023-09-19,17.41,20.45,15.26,93.35,9.31,1.69
2023-09-20,17.39,21.18,14.36,88.66,5.38,1.36
2023-09-21,16.83,20.42,14.53,92.15,4.72,1.18
2023-09-22,16.39,19.12,14.1,91.83,8.71,1.22
2023-09-23,16.39,19.1,14.31,92.33,18.85,1.21
2023-09-24,16.64,19.97,14.29,91.2,1.53,1.14
2023-09-25,16.84,20.56,14.32,88.66,0.78,1.08
2023-09-26,17.39,20.93,13.83,87.06,1.42,1.34
2023-09-27,17.64,20.85,15.0,92.04,2.33,1.35
2023-09-28,17.9,21.8,14.61,86.74,2.36,1.28
2023-09-29,18.42,22.18,15.03,79.8,0.52,1.09
2023-09-30,16.83,19.76,14.07,89.15,4.77,0.78
2023-10-01,17.24,20.08,15.46,89.4,3.78,0.94
2023-10-02,17.0,19.06,14.8,92.57,4.17,0.93
2023-10-03,17.35,20.41,15.2,93.69,6.19,1.21
2023-10-04,16.3,19.43,14.37,92.65,8.92,1.41
2023-10-05,16.85,20.61,13.46,90.56,1.7,1.15
2023-10-06,17.1,21.1,14.37,90.69,1.73,1.48
2023-10-07,16.6,20.47,14.05,93.18,0.69,1.36
2023-10-08,16.55,20.51,13.96,89.18,0.23,1.17
2023-10-09,16.26,20.38,13.28,89.07,0.53,1.35
2023-10-10,16.48,20.43,13.33,89.72,0.18,1.23
2023-10-11,15.12,19.64,11.89,70.44,0.37,1.14
2023-10-12,14.76,18.76,11.9,82.98,1.15,1.27
2023-10-13,15.1,19.28,12.34,82.27,0.08,1.17
2023-10-14,13.88,17.86,11.08,85.73,0.28,1.19
2023-10-15,13.78,18.32,10.54,85.23,0.01,1.1
2023-10-16,13.7,17.12,10.92,83.8,0.87,0.91
2023-10-17,13.26,17.35,10.43,78.92,1.06,1.1
2023-10-18,12.52,17.2,9.45,68.83,0.01,1.27
2023-10-19,12.0,16.89,8.69,69.46,0.0,1.29
2023-10-20,11.91,16.35,8.84,69.43,0.01,1.19
2023-10-21,11.97,16.53,9.17,72.61,0.0,1.18
2023-10-22,12.2,17.02,9.13,68.26,0.0,1.3
2023-10-23,12.52,17.32,9.25,62.0,0.0,1.24
2023-10-24,12.62,17.35,9.31,65.46,0.0,1.22
2023-10-25,12.71,17.56,9.1,66.8,0.0,1.3
2023-10-26,12.35,17.03,9.18,69.18,0.0,1.27
2023-10-27,11.88,15.67,9.55,84.26,0.0,1.2
2023-10-28,12.21,16.31,9.61,82.51,0.0,1.16
2023-10-29,12.38,16.9,9.37,81.01,0.0,1.07
2023-10-30,13.04,17.53,10.2,71.48,0.0,1.25
2023-10-31,13.2,17.84,10.16,71.52,0.0,1.05
2023-11-01,12.8,16.73,10.44,67.89,0.0,1.04
2023-11-02,12.94,17.53,10.0,70.55,0.0,1.25
2023-11-03,11.94,16.32,9.38,74.49,0.0,1.22
2023-11-04,10.94,15.29,7.99,75.17,0.02,1.24
2023-11-05,11.1,15.4,8.52,79.21,0.31,1.1
2023-11-06,10.61,15.06,7.89,76.6,0.01,1.14
2023-11-07,10.71,15.24,7.98,76.23,0.0,1.24
2023-11-08,10.43,14.75,7.46,77.5,0.0,1.32
2023-11-09,10.52,14.91,7.65,68.56,0.0,1.15
2023-11-10,10.74,15.84,7.44,69.83,0.0,1.17
2023-11-11,10.9,15.75,7.99,71.09,0.0,1.18
2023-11-12,10.63,14.77,8.04,78.42,0.0,1.23
2023-11-13,11.76,16.47,8.78,78.09,0.0,1.1
2023-11-14,12.01,16.16,9.56,66.6,0.0,0.98
2023-11-15,11.99,16.28,9.67,76.04,0.0,1.03
2023-11-16,11.99,16.65,8.83,69.33,0.0,1.17
2023-11-17,11.95,17.09,8.39,69.29,0.0,1.22
2023-11-18,11.55,15.7,8.63,81.33,0.0,1.21
2023-11-19,12.08,16.61,9.53,82.5,0.0,0.96
2023-11-20,12.14,17.13,9.23,76.44,0.0,1.21
2023-11-21,11.08,15.65,8.52,70.75,0.0,1.22
2023-11-22,10.03,14.61,7.28,76.29,0.0,1.18
2023-11-23,10.53,15.66,6.93,70.16,0.0,1.1
2023-11-24,10.57,15.15,7.72,69.25,0.0,1.09
2023-11-25,10.33,15.0,7.15,74.79,0.0,1.24
2023-11-26,11.45,16.06,8.15,70.97,0.0,1.01
2023-11-27,12.1,15.97,9.5,63.63,0.0,0.92
2023-11-28,10.72,15.44,7.68,75.67,0.0,1.03
2023-11-29,10.33,14.79,7.33,67.69,0.0,1.14
2023-11-30,9.81,15.43,6.74,61.2,0.0,1.14
2023-12-01,9.52,14.69,5.86,74.42,0.0,1.07
2023-12-02,9.97,15.82,5.77,57.09,0.0,1.36
2023-12-03,9.65,15.72,5.45,57.46,0.0,1.45
2023-12-04,9.7,15.78,5.81,57.58,0.0,1.39
2023-12-05,9.37,15.55,4.99,70.22,0.01,1.27
2023-12-06,8.98,14.92,4.47,65.99,2.62,1.29
2023-12-07,8.72,12.84,5.93,60.66,1.7,0.92
2023-12-08,8.15,13.39,4.16,66.16,0.06,1.27
2023-12-09,7.69,12.73,4.65,60.82,0.0,1.04
2023-12-10,7.04,12.62,2.71,64.17,0.0,1.07
2023-12-11,7.34,12.49,4.27,63.63,0.0,1.03
2023-12-12,6.35,11.59,2.82,61.03,0.0,1.09
2023-12-13,5.61,9.84,2.85,69.41,0.04,1.14
2023-12-14,6.98,12.2,3.5,67.85,0.0,1.19
2023-12-15,8.57,13.65,5.87,58.82,0.0,0.92
2023-12-16,8.63,14.77,4.83,56.55,0.0,1.06
2023-12-17,7.63,13.62,3.95,48.04,0.0,1.14
2023-12-18,6.92,13.33,2.89,42.83,0.0,1.31
2023-12-19,7.07,12.72,3.28,48.63,0.0,1.15
2023-12-20,9.02,14.72,3.68,53.46,0.0,0.96
2023-12-21,10.47,14.65,8.42,54.74,0.0,0.9
2023-12-22,9.8,13.68,7.75,63.73,0.0,0.86
2023-12-23,9.49,14.39,6.35,73.23,0.0,0.96
2023-12-24,8.66,13.0,6.15,74.49,0.0,1.24
2023-12-25,8.48,13.47,5.7,72.75,0.0,1.18
2023-12-26,8.56,14.04,5.38,72.32,0.0,1.16
2023-12-27,8.73,13.62,6.18,75.91,0.0,1.04
2023-12-28,8.08,12.93,5.67,78.82,0.0,1.08
2023-12-29,8.07,13.78,4.33,63.08,0.0,1.19
2023-12-30,7.72,12.97,4.33,56.97,0.0,1.2
2023-12-31,7.64,12.69,5.03,54.33,0.0,1.09
2024-01-01,6.58,12.13,3.17,59.77,0.0,1.35
2024-01-02,5.87,11.06,2.07,62.64,0.0,1.25
2024-01-03,5.75,11.28,2.02,63.14,0.0,1.22
2024-01-04,5.4,11.05,1.08,60.63,0.0,1.33
2024-01-05,5.79,11.2,2.03,59.43,0.0,1.28
2024-01-06,5.9,11.06,2.53,59.97,0.0,1.17
2024-01-07,6.38,11.32,3.46,73.84,0.0,1.19
2024-01-08,6.28,11.84,2.04,68.34,0.0,1.3
2024-01-09,6.96,12.75,3.62,58.28,0.0,1.39
2024-01-10,6.72,13.34,2.08,61.35,0.0,1.44
2024-01-11,6.4,12.95,1.45,59.7,0.0,1.25
2024-01-12,7.32,13.64,2.62,50.1,0.0,1.16
2024-01-13,8.63,14.84,4.31,47.35,0.0,1.18
2024-01-14,8.01,13.52,4.73,55.18,0.0,1.19
2024-01-15,6.57,11.51,3.62,63.74,0.0,1.15
2024-01-16,5.28,10.48,2.21,69.62,0.01,1.28
2024-01-17,4.34,9.67,1.44,66.67,0.03,1.2
2024-01-18,3.84,9.56,-0.09,67.02,0.0,1.31
2024-01-19,4.42,9.98,0.79,60.82,0.0,1.23
2024-01-20,4.54,10.82,0.74,57.26,0.0,1.2
2024-01-21,3.6,9.57,-0.64,53.29,0.03,1.4
2024-01-22,4.44,11.07,-1.3,56.17,0.02,1.06
2024-01-23,4.71,10.42,1.5,54.38,0.01,1.24
2024-01-24,4.11,9.89,0.71,59.38,0.0,1.29
2024-01-25,3.28,8.94,-0.81,58.96,0.0,1.33
2024-01-26,3.7,9.35,0.35,58.6,0.08,1.31
2024-01-27,3.87,9.97,-0.4,59.28,0.0,1.49
2024-01-28,4.86,11.76,0.1,56.19,0.0,1.35
2024-01-29,5.4,11.12,2.24,57.01,0.1,1.23
2024-01-30,4.42,10.09,0.73,64.6,0.08,1.32
2024-01-31,4.65,10.48,0.88,65.01,0.04,1.25
2024-02-01,4.14,10.43,-0.28,62.07,0.07,1.4
2024-02-02,4.38,10.48,0.51,62.91,0.1,1.85
2024-02-03,6.14,13.56,1.07,48.47,0.0,1.58
2024-02-04,5.32,10.66,0.92,59.34,0.25,1.05
2024-02-05,4.57,10.94,0.23,72.73,0.07,1.52
2024-02-06,4.89,11.68,0.63,59.09,0.0,1.89
2024-02-07,5.09,13.06,0.33,49.37,0.02,2.11
2024-02-08,4.99,12.41,0.27,41.01,0.02,1.93
2024-02-09,5.67,13.18,-0.29,39.08,0.01,1.54
2024-02-10,7.22,14.69,2.2,37.51,0.0,1.46
2024-02-11,7.21,14.27,1.84,35.24,0.0,1.57
2024-02-12,7.57,14.03,2.16,43.0,0.01,1.62
2024-02-13,8.41,13.84,4.87,46.02,0.02,1.4
2024-02-14,7.27,11.27,4.88,57.2,0.55,1.02
2024-02-15,7.83,13.12,3.99,65.23,0.21,1.49
2024-02-16,9.04,15.2,5.06,52.43,0.01,1.56
2024-02-17,8.76,14.83,4.99,54.76,0.1,1.65
2024-02-18,8.53,14.19,4.77,52.81,0.04,1.36
2024-02-19,8.64,14.83,4.94,53.14,0.0,1.47
2024-02-20,8.6,14.44,4.68,57.57,0.17,2.01
2024-02-21,7.21,12.9,3.25,66.08,0.75,1.72
2024-02-22,6.38,11.34,2.44,68.48,0.06,1.62
2024-02-23,5.18,11.67,-0.22,47.78,0.06,1.61
2024-02-24,4.86,11.38,0.03,37.59,0.0,1.49
2024-02-25,5.19,12.0,-0.06,40.19,0.0,1.56
2024-02-26,7.98,14.8,2.07,40.12,0.0,1.73
2024-02-27,9.19,15.89,4.97,44.26,0.0,2.01
2024-02-28,9.19,15.76,4.9,57.06,0.01,2.03
2024-02-29,9.55,15.77,5.0,57.47,0.08,1.58
2024-03-01,10.41,16.44,6.12,53.48,0.0,1.56
2024-03-02,10.33,16.55,6.47,49.48,0.0,1.76
2024-03-03,9.7,16.22,5.94,60.64,0.31,1.61
2024-03-04,9.23,16.11,4.01,53.79,0.01,2.02
2024-03-05,9.08,16.57,3.63,39.38,0.0,2.13
2024-03-06,10.41,16.64,6.23,36.9,0.0,1.84
2024-03-07,10.17,16.86,5.67,41.21,0.0,1.76
2024-03-08,10.11,16.62,6.18,40.66,0.0,1.78
2024-03-09,10.05,16.46,5.52,44.58,0.0,1.73
2024-03-10,11.41,18.37,5.59,39.11,0.0,1.61
2024-03-11,11.68,18.38,7.26,41.46,0.01,1.59
2024-03-12,11.3,18.74,5.53,43.76,0.01,1.96
2024-03-13,11.78,18.99,6.11,44.74,0.0,1.95
2024-03-14,10.56,18.03,4.98,42.3,0.0,1.96
2024-03-15,12.22,18.96,7.58,40.05,0.05,1.84
2024-03-16,11.45,18.17,6.93,35.65,0.01,1.87
2024-03-17,11.63,18.85,6.07,29.87,0.03,1.89
2024-03-18,12.25,19.21,7.25,28.74,0.08,1.67
2024-03-19,11.29,18.73,4.91,38.54,3.89,1.74
2024-03-20,8.48,11.54,6.48,70.96,24.74,1.07
2024-03-21,7.83,10.97,5.61,89.19,5.32,1.24
2024-03-22,9.43,14.36,5.74,80.89,3.16,1.76
2024-03-23,9.97,13.73,7.02,75.12,2.09,1.62
2024-03-24,11.71,18.19,6.7,55.29,0.33,1.78
2024-03-25,10.64,15.66,6.85,65.59,2.48,1.67
2024-03-26,11.68,16.44,7.91,67.83,0.05,1.58
2024-03-27,11.81,16.99,8.11,63.93,0.14,1.7
2024-03-28,12.7,18.3,7.89,62.53,0.0,1.7
2024-03-29,13.93,19.17,10.11,66.62,0.01,1.62
2024-03-30,14.74,21.34,8.98,64.55,0.11,1.88
2024-03-31,14.75,21.9,9.19,54.8,0.26,2.57
2024-04-01,14.37,21.99,8.33,47.09,0.0,2.48
2024-04-02,14.66,21.61,9.79,42.73,0.0,1.99
2024-04-03,15.13,22.48,9.59,37.27,0.0,1.97
2024-04-04,15.77,22.83,11.16,40.5,0.0,2.44
2024-04-05,15.63,22.35,10.74,45.21,0.0,1.97
2024-04-06,14.85,21.36,10.61,46.77,0.0,1.86
2024-04-07,15.17,22.59,9.05,40.14,0.0,2.34
2024-04-08,14.21,22.01,7.34,29.78,0.0,2.27
2024-04-09,13.94,21.2,6.81,29.39,0.0,1.97
2024-04-10,14.57,21.47,8.64,32.14,0.0,2.01
2024-04-11,14.2,21.5,8.12,36.97,0.8,1.98
2024-04-12,13.5,19.75,8.21,41.71,5.05,1.85
2024-04-13,14.16,20.68,8.94,46.09,0.34,1.81
2024-04-14,15.4,22.26,9.69,48.72,1.23,2.04
2024-04-15,16.29,23.33,9.34,49.71,1.37,2.19
2024-04-16,16.77,22.3,10.24,54.51,2.18,1.73
2024-04-17,16.27,22.71,8.73,52.77,0.78,1.9
2024-04-18,16.64,22.95,11.12,48.0,0.08,1.81
2024-04-19,17.24,24.16,11.7,42.74,0.1,1.93
2024-04-20,18.17,25.73,12.58,35.84,0.28,2.59
2024-04-21,17.14,24.68,10.39,31.31,0.04,2.66
2024-04-22,17.96,25.79,12.81,32.42,0.06,2.23
2024-04-23,16.6,24.23,10.34,37.51,0.0,2.49
2024-04-24,15.91,23.18,8.76,41.24,0.0,2.5
2024-04-25,16.98,24.47,9.86,32.64,0.0,2.13
2024-04-26,17.82,24.48,11.85,28.21,0.0,1.97
2024-04-27,18.02,25.23,11.87,35.07,0.03,1.99
2024-04-28,18.18,25.54,10.88,39.98,0.02,2.59
2024-04-29,18.49,25.95,12.33,33.21,0.0,2.47
2024-04-30,18.74,26.66,11.47,32.06,0.0,2.7
2024-05-01,17.6,25.36,11.84,27.81,0.0,2.66
2024-05-02,15.64,22.67,8.65,24.79,0.0,2.35
2024-05-03,17.96,24.91,12.27,22.22,0.0,1.86
2024-05-04,16.42,23.23,11.27,29.74,0.04,1.61
2024-05-05,15.92,22.49,10.14,35.36,0.99,1.82
2024-05-06,16.37,22.99,10.64,49.19,1.8,1.81
2024-05-07,13.97,18.24,11.2,81.19,5.06,1.82
2024-05-08,12.93,16.13,10.74,81.61,12.11,1.08
2024-05-09,12.76,16.25,10.45,86.07,4.91,1.32
2024-05-10,15.42,21.3,10.44,74.77,1.45,1.79
2024-05-11,16.9,21.87,12.87,78.33,2.14,2.01
2024-05-12,15.69,19.8,12.64,85.22,16.31,1.66
2024-05-13,15.82,20.24,12.31,79.88,0.97,1.5
2024-05-14,17.34,22.95,11.3,66.32,0.5,1.72
2024-05-15,17.91,22.3,14.07,69.98,3.82,1.31
2024-05-16,18.54,23.45,14.08,63.84,0.38,1.53
2024-05-17,19.15,24.69,14.28,51.18,0.09,1.97
2024-05-18,19.21,24.41,15.64,52.12,2.6,1.55
2024-05-19,18.28,24.45,13.76,64.62,10.12,1.71
2024-05-20,17.28,22.93,12.82,71.01,3.46,1.72
2024-05-21,17.84,23.35,13.12,75.28,1.44,1.91
2024-05-22,17.46,21.8,13.66,80.2,5.36,2.09
2024-05-23,18.34,23.72,13.2,73.54,0.47,1.9
2024-05-24,19.64,25.07,14.07,68.84,1.42,1.82
2024-05-25,19.48,23.43,16.11,77.9,8.38,1.7
2024-05-26,20.73,26.44,15.37,71.15,1.31,1.61
2024-05-27,20.54,25.92,16.84,72.99,1.76,1.98
2024-05-28,20.15,24.71,16.16,71.26,0.91,2.2
2024-05-29,20.69,27.44,13.23,47.67,0.45,2.03
2024-05-30,20.63,27.38,13.89,54.5,3.49,1.89
2024-05-31,20.28,26.08,14.71,61.74,1.26,2.08
2024-06-01,19.08,24.16,14.17,68.72,3.69,1.97
2024-06-02,19.09,24.25,13.88,66.75,1.2,2.13
2024-06-03,18.24,23.3,13.93,66.15,33.13,1.84
2024-06-04,16.9,21.63,12.41,73.05,11.38,1.51
2024-06-05,17.43,22.56,11.98,71.64,3.16,1.78
2024-06-06,18.58,23.43,14.09,72.59,1.52,1.98
2024-06-07,18.37,22.59,14.51,64.65,0.22,1.79
2024-06-08,19.34,24.58,13.76,61.41,1.29,2.06
2024-06-09,20.16,25.46,14.71,58.67,0.95,1.96
2024-06-10,20.56,25.96,15.26,56.66,1.68,1.98
2024-06-11,20.67,25.99,16.27,54.73,0.65,1.92
2024-06-12,20.15,25.74,15.35,64.45,3.87,1.88
2024-06-13,20.68,26.04,15.42,68.36,2.9,1.94
2024-06-14,20.73,25.61,16.01,65.48,2.05,1.8
2024-06-15,20.67,25.37,16.43,71.85,1.65,2.06
2024-06-16,20.74,25.53,16.46,76.16,6.43,1.76
2024-06-17,20.63,25.11,16.48,74.25,6.13,2.04
2024-06-18,21.36,25.86,17.54,71.0,13.53,2.31
2024-06-19,20.88,25.93,17.34,71.73,9.02,1.91
2024-06-20,20.25,24.63,17.03,81.17,10.72,1.88
2024-06-21,19.15,22.43,16.33,84.19,1.08,1.97
2024-06-22,19.61,24.0,16.74,86.03,7.18,2.13
2024-06-23,19.57,23.67,16.32,86.56,10.38,1.73
2024-06-24,20.4,24.48,16.76,82.51,14.21,2.0
2024-06-25,19.13,22.17,16.98,92.21,144.31,1.05
2024-06-26,18.03,19.03,16.92,96.35,89.69,0.91
2024-06-27,19.01,22.03,15.88,90.72,5.12,1.54
2024-06-28,18.81,21.36,16.65,93.87,8.91,1.96
2024-06-29,18.62,20.92,16.64,93.94,24.25,1.71
2024-06-30,18.07,20.82,16.03,92.03,101.39,1.2
2024-07-01,17.22,19.23,14.84,96.64,25.23,1.63
2024-07-02,18.07,20.44,15.61,96.53,19.57,1.94
2024-07-03,17.74,20.65,14.6,90.36,6.88,1.24
2024-07-04,18.73,22.3,15.95,92.76,4.04,1.82
2024-07-05,18.21,21.46,15.92,91.4,16.82,1.71
2024-07-06,18.24,20.08,16.63,97.08,46.54,2.03
2024-07-07,18.48,20.3,16.88,96.2,14.01,1.86
2024-07-08,19.3,22.19,16.76,93.48,4.09,1.62
2024-07-09,19.38,22.2,16.99,93.49,13.35,2.17
2024-07-10,18.52,21.04,16.59,95.55,19.15,1.94
2024-07-11,18.27,20.35,16.38,94.79,10.65,1.99
2024-07-12,17.8,20.18,15.52,91.8,7.32,1.37
2024-07-13,18.75,21.82,16.0,93.03,3.27,1.53
2024-07-14,19.5,22.42,17.11,94.8,3.94,1.69
2024-07-15,20.02,23.49,16.67,92.42,7.95,1.96
2024-07-16,18.42,22.05,14.72,88.85,7.09,1.67
2024-07-17,19.49,22.31,16.61,92.82,7.24,1.67
2024-07-18,19.35,21.97,17.35,94.23,4.88,1.8
2024-07-19,19.88,22.76,17.62,92.6,16.96,1.08
2024-07-20,19.7,22.96,16.67,91.86,4.24,1.76
2024-07-21,18.91,22.0,16.62,93.4,7.58,1.55
2024-07-22,19.05,22.47,16.09,86.32,15.88,1.65
2024-07-23,18.67,21.67,16.0,92.35,18.28,1.33
2024-07-24,19.31,22.73,15.98,92.33,8.67,1.7
2024-07-25,19.58,22.92,16.65,87.2,4.0,1.66
2024-07-26,20.19,23.29,17.18,88.14,6.66,1.38
2024-07-27,20.95,24.44,17.75,89.7,7.45,1.82
2024-07-28,20.37,23.81,17.42,86.18,0.93,1.63
2024-07-29,20.28,23.88,17.39,89.61,1.98,1.74
2024-07-30,20.46,24.06,17.44,91.11,20.08,2.03
2024-07-31,19.3,21.8,16.94,94.69,37.79,1.5
2024-08-01,19.07,22.53,15.58,87.8,19.43,1.95
2024-08-02,18.37,22.12,15.54,85.83,4.69,2.41
2024-08-03,17.98,20.82,15.02,92.22,3.88,2.65
2024-08-04,18.43,21.71,15.08,92.25,1.46,1.71
2024-08-05,18.77,21.08,17.0,95.5,10.47,1.67
2024-08-06,17.87,20.42,15.91,95.25,47.35,1.68
2024-08-07,18.16,21.08,15.57,92.61,23.94,1.71
2024-08-08,18.32,21.45,15.51,91.79,12.86,1.6
2024-08-09,17.29,19.08,15.99,96.5,11.16,1.57
2024-08-10,17.87,20.56,15.11,90.87,8.54,1.44
2024-08-11,18.43,21.39,16.35,94.02,28.77,1.42
2024-08-12,18.62,21.48,16.35,94.75,8.86,1.79
2024-08-13,18.63,21.57,16.71,94.12,7.85,1.65
2024-08-14,18.52,20.83,16.59,91.34,36.38,1.16
2024-08-15,19.54,23.01,16.92,92.37,12.69,2.13
2024-08-16,18.96,22.19,15.45,90.01,3.55,2.1
2024-08-17,18.7,21.83,15.8,91.09,14.24,1.79
2024-08-18,18.87,22.22,15.45,86.99,4.72,1.81
2024-08-19,18.17,20.83,16.4,92.76,1.83,1.78
2024-08-20,17.74,20.98,14.74,89.96,0.18,1.66
2024-08-21,17.7,20.54,15.38,88.97,0.94,1.44
2024-08-22,18.25,21.71,15.13,88.13,4.01,1.39
2024-08-23,18.43,22.09,15.55,91.19,1.88,1.59
2024-08-24,18.46,22.1,15.3,90.62,0.7,1.9
2024-08-25,18.72,22.65,14.99,86.65,0.56,1.68
2024-08-26,18.19,21.3,15.57,93.39,2.48,1.69
2024-08-27,17.87,21.32,14.82,89.51,1.79,1.7
2024-08-28,18.74,22.43,15.95,92.02,1.93,1.72
2024-08-29,18.57,21.9,15.0,89.31,6.92,1.77
2024-08-30,19.58,23.01,16.2,85.86,0.68,1.53
2024-08-31,19.45,22.84,16.43,92.59,2.13,1.84
2024-09-01,17.67,20.99,15.26,89.55,0.28,1.07
2024-09-02,18.68,21.99,15.71,91.09,0.46,1.67
2024-09-03,18.01,21.51,14.77,93.46,13.88,2.05
2024-09-04,17.45,21.23,14.71,87.21,8.87,1.44
2024-09-05,18.05,21.39,15.1,89.81,4.03,1.42
2024-09-06,18.43,21.77,16.41,93.7,0.08,1.67
2024-09-07,18.52,22.37,15.45,88.17,1.37,1.47
2024-09-08,19.0,22.14,16.21,88.81,0.87,1.58
2024-09-09,18.5,21.86,15.48,88.11,0.34,1.42
2024-09-10,18.78,22.57,16.26,87.25,0.16,1.26
2024-09-11,18.65,21.99,16.08,88.25,2.07,1.5
2024-09-12,18.14,21.11,16.06,92.06,2.13,1.36
2024-09-13,18.33,21.63,16.47,85.55,1.75,1.41
2024-09-14,18.64,21.73,16.63,85.01,12.29,1.89
2024-09-15,17.98,21.4,15.11,89.56,5.0,1.65
2024-09-16,17.3,21.43,14.71,85.67,1.01,1.42
2024-09-17,17.12,19.99,14.44,87.87,0.07,1.18
2024-09-18,18.81,22.72,16.02,83.93,0.0,1.25
2024-09-19,18.72,21.68,16.4,92.98,0.38,1.39
2024-09-20,18.46,21.37,16.38,85.13,0.38,0.82
2024-09-21,19.14,22.43,16.84,81.62,2.62,1.18
2024-09-22,19.45,23.18,16.69,79.23,2.47,1.29
2024-09-23,19.66,23.17,17.18,84.45,1.48,1.23
2024-09-24,17.53,20.17,13.33,92.2,58.13,1.27
2024-09-25,14.86,17.77,12.77,91.02,36.74,1.11
2024-09-26,15.57,18.21,13.56,92.66,21.93,1.69
2024-09-27,14.15,16.23,12.53,94.54,59.3,1.59
2024-09-28,13.36,15.32,10.98,96.4,67.93,1.46
2024-09-29,17.03,20.61,13.38,89.93,0.35,1.45
2024-09-30,18.08,21.6,15.45,93.68,0.52,1.5
2024-10-01,18.33,21.75,15.83,92.72,0.97,1.46
2024-10-02,18.11,21.45,15.12,93.16,4.3,1.32
2024-10-03,16.84,18.6,15.13,91.61,14.03,0.48
2024-10-04,16.9,21.09,13.1,90.39,5.17,1.27
2024-10-05,16.41,20.12,14.32,86.84,0.9,0.91
2024-10-06,16.58,21.03,13.31,76.92,0.09,1.14
2024-10-07,16.06,19.77,12.8,81.7,0.07,1.19
2024-10-08,16.1,20.16,12.98,85.8,0.1,1.25
2024-10-09,16.15,19.09,14.08,86.17,0.2,1.08
2024-10-10,15.71,19.62,13.07,84.75,0.14,1.32
2024-10-11,15.54,19.49,12.76,80.74,0.01,1.37
2024-10-12,15.66,19.86,12.55,83.81,0.0,1.25
2024-10-13,14.99,18.36,11.96,87.44,0.0,1.29
2024-10-14,14.55,18.13,11.34,90.41,0.0,1.27
2024-10-15,14.26,18.06,11.05,89.12,0.05,1.32
2024-10-16,14.16,17.41,11.71,87.98,0.11,1.22
2024-10-17,14.01,18.06,10.89,83.94,0.03,0.97
2024-10-18,13.71,17.33,11.0,87.07,0.01,1.18
2024-10-19,13.68,17.5,10.77,90.6,0.71,1.32
2024-10-20,12.81,17.19,8.32,87.36,2.32,1.04
2024-10-21,13.52,16.38,11.68,89.47,0.08,0.96
2024-10-22,14.11,19.16,9.97,79.14,0.0,1.33
2024-10-23,14.53,19.18,10.84,76.06,0.02,1.27
2024-10-24,13.77,18.79,9.3,80.03,0.08,1.24
2024-10-25,14.14,18.38,10.72,80.8,0.44,1.11
2024-10-26,15.0,19.42,11.31,87.35,0.0,1.09
2024-10-27,15.12,19.46,12.46,86.83,0.0,1.26
2024-10-28,15.77,19.97,13.27,86.01,0.0,1.07
2024-10-29,15.17,19.12,12.57,86.92,0.26,1.34
2024-10-30,15.11,18.64,13.11,91.32,1.04,1.39
2024-10-31,15.11,18.95,12.4,93.45,0.1,1.31
2024-11-01,14.84,17.75,12.84,93.22,0.02,1.19
2024-11-02,14.22,17.45,11.93,91.73,0.0,1.2
2024-11-03,14.42,17.22,12.68,93.44,0.08,0.92
2024-11-04,12.29,15.91,7.84,92.81,0.44,1.25
2024-11-05,11.93,16.34,8.14,76.68,0.01,1.26
2024-11-06,12.83,17.87,9.16,84.45,0.0,1.18
2024-11-07,13.55,18.17,9.96,86.0,0.04,1.12
2024-11-08,13.62,17.44,11.15,88.73,0.34,1.12
2024-11-09,12.84,15.8,10.57,92.42,0.0,0.95
2024-11-10,12.79,15.46,10.96,95.17,0.0,0.97
2024-11-11,12.65,16.28,10.47,91.99,0.0,1.07
2024-11-12,12.23,16.1,9.84,90.21,0.0,1.19
2024-11-13,12.27,16.74,9.83,88.66,0.0,1.19
2024-11-14,12.2,16.44,9.24,81.31,0.0,1.17
2024-11-15,12.55,17.33,9.45,73.18,0.0,1.23
2024-11-16,11.46,16.5,7.62,63.67,0.0,1.09
2024-11-17,10.36,15.4,7.73,61.39,0.0,1.0
2024-11-18,10.41,15.28,7.32,75.35,0.0,1.1
2024-11-19,10.29,14.72,7.88,78.3,0.0,1.09
2024-11-20,9.81,13.5,7.84,84.34,0.0,1.13
2024-11-21,9.58,12.83,7.63,86.81,0.01,1.12
2024-11-22,8.98,12.46,6.09,86.95,0.1,1.14
2024-11-23,8.6,13.08,5.92,80.66,0.0,1.14
2024-11-24,8.51,13.3,5.66,77.76,0.0,1.18
2024-11-25,8.55,13.14,6.0,82.38,0.0,0.97
2024-11-26,8.16,12.44,5.12,78.48,0.0,1.04
2024-11-27,8.69,12.9,6.23,80.5,0.0,0.98
2024-11-28,8.67,13.12,5.4,75.93,0.0,0.99
2024-11-29,9.89,14.67,6.51,78.72,0.0,1.03
2024-11-30,9.63,14.31,6.89,70.19,0.0,1.15
2024-12-01,9.25,14.43,6.32,72.18,0.0,1.22
2024-12-02,8.76,14.23,5.74,67.11,0.0,1.27
2024-12-03,8.77,14.7,4.61,59.57,0.0,1.45
2024-12-04,9.07,14.87,5.63,55.37,0.0,1.34
2024-12-05,8.02,13.46,4.79,66.95,0.0,1.4
2024-12-06,7.46,12.8,4.05,71.82,0.0,1.26
2024-12-07,6.98,13.13,3.61,66.59,0.0,1.14
2024-12-08,6.12,12.02,2.38,52.41,0.0,1.14
2024-12-09,4.46,10.77,0.4,72.16,0.0,1.15
2024-12-10,5.02,10.77,0.18,68.09,0.0,1.39
2024-12-11,6.63,12.55,2.93,56.46,0.0,1.34
2024-12-12,7.04,13.29,3.24,54.29,0.0,1.52
2024-12-13,6.83,13.45,2.57,45.32,0.0,1.41
2024-12-14,7.09,12.55,3.05,48.02,0.0,1.16
2024-12-15,8.58,15.01,3.07,54.64,0.0,1.02
2024-12-16,10.84,15.72,7.9,59.96,0.0,0.95
2024-12-17,9.84,15.35,6.21,68.4,0.0,1.14
2024-12-18,8.99,14.15,5.67,63.61,0.0,1.26
2024-12-19,8.8,13.93,5.96,64.72,0.0,1.14
2024-12-20,7.72,12.98,4.44,63.33,0.0,1.26
2024-12-21,5.98,11.5,2.31,63.61,0.0,1.19
2024-12-22,6.43,12.03,2.82,70.47,0.0,1.18
2024-12-23,6.97,12.39,4.33,57.06,0.0,1.07
2024-12-24,6.52,11.93,3.53,62.46,0.0,1.17
2024-12-25,6.53,11.73,3.46,76.1,0.0,1.33
2024-12-26,7.12,12.3,2.82,73.31,0.0,1.29
2024-12-27,9.52,15.05,6.09,62.68,0.0,1.09
2024-12-28,8.62,12.81,5.74,58.82,0.0,0.84
2024-12-29,7.77,12.28,4.84,75.6,0.0,1.2
2024-12-30,7.38,11.71,4.08,82.85,0.0,1.16
2024-12-31,7.58,12.08,4.89,80.16,0.0,1.2
2025-01-01,7.92,12.8,4.5,68.96,0.0,1.16
2025-01-02,8.34,13.96,4.22,59.13,0.0,1.13
2025-01-03,9.35,15.55,5.74,56.49,0.0,1.1
2025-01-04,9.74,16.38,5.13,56.37,0.0,1.09
2025-01-05,9.79,13.71,7.45,56.26,0.0,0.84
2025-01-06,8.95,13.95,4.78,70.25,0.0,1.18
2025-01-07,5.93,10.06,3.1,77.33,1.9,1.19
2025-01-08,5.21,11.75,-0.66,65.3,0.12,1.39
2025-01-09,5.54,10.85,1.67,63.43,0.22,1.1
2025-01-10,6.67,12.59,2.8,64.85,0.0,1.1
2025-01-11,7.68,13.66,4.22,57.92,0.0,1.0
2025-01-12,7.24,12.56,4.27,64.57,0.0,1.15
2025-01-13,5.9,9.92,2.76,73.02,0.0,1.2
2025-01-14,6.94,12.29,3.42,69.37,0.0,1.15
2025-01-15,8.08,13.79,4.7,65.12,0.0,1.08
2025-01-16,8.44,13.17,5.51,51.74,0.0,1.02
2025-01-17,8.35,14.39,5.08,52.52,0.0,1.34
2025-01-18,8.67,14.52,4.9,44.11,0.0,1.43
2025-01-19,9.8,16.16,5.34,52.08,0.0,1.46
2025-01-20,10.52,16.58,6.69,50.37,0.0,1.34
2025-01-21,10.68,17.35,7.23,50.6,0.0,1.54
2025-01-22,10.08,16.58,6.58,51.35,0.0,1.73
2025-01-23,8.36,14.96,2.99,52.02,0.0,1.85
2025-01-24,6.35,12.69,1.44,58.11,0.0,1.91
2025-01-25,7.59,13.22,4.22,56.45,0.0,1.23
2025-01-26,7.6,13.12,4.32,56.57,0.0,1.02
2025-01-27,7.96,13.23,4.47,60.88,0.0,1.22
2025-01-28,7.62,12.72,4.53,64.48,0.0,1.26
2025-01-29,6.91,12.87,3.22,64.97,0.0,1.24
2025-01-30,7.04,12.57,3.41,60.73,0.0,1.5
2025-01-31,6.83,13.97,1.68,54.64,0.0,1.68
2025-02-01,7.53,14.14,3.67,47.27,0.0,1.84
2025-02-02,7.7,14.97,2.0,46.95,0.0,1.89
2025-02-03,9.98,16.43,5.81,41.3,0.0,1.45
2025-02-04,10.41,16.62,6.73,46.4,0.0,1.6
2025-02-05,9.62,15.89,5.74,62.93,0.0,2.17
2025-02-06,8.53,15.3,4.59,51.9,0.0,1.74
2025-02-07,8.5,15.36,3.85,41.81,0.0,1.76
2025-02-08,8.22,14.67,4.29,43.64,0.0,1.35
2025-02-09,7.78,13.83,4.01,48.84,0.0,1.4
2025-02-10,7.9,13.92,4.14,51.42,0.0,1.77
2025-02-11,7.66,13.89,2.84,51.57,0.0,1.75
2025-02-12,7.17,13.36,2.21,54.64,0.0,1.85
2025-02-13,6.84,13.17,1.97,58.46,0.0,1.71
2025-02-14,7.15,13.58,2.91,49.36,0.0,1.61
2025-02-15,6.18,11.57,1.96,48.56,0.01,1.34
2025-02-16,7.17,13.25,2.89,48.65,0.01,1.46
2025-02-17,7.51,13.32,3.01,56.09,0.21,1.42
2025-02-18,7.19,12.25,3.86,59.05,0.32,1.5
2025-02-19,7.66,13.81,2.99,56.6,0.02,1.58
2025-02-20,8.11,14.19,2.96,58.27,0.13,1.44
2025-02-21,7.88,13.63,3.5,61.06,0.34,1.81
2025-02-22,8.41,14.14,4.16,62.15,0.24,1.68
2025-02-23,7.38,12.15,4.02,63.16,0.45,1.33
2025-02-24,7.69,12.5,4.57,73.29,0.21,1.41
2025-02-25,8.85,14.68,3.97,62.56,0.03,1.5
2025-02-26,10.04,15.79,6.02,54.56,0.0,1.55
2025-02-27,9.36,15.42,5.89,63.38,0.0,1.52
2025-02-28,9.24,15.34,5.8,70.47,1.85,1.72
2025-03-01,4.94,7.0,2.78,75.05,316.43,1.31
2025-03-02,5.16,8.91,2.91,66.85,5.03,1.04
2025-03-03,7.35,13.4,1.13,54.02,0.0,1.36
2025-03-04,7.01,13.53,1.27,57.76,0.0,1.82
2025-03-05,7.04,13.13,1.6,59.58,0.0,1.41
2025-03-06,7.13,13.37,0.4,52.24,0.0,1.1
2025-03-07,7.05,13.04,1.9,64.99,0.06,1.26
2025-03-08,7.36,12.2,3.0,72.69,0.49,1.33
2025-03-09,8.28,13.19,4.11,63.92,0.0,1.26
2025-03-10,9.49,14.3,4.25,66.31,0.12,1.15
2025-03-11,9.96,14.63,6.29,67.77,0.04,1.5
2025-03-12,10.77,15.39,6.76,64.51,0.81,1.34
2025-03-13,9.84,14.93,5.6,68.46,3.33,1.8
2025-03-14,11.15,17.57,5.36,62.11,0.12,1.9
2025-03-15,11.94,18.66,6.52,58.59,0.2,1.71
2025-03-16,12.63,18.69,8.19,63.98,0.82,2.24
2025-03-17,11.66,18.2,6.19,61.53,0.25,2.26
2025-03-18,10.55,17.6,4.35,54.65,0.0,1.72
2025-03-19,12.05,18.19,7.48,51.75,0.0,1.52
2025-03-20,11.83,18.7,6.71,53.31,0.0,1.93
2025-03-21,10.56,17.12,5.21,59.13,0.34,1.73
2025-03-22,9.74,14.95,5.3,61.71,0.94,1.42
2025-03-23,9.29,14.26,5.37,68.17,2.76,1.58
2025-03-24,11.57,17.71,6.54,64.92,0.16,1.41
2025-03-25,12.99,19.67,7.28,57.1,0.74,1.69
2025-03-26,13.93,20.01,9.67,54.5,0.19,1.66
2025-03-27,14.84,21.34,10.2,53.17,0.0,1.73
2025-03-28,14.91,21.63,9.68,49.27,0.0,1.99
2025-03-29,14.73,21.44,9.3,43.47,0.14,1.7
2025-03-30,14.62,21.12,9.98,39.58,0.07,1.57
2025-03-31,14.08,20.7,8.59,40.96,0.0,1.69
2025-04-01,13.31,20.69,6.98,41.46,0.0,1.75
2025-04-02,14.06,21.12,8.86,39.21,0.0,1.73
2025-04-03,13.97,19.86,7.91,38.88,0.0,1.74
2025-04-04,14.18,20.41,9.22,36.36,0.0,1.88
2025-04-05,13.28,20.07,6.91,43.36,0.0,1.81
2025-04-06,14.63,21.12,9.84,46.89,0.0,1.72
2025-04-07,15.0,20.98,10.07,56.61,0.0,1.62
2025-04-08,15.14,20.03,11.1,67.53,0.38,1.49
2025-04-09,14.29,17.56,11.41,83.3,3.75,1.02
2025-04-10,12.43,15.27,9.76,90.52,19.29,0.88
2025-04-11,12.13,16.91,8.11,87.25,6.61,1.46
2025-04-12,13.37,19.73,7.63,68.77,0.7,1.91
2025-04-13,13.49,19.36,7.36,64.12,0.04,1.4
2025-04-14,11.62,15.13,9.07,81.83,0.27,1.64
2025-04-15,13.46,18.36,9.64,69.82,0.29,1.53
2025-04-16,14.38,19.06,10.01,76.59,0.76,1.57
2025-04-17,13.98,18.1,9.98,85.4,10.0,1.42
2025-04-18,13.39,17.14,9.75,86.51,1.68,1.44
2025-04-19,14.63,19.4,11.2,84.19,0.76,1.31
2025-04-20,16.24,21.53,11.08,72.33,0.24,1.68
2025-04-21,17.21,22.64,11.56,64.73,0.04,1.74
2025-04-22,17.75,24.05,12.04,57.98,0.04,1.79
2025-04-23,17.23,24.18,11.37,50.39,1.06,2.15
2025-04-24,17.03,23.48,10.99,36.8,0.11,1.76
2025-04-25,15.8,22.8,8.92,40.44,0.31,1.78
2025-04-26,16.62,23.5,10.36,38.69,0.0,1.85
2025-04-27,15.29,22.03,9.17,50.2,2.79,1.78
2025-04-28,13.02,18.42,9.39,68.43,11.03,1.74
2025-04-29,11.44,14.77,8.7,80.9,1.91,1.0
2025-04-30,12.53,16.7,9.1,78.24,0.27,1.15
2025-05-01,12.78,15.69,10.28,79.01,0.38,1.15
2025-05-02,13.19,16.77,10.01,80.08,0.15,1.32
2025-05-03,14.36,18.61,11.2,79.3,2.37,1.52
2025-05-04,14.53,19.57,9.88,77.87,0.46,1.61
2025-05-05,13.41,17.6,9.36,76.78,2.08,1.55
2025-05-06,13.76,17.47,10.72,77.62,0.6,1.55
2025-05-07,14.68,19.2,9.98,73.27,1.87,2.01
2025-05-08,17.01,22.81,11.76,61.71,0.4,2.08
2025-05-09,17.75,23.33,14.17,64.05,1.8,1.98
2025-05-10,18.17,23.65,13.23,58.91,1.38,2.15
2025-05-11,17.7,21.67,14.14,67.06,4.0,1.55
2025-05-12,17.06,21.27,13.7,79.15,3.21,1.54
2025-05-13,17.41,22.18,12.47,69.86,2.75,1.93
2025-05-14,17.37,22.29,13.09,66.83,3.75,1.61
2025-05-15,17.71,23.22,13.14,59.39,1.69,1.77
2025-05-16,17.13,22.78,12.24,63.51,5.39,1.61
2025-05-17,16.18,22.02,11.24,71.81,2.58,1.87
2025-05-18,15.3,20.01,12.1,83.69,7.6,1.58
2025-05-19,16.03,20.47,12.25,84.52,3.93,1.68
2025-05-20,16.69,21.71,13.14,83.89,12.34,1.53
2025-05-21,17.21,22.07,12.74,79.83,3.56,1.58
2025-05-22,16.7,22.08,12.7,77.85,2.84,1.58
2025-05-23,16.62,21.03,13.15,80.59,4.07,1.52
2025-05-24,16.21,19.76,13.5,85.21,3.09,1.58
2025-05-25,17.8,23.39,13.13,70.22,1.23,1.7
2025-05-26,17.47,20.98,14.29,79.1,0.44,0.98
2025-05-27,18.72,24.07,14.46,79.25,0.4,1.79
2025-05-28,19.41,24.07,15.17,78.54,2.27,1.68
2025-05-29,19.47,24.89,14.84,75.63,3.22,1.54
2025-05-30,19.69,24.83,15.92,79.51,1.3,2.06
2025-05-31,18.95,23.7,15.14,75.24,3.62,1.54
2025-06-01,19.06,25.02,13.55,60.87,1.72,1.84
2025-06-02,18.06,24.09,11.77,58.04,0.52,2.03
2025-06-03,17.97,24.01,12.66,61.43,0.98,1.73
2025-06-04,15.78,20.68,12.14,74.53,22.66,1.53
2025-06-05,16.18,21.28,11.3,76.09,0.83,1.59
2025-06-06,16.52,20.84,12.69,72.75,4.08,1.78
2025-06-07,17.55,22.41,13.54,72.85,2.69,1.84
2025-06-08,18.82,24.54,13.65,65.4,0.05,1.82
2025-06-09,20.1,25.65,14.98,64.05,0.01,1.82
2025-06-10,20.65,25.66,16.42,71.71,0.23,1.78
2025-06-11,19.45,22.77,16.68,85.0,1.66,1.58
2025-06-12,19.48,23.88,15.7,86.34,6.93,1.73
2025-06-13,19.32,23.66,16.55,84.82,10.35,1.59
2025-06-14,19.1,22.37,15.99,83.68,5.31,1.82
2025-06-15,18.15,20.58,16.25,91.38,23.64,1.36
2025-06-16,18.75,22.37,15.95,86.29,3.41,1.65
2025-06-17,18.89,22.99,16.08,87.42,5.69,1.81
2025-06-18,19.06,23.47,15.95,87.84,11.09,1.95
2025-06-19,19.11,23.1,16.39,88.54,12.54,1.82
2025-06-20,19.06,23.03,16.2,86.03,5.94,1.61
2025-06-21,19.97,24.81,15.72,84.53,3.43,1.96
2025-06-22,19.67,24.01,17.06,89.18,21.78,1.98
2025-06-23,18.58,21.67,16.67,91.72,14.0,1.9
2025-06-24,19.15,23.59,15.89,88.64,17.16,2.14
2025-06-25,19.58,24.04,15.88,87.16,2.21,2.13
2025-06-26,19.23,23.51,15.81,87.84,1.8,1.85
2025-06-27,19.67,24.18,15.96,82.88,4.27,1.91
2025-06-28,19.4,23.8,15.4,82.0,7.54,1.92
2025-06-29,18.17,21.17,15.36,90.84,8.42,1.83
2025-06-30,19.37,23.3,15.49,81.01,2.7,1.89
2025-07-01,19.08,23.18,15.82,86.71,1.65,1.89
2025-07-02,19.23,23.47,15.9,83.95,3.8,1.92
2025-07-03,18.85,22.1,16.01,86.37,5.93,1.46
2025-07-04,18.71,21.99,16.53,88.09,8.97,1.57
2025-07-05,19.13,23.85,15.86,85.81,3.82,1.91
2025-07-06,19.35,24.27,15.23,82.89,4.49,1.86
2025-07-07,19.57,24.16,15.89,87.14,2.61,2.02
2025-07-08,19.23,23.0,16.4,89.31,7.29,2.03
2025-07-09,18.45,22.14,16.08,88.61,17.45,1.41
2025-07-10,18.38,22.62,14.98,88.08,4.48,1.83
2025-07-11,19.08,23.31,15.48,86.18,0.5,1.93
2025-07-12,19.53,23.29,16.1,87.72,0.63,1.97
2025-07-13,18.95,22.22,16.25,88.37,6.0,1.83
2025-07-14,18.96,23.11,15.82,81.79,19.98,1.98
2025-07-15,18.07,21.58,15.15,87.58,23.12,1.71
2025-07-16,17.61,21.09,14.61,87.09,3.46,2.18
2025-07-17,18.09,21.92,14.79,87.65,0.85,1.78
2025-07-18,19.23,23.5,16.15,89.44,1.47,1.6
2025-07-19,19.73,23.37,16.99,90.15,8.81,1.8
2025-07-20,18.46,20.65,16.85,93.77,38.79,1.71
2025-07-21,18.55,21.66,16.34,93.32,5.14,1.65
2025-07-22,19.5,23.28,16.39,86.02,3.56,1.61
2025-07-23,20.39,24.71,16.15,82.79,0.7,1.56
2025-07-24,19.61,22.36,17.66,90.01,4.35,1.19
2025-07-25,20.27,23.77,17.79,84.09,2.53,1.61
2025-07-26,19.54,23.44,16.66,88.51,1.98,2.18
2025-07-27,19.22,23.52,16.06,89.15,7.21,1.88
2025-07-28,18.99,22.88,16.02,89.57,9.15,1.84
2025-07-29,18.41,21.67,15.86,88.64,3.07,1.35
2025-07-30,18.85,22.91,15.49,89.15,2.24,1.89
2025-07-31,18.55,21.73,15.38,89.54,2.11,1.52
2025-08-01,19.39,23.33,16.69,89.65,2.4,1.77
2025-08-02,19.26,21.92,17.21,93.71,12.74,1.97
2025-08-03,18.65,22.01,16.39,91.46,14.54,1.98
2025-08-04,18.42,21.88,15.91,92.3,11.11,2.04
2025-08-05,17.83,19.83,16.25,94.84,5.59,1.61
2025-08-06,18.51,21.74,15.62,89.92,2.2,1.82
2025-08-07,18.82,22.18,16.49,93.36,4.28,1.66
2025-08-08,18.33,20.44,16.68,93.05,6.73,1.29
2025-08-09,18.39,21.42,15.92,93.24,12.23,1.69
2025-08-10,18.49,21.86,16.04,93.24,3.58,1.89
2025-08-11,18.32,20.44,16.51,94.64,10.48,1.75
2025-08-12,19.51,23.08,16.44,93.39,6.12,2.07
2025-08-13,18.58,20.18,16.49,95.93,26.93,2.47
2025-08-14,17.56,21.62,14.89,90.77,4.37,1.6
2025-08-15,18.22,22.16,15.13,90.99,2.24,1.79
2025-08-16,18.51,21.99,16.04,91.35,4.35,1.61
2025-08-17,19.18,23.45,16.0,85.72,6.61,1.91
2025-08-18,18.68,22.76,15.26,84.47,2.22,1.69
2025-08-19,18.5,22.66,15.5,86.99,1.73,1.54
2025-08-20,18.17,21.88,14.67,88.02,3.67,1.51
2025-08-21,17.73,20.64,15.81,94.18,16.02,1.77
2025-08-22,18.13,21.97,14.81,87.87,3.05,1.68
2025-08-23,18.33,22.46,15.24,88.22,1.3,1.77
2025-08-24,17.98,21.54,15.53,92.77,0.7,2.02
2025-08-25,18.27,22.27,14.42,89.53,0.33,1.82
2025-08-26,18.2,21.6,15.96,93.11,0.89,1.66
2025-08-27,17.14,19.86,15.27,95.14,15.76,1.37
2025-08-28,17.63,21.21,14.75,91.94,15.91,1.24
2025-08-29,17.38,20.31,15.07,92.32,5.43,1.23
2025-08-30,17.12,19.37,15.46,94.45,4.64,1.18
2025-08-31,17.89,21.39,15.18,90.62,3.76,1.43
2025-09-01,18.28,21.45,15.63,88.33,1.5,1.03
2025-09-02,18.63,23.19,15.53,81.72,0.07,1.44
2025-09-03,18.36,22.51,14.78,88.71,0.7,1.58
2025-09-04,18.12,22.12,15.1,90.43,1.66,1.6
2025-09-05,18.27,22.39,14.37,88.93,4.23,1.6
2025-09-06,17.85,21.4,15.85,94.58,7.46,1.89
2025-09-07,17.5,20.74,14.97,90.63,4.65,1.31
2025-09-08,17.87,21.22,15.41,91.93,2.69,1.57
2025-09-09,17.8,19.87,16.03,96.28,2.88,1.27
2025-09-10,17.87,20.66,15.63,95.06,8.68,1.87
2025-09-11,17.98,20.46,16.13,95.09,5.78,1.78
2025-09-12,17.84,21.23,15.28,93.51,7.52,1.54
2025-09-13,17.68,20.69,14.86,92.0,15.9,1.29
2025-09-14,17.6,20.2,15.86,96.71,16.06,2.0
2025-09-15,16.53,19.72,14.45,94.24,7.25,1.32
2025-09-16,16.29,18.69,13.98,93.94,17.97,1.27
2025-09-17,16.97,20.39,14.13,91.46,12.77,1.44
2025-09-18,16.49,19.22,14.43,93.06,4.51,1.1
2025-09-19,17.0,20.61,14.2,89.52,6.06,1.26
2025-09-20,17.24,20.93,14.67,89.1,0.34,1.29
2025-09-21,17.4,21.09,14.72,89.8,0.52,1.39
2025-09-22,17.89,21.49,14.93,92.0,0.71,1.51
2025-09-23,17.83,20.86,15.31,89.73,0.11,0.97
2025-09-24,18.35,22.18,15.27,87.58,0.58,1.16
2025-09-25,17.82,20.24,16.15,90.72,0.02,0.92
2025-09-26,18.35,22.53,15.54,83.79,0.23,1.37
2025-09-27,17.84,21.15,15.93,88.82,0.41,1.28
2025-09-28,17.28,20.44,14.81,88.93,1.38,1.17
2025-09-29,17.0,20.05,14.55,89.64,1.31,1.22
2025-09-30,17.34,21.11,14.69,79.98,3.67,1.22
2025-10-01,16.49,19.41,14.3,83.77,6.66,1.16
2025-10-02,15.19,17.44,13.29,92.26,9.85,1.04
2025-10-03,15.34,17.89,13.52,88.41,13.4,1.02
2025-10-04,14.87,18.0,12.8,92.87,56.37,2.19
2025-10-05,15.74,19.19,13.21,93.62,8.37,1.29
2025-10-06,15.43,18.75,12.9,90.94,0.58,1.21
2025-10-07,15.29,18.67,13.27,87.44,0.33,0.74
2025-10-08,14.74,19.98,10.69,85.49,0.47,1.33
2025-10-09,15.42,20.02,12.49,75.39,0.13,1.22
2025-10-10,15.02,19.81,11.68,64.03,0.0,1.21
2025-10-11,14.75,19.15,11.67,62.09,0.0,1.24
2025-10-12,14.61,18.57,11.97,78.58,0.0,1.36
2025-10-13,14.19,18.15,11.75,86.69,0.0,1.24
2025-10-14,14.48,18.47,11.81,82.32,0.0,1.22
2025-10-15,14.98,18.73,12.33,85.52,0.0,1.19
2025-10-16,15.04,18.71,12.01,82.88,0.0,1.19
2025-10-17,15.18,18.85,12.68,87.71,0.0,1.06
2025-10-18,14.37,18.96,10.68,82.22,0.0,1.2
2025-10-19,14.12,18.57,10.85,71.85,0.0,1.19
2025-10-20,14.93,18.85,12.06,83.9,0.0,1.2
2025-10-21,15.47,19.56,12.47,81.72,0.0,1.18
2025-10-22,14.94,19.02,12.09,74.56,0.0,1.13
2025-10-23,14.39,18.7,11.1,77.41,0.0,1.15
2025-10-24,13.86,18.18,10.07,83.85,0.0,1.34
2025-10-25,13.86,18.41,10.23,79.24,0.0,1.37
2025-10-26,13.16,18.05,9.65,65.46,0.0,1.37
2025-10-27,13.21,17.7,9.24,69.15,0.0,1.14
2025-10-28,13.12,17.82,10.09,77.18,0.6,0.89
2025-10-29,13.59,16.89,10.92,86.22,0.37,1.06
2025-10-30,13.05,16.41,10.11,84.94,34.85,0.6
2025-10-31,11.61,14.32,9.72,95.73,33.03,1.31
2025-11-01,12.96,15.88,10.98,96.08,9.36,0.81
2025-11-02,12.95,17.15,10.19,89.41,0.79,1.15
2025-11-03,13.4,17.68,10.02,84.47,1.15,1.1
2025-11-04,13.87,18.25,10.99,85.93,0.18,1.1
2025-11-05,13.44,17.61,10.47,74.46,0.0,1.17
2025-11-06,12.56,17.23,9.39,63.45,0.0,1.26
2025-11-07,12.2,16.96,8.69,69.66,0.0,1.22
2025-11-08,12.0,16.7,9.02,73.32,0.0,1.25
2025-11-09,11.81,16.71,8.72,66.35,0.0,1.25
2025-11-10,11.34,16.55,8.25,57.87,0.0,1.27
2025-11-11,11.18,16.85,7.72,60.35,0.0,1.45
2025-11-12,11.53,16.66,8.43,58.33,0.0,1.26
2025-11-13,10.39,15.97,6.44,59.89,0.0,1.27
2025-11-14,9.47,15.17,5.08,58.65,0.0,1.26
2025-11-15,10.35,15.47,7.43,65.89,0.0,1.17
2025-11-16,10.56,15.67,7.38,64.32,0.0,1.01
2025-11-17,10.42,16.09,5.8,66.93,0.0,1.14
2025-11-18,11.69,16.35,8.53,59.77,0.0,1.09
2025-11-19,10.9,15.0,8.53,77.99,0.0,1.03
2025-11-20,10.36,14.06,8.46,88.03,0.0,1.03
2025-11-21,9.79,13.37,7.61,89.31,0.0,1.15
2025-11-22,9.39,13.9,6.38,85.7,0.0,1.3
2025-11-23,8.89,14.15,5.62,78.35,0.0,1.31
2025-11-24,8.38,13.14,5.6,59.46,0.0,1.09
2025-11-25,8.51,13.77,4.8,53.03,0.0,1.12
2025-11-26,9.53,14.17,6.89,69.26,0.0,1.05
2025-11-27,10.62,15.39,7.34,71.14,0.0,1.03
2025-11-28,10.1,14.88,6.94,69.07,0.0,1.18
2025-11-29,10.27,15.02,7.12,67.7,0.0,1.21
2025-11-30,10.22,15.05,7.53,64.75,0.0,1.01
2025-12-01,10.0,14.91,7.15,62.77,0.0,1.0
2025-12-02,9.72,14.98,6.6,54.97,0.0,1.19
2025-12-03,8.45,13.98,5.5,55.96,0.0,1.32
2025-12-04,8.37,14.14,4.08,50.84,0.0,1.28
2025-12-05,8.97,13.96,6.23,52.7,0.0,1.06
2025-12-06,8.83,14.5,4.66,53.22,0.0,1.23
2025-12-07,9.6,14.83,6.27,59.15,0.0,1.05
2025-12-08,9.46,14.55,6.52,60.07,0.0,1.22
2025-12-09,8.43,13.73,5.19,63.36,0.0,1.22
2025-12-10,8.12,14.57,2.79,58.28,0.0,1.12
2025-12-11,9.14,14.63,5.93,55.2,0.0,1.19
2025-12-12,9.46,14.27,6.85,62.22,0.0,1.07
2025-12-13,9.44,14.74,6.79,63.42,0.0,1.06
2025-12-14,9.59,14.11,6.86,69.89,0.0,1.05
2025-12-15,8.95,13.7,6.38,76.0,0.0,1.13
2025-12-16,8.58,13.85,5.47,74.35,0.0,1.14
2025-12-17,8.5,15.23,3.44,61.75,0.0,1.12
2025-12-18,9.98,15.02,7.08,56.9,0.0,1.1
2025-12-19,10.09,14.88,7.65,60.06,0.0,1.08
2025-12-20,9.06,14.18,6.23,60.07,0.0,1.1
2025-12-21,9.3,14.74,5.47,62.59,0.0,0.94
2025-12-22,9.66,14.35,7.0,63.94,0.0,1.17
2025-12-23,9.27,14.82,6.31,60.43,0.0,1.36
2025-12-24,7.85,13.11,4.85,61.45,0.0,1.15
2025-12-25,7.31,12.63,3.91,61.81,0.0,1.06
2025-12-26,7.96,13.3,4.78,65.15,0.0,1.07
2025-12-27,7.82,13.06,4.74,62.92,0.0,1.2
2025-12-28,7.88,13.12,4.81,64.73,0.0,1.28
2025-12-29,6.68,11.91,3.78,64.2,0.0,1.29
2025-12-30,6.12,11.93,2.23,59.84,0.0,1.3
2025-12-31,6.4,12.31,2.67,55.21,0.0,1.15
